/*
 Navicat Premium Dump SQL

 Source Server         : localhost_3306
 Source Server Type    : MySQL
 Source Server Version : 90100 (9.1.0)
 Source Host           : localhost:3306
 Source Schema         : strapi

 Target Server Type    : MySQL
 Target Server Version : 90100 (9.1.0)
 File Encoding         : 65001

 Date: 27/01/2026 14:56:22
*/

SET NAMES utf8mb4;
SET FOREIGN_KEY_CHECKS = 0;

-- ----------------------------
-- Table structure for abouts
-- ----------------------------
DROP TABLE IF EXISTS `abouts`;
CREATE TABLE `abouts` (
  `id` int unsigned NOT NULL AUTO_INCREMENT,
  `document_id` varchar(255) CHARACTER SET utf8mb3 COLLATE utf8mb3_general_ci DEFAULT NULL,
  `title` varchar(255) CHARACTER SET utf8mb3 COLLATE utf8mb3_general_ci DEFAULT NULL,
  `created_at` datetime(6) DEFAULT NULL,
  `updated_at` datetime(6) DEFAULT NULL,
  `published_at` datetime(6) DEFAULT NULL,
  `created_by_id` int unsigned DEFAULT NULL,
  `updated_by_id` int unsigned DEFAULT NULL,
  `locale` varchar(255) CHARACTER SET utf8mb3 COLLATE utf8mb3_general_ci DEFAULT NULL,
  PRIMARY KEY (`id`) USING BTREE,
  KEY `abouts_documents_idx` (`document_id`,`locale`,`published_at`) USING BTREE,
  KEY `abouts_created_by_id_fk` (`created_by_id`) USING BTREE,
  KEY `abouts_updated_by_id_fk` (`updated_by_id`) USING BTREE,
  CONSTRAINT `abouts_created_by_id_fk` FOREIGN KEY (`created_by_id`) REFERENCES `admin_users` (`id`) ON DELETE SET NULL ON UPDATE RESTRICT,
  CONSTRAINT `abouts_updated_by_id_fk` FOREIGN KEY (`updated_by_id`) REFERENCES `admin_users` (`id`) ON DELETE SET NULL ON UPDATE RESTRICT
) ENGINE=InnoDB DEFAULT CHARSET=utf8mb3 ROW_FORMAT=DYNAMIC;

-- ----------------------------
-- Records of abouts
-- ----------------------------
BEGIN;
COMMIT;

-- ----------------------------
-- Table structure for abouts_cmps
-- ----------------------------
DROP TABLE IF EXISTS `abouts_cmps`;
CREATE TABLE `abouts_cmps` (
  `id` int unsigned NOT NULL AUTO_INCREMENT,
  `entity_id` int unsigned DEFAULT NULL,
  `cmp_id` int unsigned DEFAULT NULL,
  `component_type` varchar(255) CHARACTER SET utf8mb3 COLLATE utf8mb3_general_ci DEFAULT NULL,
  `field` varchar(255) CHARACTER SET utf8mb3 COLLATE utf8mb3_general_ci DEFAULT NULL,
  `order` double unsigned DEFAULT NULL,
  PRIMARY KEY (`id`) USING BTREE,
  UNIQUE KEY `abouts_uq` (`entity_id`,`cmp_id`,`field`,`component_type`) USING BTREE,
  KEY `abouts_field_idx` (`field`) USING BTREE,
  KEY `abouts_component_type_idx` (`component_type`) USING BTREE,
  KEY `abouts_entity_fk` (`entity_id`) USING BTREE,
  CONSTRAINT `abouts_entity_fk` FOREIGN KEY (`entity_id`) REFERENCES `abouts` (`id`) ON DELETE CASCADE ON UPDATE RESTRICT
) ENGINE=InnoDB DEFAULT CHARSET=utf8mb3 ROW_FORMAT=DYNAMIC;

-- ----------------------------
-- Records of abouts_cmps
-- ----------------------------
BEGIN;
COMMIT;

-- ----------------------------
-- Table structure for achievement_access_requests
-- ----------------------------
DROP TABLE IF EXISTS `achievement_access_requests`;
CREATE TABLE `achievement_access_requests` (
  `id` int unsigned NOT NULL AUTO_INCREMENT,
  `document_id` varchar(255) CHARACTER SET utf8mb4 COLLATE utf8mb4_unicode_ci DEFAULT NULL COMMENT 'Strapi文档ID',
  `achievement_id` int unsigned NOT NULL COMMENT '成果ID',
  `achievement_doc_id` varchar(255) CHARACTER SET utf8mb4 COLLATE utf8mb4_unicode_ci NOT NULL COMMENT '成果documentId',
  `achievement_title` varchar(500) CHARACTER SET utf8mb4 COLLATE utf8mb4_unicode_ci DEFAULT NULL COMMENT '成果标题',
  `requester_id` int unsigned NOT NULL COMMENT '申请人ID',
  `requester_name` varchar(255) CHARACTER SET utf8mb4 COLLATE utf8mb4_unicode_ci NOT NULL COMMENT '申请人姓名',
  `reason` text CHARACTER SET utf8mb4 COLLATE utf8mb4_unicode_ci COMMENT '申请理由',
  `status` varchar(50) CHARACTER SET utf8mb4 COLLATE utf8mb4_unicode_ci DEFAULT 'pending' COMMENT '状态：pending/approved/rejected',
  `reviewer_id` int unsigned DEFAULT NULL COMMENT '审批人ID',
  `reviewer_name` varchar(255) CHARACTER SET utf8mb4 COLLATE utf8mb4_unicode_ci DEFAULT NULL COMMENT '审批人姓名',
  `review_comment` text CHARACTER SET utf8mb4 COLLATE utf8mb4_unicode_ci COMMENT '审批意见',
  `reviewed_at` datetime(6) DEFAULT NULL COMMENT '审批时间',
  `created_at` datetime(6) DEFAULT NULL,
  `updated_at` datetime(6) DEFAULT NULL,
  `published_at` datetime(6) DEFAULT NULL,
  `created_by_id` int unsigned DEFAULT NULL,
  `updated_by_id` int unsigned DEFAULT NULL,
  `locale` varchar(255) CHARACTER SET utf8mb4 COLLATE utf8mb4_unicode_ci DEFAULT NULL,
  `is_delete` int DEFAULT '0' COMMENT '软删除标记',
  PRIMARY KEY (`id`) USING BTREE,
  KEY `idx_achievement_id` (`achievement_id`) USING BTREE,
  KEY `idx_achievement_doc_id` (`achievement_doc_id`) USING BTREE,
  KEY `idx_requester_id` (`requester_id`) USING BTREE,
  KEY `idx_reviewer_id` (`reviewer_id`) USING BTREE,
  KEY `idx_status` (`status`) USING BTREE,
  KEY `idx_created_at` (`created_at`) USING BTREE,
  KEY `achievement_access_requests_documents_idx` (`document_id`,`locale`,`published_at`) USING BTREE,
  KEY `achievement_access_requests_created_by_id_fk` (`created_by_id`) USING BTREE,
  KEY `achievement_access_requests_updated_by_id_fk` (`updated_by_id`) USING BTREE,
  CONSTRAINT `achievement_access_requests_achievement_fk` FOREIGN KEY (`achievement_id`) REFERENCES `achievement_mains` (`id`) ON DELETE CASCADE ON UPDATE RESTRICT,
  CONSTRAINT `achievement_access_requests_created_by_id_fk` FOREIGN KEY (`created_by_id`) REFERENCES `admin_users` (`id`) ON DELETE SET NULL ON UPDATE RESTRICT,
  CONSTRAINT `achievement_access_requests_updated_by_id_fk` FOREIGN KEY (`updated_by_id`) REFERENCES `admin_users` (`id`) ON DELETE SET NULL ON UPDATE RESTRICT
) ENGINE=InnoDB DEFAULT CHARSET=utf8mb4 COLLATE=utf8mb4_unicode_ci ROW_FORMAT=DYNAMIC COMMENT='成果访问权限申请表';

-- ----------------------------
-- Records of achievement_access_requests
-- ----------------------------
BEGIN;
COMMIT;

-- ----------------------------
-- Table structure for achievement_field_defs
-- ----------------------------
DROP TABLE IF EXISTS `achievement_field_defs`;
CREATE TABLE `achievement_field_defs` (
  `id` int unsigned NOT NULL AUTO_INCREMENT,
  `document_id` varchar(255) CHARACTER SET utf8mb3 COLLATE utf8mb3_general_ci DEFAULT NULL,
  `field_code` varchar(255) CHARACTER SET utf8mb3 COLLATE utf8mb3_general_ci DEFAULT NULL,
  `field_name` varchar(255) CHARACTER SET utf8mb3 COLLATE utf8mb3_general_ci DEFAULT NULL,
  `field_type` varchar(255) CHARACTER SET utf8mb3 COLLATE utf8mb3_general_ci DEFAULT NULL,
  `is_required` int DEFAULT NULL,
  `description` longtext CHARACTER SET utf8mb3 COLLATE utf8mb3_general_ci,
  `is_delete` int DEFAULT NULL,
  `created_at` datetime(6) DEFAULT NULL,
  `updated_at` datetime(6) DEFAULT NULL,
  `published_at` datetime(6) DEFAULT NULL,
  `created_by_id` int unsigned DEFAULT NULL,
  `updated_by_id` int unsigned DEFAULT NULL,
  `locale` varchar(255) CHARACTER SET utf8mb3 COLLATE utf8mb3_general_ci DEFAULT NULL,
  PRIMARY KEY (`id`) USING BTREE,
  KEY `achievement_field_defs_documents_idx` (`document_id`,`locale`,`published_at`) USING BTREE,
  KEY `achievement_field_defs_created_by_id_fk` (`created_by_id`) USING BTREE,
  KEY `achievement_field_defs_updated_by_id_fk` (`updated_by_id`) USING BTREE,
  CONSTRAINT `achievement_field_defs_created_by_id_fk` FOREIGN KEY (`created_by_id`) REFERENCES `admin_users` (`id`) ON DELETE SET NULL ON UPDATE RESTRICT,
  CONSTRAINT `achievement_field_defs_updated_by_id_fk` FOREIGN KEY (`updated_by_id`) REFERENCES `admin_users` (`id`) ON DELETE SET NULL ON UPDATE RESTRICT
) ENGINE=InnoDB AUTO_INCREMENT=51 DEFAULT CHARSET=utf8mb3 ROW_FORMAT=DYNAMIC;

-- ----------------------------
-- Records of achievement_field_defs
-- ----------------------------
BEGIN;
INSERT INTO `achievement_field_defs` (`id`, `document_id`, `field_code`, `field_name`, `field_type`, `is_required`, `description`, `is_delete`, `created_at`, `updated_at`, `published_at`, `created_by_id`, `updated_by_id`, `locale`) VALUES (1, 'xeh44d8sskr4ruv99pmc04ax', 'paper_name', '论文标题', 'text', 0, NULL, 1, '2025-12-04 10:29:56.459000', '2025-12-17 10:21:20.396000', NULL, 1, 1, NULL);
INSERT INTO `achievement_field_defs` (`id`, `document_id`, `field_code`, `field_name`, `field_type`, `is_required`, `description`, `is_delete`, `created_at`, `updated_at`, `published_at`, `created_by_id`, `updated_by_id`, `locale`) VALUES (3, 'agoears0sqxpnb7b6xbg5q90', 'paper_author1', '论文第一作者', 'text', 0, '该篇论文的第一作者', 1, '2025-12-04 10:31:46.626000', '2025-12-17 10:21:21.864000', NULL, 1, 1, NULL);
INSERT INTO `achievement_field_defs` (`id`, `document_id`, `field_code`, `field_name`, `field_type`, `is_required`, `description`, `is_delete`, `created_at`, `updated_at`, `published_at`, `created_by_id`, `updated_by_id`, `locale`) VALUES (10, 'pvkaohfls50qc5765f0wknn4', 'paper_num', '论文编号', 'NUMBER', 0, '论文的编号', 1, '2025-12-15 16:01:38.053000', '2025-12-15 16:02:13.890000', NULL, NULL, NULL, NULL);
INSERT INTO `achievement_field_defs` (`id`, `document_id`, `field_code`, `field_name`, `field_type`, `is_required`, `description`, `is_delete`, `created_at`, `updated_at`, `published_at`, `created_by_id`, `updated_by_id`, `locale`) VALUES (14, 'pvkaohfls50qc5765f0wknn4', 'paper_num', '论文编号', 'NUMBER', 0, '论文的编号', 1, '2025-12-15 16:01:38.053000', '2025-12-15 16:02:13.890000', '2025-12-15 16:02:13.907000', NULL, NULL, NULL);
INSERT INTO `achievement_field_defs` (`id`, `document_id`, `field_code`, `field_name`, `field_type`, `is_required`, `description`, `is_delete`, `created_at`, `updated_at`, `published_at`, `created_by_id`, `updated_by_id`, `locale`) VALUES (15, 'tvyofsrepdfkf4tjl962sd20', 'patent_name', '专利名称', 'TEXT', 1, '', 0, '2025-12-17 10:09:44.097000', '2025-12-17 13:34:34.102000', NULL, NULL, NULL, NULL);
INSERT INTO `achievement_field_defs` (`id`, `document_id`, `field_code`, `field_name`, `field_type`, `is_required`, `description`, `is_delete`, `created_at`, `updated_at`, `published_at`, `created_by_id`, `updated_by_id`, `locale`) VALUES (16, 'ogsllv48p2c7q2ek8knom54a', 'app_no', '申请号', 'TEXT', 1, '', 0, '2025-12-17 10:09:44.098000', '2025-12-17 13:34:34.137000', NULL, NULL, NULL, NULL);
INSERT INTO `achievement_field_defs` (`id`, `document_id`, `field_code`, `field_name`, `field_type`, `is_required`, `description`, `is_delete`, `created_at`, `updated_at`, `published_at`, `created_by_id`, `updated_by_id`, `locale`) VALUES (17, 'lcye0vn6zsvlvfqzcxty2dzz', 'patent_type', '专利类型', 'TEXT', 1, '', 0, '2025-12-17 10:09:44.112000', '2025-12-17 13:34:34.099000', NULL, NULL, NULL, NULL);
INSERT INTO `achievement_field_defs` (`id`, `document_id`, `field_code`, `field_name`, `field_type`, `is_required`, `description`, `is_delete`, `created_at`, `updated_at`, `published_at`, `created_by_id`, `updated_by_id`, `locale`) VALUES (18, 'ohf8uqmvv82ye1kwdnffz95u', 'app_date', '申请日期', 'DATE', 1, '', 0, '2025-12-17 10:09:44.117000', '2025-12-17 13:34:34.139000', NULL, NULL, NULL, NULL);
INSERT INTO `achievement_field_defs` (`id`, `document_id`, `field_code`, `field_name`, `field_type`, `is_required`, `description`, `is_delete`, `created_at`, `updated_at`, `published_at`, `created_by_id`, `updated_by_id`, `locale`) VALUES (19, 'zku203vxmnvz7tl1coqswnqd', 'patentee', '专利权人', 'TEXT', 1, '', 0, '2025-12-17 10:09:44.118000', '2025-12-17 13:34:34.145000', NULL, NULL, NULL, NULL);
INSERT INTO `achievement_field_defs` (`id`, `document_id`, `field_code`, `field_name`, `field_type`, `is_required`, `description`, `is_delete`, `created_at`, `updated_at`, `published_at`, `created_by_id`, `updated_by_id`, `locale`) VALUES (20, 'm9691t9kps8xqje70fg2kqm2', 'inventors', '发明人列表', 'JSON', 1, '', 0, '2025-12-17 10:09:44.121000', '2025-12-17 13:34:34.138000', NULL, NULL, NULL, NULL);
INSERT INTO `achievement_field_defs` (`id`, `document_id`, `field_code`, `field_name`, `field_type`, `is_required`, `description`, `is_delete`, `created_at`, `updated_at`, `published_at`, `created_by_id`, `updated_by_id`, `locale`) VALUES (33, 'xeh44d8sskr4ruv99pmc04ax', 'paper_name', '论文标题', 'text', 0, NULL, 1, '2025-12-04 10:29:56.459000', '2025-12-17 10:21:20.396000', '2025-12-17 10:21:20.413000', 1, 1, NULL);
INSERT INTO `achievement_field_defs` (`id`, `document_id`, `field_code`, `field_name`, `field_type`, `is_required`, `description`, `is_delete`, `created_at`, `updated_at`, `published_at`, `created_by_id`, `updated_by_id`, `locale`) VALUES (34, 'agoears0sqxpnb7b6xbg5q90', 'paper_author1', '论文第一作者', 'text', 0, '该篇论文的第一作者', 1, '2025-12-04 10:31:46.626000', '2025-12-17 10:21:21.864000', '2025-12-17 10:21:21.880000', 1, 1, NULL);
INSERT INTO `achievement_field_defs` (`id`, `document_id`, `field_code`, `field_name`, `field_type`, `is_required`, `description`, `is_delete`, `created_at`, `updated_at`, `published_at`, `created_by_id`, `updated_by_id`, `locale`) VALUES (35, 'm2cwsx9abymzetqvb1acgbur', 'title', '论文标题', 'TEXT', 1, '', 0, '2025-12-17 10:24:12.960000', '2025-12-17 10:24:12.960000', NULL, NULL, NULL, NULL);
INSERT INTO `achievement_field_defs` (`id`, `document_id`, `field_code`, `field_name`, `field_type`, `is_required`, `description`, `is_delete`, `created_at`, `updated_at`, `published_at`, `created_by_id`, `updated_by_id`, `locale`) VALUES (36, 'r6wq5klerdki8gtzouhmgtf7', 'pub_venue', '发表刊物/会议', 'TEXT', 0, '', 0, '2025-12-17 10:24:12.964000', '2025-12-17 10:24:12.964000', NULL, NULL, NULL, NULL);
INSERT INTO `achievement_field_defs` (`id`, `document_id`, `field_code`, `field_name`, `field_type`, `is_required`, `description`, `is_delete`, `created_at`, `updated_at`, `published_at`, `created_by_id`, `updated_by_id`, `locale`) VALUES (37, 'lszq4zdpalkvj89lgnm6mvkz', 'pub_date', '发表日期', 'TEXT', 1, '', 0, '2025-12-17 10:24:12.978000', '2025-12-17 10:24:12.978000', NULL, NULL, NULL, NULL);
INSERT INTO `achievement_field_defs` (`id`, `document_id`, `field_code`, `field_name`, `field_type`, `is_required`, `description`, `is_delete`, `created_at`, `updated_at`, `published_at`, `created_by_id`, `updated_by_id`, `locale`) VALUES (38, 'o22uqqk5f6lwz8tk11mzut0g', 'authors_list', '作者列表', 'TEXT', 0, '', 0, '2025-12-17 10:24:12.979000', '2025-12-17 10:24:12.979000', NULL, NULL, NULL, NULL);
INSERT INTO `achievement_field_defs` (`id`, `document_id`, `field_code`, `field_name`, `field_type`, `is_required`, `description`, `is_delete`, `created_at`, `updated_at`, `published_at`, `created_by_id`, `updated_by_id`, `locale`) VALUES (39, 'm2cwsx9abymzetqvb1acgbur', 'title', '论文标题', 'TEXT', 1, '', 0, '2025-12-17 10:24:12.960000', '2025-12-17 10:24:12.960000', '2025-12-17 10:24:12.974000', NULL, NULL, NULL);
INSERT INTO `achievement_field_defs` (`id`, `document_id`, `field_code`, `field_name`, `field_type`, `is_required`, `description`, `is_delete`, `created_at`, `updated_at`, `published_at`, `created_by_id`, `updated_by_id`, `locale`) VALUES (40, 'r6wq5klerdki8gtzouhmgtf7', 'pub_venue', '发表刊物/会议', 'TEXT', 0, '', 0, '2025-12-17 10:24:12.964000', '2025-12-17 10:24:12.964000', '2025-12-17 10:24:12.981000', NULL, NULL, NULL);
INSERT INTO `achievement_field_defs` (`id`, `document_id`, `field_code`, `field_name`, `field_type`, `is_required`, `description`, `is_delete`, `created_at`, `updated_at`, `published_at`, `created_by_id`, `updated_by_id`, `locale`) VALUES (41, 'o22uqqk5f6lwz8tk11mzut0g', 'authors_list', '作者列表', 'TEXT', 0, '', 0, '2025-12-17 10:24:12.979000', '2025-12-17 10:24:12.979000', '2025-12-17 10:24:13.013000', NULL, NULL, NULL);
INSERT INTO `achievement_field_defs` (`id`, `document_id`, `field_code`, `field_name`, `field_type`, `is_required`, `description`, `is_delete`, `created_at`, `updated_at`, `published_at`, `created_by_id`, `updated_by_id`, `locale`) VALUES (42, 'lszq4zdpalkvj89lgnm6mvkz', 'pub_date', '发表日期', 'TEXT', 1, '', 0, '2025-12-17 10:24:12.978000', '2025-12-17 10:24:12.978000', '2025-12-17 10:24:13.035000', NULL, NULL, NULL);
INSERT INTO `achievement_field_defs` (`id`, `document_id`, `field_code`, `field_name`, `field_type`, `is_required`, `description`, `is_delete`, `created_at`, `updated_at`, `published_at`, `created_by_id`, `updated_by_id`, `locale`) VALUES (43, 'lcye0vn6zsvlvfqzcxty2dzz', 'patent_type', '专利类型', 'TEXT', 1, '', 0, '2025-12-17 10:09:44.112000', '2025-12-17 13:34:34.099000', '2025-12-17 13:34:34.149000', NULL, NULL, NULL);
INSERT INTO `achievement_field_defs` (`id`, `document_id`, `field_code`, `field_name`, `field_type`, `is_required`, `description`, `is_delete`, `created_at`, `updated_at`, `published_at`, `created_by_id`, `updated_by_id`, `locale`) VALUES (44, 'tvyofsrepdfkf4tjl962sd20', 'patent_name', '专利名称', 'TEXT', 1, '', 0, '2025-12-17 10:09:44.097000', '2025-12-17 13:34:34.102000', '2025-12-17 13:34:34.148000', NULL, NULL, NULL);
INSERT INTO `achievement_field_defs` (`id`, `document_id`, `field_code`, `field_name`, `field_type`, `is_required`, `description`, `is_delete`, `created_at`, `updated_at`, `published_at`, `created_by_id`, `updated_by_id`, `locale`) VALUES (45, 'ohf8uqmvv82ye1kwdnffz95u', 'app_date', '申请日期', 'DATE', 1, '', 0, '2025-12-17 10:09:44.117000', '2025-12-17 13:34:34.139000', '2025-12-17 13:34:34.162000', NULL, NULL, NULL);
INSERT INTO `achievement_field_defs` (`id`, `document_id`, `field_code`, `field_name`, `field_type`, `is_required`, `description`, `is_delete`, `created_at`, `updated_at`, `published_at`, `created_by_id`, `updated_by_id`, `locale`) VALUES (46, 'ogsllv48p2c7q2ek8knom54a', 'app_no', '申请号', 'TEXT', 1, '', 0, '2025-12-17 10:09:44.098000', '2025-12-17 13:34:34.137000', '2025-12-17 13:34:34.165000', NULL, NULL, NULL);
INSERT INTO `achievement_field_defs` (`id`, `document_id`, `field_code`, `field_name`, `field_type`, `is_required`, `description`, `is_delete`, `created_at`, `updated_at`, `published_at`, `created_by_id`, `updated_by_id`, `locale`) VALUES (47, 'm9691t9kps8xqje70fg2kqm2', 'inventors', '发明人列表', 'JSON', 1, '', 0, '2025-12-17 10:09:44.121000', '2025-12-17 13:34:34.138000', '2025-12-17 13:34:34.162000', NULL, NULL, NULL);
INSERT INTO `achievement_field_defs` (`id`, `document_id`, `field_code`, `field_name`, `field_type`, `is_required`, `description`, `is_delete`, `created_at`, `updated_at`, `published_at`, `created_by_id`, `updated_by_id`, `locale`) VALUES (48, 'zku203vxmnvz7tl1coqswnqd', 'patentee', '专利权人', 'TEXT', 1, '', 0, '2025-12-17 10:09:44.118000', '2025-12-17 13:34:34.145000', '2025-12-17 13:34:34.178000', NULL, NULL, NULL);
INSERT INTO `achievement_field_defs` (`id`, `document_id`, `field_code`, `field_name`, `field_type`, `is_required`, `description`, `is_delete`, `created_at`, `updated_at`, `published_at`, `created_by_id`, `updated_by_id`, `locale`) VALUES (49, 'rwsmn5wxoibhp4q91ptrjqlh', 'ID', '编号', 'TEXT', 0, '', 0, '2025-12-17 15:07:31.406000', '2025-12-17 15:07:31.406000', NULL, NULL, NULL, NULL);
INSERT INTO `achievement_field_defs` (`id`, `document_id`, `field_code`, `field_name`, `field_type`, `is_required`, `description`, `is_delete`, `created_at`, `updated_at`, `published_at`, `created_by_id`, `updated_by_id`, `locale`) VALUES (50, 'rwsmn5wxoibhp4q91ptrjqlh', 'ID', '编号', 'TEXT', 0, '', 0, '2025-12-17 15:07:31.406000', '2025-12-17 15:07:31.406000', '2025-12-17 15:07:31.416000', NULL, NULL, NULL);
COMMIT;

-- ----------------------------
-- Table structure for achievement_field_defs_achievement_field_value_id_lnk
-- ----------------------------
DROP TABLE IF EXISTS `achievement_field_defs_achievement_field_value_id_lnk`;
CREATE TABLE `achievement_field_defs_achievement_field_value_id_lnk` (
  `id` int unsigned NOT NULL AUTO_INCREMENT,
  `achievement_field_def_id` int unsigned DEFAULT NULL,
  `achievement_field_value_id` int unsigned DEFAULT NULL,
  PRIMARY KEY (`id`) USING BTREE,
  UNIQUE KEY `achievement_field_defs_achievement_field_value_feb9f_uq` (`achievement_field_def_id`,`achievement_field_value_id`) USING BTREE,
  KEY `achievement_field_defs_achievement_field_value_feb9f_fk` (`achievement_field_def_id`) USING BTREE,
  KEY `achievement_field_defs_achievement_field_valuefeb9f_ifk` (`achievement_field_value_id`) USING BTREE,
  CONSTRAINT `achievement_field_defs_achievement_field_value_feb9f_fk` FOREIGN KEY (`achievement_field_def_id`) REFERENCES `achievement_field_defs` (`id`) ON DELETE CASCADE ON UPDATE RESTRICT,
  CONSTRAINT `achievement_field_defs_achievement_field_valuefeb9f_ifk` FOREIGN KEY (`achievement_field_value_id`) REFERENCES `achievement_field_values` (`id`) ON DELETE CASCADE ON UPDATE RESTRICT
) ENGINE=InnoDB AUTO_INCREMENT=37 DEFAULT CHARSET=utf8mb3 ROW_FORMAT=DYNAMIC;

-- ----------------------------
-- Records of achievement_field_defs_achievement_field_value_id_lnk
-- ----------------------------
BEGIN;
INSERT INTO `achievement_field_defs_achievement_field_value_id_lnk` (`id`, `achievement_field_def_id`, `achievement_field_value_id`) VALUES (5, 1, 1);
INSERT INTO `achievement_field_defs_achievement_field_value_id_lnk` (`id`, `achievement_field_def_id`, `achievement_field_value_id`) VALUES (19, 15, 11);
INSERT INTO `achievement_field_defs_achievement_field_value_id_lnk` (`id`, `achievement_field_def_id`, `achievement_field_value_id`) VALUES (25, 16, 17);
INSERT INTO `achievement_field_defs_achievement_field_value_id_lnk` (`id`, `achievement_field_def_id`, `achievement_field_value_id`) VALUES (21, 17, 13);
INSERT INTO `achievement_field_defs_achievement_field_value_id_lnk` (`id`, `achievement_field_def_id`, `achievement_field_value_id`) VALUES (23, 18, 15);
INSERT INTO `achievement_field_defs_achievement_field_value_id_lnk` (`id`, `achievement_field_def_id`, `achievement_field_value_id`) VALUES (29, 19, 21);
INSERT INTO `achievement_field_defs_achievement_field_value_id_lnk` (`id`, `achievement_field_def_id`, `achievement_field_value_id`) VALUES (27, 20, 19);
INSERT INTO `achievement_field_defs_achievement_field_value_id_lnk` (`id`, `achievement_field_def_id`, `achievement_field_value_id`) VALUES (10, 33, 2);
INSERT INTO `achievement_field_defs_achievement_field_value_id_lnk` (`id`, `achievement_field_def_id`, `achievement_field_value_id`) VALUES (11, 35, 3);
INSERT INTO `achievement_field_defs_achievement_field_value_id_lnk` (`id`, `achievement_field_def_id`, `achievement_field_value_id`) VALUES (13, 36, 5);
INSERT INTO `achievement_field_defs_achievement_field_value_id_lnk` (`id`, `achievement_field_def_id`, `achievement_field_value_id`) VALUES (17, 37, 9);
INSERT INTO `achievement_field_defs_achievement_field_value_id_lnk` (`id`, `achievement_field_def_id`, `achievement_field_value_id`) VALUES (15, 38, 7);
INSERT INTO `achievement_field_defs_achievement_field_value_id_lnk` (`id`, `achievement_field_def_id`, `achievement_field_value_id`) VALUES (12, 39, 4);
INSERT INTO `achievement_field_defs_achievement_field_value_id_lnk` (`id`, `achievement_field_def_id`, `achievement_field_value_id`) VALUES (14, 40, 6);
INSERT INTO `achievement_field_defs_achievement_field_value_id_lnk` (`id`, `achievement_field_def_id`, `achievement_field_value_id`) VALUES (16, 41, 8);
INSERT INTO `achievement_field_defs_achievement_field_value_id_lnk` (`id`, `achievement_field_def_id`, `achievement_field_value_id`) VALUES (18, 42, 10);
INSERT INTO `achievement_field_defs_achievement_field_value_id_lnk` (`id`, `achievement_field_def_id`, `achievement_field_value_id`) VALUES (22, 43, 14);
INSERT INTO `achievement_field_defs_achievement_field_value_id_lnk` (`id`, `achievement_field_def_id`, `achievement_field_value_id`) VALUES (20, 44, 12);
INSERT INTO `achievement_field_defs_achievement_field_value_id_lnk` (`id`, `achievement_field_def_id`, `achievement_field_value_id`) VALUES (24, 45, 16);
INSERT INTO `achievement_field_defs_achievement_field_value_id_lnk` (`id`, `achievement_field_def_id`, `achievement_field_value_id`) VALUES (26, 46, 18);
INSERT INTO `achievement_field_defs_achievement_field_value_id_lnk` (`id`, `achievement_field_def_id`, `achievement_field_value_id`) VALUES (28, 47, 20);
INSERT INTO `achievement_field_defs_achievement_field_value_id_lnk` (`id`, `achievement_field_def_id`, `achievement_field_value_id`) VALUES (30, 48, 22);
INSERT INTO `achievement_field_defs_achievement_field_value_id_lnk` (`id`, `achievement_field_def_id`, `achievement_field_value_id`) VALUES (35, 49, 27);
INSERT INTO `achievement_field_defs_achievement_field_value_id_lnk` (`id`, `achievement_field_def_id`, `achievement_field_value_id`) VALUES (36, 50, 28);
COMMIT;

-- ----------------------------
-- Table structure for achievement_field_defs_achievement_type_id_lnk
-- ----------------------------
DROP TABLE IF EXISTS `achievement_field_defs_achievement_type_id_lnk`;
CREATE TABLE `achievement_field_defs_achievement_type_id_lnk` (
  `id` int unsigned NOT NULL AUTO_INCREMENT,
  `achievement_field_def_id` int unsigned DEFAULT NULL,
  `achievement_type_id` int unsigned DEFAULT NULL,
  `achievement_field_def_ord` double unsigned DEFAULT NULL,
  PRIMARY KEY (`id`) USING BTREE,
  UNIQUE KEY `achievement_field_defs_achievement_type_id_lnk_uq` (`achievement_field_def_id`,`achievement_type_id`) USING BTREE,
  KEY `achievement_field_defs_achievement_type_id_lnk_fk` (`achievement_field_def_id`) USING BTREE,
  KEY `achievement_field_defs_achievement_type_id_lnk_ifk` (`achievement_type_id`) USING BTREE,
  KEY `achievement_field_defs_achievement_type_id_lnk_oifk` (`achievement_field_def_ord`) USING BTREE,
  CONSTRAINT `achievement_field_defs_achievement_type_id_lnk_fk` FOREIGN KEY (`achievement_field_def_id`) REFERENCES `achievement_field_defs` (`id`) ON DELETE CASCADE ON UPDATE RESTRICT,
  CONSTRAINT `achievement_field_defs_achievement_type_id_lnk_ifk` FOREIGN KEY (`achievement_type_id`) REFERENCES `achievement_types` (`id`) ON DELETE CASCADE ON UPDATE RESTRICT
) ENGINE=InnoDB AUTO_INCREMENT=57 DEFAULT CHARSET=utf8mb3 ROW_FORMAT=DYNAMIC;

-- ----------------------------
-- Records of achievement_field_defs_achievement_type_id_lnk
-- ----------------------------
BEGIN;
INSERT INTO `achievement_field_defs_achievement_type_id_lnk` (`id`, `achievement_field_def_id`, `achievement_type_id`, `achievement_field_def_ord`) VALUES (1, 1, 1, 1);
INSERT INTO `achievement_field_defs_achievement_type_id_lnk` (`id`, `achievement_field_def_id`, `achievement_type_id`, `achievement_field_def_ord`) VALUES (3, 3, 1, 2);
INSERT INTO `achievement_field_defs_achievement_type_id_lnk` (`id`, `achievement_field_def_id`, `achievement_type_id`, `achievement_field_def_ord`) VALUES (10, 10, 1, 3);
INSERT INTO `achievement_field_defs_achievement_type_id_lnk` (`id`, `achievement_field_def_id`, `achievement_type_id`, `achievement_field_def_ord`) VALUES (20, 14, 6, 3);
INSERT INTO `achievement_field_defs_achievement_type_id_lnk` (`id`, `achievement_field_def_id`, `achievement_type_id`, `achievement_field_def_ord`) VALUES (21, 16, 4, 1);
INSERT INTO `achievement_field_defs_achievement_type_id_lnk` (`id`, `achievement_field_def_id`, `achievement_type_id`, `achievement_field_def_ord`) VALUES (22, 15, 4, 1);
INSERT INTO `achievement_field_defs_achievement_type_id_lnk` (`id`, `achievement_field_def_id`, `achievement_type_id`, `achievement_field_def_ord`) VALUES (23, 18, 4, 1);
INSERT INTO `achievement_field_defs_achievement_type_id_lnk` (`id`, `achievement_field_def_id`, `achievement_type_id`, `achievement_field_def_ord`) VALUES (24, 17, 4, 1);
INSERT INTO `achievement_field_defs_achievement_type_id_lnk` (`id`, `achievement_field_def_id`, `achievement_type_id`, `achievement_field_def_ord`) VALUES (25, 19, 4, 1);
INSERT INTO `achievement_field_defs_achievement_type_id_lnk` (`id`, `achievement_field_def_id`, `achievement_type_id`, `achievement_field_def_ord`) VALUES (26, 20, 4, 1);
INSERT INTO `achievement_field_defs_achievement_type_id_lnk` (`id`, `achievement_field_def_id`, `achievement_type_id`, `achievement_field_def_ord`) VALUES (39, 33, 6, 1);
INSERT INTO `achievement_field_defs_achievement_type_id_lnk` (`id`, `achievement_field_def_id`, `achievement_type_id`, `achievement_field_def_ord`) VALUES (40, 34, 6, 2);
INSERT INTO `achievement_field_defs_achievement_type_id_lnk` (`id`, `achievement_field_def_id`, `achievement_type_id`, `achievement_field_def_ord`) VALUES (41, 35, 1, 4);
INSERT INTO `achievement_field_defs_achievement_type_id_lnk` (`id`, `achievement_field_def_id`, `achievement_type_id`, `achievement_field_def_ord`) VALUES (42, 36, 1, 4);
INSERT INTO `achievement_field_defs_achievement_type_id_lnk` (`id`, `achievement_field_def_id`, `achievement_type_id`, `achievement_field_def_ord`) VALUES (43, 38, 1, 4);
INSERT INTO `achievement_field_defs_achievement_type_id_lnk` (`id`, `achievement_field_def_id`, `achievement_type_id`, `achievement_field_def_ord`) VALUES (44, 39, 6, 4);
INSERT INTO `achievement_field_defs_achievement_type_id_lnk` (`id`, `achievement_field_def_id`, `achievement_type_id`, `achievement_field_def_ord`) VALUES (45, 37, 1, 4);
INSERT INTO `achievement_field_defs_achievement_type_id_lnk` (`id`, `achievement_field_def_id`, `achievement_type_id`, `achievement_field_def_ord`) VALUES (46, 40, 6, 4);
INSERT INTO `achievement_field_defs_achievement_type_id_lnk` (`id`, `achievement_field_def_id`, `achievement_type_id`, `achievement_field_def_ord`) VALUES (47, 41, 6, 4);
INSERT INTO `achievement_field_defs_achievement_type_id_lnk` (`id`, `achievement_field_def_id`, `achievement_type_id`, `achievement_field_def_ord`) VALUES (48, 42, 6, 4);
INSERT INTO `achievement_field_defs_achievement_type_id_lnk` (`id`, `achievement_field_def_id`, `achievement_type_id`, `achievement_field_def_ord`) VALUES (49, 44, 5, 1);
INSERT INTO `achievement_field_defs_achievement_type_id_lnk` (`id`, `achievement_field_def_id`, `achievement_type_id`, `achievement_field_def_ord`) VALUES (50, 43, 5, 1);
INSERT INTO `achievement_field_defs_achievement_type_id_lnk` (`id`, `achievement_field_def_id`, `achievement_type_id`, `achievement_field_def_ord`) VALUES (51, 45, 5, 1);
INSERT INTO `achievement_field_defs_achievement_type_id_lnk` (`id`, `achievement_field_def_id`, `achievement_type_id`, `achievement_field_def_ord`) VALUES (52, 46, 5, 1);
INSERT INTO `achievement_field_defs_achievement_type_id_lnk` (`id`, `achievement_field_def_id`, `achievement_type_id`, `achievement_field_def_ord`) VALUES (53, 47, 5, 1);
INSERT INTO `achievement_field_defs_achievement_type_id_lnk` (`id`, `achievement_field_def_id`, `achievement_type_id`, `achievement_field_def_ord`) VALUES (54, 48, 5, 1);
INSERT INTO `achievement_field_defs_achievement_type_id_lnk` (`id`, `achievement_field_def_id`, `achievement_type_id`, `achievement_field_def_ord`) VALUES (55, 49, 9, 1);
INSERT INTO `achievement_field_defs_achievement_type_id_lnk` (`id`, `achievement_field_def_id`, `achievement_type_id`, `achievement_field_def_ord`) VALUES (56, 50, 10, 1);
COMMIT;

-- ----------------------------
-- Table structure for achievement_field_values
-- ----------------------------
DROP TABLE IF EXISTS `achievement_field_values`;
CREATE TABLE `achievement_field_values` (
  `id` int unsigned NOT NULL AUTO_INCREMENT,
  `document_id` varchar(255) CHARACTER SET utf8mb3 COLLATE utf8mb3_general_ci DEFAULT NULL,
  `created_at` datetime(6) DEFAULT NULL,
  `updated_at` datetime(6) DEFAULT NULL,
  `published_at` datetime(6) DEFAULT NULL,
  `created_by_id` int unsigned DEFAULT NULL,
  `updated_by_id` int unsigned DEFAULT NULL,
  `locale` varchar(255) CHARACTER SET utf8mb3 COLLATE utf8mb3_general_ci DEFAULT NULL,
  `text_value` varchar(255) CHARACTER SET utf8mb3 COLLATE utf8mb3_general_ci DEFAULT NULL,
  `boolean_value` tinyint(1) DEFAULT NULL,
  `number_value` decimal(10,2) DEFAULT NULL,
  `date_value` date DEFAULT NULL,
  `email_value` varchar(255) CHARACTER SET utf8mb3 COLLATE utf8mb3_general_ci DEFAULT NULL,
  `is_delete` int DEFAULT NULL,
  PRIMARY KEY (`id`) USING BTREE,
  KEY `achievement_field_values_documents_idx` (`document_id`,`locale`,`published_at`) USING BTREE,
  KEY `achievement_field_values_created_by_id_fk` (`created_by_id`) USING BTREE,
  KEY `achievement_field_values_updated_by_id_fk` (`updated_by_id`) USING BTREE,
  CONSTRAINT `achievement_field_values_created_by_id_fk` FOREIGN KEY (`created_by_id`) REFERENCES `admin_users` (`id`) ON DELETE SET NULL ON UPDATE RESTRICT,
  CONSTRAINT `achievement_field_values_updated_by_id_fk` FOREIGN KEY (`updated_by_id`) REFERENCES `admin_users` (`id`) ON DELETE SET NULL ON UPDATE RESTRICT
) ENGINE=InnoDB AUTO_INCREMENT=29 DEFAULT CHARSET=utf8mb3 ROW_FORMAT=DYNAMIC;

-- ----------------------------
-- Records of achievement_field_values
-- ----------------------------
BEGIN;
INSERT INTO `achievement_field_values` (`id`, `document_id`, `created_at`, `updated_at`, `published_at`, `created_by_id`, `updated_by_id`, `locale`, `text_value`, `boolean_value`, `number_value`, `date_value`, `email_value`, `is_delete`) VALUES (1, 'f4gfyu5laa8efvxajqpb15ok', '2025-12-04 10:37:02.618000', '2025-12-04 10:37:02.618000', NULL, 1, 1, NULL, '关于........的学术论文', NULL, NULL, NULL, NULL, 0);
INSERT INTO `achievement_field_values` (`id`, `document_id`, `created_at`, `updated_at`, `published_at`, `created_by_id`, `updated_by_id`, `locale`, `text_value`, `boolean_value`, `number_value`, `date_value`, `email_value`, `is_delete`) VALUES (2, 'f4gfyu5laa8efvxajqpb15ok', '2025-12-04 10:37:02.618000', '2025-12-04 10:37:02.618000', '2025-12-04 10:37:02.657000', 1, 1, NULL, '关于........的学术论文', NULL, NULL, NULL, NULL, 0);
INSERT INTO `achievement_field_values` (`id`, `document_id`, `created_at`, `updated_at`, `published_at`, `created_by_id`, `updated_by_id`, `locale`, `text_value`, `boolean_value`, `number_value`, `date_value`, `email_value`, `is_delete`) VALUES (3, 'ydrgsvmumnlb8e8ofot1vdds', '2026-01-24 22:44:54.419000', '2026-01-24 22:44:54.419000', NULL, NULL, NULL, NULL, '测试1', NULL, NULL, NULL, NULL, 0);
INSERT INTO `achievement_field_values` (`id`, `document_id`, `created_at`, `updated_at`, `published_at`, `created_by_id`, `updated_by_id`, `locale`, `text_value`, `boolean_value`, `number_value`, `date_value`, `email_value`, `is_delete`) VALUES (4, 'ydrgsvmumnlb8e8ofot1vdds', '2026-01-24 22:44:54.419000', '2026-01-24 22:44:54.419000', '2026-01-24 22:44:54.433000', NULL, NULL, NULL, '测试1', NULL, NULL, NULL, NULL, 0);
INSERT INTO `achievement_field_values` (`id`, `document_id`, `created_at`, `updated_at`, `published_at`, `created_by_id`, `updated_by_id`, `locale`, `text_value`, `boolean_value`, `number_value`, `date_value`, `email_value`, `is_delete`) VALUES (5, 'en6ed5fap4lm8qneq5klqpkn', '2026-01-24 22:44:54.472000', '2026-01-24 22:44:54.472000', NULL, NULL, NULL, NULL, '测试1', NULL, NULL, NULL, NULL, 0);
INSERT INTO `achievement_field_values` (`id`, `document_id`, `created_at`, `updated_at`, `published_at`, `created_by_id`, `updated_by_id`, `locale`, `text_value`, `boolean_value`, `number_value`, `date_value`, `email_value`, `is_delete`) VALUES (6, 'en6ed5fap4lm8qneq5klqpkn', '2026-01-24 22:44:54.472000', '2026-01-24 22:44:54.472000', '2026-01-24 22:44:54.482000', NULL, NULL, NULL, '测试1', NULL, NULL, NULL, NULL, 0);
INSERT INTO `achievement_field_values` (`id`, `document_id`, `created_at`, `updated_at`, `published_at`, `created_by_id`, `updated_by_id`, `locale`, `text_value`, `boolean_value`, `number_value`, `date_value`, `email_value`, `is_delete`) VALUES (7, 'l8fdnf9sppsogztq2o9lpv6v', '2026-01-24 22:44:54.517000', '2026-01-24 22:44:54.517000', NULL, NULL, NULL, NULL, '测试1', NULL, NULL, NULL, NULL, 0);
INSERT INTO `achievement_field_values` (`id`, `document_id`, `created_at`, `updated_at`, `published_at`, `created_by_id`, `updated_by_id`, `locale`, `text_value`, `boolean_value`, `number_value`, `date_value`, `email_value`, `is_delete`) VALUES (8, 'l8fdnf9sppsogztq2o9lpv6v', '2026-01-24 22:44:54.517000', '2026-01-24 22:44:54.517000', '2026-01-24 22:44:54.526000', NULL, NULL, NULL, '测试1', NULL, NULL, NULL, NULL, 0);
INSERT INTO `achievement_field_values` (`id`, `document_id`, `created_at`, `updated_at`, `published_at`, `created_by_id`, `updated_by_id`, `locale`, `text_value`, `boolean_value`, `number_value`, `date_value`, `email_value`, `is_delete`) VALUES (9, 'c0qmbc7atxzhqkntxejqkvjc', '2026-01-24 22:44:54.558000', '2026-01-24 22:44:54.558000', NULL, NULL, NULL, NULL, '测试日期1', NULL, NULL, NULL, NULL, 0);
INSERT INTO `achievement_field_values` (`id`, `document_id`, `created_at`, `updated_at`, `published_at`, `created_by_id`, `updated_by_id`, `locale`, `text_value`, `boolean_value`, `number_value`, `date_value`, `email_value`, `is_delete`) VALUES (10, 'c0qmbc7atxzhqkntxejqkvjc', '2026-01-24 22:44:54.558000', '2026-01-24 22:44:54.558000', '2026-01-24 22:44:54.566000', NULL, NULL, NULL, '测试日期1', NULL, NULL, NULL, NULL, 0);
INSERT INTO `achievement_field_values` (`id`, `document_id`, `created_at`, `updated_at`, `published_at`, `created_by_id`, `updated_by_id`, `locale`, `text_value`, `boolean_value`, `number_value`, `date_value`, `email_value`, `is_delete`) VALUES (11, 'pypsidl7jg2iwxltgg8c8t05', '2026-01-24 22:59:38.395000', '2026-01-24 22:59:38.395000', NULL, NULL, NULL, NULL, '测试专利2', NULL, NULL, NULL, NULL, 0);
INSERT INTO `achievement_field_values` (`id`, `document_id`, `created_at`, `updated_at`, `published_at`, `created_by_id`, `updated_by_id`, `locale`, `text_value`, `boolean_value`, `number_value`, `date_value`, `email_value`, `is_delete`) VALUES (12, 'pypsidl7jg2iwxltgg8c8t05', '2026-01-24 22:59:38.395000', '2026-01-24 22:59:38.395000', '2026-01-24 22:59:38.416000', NULL, NULL, NULL, '测试专利2', NULL, NULL, NULL, NULL, 0);
INSERT INTO `achievement_field_values` (`id`, `document_id`, `created_at`, `updated_at`, `published_at`, `created_by_id`, `updated_by_id`, `locale`, `text_value`, `boolean_value`, `number_value`, `date_value`, `email_value`, `is_delete`) VALUES (13, 'evo5a3f0kszlizdkhb57zbec', '2026-01-24 22:59:38.484000', '2026-01-24 22:59:38.484000', NULL, NULL, NULL, NULL, '测试专利2', NULL, NULL, NULL, NULL, 0);
INSERT INTO `achievement_field_values` (`id`, `document_id`, `created_at`, `updated_at`, `published_at`, `created_by_id`, `updated_by_id`, `locale`, `text_value`, `boolean_value`, `number_value`, `date_value`, `email_value`, `is_delete`) VALUES (14, 'evo5a3f0kszlizdkhb57zbec', '2026-01-24 22:59:38.484000', '2026-01-24 22:59:38.484000', '2026-01-24 22:59:38.498000', NULL, NULL, NULL, '测试专利2', NULL, NULL, NULL, NULL, 0);
INSERT INTO `achievement_field_values` (`id`, `document_id`, `created_at`, `updated_at`, `published_at`, `created_by_id`, `updated_by_id`, `locale`, `text_value`, `boolean_value`, `number_value`, `date_value`, `email_value`, `is_delete`) VALUES (15, 'mglc9fd163hokdghujy6qdge', '2026-01-24 22:59:38.541000', '2026-01-24 22:59:38.541000', NULL, NULL, NULL, NULL, NULL, NULL, NULL, '2026-01-24', NULL, 0);
INSERT INTO `achievement_field_values` (`id`, `document_id`, `created_at`, `updated_at`, `published_at`, `created_by_id`, `updated_by_id`, `locale`, `text_value`, `boolean_value`, `number_value`, `date_value`, `email_value`, `is_delete`) VALUES (16, 'mglc9fd163hokdghujy6qdge', '2026-01-24 22:59:38.541000', '2026-01-24 22:59:38.541000', '2026-01-24 22:59:38.556000', NULL, NULL, NULL, NULL, NULL, NULL, '2026-01-24', NULL, 0);
INSERT INTO `achievement_field_values` (`id`, `document_id`, `created_at`, `updated_at`, `published_at`, `created_by_id`, `updated_by_id`, `locale`, `text_value`, `boolean_value`, `number_value`, `date_value`, `email_value`, `is_delete`) VALUES (17, 'vvq9v8t7un0kth018hm0rx3v', '2026-01-24 22:59:38.591000', '2026-01-24 22:59:38.591000', NULL, NULL, NULL, NULL, '123', NULL, NULL, NULL, NULL, 0);
INSERT INTO `achievement_field_values` (`id`, `document_id`, `created_at`, `updated_at`, `published_at`, `created_by_id`, `updated_by_id`, `locale`, `text_value`, `boolean_value`, `number_value`, `date_value`, `email_value`, `is_delete`) VALUES (18, 'vvq9v8t7un0kth018hm0rx3v', '2026-01-24 22:59:38.591000', '2026-01-24 22:59:38.591000', '2026-01-24 22:59:38.601000', NULL, NULL, NULL, '123', NULL, NULL, NULL, NULL, 0);
INSERT INTO `achievement_field_values` (`id`, `document_id`, `created_at`, `updated_at`, `published_at`, `created_by_id`, `updated_by_id`, `locale`, `text_value`, `boolean_value`, `number_value`, `date_value`, `email_value`, `is_delete`) VALUES (19, 'kawqg0wrfcan2qk5ohez2i6r', '2026-01-24 22:59:38.648000', '2026-01-24 22:59:38.648000', NULL, NULL, NULL, NULL, 'ZZQ', NULL, NULL, NULL, NULL, 0);
INSERT INTO `achievement_field_values` (`id`, `document_id`, `created_at`, `updated_at`, `published_at`, `created_by_id`, `updated_by_id`, `locale`, `text_value`, `boolean_value`, `number_value`, `date_value`, `email_value`, `is_delete`) VALUES (20, 'kawqg0wrfcan2qk5ohez2i6r', '2026-01-24 22:59:38.648000', '2026-01-24 22:59:38.648000', '2026-01-24 22:59:38.659000', NULL, NULL, NULL, 'ZZQ', NULL, NULL, NULL, NULL, 0);
INSERT INTO `achievement_field_values` (`id`, `document_id`, `created_at`, `updated_at`, `published_at`, `created_by_id`, `updated_by_id`, `locale`, `text_value`, `boolean_value`, `number_value`, `date_value`, `email_value`, `is_delete`) VALUES (21, 'u72znvmes16cwqhcanmlo2zc', '2026-01-24 22:59:38.707000', '2026-01-24 22:59:38.707000', NULL, NULL, NULL, NULL, 'ZZQ', NULL, NULL, NULL, NULL, 0);
INSERT INTO `achievement_field_values` (`id`, `document_id`, `created_at`, `updated_at`, `published_at`, `created_by_id`, `updated_by_id`, `locale`, `text_value`, `boolean_value`, `number_value`, `date_value`, `email_value`, `is_delete`) VALUES (22, 'u72znvmes16cwqhcanmlo2zc', '2026-01-24 22:59:38.707000', '2026-01-24 22:59:38.707000', '2026-01-24 22:59:38.721000', NULL, NULL, NULL, 'ZZQ', NULL, NULL, NULL, NULL, 0);
INSERT INTO `achievement_field_values` (`id`, `document_id`, `created_at`, `updated_at`, `published_at`, `created_by_id`, `updated_by_id`, `locale`, `text_value`, `boolean_value`, `number_value`, `date_value`, `email_value`, `is_delete`) VALUES (23, 'f267osxmvm3zss2mdekf2hdl', '2026-01-24 23:57:47.562000', '2026-01-24 23:57:47.562000', NULL, NULL, NULL, NULL, '1', NULL, NULL, NULL, NULL, 0);
INSERT INTO `achievement_field_values` (`id`, `document_id`, `created_at`, `updated_at`, `published_at`, `created_by_id`, `updated_by_id`, `locale`, `text_value`, `boolean_value`, `number_value`, `date_value`, `email_value`, `is_delete`) VALUES (24, 'f267osxmvm3zss2mdekf2hdl', '2026-01-24 23:57:47.562000', '2026-01-24 23:57:47.562000', '2026-01-24 23:57:47.578000', NULL, NULL, NULL, '1', NULL, NULL, NULL, NULL, 0);
INSERT INTO `achievement_field_values` (`id`, `document_id`, `created_at`, `updated_at`, `published_at`, `created_by_id`, `updated_by_id`, `locale`, `text_value`, `boolean_value`, `number_value`, `date_value`, `email_value`, `is_delete`) VALUES (25, 'kw5uorw5t00fr5qp7usb2x7j', '2026-01-25 00:01:12.116000', '2026-01-25 00:01:12.116000', NULL, NULL, NULL, NULL, '1', NULL, NULL, NULL, NULL, 0);
INSERT INTO `achievement_field_values` (`id`, `document_id`, `created_at`, `updated_at`, `published_at`, `created_by_id`, `updated_by_id`, `locale`, `text_value`, `boolean_value`, `number_value`, `date_value`, `email_value`, `is_delete`) VALUES (26, 'kw5uorw5t00fr5qp7usb2x7j', '2026-01-25 00:01:12.116000', '2026-01-25 00:01:12.116000', '2026-01-25 00:01:12.132000', NULL, NULL, NULL, '1', NULL, NULL, NULL, NULL, 0);
INSERT INTO `achievement_field_values` (`id`, `document_id`, `created_at`, `updated_at`, `published_at`, `created_by_id`, `updated_by_id`, `locale`, `text_value`, `boolean_value`, `number_value`, `date_value`, `email_value`, `is_delete`) VALUES (27, 'si6yde61gfdbrkyiwc0apv2t', '2026-01-25 00:01:50.832000', '2026-01-25 00:01:50.832000', NULL, NULL, NULL, NULL, '1', NULL, NULL, NULL, NULL, 0);
INSERT INTO `achievement_field_values` (`id`, `document_id`, `created_at`, `updated_at`, `published_at`, `created_by_id`, `updated_by_id`, `locale`, `text_value`, `boolean_value`, `number_value`, `date_value`, `email_value`, `is_delete`) VALUES (28, 'si6yde61gfdbrkyiwc0apv2t', '2026-01-25 00:01:50.832000', '2026-01-25 00:01:50.832000', '2026-01-25 00:01:50.842000', NULL, NULL, NULL, '1', NULL, NULL, NULL, NULL, 0);
COMMIT;

-- ----------------------------
-- Table structure for achievement_field_values_achievement_id_lnk
-- ----------------------------
DROP TABLE IF EXISTS `achievement_field_values_achievement_id_lnk`;
CREATE TABLE `achievement_field_values_achievement_id_lnk` (
  `id` int unsigned NOT NULL AUTO_INCREMENT,
  `achievement_field_value_id` int unsigned DEFAULT NULL,
  `achievement_main_id` int unsigned DEFAULT NULL,
  `achievement_field_value_ord` double unsigned DEFAULT NULL,
  PRIMARY KEY (`id`) USING BTREE,
  UNIQUE KEY `achievement_field_values_achievement_id_lnk_uq` (`achievement_field_value_id`,`achievement_main_id`) USING BTREE,
  KEY `achievement_field_values_achievement_id_lnk_fk` (`achievement_field_value_id`) USING BTREE,
  KEY `achievement_field_values_achievement_id_lnk_ifk` (`achievement_main_id`) USING BTREE,
  KEY `achievement_field_values_achievement_id_lnk_oifk` (`achievement_field_value_ord`) USING BTREE,
  CONSTRAINT `achievement_field_values_achievement_id_lnk_fk` FOREIGN KEY (`achievement_field_value_id`) REFERENCES `achievement_field_values` (`id`) ON DELETE CASCADE ON UPDATE RESTRICT,
  CONSTRAINT `achievement_field_values_achievement_id_lnk_ifk` FOREIGN KEY (`achievement_main_id`) REFERENCES `achievement_mains` (`id`) ON DELETE CASCADE ON UPDATE RESTRICT
) ENGINE=InnoDB AUTO_INCREMENT=30 DEFAULT CHARSET=utf8mb3 ROW_FORMAT=DYNAMIC;

-- ----------------------------
-- Records of achievement_field_values_achievement_id_lnk
-- ----------------------------
BEGIN;
INSERT INTO `achievement_field_values_achievement_id_lnk` (`id`, `achievement_field_value_id`, `achievement_main_id`, `achievement_field_value_ord`) VALUES (1, 1, 1, 1);
INSERT INTO `achievement_field_values_achievement_id_lnk` (`id`, `achievement_field_value_id`, `achievement_main_id`, `achievement_field_value_ord`) VALUES (2, 2, 2, 1);
INSERT INTO `achievement_field_values_achievement_id_lnk` (`id`, `achievement_field_value_id`, `achievement_main_id`, `achievement_field_value_ord`) VALUES (3, 3, 5, 1);
INSERT INTO `achievement_field_values_achievement_id_lnk` (`id`, `achievement_field_value_id`, `achievement_main_id`, `achievement_field_value_ord`) VALUES (4, 4, 6, 1);
INSERT INTO `achievement_field_values_achievement_id_lnk` (`id`, `achievement_field_value_id`, `achievement_main_id`, `achievement_field_value_ord`) VALUES (5, 5, 5, 2);
INSERT INTO `achievement_field_values_achievement_id_lnk` (`id`, `achievement_field_value_id`, `achievement_main_id`, `achievement_field_value_ord`) VALUES (6, 6, 6, 2);
INSERT INTO `achievement_field_values_achievement_id_lnk` (`id`, `achievement_field_value_id`, `achievement_main_id`, `achievement_field_value_ord`) VALUES (7, 7, 5, 3);
INSERT INTO `achievement_field_values_achievement_id_lnk` (`id`, `achievement_field_value_id`, `achievement_main_id`, `achievement_field_value_ord`) VALUES (8, 8, 6, 3);
INSERT INTO `achievement_field_values_achievement_id_lnk` (`id`, `achievement_field_value_id`, `achievement_main_id`, `achievement_field_value_ord`) VALUES (9, 9, 5, 4);
INSERT INTO `achievement_field_values_achievement_id_lnk` (`id`, `achievement_field_value_id`, `achievement_main_id`, `achievement_field_value_ord`) VALUES (10, 10, 6, 4);
INSERT INTO `achievement_field_values_achievement_id_lnk` (`id`, `achievement_field_value_id`, `achievement_main_id`, `achievement_field_value_ord`) VALUES (11, 11, 7, 1);
INSERT INTO `achievement_field_values_achievement_id_lnk` (`id`, `achievement_field_value_id`, `achievement_main_id`, `achievement_field_value_ord`) VALUES (12, 12, 8, 1);
INSERT INTO `achievement_field_values_achievement_id_lnk` (`id`, `achievement_field_value_id`, `achievement_main_id`, `achievement_field_value_ord`) VALUES (13, 13, 7, 2);
INSERT INTO `achievement_field_values_achievement_id_lnk` (`id`, `achievement_field_value_id`, `achievement_main_id`, `achievement_field_value_ord`) VALUES (14, 14, 8, 2);
INSERT INTO `achievement_field_values_achievement_id_lnk` (`id`, `achievement_field_value_id`, `achievement_main_id`, `achievement_field_value_ord`) VALUES (15, 15, 7, 3);
INSERT INTO `achievement_field_values_achievement_id_lnk` (`id`, `achievement_field_value_id`, `achievement_main_id`, `achievement_field_value_ord`) VALUES (16, 16, 8, 3);
INSERT INTO `achievement_field_values_achievement_id_lnk` (`id`, `achievement_field_value_id`, `achievement_main_id`, `achievement_field_value_ord`) VALUES (17, 17, 7, 4);
INSERT INTO `achievement_field_values_achievement_id_lnk` (`id`, `achievement_field_value_id`, `achievement_main_id`, `achievement_field_value_ord`) VALUES (18, 18, 8, 4);
INSERT INTO `achievement_field_values_achievement_id_lnk` (`id`, `achievement_field_value_id`, `achievement_main_id`, `achievement_field_value_ord`) VALUES (19, 19, 7, 5);
INSERT INTO `achievement_field_values_achievement_id_lnk` (`id`, `achievement_field_value_id`, `achievement_main_id`, `achievement_field_value_ord`) VALUES (20, 20, 8, 5);
INSERT INTO `achievement_field_values_achievement_id_lnk` (`id`, `achievement_field_value_id`, `achievement_main_id`, `achievement_field_value_ord`) VALUES (21, 21, 7, 6);
INSERT INTO `achievement_field_values_achievement_id_lnk` (`id`, `achievement_field_value_id`, `achievement_main_id`, `achievement_field_value_ord`) VALUES (22, 22, 8, 6);
COMMIT;

-- ----------------------------
-- Table structure for achievement_files
-- ----------------------------
DROP TABLE IF EXISTS `achievement_files`;
CREATE TABLE `achievement_files` (
  `id` int unsigned NOT NULL AUTO_INCREMENT,
  `document_id` varchar(255) CHARACTER SET utf8mb4 COLLATE utf8mb4_0900_ai_ci DEFAULT NULL,
  `is_delete` int DEFAULT NULL,
  `created_at` datetime(6) DEFAULT NULL,
  `updated_at` datetime(6) DEFAULT NULL,
  `published_at` datetime(6) DEFAULT NULL,
  `created_by_id` int unsigned DEFAULT NULL,
  `updated_by_id` int unsigned DEFAULT NULL,
  `locale` varchar(255) CHARACTER SET utf8mb4 COLLATE utf8mb4_0900_ai_ci DEFAULT NULL,
  PRIMARY KEY (`id`) USING BTREE,
  KEY `achievement_files_documents_idx` (`document_id`,`locale`,`published_at`) USING BTREE,
  KEY `achievement_files_created_by_id_fk` (`created_by_id`) USING BTREE,
  KEY `achievement_files_updated_by_id_fk` (`updated_by_id`) USING BTREE,
  CONSTRAINT `achievement_files_created_by_id_fk` FOREIGN KEY (`created_by_id`) REFERENCES `admin_users` (`id`) ON DELETE SET NULL ON UPDATE RESTRICT,
  CONSTRAINT `achievement_files_updated_by_id_fk` FOREIGN KEY (`updated_by_id`) REFERENCES `admin_users` (`id`) ON DELETE SET NULL ON UPDATE RESTRICT
) ENGINE=InnoDB AUTO_INCREMENT=3 DEFAULT CHARSET=utf8mb4 COLLATE=utf8mb4_0900_ai_ci ROW_FORMAT=DYNAMIC;

-- ----------------------------
-- Records of achievement_files
-- ----------------------------
BEGIN;
INSERT INTO `achievement_files` (`id`, `document_id`, `is_delete`, `created_at`, `updated_at`, `published_at`, `created_by_id`, `updated_by_id`, `locale`) VALUES (1, 'i4umk289y7d33r8v4759349r', 0, '2026-01-24 22:59:38.767000', '2026-01-24 22:59:38.767000', NULL, NULL, NULL, NULL);
INSERT INTO `achievement_files` (`id`, `document_id`, `is_delete`, `created_at`, `updated_at`, `published_at`, `created_by_id`, `updated_by_id`, `locale`) VALUES (2, 'i4umk289y7d33r8v4759349r', 0, '2026-01-24 22:59:38.767000', '2026-01-24 22:59:38.767000', '2026-01-24 22:59:38.780000', NULL, NULL, NULL);
COMMIT;

-- ----------------------------
-- Table structure for achievement_files_achievement_main_id_lnk
-- ----------------------------
DROP TABLE IF EXISTS `achievement_files_achievement_main_id_lnk`;
CREATE TABLE `achievement_files_achievement_main_id_lnk` (
  `id` int unsigned NOT NULL AUTO_INCREMENT,
  `achievement_file_id` int unsigned DEFAULT NULL,
  `achievement_main_id` int unsigned DEFAULT NULL,
  `achievement_file_ord` double unsigned DEFAULT NULL,
  PRIMARY KEY (`id`) USING BTREE,
  UNIQUE KEY `achievement_files_achievement_main_id_lnk_uq` (`achievement_file_id`,`achievement_main_id`) USING BTREE,
  KEY `achievement_files_achievement_main_id_lnk_fk` (`achievement_file_id`) USING BTREE,
  KEY `achievement_files_achievement_main_id_lnk_ifk` (`achievement_main_id`) USING BTREE,
  KEY `achievement_files_achievement_main_id_lnk_oifk` (`achievement_file_ord`) USING BTREE,
  CONSTRAINT `achievement_files_achievement_main_id_lnk_fk` FOREIGN KEY (`achievement_file_id`) REFERENCES `achievement_files` (`id`) ON DELETE CASCADE ON UPDATE RESTRICT,
  CONSTRAINT `achievement_files_achievement_main_id_lnk_ifk` FOREIGN KEY (`achievement_main_id`) REFERENCES `achievement_mains` (`id`) ON DELETE CASCADE ON UPDATE RESTRICT
) ENGINE=InnoDB AUTO_INCREMENT=3 DEFAULT CHARSET=utf8mb4 COLLATE=utf8mb4_0900_ai_ci ROW_FORMAT=DYNAMIC;

-- ----------------------------
-- Records of achievement_files_achievement_main_id_lnk
-- ----------------------------
BEGIN;
INSERT INTO `achievement_files_achievement_main_id_lnk` (`id`, `achievement_file_id`, `achievement_main_id`, `achievement_file_ord`) VALUES (1, 1, 7, 1);
INSERT INTO `achievement_files_achievement_main_id_lnk` (`id`, `achievement_file_id`, `achievement_main_id`, `achievement_file_ord`) VALUES (2, 2, 8, 1);
COMMIT;

-- ----------------------------
-- Table structure for achievement_mains
-- ----------------------------
DROP TABLE IF EXISTS `achievement_mains`;
CREATE TABLE `achievement_mains` (
  `id` int unsigned NOT NULL AUTO_INCREMENT,
  `document_id` varchar(255) CHARACTER SET utf8mb3 COLLATE utf8mb3_general_ci DEFAULT NULL,
  `created_at` datetime(6) DEFAULT NULL,
  `updated_at` datetime(6) DEFAULT NULL,
  `published_at` datetime(6) DEFAULT NULL,
  `created_by_id` int unsigned DEFAULT NULL,
  `updated_by_id` int unsigned DEFAULT NULL,
  `locale` varchar(255) CHARACTER SET utf8mb3 COLLATE utf8mb3_general_ci DEFAULT NULL,
  `title` varchar(255) CHARACTER SET utf8mb3 COLLATE utf8mb3_general_ci DEFAULT NULL,
  `achievement_status` varchar(255) CHARACTER SET utf8mb3 COLLATE utf8mb3_general_ci DEFAULT NULL,
  `summary` longtext CHARACTER SET utf8mb3 COLLATE utf8mb3_general_ci,
  `is_delete` int DEFAULT NULL,
  `creator_id` int unsigned DEFAULT NULL COMMENT '创建者用户ID（业务用户）',
  `creator_name` varchar(255) CHARACTER SET utf8mb4 COLLATE utf8mb4_unicode_ci DEFAULT NULL COMMENT '创建者姓名',
  `creator_dept` varchar(255) CHARACTER SET utf8mb4 COLLATE utf8mb4_unicode_ci DEFAULT NULL COMMENT '创建者部门',
  `reviewer_id` int unsigned DEFAULT NULL COMMENT '当前审核人ID',
  `reviewer_name` varchar(255) CHARACTER SET utf8mb4 COLLATE utf8mb4_unicode_ci DEFAULT NULL COMMENT '当前审核人姓名',
  `review_comment` text CHARACTER SET utf8mb4 COLLATE utf8mb4_unicode_ci COMMENT '最新审核意见',
  `reviewed_at` datetime(6) DEFAULT NULL COMMENT '最新审核时间',
  `visibility_range` varchar(255) CHARACTER SET utf8mb3 COLLATE utf8mb3_general_ci DEFAULT NULL,
  `year` varchar(255) CHARACTER SET utf8mb3 COLLATE utf8mb3_general_ci DEFAULT NULL,
  `authors` json DEFAULT NULL,
  `keywords` json DEFAULT NULL,
  `project_code` varchar(255) CHARACTER SET utf8mb3 COLLATE utf8mb3_general_ci DEFAULT NULL,
  `project_name` varchar(255) CHARACTER SET utf8mb3 COLLATE utf8mb3_general_ci DEFAULT NULL,
  `created_by_user_id` varchar(255) CHARACTER SET utf8mb3 COLLATE utf8mb3_general_ci DEFAULT NULL,
  PRIMARY KEY (`id`) USING BTREE,
  KEY `achievement_mains_documents_idx` (`document_id`,`locale`,`published_at`) USING BTREE,
  KEY `achievement_mains_created_by_id_fk` (`created_by_id`) USING BTREE,
  KEY `achievement_mains_updated_by_id_fk` (`updated_by_id`) USING BTREE,
  KEY `idx_creator_id` (`creator_id`) USING BTREE,
  KEY `idx_reviewer_id` (`reviewer_id`) USING BTREE,
  KEY `idx_achievement_status` (`achievement_status`) USING BTREE,
  KEY `idx_created_at` (`created_at`) USING BTREE,
  KEY `idx_reviewed_at` (`reviewed_at`) USING BTREE,
  CONSTRAINT `achievement_mains_created_by_id_fk` FOREIGN KEY (`created_by_id`) REFERENCES `admin_users` (`id`) ON DELETE SET NULL ON UPDATE RESTRICT,
  CONSTRAINT `achievement_mains_updated_by_id_fk` FOREIGN KEY (`updated_by_id`) REFERENCES `admin_users` (`id`) ON DELETE SET NULL ON UPDATE RESTRICT
) ENGINE=InnoDB AUTO_INCREMENT=24 DEFAULT CHARSET=utf8mb3 ROW_FORMAT=DYNAMIC;

-- ----------------------------
-- Records of achievement_mains
-- ----------------------------
BEGIN;
INSERT INTO `achievement_mains` (`id`, `document_id`, `created_at`, `updated_at`, `published_at`, `created_by_id`, `updated_by_id`, `locale`, `title`, `achievement_status`, `summary`, `is_delete`, `creator_id`, `creator_name`, `creator_dept`, `reviewer_id`, `reviewer_name`, `review_comment`, `reviewed_at`, `visibility_range`, `year`, `authors`, `keywords`, `project_code`, `project_name`, `created_by_user_id`) VALUES (1, 'kashrvfxl0ohti6xt3cp96ug', '2025-12-04 10:34:08.634000', '2025-12-04 10:34:08.634000', NULL, 1, 1, NULL, '深度学习研究论文', 'PENDING', '......................', 0, NULL, NULL, NULL, NULL, NULL, NULL, NULL, NULL, NULL, NULL, NULL, NULL, NULL, NULL);
INSERT INTO `achievement_mains` (`id`, `document_id`, `created_at`, `updated_at`, `published_at`, `created_by_id`, `updated_by_id`, `locale`, `title`, `achievement_status`, `summary`, `is_delete`, `creator_id`, `creator_name`, `creator_dept`, `reviewer_id`, `reviewer_name`, `review_comment`, `reviewed_at`, `visibility_range`, `year`, `authors`, `keywords`, `project_code`, `project_name`, `created_by_user_id`) VALUES (2, 'kashrvfxl0ohti6xt3cp96ug', '2025-12-04 10:34:08.634000', '2025-12-04 10:34:08.634000', '2025-12-04 10:34:08.657000', 1, 1, NULL, '深度学习研究论文', 'PENDING', '......................', 0, NULL, NULL, NULL, NULL, NULL, NULL, NULL, NULL, NULL, NULL, NULL, NULL, NULL, NULL);
INSERT INTO `achievement_mains` (`id`, `document_id`, `created_at`, `updated_at`, `published_at`, `created_by_id`, `updated_by_id`, `locale`, `title`, `achievement_status`, `summary`, `is_delete`, `creator_id`, `creator_name`, `creator_dept`, `reviewer_id`, `reviewer_name`, `review_comment`, `reviewed_at`, `visibility_range`, `year`, `authors`, `keywords`, `project_code`, `project_name`, `created_by_user_id`) VALUES (3, 'opxiij4215mf75921u2dm51f', '2026-01-23 13:44:48.861000', '2026-01-24 23:02:04.145114', NULL, 1, NULL, NULL, '你好', 'APPROVED', '', 0, NULL, NULL, NULL, 2, '李四', '测试审核意见1', '2026-01-24 23:02:04.145114', 'internal_abstract', '2026', '[\"赵六\"]', '[]', '', '', NULL);
INSERT INTO `achievement_mains` (`id`, `document_id`, `created_at`, `updated_at`, `published_at`, `created_by_id`, `updated_by_id`, `locale`, `title`, `achievement_status`, `summary`, `is_delete`, `creator_id`, `creator_name`, `creator_dept`, `reviewer_id`, `reviewer_name`, `review_comment`, `reviewed_at`, `visibility_range`, `year`, `authors`, `keywords`, `project_code`, `project_name`, `created_by_user_id`) VALUES (4, 'opxiij4215mf75921u2dm51f', '2026-01-23 13:44:48.861000', '2026-01-24 23:02:04.145114', '2026-01-23 13:44:48.887000', 1, NULL, NULL, '你好', 'APPROVED', '', 0, NULL, NULL, NULL, 2, '李四', '测试审核意见1', '2026-01-24 23:02:04.145114', 'internal_abstract', '2026', '[\"赵六\"]', '[]', '', '', NULL);
INSERT INTO `achievement_mains` (`id`, `document_id`, `created_at`, `updated_at`, `published_at`, `created_by_id`, `updated_by_id`, `locale`, `title`, `achievement_status`, `summary`, `is_delete`, `creator_id`, `creator_name`, `creator_dept`, `reviewer_id`, `reviewer_name`, `review_comment`, `reviewed_at`, `visibility_range`, `year`, `authors`, `keywords`, `project_code`, `project_name`, `created_by_user_id`) VALUES (5, 'o22djouldwpsvipvexg7ftxx', '2026-01-24 22:44:54.330000', '2026-01-24 23:02:26.557990', NULL, 1, NULL, NULL, '测试论文1', 'REJECTED', '测试1', 0, NULL, NULL, NULL, 2, '李四', '测试审核意见2', '2026-01-24 23:02:26.557990', 'public_abstract', '2020', '[\"张三\"]', '[\"1\"]', '', '', NULL);
INSERT INTO `achievement_mains` (`id`, `document_id`, `created_at`, `updated_at`, `published_at`, `created_by_id`, `updated_by_id`, `locale`, `title`, `achievement_status`, `summary`, `is_delete`, `creator_id`, `creator_name`, `creator_dept`, `reviewer_id`, `reviewer_name`, `review_comment`, `reviewed_at`, `visibility_range`, `year`, `authors`, `keywords`, `project_code`, `project_name`, `created_by_user_id`) VALUES (6, 'o22djouldwpsvipvexg7ftxx', '2026-01-24 22:44:54.330000', '2026-01-24 23:02:26.557990', '2026-01-24 22:44:54.349000', 1, NULL, NULL, '测试论文1', 'REJECTED', '测试1', 0, NULL, NULL, NULL, 2, '李四', '测试审核意见2', '2026-01-24 23:02:26.557990', 'public_abstract', '2020', '[\"张三\"]', '[\"1\"]', '', '', NULL);
INSERT INTO `achievement_mains` (`id`, `document_id`, `created_at`, `updated_at`, `published_at`, `created_by_id`, `updated_by_id`, `locale`, `title`, `achievement_status`, `summary`, `is_delete`, `creator_id`, `creator_name`, `creator_dept`, `reviewer_id`, `reviewer_name`, `review_comment`, `reviewed_at`, `visibility_range`, `year`, `authors`, `keywords`, `project_code`, `project_name`, `created_by_user_id`) VALUES (7, 'v6auvuouaqa44eqlt75w0vl3', '2026-01-24 22:59:38.290000', '2026-01-24 23:02:34.467706', NULL, 1, NULL, NULL, '测试专利2', 'APPROVED', '测试专利摘要2', 0, NULL, NULL, NULL, 2, '李四', '测试审核意见3', '2026-01-24 23:02:34.467706', 'public_abstract', '2020', '[\"张三\"]', '[\"测试2\"]', '', '', NULL);
INSERT INTO `achievement_mains` (`id`, `document_id`, `created_at`, `updated_at`, `published_at`, `created_by_id`, `updated_by_id`, `locale`, `title`, `achievement_status`, `summary`, `is_delete`, `creator_id`, `creator_name`, `creator_dept`, `reviewer_id`, `reviewer_name`, `review_comment`, `reviewed_at`, `visibility_range`, `year`, `authors`, `keywords`, `project_code`, `project_name`, `created_by_user_id`) VALUES (8, 'v6auvuouaqa44eqlt75w0vl3', '2026-01-24 22:59:38.290000', '2026-01-24 23:02:34.467706', '2026-01-24 22:59:38.317000', 1, NULL, NULL, '测试专利2', 'APPROVED', '测试专利摘要2', 0, NULL, NULL, NULL, 2, '李四', '测试审核意见3', '2026-01-24 23:02:34.467706', 'public_abstract', '2020', '[\"张三\"]', '[\"测试2\"]', '', '', NULL);
INSERT INTO `achievement_mains` (`id`, `document_id`, `created_at`, `updated_at`, `published_at`, `created_by_id`, `updated_by_id`, `locale`, `title`, `achievement_status`, `summary`, `is_delete`, `creator_id`, `creator_name`, `creator_dept`, `reviewer_id`, `reviewer_name`, `review_comment`, `reviewed_at`, `visibility_range`, `year`, `authors`, `keywords`, `project_code`, `project_name`, `created_by_user_id`) VALUES (9, 'j3dzvdhhpwt679rv7bjqsoay', '2026-01-24 23:29:26.455000', '2026-01-24 23:29:26.455000', NULL, 1, NULL, NULL, '测试软著1', 'PENDING', '1', 0, NULL, NULL, NULL, NULL, NULL, NULL, NULL, 'public_abstract', '2026', '[\"张三\"]', '[]', '', '', NULL);
INSERT INTO `achievement_mains` (`id`, `document_id`, `created_at`, `updated_at`, `published_at`, `created_by_id`, `updated_by_id`, `locale`, `title`, `achievement_status`, `summary`, `is_delete`, `creator_id`, `creator_name`, `creator_dept`, `reviewer_id`, `reviewer_name`, `review_comment`, `reviewed_at`, `visibility_range`, `year`, `authors`, `keywords`, `project_code`, `project_name`, `created_by_user_id`) VALUES (10, 'j3dzvdhhpwt679rv7bjqsoay', '2026-01-24 23:29:26.455000', '2026-01-24 23:29:26.455000', '2026-01-24 23:29:26.485000', 1, NULL, NULL, '测试软著1', 'PENDING', '1', 0, NULL, NULL, NULL, NULL, NULL, NULL, NULL, 'public_abstract', '2026', '[\"张三\"]', '[]', '', '', NULL);
INSERT INTO `achievement_mains` (`id`, `document_id`, `created_at`, `updated_at`, `published_at`, `created_by_id`, `updated_by_id`, `locale`, `title`, `achievement_status`, `summary`, `is_delete`, `creator_id`, `creator_name`, `creator_dept`, `reviewer_id`, `reviewer_name`, `review_comment`, `reviewed_at`, `visibility_range`, `year`, `authors`, `keywords`, `project_code`, `project_name`, `created_by_user_id`) VALUES (11, 'mtdv93itlhbc6nxpv34u16zk', '2026-01-24 23:32:14.809000', '2026-01-24 23:32:14.809000', NULL, 1, NULL, NULL, '测试软著2', 'PENDING', '1', 0, NULL, NULL, NULL, NULL, NULL, NULL, NULL, 'public_abstract', '2026', '[\"张三\"]', '[]', '', '', NULL);
INSERT INTO `achievement_mains` (`id`, `document_id`, `created_at`, `updated_at`, `published_at`, `created_by_id`, `updated_by_id`, `locale`, `title`, `achievement_status`, `summary`, `is_delete`, `creator_id`, `creator_name`, `creator_dept`, `reviewer_id`, `reviewer_name`, `review_comment`, `reviewed_at`, `visibility_range`, `year`, `authors`, `keywords`, `project_code`, `project_name`, `created_by_user_id`) VALUES (12, 'mtdv93itlhbc6nxpv34u16zk', '2026-01-24 23:32:14.809000', '2026-01-24 23:32:14.809000', '2026-01-24 23:32:14.819000', 1, NULL, NULL, '测试软著2', 'PENDING', '1', 0, NULL, NULL, NULL, NULL, NULL, NULL, NULL, 'public_abstract', '2026', '[\"张三\"]', '[]', '', '', NULL);
INSERT INTO `achievement_mains` (`id`, `document_id`, `created_at`, `updated_at`, `published_at`, `created_by_id`, `updated_by_id`, `locale`, `title`, `achievement_status`, `summary`, `is_delete`, `creator_id`, `creator_name`, `creator_dept`, `reviewer_id`, `reviewer_name`, `review_comment`, `reviewed_at`, `visibility_range`, `year`, `authors`, `keywords`, `project_code`, `project_name`, `created_by_user_id`) VALUES (20, 'ahxl48skmrfviwtjn28t4ioe', '2026-01-25 00:16:45.873000', '2026-01-25 00:16:45.873000', NULL, NULL, NULL, NULL, '1', 'PENDING', '', 0, NULL, NULL, NULL, NULL, NULL, NULL, NULL, 'public_abstract', '2026', '[\"张三\"]', '[]', '', '', NULL);
INSERT INTO `achievement_mains` (`id`, `document_id`, `created_at`, `updated_at`, `published_at`, `created_by_id`, `updated_by_id`, `locale`, `title`, `achievement_status`, `summary`, `is_delete`, `creator_id`, `creator_name`, `creator_dept`, `reviewer_id`, `reviewer_name`, `review_comment`, `reviewed_at`, `visibility_range`, `year`, `authors`, `keywords`, `project_code`, `project_name`, `created_by_user_id`) VALUES (21, 'ahxl48skmrfviwtjn28t4ioe', '2026-01-25 00:16:45.873000', '2026-01-25 00:16:45.873000', '2026-01-25 00:16:45.886000', NULL, NULL, NULL, '1', 'PENDING', '', 0, NULL, NULL, NULL, NULL, NULL, NULL, NULL, 'public_abstract', '2026', '[\"张三\"]', '[]', '', '', NULL);
INSERT INTO `achievement_mains` (`id`, `document_id`, `created_at`, `updated_at`, `published_at`, `created_by_id`, `updated_by_id`, `locale`, `title`, `achievement_status`, `summary`, `is_delete`, `creator_id`, `creator_name`, `creator_dept`, `reviewer_id`, `reviewer_name`, `review_comment`, `reviewed_at`, `visibility_range`, `year`, `authors`, `keywords`, `project_code`, `project_name`, `created_by_user_id`) VALUES (22, 'etods7u8oe8q7cdk8tsuqqxx', '2026-01-25 00:28:05.746000', '2026-01-26 15:51:37.059526', NULL, NULL, NULL, NULL, '2', 'APPROVED', '', 0, NULL, NULL, NULL, 2, '李四', '测试正确', '2026-01-26 15:51:37.059285', 'public_abstract', '2026', '[\"张三\"]', '[]', '', '', '1');
INSERT INTO `achievement_mains` (`id`, `document_id`, `created_at`, `updated_at`, `published_at`, `created_by_id`, `updated_by_id`, `locale`, `title`, `achievement_status`, `summary`, `is_delete`, `creator_id`, `creator_name`, `creator_dept`, `reviewer_id`, `reviewer_name`, `review_comment`, `reviewed_at`, `visibility_range`, `year`, `authors`, `keywords`, `project_code`, `project_name`, `created_by_user_id`) VALUES (23, 'etods7u8oe8q7cdk8tsuqqxx', '2026-01-25 00:28:05.746000', '2026-01-26 15:51:37.059526', '2026-01-25 00:28:05.777000', NULL, NULL, NULL, '2', 'APPROVED', '', 0, NULL, NULL, NULL, 2, '李四', '测试正确', '2026-01-26 15:51:37.059285', 'public_abstract', '2026', '[\"张三\"]', '[]', '', '', '1');
COMMIT;

-- ----------------------------
-- Table structure for achievement_mains_achievement_type_id_lnk
-- ----------------------------
DROP TABLE IF EXISTS `achievement_mains_achievement_type_id_lnk`;
CREATE TABLE `achievement_mains_achievement_type_id_lnk` (
  `id` int unsigned NOT NULL AUTO_INCREMENT,
  `achievement_main_id` int unsigned DEFAULT NULL,
  `achievement_type_id` int unsigned DEFAULT NULL,
  `achievement_main_ord` double unsigned DEFAULT NULL,
  PRIMARY KEY (`id`) USING BTREE,
  UNIQUE KEY `achievement_mains_achievement_type_id_lnk_uq` (`achievement_main_id`,`achievement_type_id`) USING BTREE,
  KEY `achievement_mains_achievement_type_id_lnk_fk` (`achievement_main_id`) USING BTREE,
  KEY `achievement_mains_achievement_type_id_lnk_ifk` (`achievement_type_id`) USING BTREE,
  KEY `achievement_mains_achievement_type_id_lnk_oifk` (`achievement_main_ord`) USING BTREE,
  CONSTRAINT `achievement_mains_achievement_type_id_lnk_fk` FOREIGN KEY (`achievement_main_id`) REFERENCES `achievement_mains` (`id`) ON DELETE CASCADE ON UPDATE RESTRICT,
  CONSTRAINT `achievement_mains_achievement_type_id_lnk_ifk` FOREIGN KEY (`achievement_type_id`) REFERENCES `achievement_types` (`id`) ON DELETE CASCADE ON UPDATE RESTRICT
) ENGINE=InnoDB AUTO_INCREMENT=27 DEFAULT CHARSET=utf8mb3 ROW_FORMAT=DYNAMIC;

-- ----------------------------
-- Records of achievement_mains_achievement_type_id_lnk
-- ----------------------------
BEGIN;
INSERT INTO `achievement_mains_achievement_type_id_lnk` (`id`, `achievement_main_id`, `achievement_type_id`, `achievement_main_ord`) VALUES (1, 1, 1, 1);
INSERT INTO `achievement_mains_achievement_type_id_lnk` (`id`, `achievement_main_id`, `achievement_type_id`, `achievement_main_ord`) VALUES (4, 2, 6, 1);
INSERT INTO `achievement_mains_achievement_type_id_lnk` (`id`, `achievement_main_id`, `achievement_type_id`, `achievement_main_ord`) VALUES (5, 3, 4, 1);
INSERT INTO `achievement_mains_achievement_type_id_lnk` (`id`, `achievement_main_id`, `achievement_type_id`, `achievement_main_ord`) VALUES (6, 4, 5, 1);
INSERT INTO `achievement_mains_achievement_type_id_lnk` (`id`, `achievement_main_id`, `achievement_type_id`, `achievement_main_ord`) VALUES (7, 5, 1, 2);
INSERT INTO `achievement_mains_achievement_type_id_lnk` (`id`, `achievement_main_id`, `achievement_type_id`, `achievement_main_ord`) VALUES (8, 6, 6, 2);
INSERT INTO `achievement_mains_achievement_type_id_lnk` (`id`, `achievement_main_id`, `achievement_type_id`, `achievement_main_ord`) VALUES (9, 7, 4, 2);
INSERT INTO `achievement_mains_achievement_type_id_lnk` (`id`, `achievement_main_id`, `achievement_type_id`, `achievement_main_ord`) VALUES (10, 8, 5, 2);
INSERT INTO `achievement_mains_achievement_type_id_lnk` (`id`, `achievement_main_id`, `achievement_type_id`, `achievement_main_ord`) VALUES (11, 9, 7, 1);
INSERT INTO `achievement_mains_achievement_type_id_lnk` (`id`, `achievement_main_id`, `achievement_type_id`, `achievement_main_ord`) VALUES (12, 10, 8, 1);
INSERT INTO `achievement_mains_achievement_type_id_lnk` (`id`, `achievement_main_id`, `achievement_type_id`, `achievement_main_ord`) VALUES (13, 11, 7, 2);
INSERT INTO `achievement_mains_achievement_type_id_lnk` (`id`, `achievement_main_id`, `achievement_type_id`, `achievement_main_ord`) VALUES (14, 12, 8, 2);
INSERT INTO `achievement_mains_achievement_type_id_lnk` (`id`, `achievement_main_id`, `achievement_type_id`, `achievement_main_ord`) VALUES (23, 20, 9, 1);
INSERT INTO `achievement_mains_achievement_type_id_lnk` (`id`, `achievement_main_id`, `achievement_type_id`, `achievement_main_ord`) VALUES (24, 21, 10, 1);
INSERT INTO `achievement_mains_achievement_type_id_lnk` (`id`, `achievement_main_id`, `achievement_type_id`, `achievement_main_ord`) VALUES (25, 22, 9, 2);
INSERT INTO `achievement_mains_achievement_type_id_lnk` (`id`, `achievement_main_id`, `achievement_type_id`, `achievement_main_ord`) VALUES (26, 23, 10, 2);
COMMIT;

-- ----------------------------
-- Table structure for achievement_reviewer_assignments
-- ----------------------------
DROP TABLE IF EXISTS `achievement_reviewer_assignments`;
CREATE TABLE `achievement_reviewer_assignments` (
  `id` int unsigned NOT NULL AUTO_INCREMENT,
  `document_id` varchar(255) CHARACTER SET utf8mb4 COLLATE utf8mb4_unicode_ci DEFAULT NULL COMMENT 'Strapi文档ID',
  `achievement_id` int unsigned NOT NULL COMMENT '成果ID',
  `achievement_doc_id` varchar(255) CHARACTER SET utf8mb4 COLLATE utf8mb4_unicode_ci NOT NULL COMMENT '成果documentId',
  `reviewer_id` int unsigned NOT NULL COMMENT '审核人ID',
  `reviewer_name` varchar(255) CHARACTER SET utf8mb4 COLLATE utf8mb4_unicode_ci NOT NULL COMMENT '审核人姓名',
  `assigned_by_id` int unsigned DEFAULT NULL COMMENT '分配人ID',
  `assigned_by_name` varchar(255) CHARACTER SET utf8mb4 COLLATE utf8mb4_unicode_ci DEFAULT NULL COMMENT '分配人姓名',
  `status` varchar(50) CHARACTER SET utf8mb4 COLLATE utf8mb4_unicode_ci DEFAULT 'pending' COMMENT '状态：pending/completed/cancelled',
  `assigned_at` datetime(6) DEFAULT NULL COMMENT '分配时间',
  `completed_at` datetime(6) DEFAULT NULL COMMENT '完成时间',
  `created_at` datetime(6) DEFAULT NULL,
  `updated_at` datetime(6) DEFAULT NULL,
  `published_at` datetime(6) DEFAULT NULL,
  `created_by_id` int unsigned DEFAULT NULL,
  `updated_by_id` int unsigned DEFAULT NULL,
  `locale` varchar(255) CHARACTER SET utf8mb4 COLLATE utf8mb4_unicode_ci DEFAULT NULL,
  `is_delete` int DEFAULT '0' COMMENT '软删除标记',
  PRIMARY KEY (`id`) USING BTREE,
  KEY `idx_achievement_id` (`achievement_id`) USING BTREE,
  KEY `idx_achievement_doc_id` (`achievement_doc_id`) USING BTREE,
  KEY `idx_reviewer_id` (`reviewer_id`) USING BTREE,
  KEY `idx_assigned_by_id` (`assigned_by_id`) USING BTREE,
  KEY `idx_status` (`status`) USING BTREE,
  KEY `idx_assigned_at` (`assigned_at`) USING BTREE,
  KEY `achievement_reviewer_assignments_documents_idx` (`document_id`,`locale`,`published_at`) USING BTREE,
  KEY `achievement_reviewer_assignments_created_by_id_fk` (`created_by_id`) USING BTREE,
  KEY `achievement_reviewer_assignments_updated_by_id_fk` (`updated_by_id`) USING BTREE,
  CONSTRAINT `achievement_reviewer_assignments_achievement_fk` FOREIGN KEY (`achievement_id`) REFERENCES `achievement_mains` (`id`) ON DELETE CASCADE ON UPDATE RESTRICT,
  CONSTRAINT `achievement_reviewer_assignments_created_by_id_fk` FOREIGN KEY (`created_by_id`) REFERENCES `admin_users` (`id`) ON DELETE SET NULL ON UPDATE RESTRICT,
  CONSTRAINT `achievement_reviewer_assignments_updated_by_id_fk` FOREIGN KEY (`updated_by_id`) REFERENCES `admin_users` (`id`) ON DELETE SET NULL ON UPDATE RESTRICT
) ENGINE=InnoDB AUTO_INCREMENT=5 DEFAULT CHARSET=utf8mb4 COLLATE=utf8mb4_unicode_ci ROW_FORMAT=DYNAMIC COMMENT='成果审核人分配表';

-- ----------------------------
-- Records of achievement_reviewer_assignments
-- ----------------------------
BEGIN;
INSERT INTO `achievement_reviewer_assignments` (`id`, `document_id`, `achievement_id`, `achievement_doc_id`, `reviewer_id`, `reviewer_name`, `assigned_by_id`, `assigned_by_name`, `status`, `assigned_at`, `completed_at`, `created_at`, `updated_at`, `published_at`, `created_by_id`, `updated_by_id`, `locale`, `is_delete`) VALUES (1, NULL, 6, 'o22djouldwpsvipvexg7ftxx', 2, '李四', 4, '赵六', 'completed', '2026-01-24 22:56:53.293268', '2026-01-24 23:02:26.559804', '2026-01-24 22:56:53.293268', '2026-01-24 23:02:26.559804', NULL, NULL, NULL, NULL, 0);
INSERT INTO `achievement_reviewer_assignments` (`id`, `document_id`, `achievement_id`, `achievement_doc_id`, `reviewer_id`, `reviewer_name`, `assigned_by_id`, `assigned_by_name`, `status`, `assigned_at`, `completed_at`, `created_at`, `updated_at`, `published_at`, `created_by_id`, `updated_by_id`, `locale`, `is_delete`) VALUES (2, NULL, 4, 'opxiij4215mf75921u2dm51f', 2, '李四', 4, '赵六', 'completed', '2026-01-24 22:57:02.982791', '2026-01-24 23:02:04.148221', '2026-01-24 22:57:02.982791', '2026-01-24 23:02:04.148221', NULL, NULL, NULL, NULL, 0);
INSERT INTO `achievement_reviewer_assignments` (`id`, `document_id`, `achievement_id`, `achievement_doc_id`, `reviewer_id`, `reviewer_name`, `assigned_by_id`, `assigned_by_name`, `status`, `assigned_at`, `completed_at`, `created_at`, `updated_at`, `published_at`, `created_by_id`, `updated_by_id`, `locale`, `is_delete`) VALUES (3, NULL, 8, 'v6auvuouaqa44eqlt75w0vl3', 2, '李四', 4, '赵六', 'completed', '2026-01-24 23:00:00.881117', '2026-01-24 23:02:34.469711', '2026-01-24 23:00:00.881117', '2026-01-24 23:02:34.469711', NULL, NULL, NULL, NULL, 0);
INSERT INTO `achievement_reviewer_assignments` (`id`, `document_id`, `achievement_id`, `achievement_doc_id`, `reviewer_id`, `reviewer_name`, `assigned_by_id`, `assigned_by_name`, `status`, `assigned_at`, `completed_at`, `created_at`, `updated_at`, `published_at`, `created_by_id`, `updated_by_id`, `locale`, `is_delete`) VALUES (4, NULL, 23, 'etods7u8oe8q7cdk8tsuqqxx', 2, '李四', 4, '赵六', 'completed', '2026-01-26 15:51:19.567142', '2026-01-26 15:51:37.064438', '2026-01-26 15:51:19.567142', '2026-01-26 15:51:37.064438', NULL, NULL, NULL, NULL, 0);
COMMIT;

-- ----------------------------
-- Table structure for achievement_reviews
-- ----------------------------
DROP TABLE IF EXISTS `achievement_reviews`;
CREATE TABLE `achievement_reviews` (
  `id` int unsigned NOT NULL AUTO_INCREMENT,
  `document_id` varchar(255) CHARACTER SET utf8mb4 COLLATE utf8mb4_unicode_ci DEFAULT NULL COMMENT 'Strapi文档ID',
  `achievement_id` int unsigned NOT NULL COMMENT '成果ID',
  `achievement_doc_id` varchar(255) CHARACTER SET utf8mb4 COLLATE utf8mb4_unicode_ci NOT NULL COMMENT '成果documentId',
  `reviewer_id` int unsigned NOT NULL COMMENT '审核人ID',
  `reviewer_name` varchar(255) CHARACTER SET utf8mb4 COLLATE utf8mb4_unicode_ci NOT NULL COMMENT '审核人姓名',
  `action` varchar(50) CHARACTER SET utf8mb4 COLLATE utf8mb4_unicode_ci NOT NULL COMMENT '审核动作：approve/reject/request_changes',
  `comment` text CHARACTER SET utf8mb4 COLLATE utf8mb4_unicode_ci COMMENT '审核意见',
  `previous_status` varchar(50) CHARACTER SET utf8mb4 COLLATE utf8mb4_unicode_ci DEFAULT NULL COMMENT '审核前状态',
  `new_status` varchar(50) CHARACTER SET utf8mb4 COLLATE utf8mb4_unicode_ci DEFAULT NULL COMMENT '审核后状态',
  `created_at` datetime(6) DEFAULT NULL,
  `updated_at` datetime(6) DEFAULT NULL,
  `published_at` datetime(6) DEFAULT NULL,
  `created_by_id` int unsigned DEFAULT NULL,
  `updated_by_id` int unsigned DEFAULT NULL,
  `locale` varchar(255) CHARACTER SET utf8mb4 COLLATE utf8mb4_unicode_ci DEFAULT NULL,
  `is_delete` int DEFAULT '0' COMMENT '软删除标记',
  PRIMARY KEY (`id`) USING BTREE,
  KEY `idx_achievement_id` (`achievement_id`) USING BTREE,
  KEY `idx_achievement_doc_id` (`achievement_doc_id`) USING BTREE,
  KEY `idx_reviewer_id` (`reviewer_id`) USING BTREE,
  KEY `idx_action` (`action`) USING BTREE,
  KEY `idx_created_at` (`created_at`) USING BTREE,
  KEY `achievement_reviews_documents_idx` (`document_id`,`locale`,`published_at`) USING BTREE,
  KEY `achievement_reviews_created_by_id_fk` (`created_by_id`) USING BTREE,
  KEY `achievement_reviews_updated_by_id_fk` (`updated_by_id`) USING BTREE,
  CONSTRAINT `achievement_reviews_achievement_fk` FOREIGN KEY (`achievement_id`) REFERENCES `achievement_mains` (`id`) ON DELETE CASCADE ON UPDATE RESTRICT,
  CONSTRAINT `achievement_reviews_created_by_id_fk` FOREIGN KEY (`created_by_id`) REFERENCES `admin_users` (`id`) ON DELETE SET NULL ON UPDATE RESTRICT,
  CONSTRAINT `achievement_reviews_updated_by_id_fk` FOREIGN KEY (`updated_by_id`) REFERENCES `admin_users` (`id`) ON DELETE SET NULL ON UPDATE RESTRICT
) ENGINE=InnoDB AUTO_INCREMENT=5 DEFAULT CHARSET=utf8mb4 COLLATE=utf8mb4_unicode_ci ROW_FORMAT=DYNAMIC COMMENT='成果审核记录表';

-- ----------------------------
-- Records of achievement_reviews
-- ----------------------------
BEGIN;
INSERT INTO `achievement_reviews` (`id`, `document_id`, `achievement_id`, `achievement_doc_id`, `reviewer_id`, `reviewer_name`, `action`, `comment`, `previous_status`, `new_status`, `created_at`, `updated_at`, `published_at`, `created_by_id`, `updated_by_id`, `locale`, `is_delete`) VALUES (1, NULL, 4, 'opxiij4215mf75921u2dm51f', 2, '李四', 'approve', '测试审核意见1', 'UNDER_REVIEW', 'APPROVED', '2026-01-24 23:02:04.148221', '2026-01-24 23:02:04.148221', NULL, NULL, NULL, NULL, 0);
INSERT INTO `achievement_reviews` (`id`, `document_id`, `achievement_id`, `achievement_doc_id`, `reviewer_id`, `reviewer_name`, `action`, `comment`, `previous_status`, `new_status`, `created_at`, `updated_at`, `published_at`, `created_by_id`, `updated_by_id`, `locale`, `is_delete`) VALUES (2, NULL, 6, 'o22djouldwpsvipvexg7ftxx', 2, '李四', 'reject', '测试审核意见2', 'UNDER_REVIEW', 'REJECTED', '2026-01-24 23:02:26.559804', '2026-01-24 23:02:26.559804', NULL, NULL, NULL, NULL, 0);
INSERT INTO `achievement_reviews` (`id`, `document_id`, `achievement_id`, `achievement_doc_id`, `reviewer_id`, `reviewer_name`, `action`, `comment`, `previous_status`, `new_status`, `created_at`, `updated_at`, `published_at`, `created_by_id`, `updated_by_id`, `locale`, `is_delete`) VALUES (3, NULL, 8, 'v6auvuouaqa44eqlt75w0vl3', 2, '李四', 'approve', '测试审核意见3', 'UNDER_REVIEW', 'APPROVED', '2026-01-24 23:02:34.469711', '2026-01-24 23:02:34.469711', NULL, NULL, NULL, NULL, 0);
INSERT INTO `achievement_reviews` (`id`, `document_id`, `achievement_id`, `achievement_doc_id`, `reviewer_id`, `reviewer_name`, `action`, `comment`, `previous_status`, `new_status`, `created_at`, `updated_at`, `published_at`, `created_by_id`, `updated_by_id`, `locale`, `is_delete`) VALUES (4, NULL, 23, 'etods7u8oe8q7cdk8tsuqqxx', 2, '李四', 'approve', '测试正确', 'UNDER_REVIEW', 'APPROVED', '2026-01-26 15:51:37.064438', '2026-01-26 15:51:37.064438', NULL, NULL, NULL, NULL, 0);
COMMIT;

-- ----------------------------
-- Table structure for achievement_types
-- ----------------------------
DROP TABLE IF EXISTS `achievement_types`;
CREATE TABLE `achievement_types` (
  `id` int unsigned NOT NULL AUTO_INCREMENT,
  `document_id` varchar(255) CHARACTER SET utf8mb3 COLLATE utf8mb3_general_ci DEFAULT NULL,
  `type_code` varchar(255) CHARACTER SET utf8mb3 COLLATE utf8mb3_general_ci DEFAULT NULL,
  `type_name` varchar(255) CHARACTER SET utf8mb3 COLLATE utf8mb3_general_ci DEFAULT NULL,
  `description` longtext CHARACTER SET utf8mb3 COLLATE utf8mb3_general_ci,
  `is_delete` int DEFAULT NULL,
  `created_at` datetime(6) DEFAULT NULL,
  `updated_at` datetime(6) DEFAULT NULL,
  `published_at` datetime(6) DEFAULT NULL,
  `created_by_id` int unsigned DEFAULT NULL,
  `updated_by_id` int unsigned DEFAULT NULL,
  `locale` varchar(255) CHARACTER SET utf8mb3 COLLATE utf8mb3_general_ci DEFAULT NULL,
  PRIMARY KEY (`id`) USING BTREE,
  KEY `achievement_types_documents_idx` (`document_id`,`locale`,`published_at`) USING BTREE,
  KEY `achievement_types_created_by_id_fk` (`created_by_id`) USING BTREE,
  KEY `achievement_types_updated_by_id_fk` (`updated_by_id`) USING BTREE,
  CONSTRAINT `achievement_types_created_by_id_fk` FOREIGN KEY (`created_by_id`) REFERENCES `admin_users` (`id`) ON DELETE SET NULL ON UPDATE RESTRICT,
  CONSTRAINT `achievement_types_updated_by_id_fk` FOREIGN KEY (`updated_by_id`) REFERENCES `admin_users` (`id`) ON DELETE SET NULL ON UPDATE RESTRICT
) ENGINE=InnoDB AUTO_INCREMENT=11 DEFAULT CHARSET=utf8mb3 ROW_FORMAT=DYNAMIC;

-- ----------------------------
-- Records of achievement_types
-- ----------------------------
BEGIN;
INSERT INTO `achievement_types` (`id`, `document_id`, `type_code`, `type_name`, `description`, `is_delete`, `created_at`, `updated_at`, `published_at`, `created_by_id`, `updated_by_id`, `locale`) VALUES (1, 'u80hojhjvjojx39frhn7gbq7', 'paper', '论文', '成果物类型为论文', 0, '2025-12-04 10:28:59.479000', '2025-12-15 16:12:08.119000', NULL, 1, 1, NULL);
INSERT INTO `achievement_types` (`id`, `document_id`, `type_code`, `type_name`, `description`, `is_delete`, `created_at`, `updated_at`, `published_at`, `created_by_id`, `updated_by_id`, `locale`) VALUES (4, 'zysf1nlb6fub137uqjaift9z', 'patent', '专利', '专利', 0, '2025-12-15 16:09:53.721000', '2025-12-15 16:09:53.721000', NULL, NULL, NULL, NULL);
INSERT INTO `achievement_types` (`id`, `document_id`, `type_code`, `type_name`, `description`, `is_delete`, `created_at`, `updated_at`, `published_at`, `created_by_id`, `updated_by_id`, `locale`) VALUES (5, 'zysf1nlb6fub137uqjaift9z', 'patent', '专利', '专利', 0, '2025-12-15 16:09:53.721000', '2025-12-15 16:09:53.721000', '2025-12-15 16:09:53.732000', NULL, NULL, NULL);
INSERT INTO `achievement_types` (`id`, `document_id`, `type_code`, `type_name`, `description`, `is_delete`, `created_at`, `updated_at`, `published_at`, `created_by_id`, `updated_by_id`, `locale`) VALUES (6, 'u80hojhjvjojx39frhn7gbq7', 'paper', '论文', '成果物类型为论文', 0, '2025-12-04 10:28:59.479000', '2025-12-15 16:12:08.119000', '2025-12-15 16:12:08.134000', 1, 1, NULL);
INSERT INTO `achievement_types` (`id`, `document_id`, `type_code`, `type_name`, `description`, `is_delete`, `created_at`, `updated_at`, `published_at`, `created_by_id`, `updated_by_id`, `locale`) VALUES (7, 'x1hravjqxvajn73enmc9qnnb', 'software', '软件著作权', '', 0, '2025-12-15 21:11:02.607000', '2025-12-15 21:11:02.607000', NULL, NULL, NULL, NULL);
INSERT INTO `achievement_types` (`id`, `document_id`, `type_code`, `type_name`, `description`, `is_delete`, `created_at`, `updated_at`, `published_at`, `created_by_id`, `updated_by_id`, `locale`) VALUES (8, 'x1hravjqxvajn73enmc9qnnb', 'software', '软件著作权', '', 0, '2025-12-15 21:11:02.607000', '2025-12-15 21:11:02.607000', '2025-12-15 21:11:02.626000', NULL, NULL, NULL);
INSERT INTO `achievement_types` (`id`, `document_id`, `type_code`, `type_name`, `description`, `is_delete`, `created_at`, `updated_at`, `published_at`, `created_by_id`, `updated_by_id`, `locale`) VALUES (9, 'oeq8cq37b7o456j2ss5j1np0', 'dataset', '数据集', '', 0, '2025-12-17 15:07:09.359000', '2025-12-17 15:07:09.359000', NULL, NULL, NULL, NULL);
INSERT INTO `achievement_types` (`id`, `document_id`, `type_code`, `type_name`, `description`, `is_delete`, `created_at`, `updated_at`, `published_at`, `created_by_id`, `updated_by_id`, `locale`) VALUES (10, 'oeq8cq37b7o456j2ss5j1np0', 'dataset', '数据集', '', 0, '2025-12-17 15:07:09.359000', '2025-12-17 15:07:09.359000', '2025-12-17 15:07:09.390000', NULL, NULL, NULL);
COMMIT;

-- ----------------------------
-- Table structure for admin_permissions
-- ----------------------------
DROP TABLE IF EXISTS `admin_permissions`;
CREATE TABLE `admin_permissions` (
  `id` int unsigned NOT NULL AUTO_INCREMENT,
  `document_id` varchar(255) CHARACTER SET utf8mb3 COLLATE utf8mb3_general_ci DEFAULT NULL,
  `action` varchar(255) CHARACTER SET utf8mb3 COLLATE utf8mb3_general_ci DEFAULT NULL,
  `action_parameters` json DEFAULT NULL,
  `subject` varchar(255) CHARACTER SET utf8mb3 COLLATE utf8mb3_general_ci DEFAULT NULL,
  `properties` json DEFAULT NULL,
  `conditions` json DEFAULT NULL,
  `created_at` datetime(6) DEFAULT NULL,
  `updated_at` datetime(6) DEFAULT NULL,
  `published_at` datetime(6) DEFAULT NULL,
  `created_by_id` int unsigned DEFAULT NULL,
  `updated_by_id` int unsigned DEFAULT NULL,
  `locale` varchar(255) CHARACTER SET utf8mb3 COLLATE utf8mb3_general_ci DEFAULT NULL,
  PRIMARY KEY (`id`) USING BTREE,
  KEY `admin_permissions_documents_idx` (`document_id`,`locale`,`published_at`) USING BTREE,
  KEY `admin_permissions_created_by_id_fk` (`created_by_id`) USING BTREE,
  KEY `admin_permissions_updated_by_id_fk` (`updated_by_id`) USING BTREE,
  CONSTRAINT `admin_permissions_created_by_id_fk` FOREIGN KEY (`created_by_id`) REFERENCES `admin_users` (`id`) ON DELETE SET NULL ON UPDATE RESTRICT,
  CONSTRAINT `admin_permissions_updated_by_id_fk` FOREIGN KEY (`updated_by_id`) REFERENCES `admin_users` (`id`) ON DELETE SET NULL ON UPDATE RESTRICT
) ENGINE=InnoDB AUTO_INCREMENT=215 DEFAULT CHARSET=utf8mb3 ROW_FORMAT=DYNAMIC;

-- ----------------------------
-- Records of admin_permissions
-- ----------------------------
BEGIN;
INSERT INTO `admin_permissions` (`id`, `document_id`, `action`, `action_parameters`, `subject`, `properties`, `conditions`, `created_at`, `updated_at`, `published_at`, `created_by_id`, `updated_by_id`, `locale`) VALUES (1, 't40s05bow0a5b4ukofuh0z10', 'plugin::content-manager.explorer.create', '{}', 'api::about.about', '{\"fields\": [\"title\", \"blocks\"]}', '[]', '2025-10-20 14:31:34.529000', '2025-10-20 14:31:34.529000', '2025-10-20 14:31:34.530000', NULL, NULL, NULL);
INSERT INTO `admin_permissions` (`id`, `document_id`, `action`, `action_parameters`, `subject`, `properties`, `conditions`, `created_at`, `updated_at`, `published_at`, `created_by_id`, `updated_by_id`, `locale`) VALUES (2, 'lcn7ntmr57hdetza1zu5edao', 'plugin::content-manager.explorer.create', '{}', 'api::article.article', '{\"fields\": [\"title\", \"description\", \"slug\", \"cover\", \"author\", \"category\", \"blocks\"]}', '[]', '2025-10-20 14:31:34.537000', '2025-10-20 14:31:34.537000', '2025-10-20 14:31:34.537000', NULL, NULL, NULL);
INSERT INTO `admin_permissions` (`id`, `document_id`, `action`, `action_parameters`, `subject`, `properties`, `conditions`, `created_at`, `updated_at`, `published_at`, `created_by_id`, `updated_by_id`, `locale`) VALUES (3, 'xmi8wr5ycnnbo967l38ylirl', 'plugin::content-manager.explorer.create', '{}', 'api::author.author', '{\"fields\": [\"name\", \"avatar\", \"email\", \"articles\"]}', '[]', '2025-10-20 14:31:34.544000', '2025-10-20 14:31:34.544000', '2025-10-20 14:31:34.544000', NULL, NULL, NULL);
INSERT INTO `admin_permissions` (`id`, `document_id`, `action`, `action_parameters`, `subject`, `properties`, `conditions`, `created_at`, `updated_at`, `published_at`, `created_by_id`, `updated_by_id`, `locale`) VALUES (4, 'k0lpknplahqwj05adlt965sg', 'plugin::content-manager.explorer.create', '{}', 'api::category.category', '{\"fields\": [\"name\", \"slug\", \"articles\", \"description\"]}', '[]', '2025-10-20 14:31:34.550000', '2025-10-20 14:31:34.550000', '2025-10-20 14:31:34.550000', NULL, NULL, NULL);
INSERT INTO `admin_permissions` (`id`, `document_id`, `action`, `action_parameters`, `subject`, `properties`, `conditions`, `created_at`, `updated_at`, `published_at`, `created_by_id`, `updated_by_id`, `locale`) VALUES (5, 'kyoqgygwcqava05s4670uix7', 'plugin::content-manager.explorer.create', '{}', 'api::global.global', '{\"fields\": [\"siteName\", \"favicon\", \"siteDescription\", \"defaultSeo.metaTitle\", \"defaultSeo.metaDescription\", \"defaultSeo.shareImage\"]}', '[]', '2025-10-20 14:31:34.556000', '2025-10-20 14:31:34.556000', '2025-10-20 14:31:34.556000', NULL, NULL, NULL);
INSERT INTO `admin_permissions` (`id`, `document_id`, `action`, `action_parameters`, `subject`, `properties`, `conditions`, `created_at`, `updated_at`, `published_at`, `created_by_id`, `updated_by_id`, `locale`) VALUES (6, 'q8uw207cr5p64oyyjezjpn4l', 'plugin::content-manager.explorer.read', '{}', 'api::about.about', '{\"fields\": [\"title\", \"blocks\"]}', '[]', '2025-10-20 14:31:34.562000', '2025-10-20 14:31:34.562000', '2025-10-20 14:31:34.563000', NULL, NULL, NULL);
INSERT INTO `admin_permissions` (`id`, `document_id`, `action`, `action_parameters`, `subject`, `properties`, `conditions`, `created_at`, `updated_at`, `published_at`, `created_by_id`, `updated_by_id`, `locale`) VALUES (7, 'dbpb0w6f74rzlqqr6v5xjmqk', 'plugin::content-manager.explorer.read', '{}', 'api::article.article', '{\"fields\": [\"title\", \"description\", \"slug\", \"cover\", \"author\", \"category\", \"blocks\"]}', '[]', '2025-10-20 14:31:34.568000', '2025-10-20 14:31:34.568000', '2025-10-20 14:31:34.568000', NULL, NULL, NULL);
INSERT INTO `admin_permissions` (`id`, `document_id`, `action`, `action_parameters`, `subject`, `properties`, `conditions`, `created_at`, `updated_at`, `published_at`, `created_by_id`, `updated_by_id`, `locale`) VALUES (8, 'a8925ipz7eox7g5y1v35u066', 'plugin::content-manager.explorer.read', '{}', 'api::author.author', '{\"fields\": [\"name\", \"avatar\", \"email\", \"articles\"]}', '[]', '2025-10-20 14:31:34.574000', '2025-10-20 14:31:34.574000', '2025-10-20 14:31:34.574000', NULL, NULL, NULL);
INSERT INTO `admin_permissions` (`id`, `document_id`, `action`, `action_parameters`, `subject`, `properties`, `conditions`, `created_at`, `updated_at`, `published_at`, `created_by_id`, `updated_by_id`, `locale`) VALUES (9, 'fkqcom6nrposwfufa6fodm3y', 'plugin::content-manager.explorer.read', '{}', 'api::category.category', '{\"fields\": [\"name\", \"slug\", \"articles\", \"description\"]}', '[]', '2025-10-20 14:31:34.580000', '2025-10-20 14:31:34.580000', '2025-10-20 14:31:34.580000', NULL, NULL, NULL);
INSERT INTO `admin_permissions` (`id`, `document_id`, `action`, `action_parameters`, `subject`, `properties`, `conditions`, `created_at`, `updated_at`, `published_at`, `created_by_id`, `updated_by_id`, `locale`) VALUES (10, 'oslqlwf5v4vprlyug9ush1mx', 'plugin::content-manager.explorer.read', '{}', 'api::global.global', '{\"fields\": [\"siteName\", \"favicon\", \"siteDescription\", \"defaultSeo.metaTitle\", \"defaultSeo.metaDescription\", \"defaultSeo.shareImage\"]}', '[]', '2025-10-20 14:31:34.585000', '2025-10-20 14:31:34.585000', '2025-10-20 14:31:34.585000', NULL, NULL, NULL);
INSERT INTO `admin_permissions` (`id`, `document_id`, `action`, `action_parameters`, `subject`, `properties`, `conditions`, `created_at`, `updated_at`, `published_at`, `created_by_id`, `updated_by_id`, `locale`) VALUES (11, 'w758ix52i8nw94jt1ues6ql5', 'plugin::content-manager.explorer.update', '{}', 'api::about.about', '{\"fields\": [\"title\", \"blocks\"]}', '[]', '2025-10-20 14:31:34.590000', '2025-10-20 14:31:34.590000', '2025-10-20 14:31:34.590000', NULL, NULL, NULL);
INSERT INTO `admin_permissions` (`id`, `document_id`, `action`, `action_parameters`, `subject`, `properties`, `conditions`, `created_at`, `updated_at`, `published_at`, `created_by_id`, `updated_by_id`, `locale`) VALUES (12, 'htuxncbpn2r22itxuj1uanja', 'plugin::content-manager.explorer.update', '{}', 'api::article.article', '{\"fields\": [\"title\", \"description\", \"slug\", \"cover\", \"author\", \"category\", \"blocks\"]}', '[]', '2025-10-20 14:31:34.595000', '2025-10-20 14:31:34.595000', '2025-10-20 14:31:34.595000', NULL, NULL, NULL);
INSERT INTO `admin_permissions` (`id`, `document_id`, `action`, `action_parameters`, `subject`, `properties`, `conditions`, `created_at`, `updated_at`, `published_at`, `created_by_id`, `updated_by_id`, `locale`) VALUES (13, 'nro9r9xux2937s366yzw2q8j', 'plugin::content-manager.explorer.update', '{}', 'api::author.author', '{\"fields\": [\"name\", \"avatar\", \"email\", \"articles\"]}', '[]', '2025-10-20 14:31:34.600000', '2025-10-20 14:31:34.600000', '2025-10-20 14:31:34.600000', NULL, NULL, NULL);
INSERT INTO `admin_permissions` (`id`, `document_id`, `action`, `action_parameters`, `subject`, `properties`, `conditions`, `created_at`, `updated_at`, `published_at`, `created_by_id`, `updated_by_id`, `locale`) VALUES (14, 'h5x8gjyq9dnemoi76touum2i', 'plugin::content-manager.explorer.update', '{}', 'api::category.category', '{\"fields\": [\"name\", \"slug\", \"articles\", \"description\"]}', '[]', '2025-10-20 14:31:34.607000', '2025-10-20 14:31:34.607000', '2025-10-20 14:31:34.607000', NULL, NULL, NULL);
INSERT INTO `admin_permissions` (`id`, `document_id`, `action`, `action_parameters`, `subject`, `properties`, `conditions`, `created_at`, `updated_at`, `published_at`, `created_by_id`, `updated_by_id`, `locale`) VALUES (15, 'svo89mf1twky7xva7d4na14t', 'plugin::content-manager.explorer.update', '{}', 'api::global.global', '{\"fields\": [\"siteName\", \"favicon\", \"siteDescription\", \"defaultSeo.metaTitle\", \"defaultSeo.metaDescription\", \"defaultSeo.shareImage\"]}', '[]', '2025-10-20 14:31:34.612000', '2025-10-20 14:31:34.612000', '2025-10-20 14:31:34.612000', NULL, NULL, NULL);
INSERT INTO `admin_permissions` (`id`, `document_id`, `action`, `action_parameters`, `subject`, `properties`, `conditions`, `created_at`, `updated_at`, `published_at`, `created_by_id`, `updated_by_id`, `locale`) VALUES (16, 'ghwviny3dgqz32q9e364135r', 'plugin::content-manager.explorer.delete', '{}', 'api::about.about', '{}', '[]', '2025-10-20 14:31:34.618000', '2025-10-20 14:31:34.618000', '2025-10-20 14:31:34.619000', NULL, NULL, NULL);
INSERT INTO `admin_permissions` (`id`, `document_id`, `action`, `action_parameters`, `subject`, `properties`, `conditions`, `created_at`, `updated_at`, `published_at`, `created_by_id`, `updated_by_id`, `locale`) VALUES (17, 'xp9ho5qkdhaxi0hw5mz9zf4g', 'plugin::content-manager.explorer.delete', '{}', 'api::article.article', '{}', '[]', '2025-10-20 14:31:34.625000', '2025-10-20 14:31:34.625000', '2025-10-20 14:31:34.625000', NULL, NULL, NULL);
INSERT INTO `admin_permissions` (`id`, `document_id`, `action`, `action_parameters`, `subject`, `properties`, `conditions`, `created_at`, `updated_at`, `published_at`, `created_by_id`, `updated_by_id`, `locale`) VALUES (18, 'uu5lm0glv9w0a5ai0kxljxpg', 'plugin::content-manager.explorer.delete', '{}', 'api::author.author', '{}', '[]', '2025-10-20 14:31:34.630000', '2025-10-20 14:31:34.630000', '2025-10-20 14:31:34.630000', NULL, NULL, NULL);
INSERT INTO `admin_permissions` (`id`, `document_id`, `action`, `action_parameters`, `subject`, `properties`, `conditions`, `created_at`, `updated_at`, `published_at`, `created_by_id`, `updated_by_id`, `locale`) VALUES (19, 'y3e1ov2vugymdzlm3sbad7co', 'plugin::content-manager.explorer.delete', '{}', 'api::category.category', '{}', '[]', '2025-10-20 14:31:34.636000', '2025-10-20 14:31:34.636000', '2025-10-20 14:31:34.636000', NULL, NULL, NULL);
INSERT INTO `admin_permissions` (`id`, `document_id`, `action`, `action_parameters`, `subject`, `properties`, `conditions`, `created_at`, `updated_at`, `published_at`, `created_by_id`, `updated_by_id`, `locale`) VALUES (20, 'w0wurjgthgvfrf2zqqrxe00v', 'plugin::content-manager.explorer.delete', '{}', 'api::global.global', '{}', '[]', '2025-10-20 14:31:34.642000', '2025-10-20 14:31:34.642000', '2025-10-20 14:31:34.643000', NULL, NULL, NULL);
INSERT INTO `admin_permissions` (`id`, `document_id`, `action`, `action_parameters`, `subject`, `properties`, `conditions`, `created_at`, `updated_at`, `published_at`, `created_by_id`, `updated_by_id`, `locale`) VALUES (21, 'uex68wk60of6y8fu2z43e5e5', 'plugin::content-manager.explorer.publish', '{}', 'api::about.about', '{}', '[]', '2025-10-20 14:31:34.648000', '2025-10-20 14:31:34.648000', '2025-10-20 14:31:34.648000', NULL, NULL, NULL);
INSERT INTO `admin_permissions` (`id`, `document_id`, `action`, `action_parameters`, `subject`, `properties`, `conditions`, `created_at`, `updated_at`, `published_at`, `created_by_id`, `updated_by_id`, `locale`) VALUES (22, 'j2eamzsa89otddsnlldxco36', 'plugin::content-manager.explorer.publish', '{}', 'api::article.article', '{}', '[]', '2025-10-20 14:31:34.653000', '2025-10-20 14:31:34.653000', '2025-10-20 14:31:34.653000', NULL, NULL, NULL);
INSERT INTO `admin_permissions` (`id`, `document_id`, `action`, `action_parameters`, `subject`, `properties`, `conditions`, `created_at`, `updated_at`, `published_at`, `created_by_id`, `updated_by_id`, `locale`) VALUES (23, 'ki2cee4gyt2r9f2xgvh0plr5', 'plugin::content-manager.explorer.publish', '{}', 'api::author.author', '{}', '[]', '2025-10-20 14:31:34.658000', '2025-10-20 14:31:34.658000', '2025-10-20 14:31:34.658000', NULL, NULL, NULL);
INSERT INTO `admin_permissions` (`id`, `document_id`, `action`, `action_parameters`, `subject`, `properties`, `conditions`, `created_at`, `updated_at`, `published_at`, `created_by_id`, `updated_by_id`, `locale`) VALUES (24, 'dvzebo03jmqirydu7z006aki', 'plugin::content-manager.explorer.publish', '{}', 'api::category.category', '{}', '[]', '2025-10-20 14:31:34.663000', '2025-10-20 14:31:34.663000', '2025-10-20 14:31:34.664000', NULL, NULL, NULL);
INSERT INTO `admin_permissions` (`id`, `document_id`, `action`, `action_parameters`, `subject`, `properties`, `conditions`, `created_at`, `updated_at`, `published_at`, `created_by_id`, `updated_by_id`, `locale`) VALUES (25, 'vrixvwszzycxpbxsc9suxfih', 'plugin::content-manager.explorer.publish', '{}', 'api::global.global', '{}', '[]', '2025-10-20 14:31:34.668000', '2025-10-20 14:31:34.668000', '2025-10-20 14:31:34.668000', NULL, NULL, NULL);
INSERT INTO `admin_permissions` (`id`, `document_id`, `action`, `action_parameters`, `subject`, `properties`, `conditions`, `created_at`, `updated_at`, `published_at`, `created_by_id`, `updated_by_id`, `locale`) VALUES (26, 'rm9lpiv5c3abemjsgp8xpo82', 'plugin::upload.read', '{}', NULL, '{}', '[]', '2025-10-20 14:31:34.674000', '2025-10-20 14:31:34.674000', '2025-10-20 14:31:34.674000', NULL, NULL, NULL);
INSERT INTO `admin_permissions` (`id`, `document_id`, `action`, `action_parameters`, `subject`, `properties`, `conditions`, `created_at`, `updated_at`, `published_at`, `created_by_id`, `updated_by_id`, `locale`) VALUES (27, 's2xba3ki5mz8exp4hqm0nknx', 'plugin::upload.configure-view', '{}', NULL, '{}', '[]', '2025-10-20 14:31:34.680000', '2025-10-20 14:31:34.680000', '2025-10-20 14:31:34.680000', NULL, NULL, NULL);
INSERT INTO `admin_permissions` (`id`, `document_id`, `action`, `action_parameters`, `subject`, `properties`, `conditions`, `created_at`, `updated_at`, `published_at`, `created_by_id`, `updated_by_id`, `locale`) VALUES (28, 'r67899tijf3yisu87k6t4ghr', 'plugin::upload.assets.create', '{}', NULL, '{}', '[]', '2025-10-20 14:31:34.686000', '2025-10-20 14:31:34.686000', '2025-10-20 14:31:34.686000', NULL, NULL, NULL);
INSERT INTO `admin_permissions` (`id`, `document_id`, `action`, `action_parameters`, `subject`, `properties`, `conditions`, `created_at`, `updated_at`, `published_at`, `created_by_id`, `updated_by_id`, `locale`) VALUES (29, 'pdmh9nx40s3oeis16s41al23', 'plugin::upload.assets.update', '{}', NULL, '{}', '[]', '2025-10-20 14:31:34.691000', '2025-10-20 14:31:34.691000', '2025-10-20 14:31:34.691000', NULL, NULL, NULL);
INSERT INTO `admin_permissions` (`id`, `document_id`, `action`, `action_parameters`, `subject`, `properties`, `conditions`, `created_at`, `updated_at`, `published_at`, `created_by_id`, `updated_by_id`, `locale`) VALUES (30, 'dp55yn0xosp5byegm7xxrzk6', 'plugin::upload.assets.download', '{}', NULL, '{}', '[]', '2025-10-20 14:31:34.696000', '2025-10-20 14:31:34.696000', '2025-10-20 14:31:34.696000', NULL, NULL, NULL);
INSERT INTO `admin_permissions` (`id`, `document_id`, `action`, `action_parameters`, `subject`, `properties`, `conditions`, `created_at`, `updated_at`, `published_at`, `created_by_id`, `updated_by_id`, `locale`) VALUES (31, 'bamc1ivqlen8zp6pphpmyz6x', 'plugin::upload.assets.copy-link', '{}', NULL, '{}', '[]', '2025-10-20 14:31:34.701000', '2025-10-20 14:31:34.701000', '2025-10-20 14:31:34.701000', NULL, NULL, NULL);
INSERT INTO `admin_permissions` (`id`, `document_id`, `action`, `action_parameters`, `subject`, `properties`, `conditions`, `created_at`, `updated_at`, `published_at`, `created_by_id`, `updated_by_id`, `locale`) VALUES (32, 'q0o4slo985iwfpv842e9ltda', 'plugin::content-manager.explorer.create', '{}', 'api::about.about', '{\"fields\": [\"title\", \"blocks\"]}', '[\"admin::is-creator\"]', '2025-10-20 14:31:34.706000', '2025-10-20 14:31:34.706000', '2025-10-20 14:31:34.706000', NULL, NULL, NULL);
INSERT INTO `admin_permissions` (`id`, `document_id`, `action`, `action_parameters`, `subject`, `properties`, `conditions`, `created_at`, `updated_at`, `published_at`, `created_by_id`, `updated_by_id`, `locale`) VALUES (33, 'rl01x6soic63e23c8qudmage', 'plugin::content-manager.explorer.create', '{}', 'api::article.article', '{\"fields\": [\"title\", \"description\", \"slug\", \"cover\", \"author\", \"category\", \"blocks\"]}', '[\"admin::is-creator\"]', '2025-10-20 14:31:34.711000', '2025-10-20 14:31:34.711000', '2025-10-20 14:31:34.711000', NULL, NULL, NULL);
INSERT INTO `admin_permissions` (`id`, `document_id`, `action`, `action_parameters`, `subject`, `properties`, `conditions`, `created_at`, `updated_at`, `published_at`, `created_by_id`, `updated_by_id`, `locale`) VALUES (34, 'bqq9caxd93bh7hyvow2l3dxv', 'plugin::content-manager.explorer.create', '{}', 'api::author.author', '{\"fields\": [\"name\", \"avatar\", \"email\", \"articles\"]}', '[\"admin::is-creator\"]', '2025-10-20 14:31:34.716000', '2025-10-20 14:31:34.716000', '2025-10-20 14:31:34.716000', NULL, NULL, NULL);
INSERT INTO `admin_permissions` (`id`, `document_id`, `action`, `action_parameters`, `subject`, `properties`, `conditions`, `created_at`, `updated_at`, `published_at`, `created_by_id`, `updated_by_id`, `locale`) VALUES (35, 'c2dywhxcrw58xtirtl7r8d5s', 'plugin::content-manager.explorer.create', '{}', 'api::category.category', '{\"fields\": [\"name\", \"slug\", \"articles\", \"description\"]}', '[\"admin::is-creator\"]', '2025-10-20 14:31:34.720000', '2025-10-20 14:31:34.720000', '2025-10-20 14:31:34.720000', NULL, NULL, NULL);
INSERT INTO `admin_permissions` (`id`, `document_id`, `action`, `action_parameters`, `subject`, `properties`, `conditions`, `created_at`, `updated_at`, `published_at`, `created_by_id`, `updated_by_id`, `locale`) VALUES (36, 'h5v3vmarlb708azpf8cej3nw', 'plugin::content-manager.explorer.create', '{}', 'api::global.global', '{\"fields\": [\"siteName\", \"favicon\", \"siteDescription\", \"defaultSeo.metaTitle\", \"defaultSeo.metaDescription\", \"defaultSeo.shareImage\"]}', '[\"admin::is-creator\"]', '2025-10-20 14:31:34.725000', '2025-10-20 14:31:34.725000', '2025-10-20 14:31:34.725000', NULL, NULL, NULL);
INSERT INTO `admin_permissions` (`id`, `document_id`, `action`, `action_parameters`, `subject`, `properties`, `conditions`, `created_at`, `updated_at`, `published_at`, `created_by_id`, `updated_by_id`, `locale`) VALUES (37, 'ir10z92a0bffkt4raqyrnkv9', 'plugin::content-manager.explorer.read', '{}', 'api::about.about', '{\"fields\": [\"title\", \"blocks\"]}', '[\"admin::is-creator\"]', '2025-10-20 14:31:34.731000', '2025-10-20 14:31:34.731000', '2025-10-20 14:31:34.731000', NULL, NULL, NULL);
INSERT INTO `admin_permissions` (`id`, `document_id`, `action`, `action_parameters`, `subject`, `properties`, `conditions`, `created_at`, `updated_at`, `published_at`, `created_by_id`, `updated_by_id`, `locale`) VALUES (38, 'mar5nitury2kxjyfiuo6kxww', 'plugin::content-manager.explorer.read', '{}', 'api::article.article', '{\"fields\": [\"title\", \"description\", \"slug\", \"cover\", \"author\", \"category\", \"blocks\"]}', '[\"admin::is-creator\"]', '2025-10-20 14:31:34.737000', '2025-10-20 14:31:34.737000', '2025-10-20 14:31:34.737000', NULL, NULL, NULL);
INSERT INTO `admin_permissions` (`id`, `document_id`, `action`, `action_parameters`, `subject`, `properties`, `conditions`, `created_at`, `updated_at`, `published_at`, `created_by_id`, `updated_by_id`, `locale`) VALUES (39, 'p2jflortmcjde2e1vhgeju71', 'plugin::content-manager.explorer.read', '{}', 'api::author.author', '{\"fields\": [\"name\", \"avatar\", \"email\", \"articles\"]}', '[\"admin::is-creator\"]', '2025-10-20 14:31:34.742000', '2025-10-20 14:31:34.742000', '2025-10-20 14:31:34.742000', NULL, NULL, NULL);
INSERT INTO `admin_permissions` (`id`, `document_id`, `action`, `action_parameters`, `subject`, `properties`, `conditions`, `created_at`, `updated_at`, `published_at`, `created_by_id`, `updated_by_id`, `locale`) VALUES (40, 't9vqpo1kjbfashkg7y7inql9', 'plugin::content-manager.explorer.read', '{}', 'api::category.category', '{\"fields\": [\"name\", \"slug\", \"articles\", \"description\"]}', '[\"admin::is-creator\"]', '2025-10-20 14:31:34.748000', '2025-10-20 14:31:34.748000', '2025-10-20 14:31:34.748000', NULL, NULL, NULL);
INSERT INTO `admin_permissions` (`id`, `document_id`, `action`, `action_parameters`, `subject`, `properties`, `conditions`, `created_at`, `updated_at`, `published_at`, `created_by_id`, `updated_by_id`, `locale`) VALUES (41, 'rnm3kwlki10tys5ok6g892hi', 'plugin::content-manager.explorer.read', '{}', 'api::global.global', '{\"fields\": [\"siteName\", \"favicon\", \"siteDescription\", \"defaultSeo.metaTitle\", \"defaultSeo.metaDescription\", \"defaultSeo.shareImage\"]}', '[\"admin::is-creator\"]', '2025-10-20 14:31:34.754000', '2025-10-20 14:31:34.754000', '2025-10-20 14:31:34.754000', NULL, NULL, NULL);
INSERT INTO `admin_permissions` (`id`, `document_id`, `action`, `action_parameters`, `subject`, `properties`, `conditions`, `created_at`, `updated_at`, `published_at`, `created_by_id`, `updated_by_id`, `locale`) VALUES (42, 'qxz2kjv1tmlbrflkk8ouopl5', 'plugin::content-manager.explorer.update', '{}', 'api::about.about', '{\"fields\": [\"title\", \"blocks\"]}', '[\"admin::is-creator\"]', '2025-10-20 14:31:34.758000', '2025-10-20 14:31:34.758000', '2025-10-20 14:31:34.758000', NULL, NULL, NULL);
INSERT INTO `admin_permissions` (`id`, `document_id`, `action`, `action_parameters`, `subject`, `properties`, `conditions`, `created_at`, `updated_at`, `published_at`, `created_by_id`, `updated_by_id`, `locale`) VALUES (43, 'siugb440ynvf8g3foyzidrw2', 'plugin::content-manager.explorer.update', '{}', 'api::article.article', '{\"fields\": [\"title\", \"description\", \"slug\", \"cover\", \"author\", \"category\", \"blocks\"]}', '[\"admin::is-creator\"]', '2025-10-20 14:31:34.763000', '2025-10-20 14:31:34.763000', '2025-10-20 14:31:34.763000', NULL, NULL, NULL);
INSERT INTO `admin_permissions` (`id`, `document_id`, `action`, `action_parameters`, `subject`, `properties`, `conditions`, `created_at`, `updated_at`, `published_at`, `created_by_id`, `updated_by_id`, `locale`) VALUES (44, 'rkqxylfl847jvqfoqemdqsj5', 'plugin::content-manager.explorer.update', '{}', 'api::author.author', '{\"fields\": [\"name\", \"avatar\", \"email\", \"articles\"]}', '[\"admin::is-creator\"]', '2025-10-20 14:31:34.768000', '2025-10-20 14:31:34.768000', '2025-10-20 14:31:34.768000', NULL, NULL, NULL);
INSERT INTO `admin_permissions` (`id`, `document_id`, `action`, `action_parameters`, `subject`, `properties`, `conditions`, `created_at`, `updated_at`, `published_at`, `created_by_id`, `updated_by_id`, `locale`) VALUES (45, 's55ifbntdtnyko0yz2cud724', 'plugin::content-manager.explorer.update', '{}', 'api::category.category', '{\"fields\": [\"name\", \"slug\", \"articles\", \"description\"]}', '[\"admin::is-creator\"]', '2025-10-20 14:31:34.773000', '2025-10-20 14:31:34.773000', '2025-10-20 14:31:34.774000', NULL, NULL, NULL);
INSERT INTO `admin_permissions` (`id`, `document_id`, `action`, `action_parameters`, `subject`, `properties`, `conditions`, `created_at`, `updated_at`, `published_at`, `created_by_id`, `updated_by_id`, `locale`) VALUES (46, 'euriz67c3zqak6rlf4xoix9g', 'plugin::content-manager.explorer.update', '{}', 'api::global.global', '{\"fields\": [\"siteName\", \"favicon\", \"siteDescription\", \"defaultSeo.metaTitle\", \"defaultSeo.metaDescription\", \"defaultSeo.shareImage\"]}', '[\"admin::is-creator\"]', '2025-10-20 14:31:34.779000', '2025-10-20 14:31:34.779000', '2025-10-20 14:31:34.779000', NULL, NULL, NULL);
INSERT INTO `admin_permissions` (`id`, `document_id`, `action`, `action_parameters`, `subject`, `properties`, `conditions`, `created_at`, `updated_at`, `published_at`, `created_by_id`, `updated_by_id`, `locale`) VALUES (47, 'dnc0t1o849ue42b8vxj4hfkq', 'plugin::content-manager.explorer.delete', '{}', 'api::about.about', '{}', '[\"admin::is-creator\"]', '2025-10-20 14:31:34.783000', '2025-10-20 14:31:34.783000', '2025-10-20 14:31:34.783000', NULL, NULL, NULL);
INSERT INTO `admin_permissions` (`id`, `document_id`, `action`, `action_parameters`, `subject`, `properties`, `conditions`, `created_at`, `updated_at`, `published_at`, `created_by_id`, `updated_by_id`, `locale`) VALUES (48, 'sfl7msnw9748t58viks2myty', 'plugin::content-manager.explorer.delete', '{}', 'api::article.article', '{}', '[\"admin::is-creator\"]', '2025-10-20 14:31:34.788000', '2025-10-20 14:31:34.788000', '2025-10-20 14:31:34.788000', NULL, NULL, NULL);
INSERT INTO `admin_permissions` (`id`, `document_id`, `action`, `action_parameters`, `subject`, `properties`, `conditions`, `created_at`, `updated_at`, `published_at`, `created_by_id`, `updated_by_id`, `locale`) VALUES (49, 'gs6cdo0tl3d8bx4wfi183edr', 'plugin::content-manager.explorer.delete', '{}', 'api::author.author', '{}', '[\"admin::is-creator\"]', '2025-10-20 14:31:34.793000', '2025-10-20 14:31:34.793000', '2025-10-20 14:31:34.793000', NULL, NULL, NULL);
INSERT INTO `admin_permissions` (`id`, `document_id`, `action`, `action_parameters`, `subject`, `properties`, `conditions`, `created_at`, `updated_at`, `published_at`, `created_by_id`, `updated_by_id`, `locale`) VALUES (50, 'w0rp9xje42uo6772fkz4quh7', 'plugin::content-manager.explorer.delete', '{}', 'api::category.category', '{}', '[\"admin::is-creator\"]', '2025-10-20 14:31:34.799000', '2025-10-20 14:31:34.799000', '2025-10-20 14:31:34.799000', NULL, NULL, NULL);
INSERT INTO `admin_permissions` (`id`, `document_id`, `action`, `action_parameters`, `subject`, `properties`, `conditions`, `created_at`, `updated_at`, `published_at`, `created_by_id`, `updated_by_id`, `locale`) VALUES (51, 'lgyq47kuf08hsvdfygelyai3', 'plugin::content-manager.explorer.delete', '{}', 'api::global.global', '{}', '[\"admin::is-creator\"]', '2025-10-20 14:31:34.803000', '2025-10-20 14:31:34.803000', '2025-10-20 14:31:34.803000', NULL, NULL, NULL);
INSERT INTO `admin_permissions` (`id`, `document_id`, `action`, `action_parameters`, `subject`, `properties`, `conditions`, `created_at`, `updated_at`, `published_at`, `created_by_id`, `updated_by_id`, `locale`) VALUES (52, 'uwuvoabd3ewwwfiobe3j89l5', 'plugin::upload.read', '{}', NULL, '{}', '[\"admin::is-creator\"]', '2025-10-20 14:31:34.808000', '2025-10-20 14:31:34.808000', '2025-10-20 14:31:34.808000', NULL, NULL, NULL);
INSERT INTO `admin_permissions` (`id`, `document_id`, `action`, `action_parameters`, `subject`, `properties`, `conditions`, `created_at`, `updated_at`, `published_at`, `created_by_id`, `updated_by_id`, `locale`) VALUES (53, 'es0f3uhtm8p4k9do3r8xpmuk', 'plugin::upload.configure-view', '{}', NULL, '{}', '[]', '2025-10-20 14:31:34.812000', '2025-10-20 14:31:34.812000', '2025-10-20 14:31:34.813000', NULL, NULL, NULL);
INSERT INTO `admin_permissions` (`id`, `document_id`, `action`, `action_parameters`, `subject`, `properties`, `conditions`, `created_at`, `updated_at`, `published_at`, `created_by_id`, `updated_by_id`, `locale`) VALUES (54, 'ttb4tyd64k5szuox8pysof5f', 'plugin::upload.assets.create', '{}', NULL, '{}', '[]', '2025-10-20 14:31:34.818000', '2025-10-20 14:31:34.818000', '2025-10-20 14:31:34.819000', NULL, NULL, NULL);
INSERT INTO `admin_permissions` (`id`, `document_id`, `action`, `action_parameters`, `subject`, `properties`, `conditions`, `created_at`, `updated_at`, `published_at`, `created_by_id`, `updated_by_id`, `locale`) VALUES (55, 'y0cyhwwegihtj8r3bncq42sr', 'plugin::upload.assets.update', '{}', NULL, '{}', '[\"admin::is-creator\"]', '2025-10-20 14:31:34.823000', '2025-10-20 14:31:34.823000', '2025-10-20 14:31:34.823000', NULL, NULL, NULL);
INSERT INTO `admin_permissions` (`id`, `document_id`, `action`, `action_parameters`, `subject`, `properties`, `conditions`, `created_at`, `updated_at`, `published_at`, `created_by_id`, `updated_by_id`, `locale`) VALUES (56, 'ljjuuv4jmem25cgko1tlnrz8', 'plugin::upload.assets.download', '{}', NULL, '{}', '[]', '2025-10-20 14:31:34.830000', '2025-10-20 14:31:34.830000', '2025-10-20 14:31:34.830000', NULL, NULL, NULL);
INSERT INTO `admin_permissions` (`id`, `document_id`, `action`, `action_parameters`, `subject`, `properties`, `conditions`, `created_at`, `updated_at`, `published_at`, `created_by_id`, `updated_by_id`, `locale`) VALUES (57, 'qe5cnuv16g5ie90u0qu250bg', 'plugin::upload.assets.copy-link', '{}', NULL, '{}', '[]', '2025-10-20 14:31:34.837000', '2025-10-20 14:31:34.837000', '2025-10-20 14:31:34.837000', NULL, NULL, NULL);
INSERT INTO `admin_permissions` (`id`, `document_id`, `action`, `action_parameters`, `subject`, `properties`, `conditions`, `created_at`, `updated_at`, `published_at`, `created_by_id`, `updated_by_id`, `locale`) VALUES (58, 't83cg80l14fic5du82mk1ckg', 'plugin::content-manager.explorer.create', '{}', 'plugin::users-permissions.user', '{\"fields\": [\"username\", \"email\", \"provider\", \"password\", \"resetPasswordToken\", \"confirmationToken\", \"confirmed\", \"blocked\", \"role\"]}', '[]', '2025-10-20 14:31:34.860000', '2025-10-20 14:31:34.860000', '2025-10-20 14:31:34.861000', NULL, NULL, NULL);
INSERT INTO `admin_permissions` (`id`, `document_id`, `action`, `action_parameters`, `subject`, `properties`, `conditions`, `created_at`, `updated_at`, `published_at`, `created_by_id`, `updated_by_id`, `locale`) VALUES (59, 'dgkzwhtxtekpj2tb9ckgrdbl', 'plugin::content-manager.explorer.create', '{}', 'api::about.about', '{\"fields\": [\"title\", \"blocks\"]}', '[]', '2025-10-20 14:31:34.870000', '2025-10-20 14:31:34.870000', '2025-10-20 14:31:34.870000', NULL, NULL, NULL);
INSERT INTO `admin_permissions` (`id`, `document_id`, `action`, `action_parameters`, `subject`, `properties`, `conditions`, `created_at`, `updated_at`, `published_at`, `created_by_id`, `updated_by_id`, `locale`) VALUES (60, 'zfu9f5r67rz4c71dg2toizwg', 'plugin::content-manager.explorer.create', '{}', 'api::article.article', '{\"fields\": [\"title\", \"description\", \"slug\", \"cover\", \"author\", \"category\", \"blocks\"]}', '[]', '2025-10-20 14:31:34.878000', '2025-10-20 14:31:34.878000', '2025-10-20 14:31:34.878000', NULL, NULL, NULL);
INSERT INTO `admin_permissions` (`id`, `document_id`, `action`, `action_parameters`, `subject`, `properties`, `conditions`, `created_at`, `updated_at`, `published_at`, `created_by_id`, `updated_by_id`, `locale`) VALUES (61, 'pn8oignnnh4aqa9fklpn3x9h', 'plugin::content-manager.explorer.create', '{}', 'api::author.author', '{\"fields\": [\"name\", \"avatar\", \"email\", \"articles\"]}', '[]', '2025-10-20 14:31:34.883000', '2025-10-20 14:31:34.883000', '2025-10-20 14:31:34.883000', NULL, NULL, NULL);
INSERT INTO `admin_permissions` (`id`, `document_id`, `action`, `action_parameters`, `subject`, `properties`, `conditions`, `created_at`, `updated_at`, `published_at`, `created_by_id`, `updated_by_id`, `locale`) VALUES (62, 'm5crh9hgdysbvch7iwxvpn4o', 'plugin::content-manager.explorer.create', '{}', 'api::category.category', '{\"fields\": [\"name\", \"slug\", \"articles\", \"description\"]}', '[]', '2025-10-20 14:31:34.888000', '2025-10-20 14:31:34.888000', '2025-10-20 14:31:34.888000', NULL, NULL, NULL);
INSERT INTO `admin_permissions` (`id`, `document_id`, `action`, `action_parameters`, `subject`, `properties`, `conditions`, `created_at`, `updated_at`, `published_at`, `created_by_id`, `updated_by_id`, `locale`) VALUES (63, 'cyito332uwjx3le1jfzt31z6', 'plugin::content-manager.explorer.create', '{}', 'api::global.global', '{\"fields\": [\"siteName\", \"favicon\", \"siteDescription\", \"defaultSeo.metaTitle\", \"defaultSeo.metaDescription\", \"defaultSeo.shareImage\"]}', '[]', '2025-10-20 14:31:34.893000', '2025-10-20 14:31:34.893000', '2025-10-20 14:31:34.893000', NULL, NULL, NULL);
INSERT INTO `admin_permissions` (`id`, `document_id`, `action`, `action_parameters`, `subject`, `properties`, `conditions`, `created_at`, `updated_at`, `published_at`, `created_by_id`, `updated_by_id`, `locale`) VALUES (64, 'oiiz0mp23lql91q82vfnn7f4', 'plugin::content-manager.explorer.read', '{}', 'plugin::users-permissions.user', '{\"fields\": [\"username\", \"email\", \"provider\", \"password\", \"resetPasswordToken\", \"confirmationToken\", \"confirmed\", \"blocked\", \"role\"]}', '[]', '2025-10-20 14:31:34.898000', '2025-10-20 14:31:34.898000', '2025-10-20 14:31:34.898000', NULL, NULL, NULL);
INSERT INTO `admin_permissions` (`id`, `document_id`, `action`, `action_parameters`, `subject`, `properties`, `conditions`, `created_at`, `updated_at`, `published_at`, `created_by_id`, `updated_by_id`, `locale`) VALUES (65, 's29xcylz6g60fpyfqr3bp97j', 'plugin::content-manager.explorer.read', '{}', 'api::about.about', '{\"fields\": [\"title\", \"blocks\"]}', '[]', '2025-10-20 14:31:34.903000', '2025-10-20 14:31:34.903000', '2025-10-20 14:31:34.903000', NULL, NULL, NULL);
INSERT INTO `admin_permissions` (`id`, `document_id`, `action`, `action_parameters`, `subject`, `properties`, `conditions`, `created_at`, `updated_at`, `published_at`, `created_by_id`, `updated_by_id`, `locale`) VALUES (66, 'mkbytjc8ls3fofx8ldhmh86a', 'plugin::content-manager.explorer.read', '{}', 'api::article.article', '{\"fields\": [\"title\", \"description\", \"slug\", \"cover\", \"author\", \"category\", \"blocks\"]}', '[]', '2025-10-20 14:31:34.908000', '2025-10-20 14:31:34.908000', '2025-10-20 14:31:34.908000', NULL, NULL, NULL);
INSERT INTO `admin_permissions` (`id`, `document_id`, `action`, `action_parameters`, `subject`, `properties`, `conditions`, `created_at`, `updated_at`, `published_at`, `created_by_id`, `updated_by_id`, `locale`) VALUES (67, 'ccwpufnjip2pmwxk14o0y17q', 'plugin::content-manager.explorer.read', '{}', 'api::author.author', '{\"fields\": [\"name\", \"avatar\", \"email\", \"articles\"]}', '[]', '2025-10-20 14:31:34.913000', '2025-10-20 14:31:34.913000', '2025-10-20 14:31:34.913000', NULL, NULL, NULL);
INSERT INTO `admin_permissions` (`id`, `document_id`, `action`, `action_parameters`, `subject`, `properties`, `conditions`, `created_at`, `updated_at`, `published_at`, `created_by_id`, `updated_by_id`, `locale`) VALUES (68, 'fn6ruikl76h1gminp7r1rd85', 'plugin::content-manager.explorer.read', '{}', 'api::category.category', '{\"fields\": [\"name\", \"slug\", \"articles\", \"description\"]}', '[]', '2025-10-20 14:31:34.919000', '2025-10-20 14:31:34.919000', '2025-10-20 14:31:34.919000', NULL, NULL, NULL);
INSERT INTO `admin_permissions` (`id`, `document_id`, `action`, `action_parameters`, `subject`, `properties`, `conditions`, `created_at`, `updated_at`, `published_at`, `created_by_id`, `updated_by_id`, `locale`) VALUES (69, 'aaeucjqo2oxv8y9bwgt7ynyo', 'plugin::content-manager.explorer.read', '{}', 'api::global.global', '{\"fields\": [\"siteName\", \"favicon\", \"siteDescription\", \"defaultSeo.metaTitle\", \"defaultSeo.metaDescription\", \"defaultSeo.shareImage\"]}', '[]', '2025-10-20 14:31:34.924000', '2025-10-20 14:31:34.924000', '2025-10-20 14:31:34.924000', NULL, NULL, NULL);
INSERT INTO `admin_permissions` (`id`, `document_id`, `action`, `action_parameters`, `subject`, `properties`, `conditions`, `created_at`, `updated_at`, `published_at`, `created_by_id`, `updated_by_id`, `locale`) VALUES (70, 'xknxztytoqu6nkckjxxg4ph9', 'plugin::content-manager.explorer.update', '{}', 'plugin::users-permissions.user', '{\"fields\": [\"username\", \"email\", \"provider\", \"password\", \"resetPasswordToken\", \"confirmationToken\", \"confirmed\", \"blocked\", \"role\"]}', '[]', '2025-10-20 14:31:34.929000', '2025-10-20 14:31:34.929000', '2025-10-20 14:31:34.929000', NULL, NULL, NULL);
INSERT INTO `admin_permissions` (`id`, `document_id`, `action`, `action_parameters`, `subject`, `properties`, `conditions`, `created_at`, `updated_at`, `published_at`, `created_by_id`, `updated_by_id`, `locale`) VALUES (71, 'yuqfocrco1zpd0yp4pexh1ao', 'plugin::content-manager.explorer.update', '{}', 'api::about.about', '{\"fields\": [\"title\", \"blocks\"]}', '[]', '2025-10-20 14:31:34.935000', '2025-10-20 14:31:34.935000', '2025-10-20 14:31:34.935000', NULL, NULL, NULL);
INSERT INTO `admin_permissions` (`id`, `document_id`, `action`, `action_parameters`, `subject`, `properties`, `conditions`, `created_at`, `updated_at`, `published_at`, `created_by_id`, `updated_by_id`, `locale`) VALUES (72, 'eez390tqztclpl4s2ilm853c', 'plugin::content-manager.explorer.update', '{}', 'api::article.article', '{\"fields\": [\"title\", \"description\", \"slug\", \"cover\", \"author\", \"category\", \"blocks\"]}', '[]', '2025-10-20 14:31:34.940000', '2025-10-20 14:31:34.940000', '2025-10-20 14:31:34.940000', NULL, NULL, NULL);
INSERT INTO `admin_permissions` (`id`, `document_id`, `action`, `action_parameters`, `subject`, `properties`, `conditions`, `created_at`, `updated_at`, `published_at`, `created_by_id`, `updated_by_id`, `locale`) VALUES (73, 'nl6lln6kydrofooso4df6a4j', 'plugin::content-manager.explorer.update', '{}', 'api::author.author', '{\"fields\": [\"name\", \"avatar\", \"email\", \"articles\"]}', '[]', '2025-10-20 14:31:34.945000', '2025-10-20 14:31:34.945000', '2025-10-20 14:31:34.945000', NULL, NULL, NULL);
INSERT INTO `admin_permissions` (`id`, `document_id`, `action`, `action_parameters`, `subject`, `properties`, `conditions`, `created_at`, `updated_at`, `published_at`, `created_by_id`, `updated_by_id`, `locale`) VALUES (74, 'un1m7lkpphf9y55xrpx6onlu', 'plugin::content-manager.explorer.update', '{}', 'api::category.category', '{\"fields\": [\"name\", \"slug\", \"articles\", \"description\"]}', '[]', '2025-10-20 14:31:34.951000', '2025-10-20 14:31:34.951000', '2025-10-20 14:31:34.951000', NULL, NULL, NULL);
INSERT INTO `admin_permissions` (`id`, `document_id`, `action`, `action_parameters`, `subject`, `properties`, `conditions`, `created_at`, `updated_at`, `published_at`, `created_by_id`, `updated_by_id`, `locale`) VALUES (75, 'nqrvth82tvd78bt4daw330a6', 'plugin::content-manager.explorer.update', '{}', 'api::global.global', '{\"fields\": [\"siteName\", \"favicon\", \"siteDescription\", \"defaultSeo.metaTitle\", \"defaultSeo.metaDescription\", \"defaultSeo.shareImage\"]}', '[]', '2025-10-20 14:31:34.957000', '2025-10-20 14:31:34.957000', '2025-10-20 14:31:34.957000', NULL, NULL, NULL);
INSERT INTO `admin_permissions` (`id`, `document_id`, `action`, `action_parameters`, `subject`, `properties`, `conditions`, `created_at`, `updated_at`, `published_at`, `created_by_id`, `updated_by_id`, `locale`) VALUES (76, 'xgbw8lq2rfwbu3w9svhwm67n', 'plugin::content-manager.explorer.delete', '{}', 'plugin::users-permissions.user', '{}', '[]', '2025-10-20 14:31:34.965000', '2025-10-20 14:31:34.965000', '2025-10-20 14:31:34.965000', NULL, NULL, NULL);
INSERT INTO `admin_permissions` (`id`, `document_id`, `action`, `action_parameters`, `subject`, `properties`, `conditions`, `created_at`, `updated_at`, `published_at`, `created_by_id`, `updated_by_id`, `locale`) VALUES (77, 'qo2gyqra5sdvvwspqs1pvw2s', 'plugin::content-manager.explorer.delete', '{}', 'api::about.about', '{}', '[]', '2025-10-20 14:31:34.970000', '2025-10-20 14:31:34.970000', '2025-10-20 14:31:34.970000', NULL, NULL, NULL);
INSERT INTO `admin_permissions` (`id`, `document_id`, `action`, `action_parameters`, `subject`, `properties`, `conditions`, `created_at`, `updated_at`, `published_at`, `created_by_id`, `updated_by_id`, `locale`) VALUES (78, 'mtr9ix90yn56sg304s9h55qo', 'plugin::content-manager.explorer.delete', '{}', 'api::article.article', '{}', '[]', '2025-10-20 14:31:34.975000', '2025-10-20 14:31:34.975000', '2025-10-20 14:31:34.975000', NULL, NULL, NULL);
INSERT INTO `admin_permissions` (`id`, `document_id`, `action`, `action_parameters`, `subject`, `properties`, `conditions`, `created_at`, `updated_at`, `published_at`, `created_by_id`, `updated_by_id`, `locale`) VALUES (79, 'hdqlz3zric45tuqdh62yk498', 'plugin::content-manager.explorer.delete', '{}', 'api::author.author', '{}', '[]', '2025-10-20 14:31:34.980000', '2025-10-20 14:31:34.980000', '2025-10-20 14:31:34.980000', NULL, NULL, NULL);
INSERT INTO `admin_permissions` (`id`, `document_id`, `action`, `action_parameters`, `subject`, `properties`, `conditions`, `created_at`, `updated_at`, `published_at`, `created_by_id`, `updated_by_id`, `locale`) VALUES (80, 'y5tq0eawcaz8atbkxmvojno8', 'plugin::content-manager.explorer.delete', '{}', 'api::category.category', '{}', '[]', '2025-10-20 14:31:34.984000', '2025-10-20 14:31:34.984000', '2025-10-20 14:31:34.985000', NULL, NULL, NULL);
INSERT INTO `admin_permissions` (`id`, `document_id`, `action`, `action_parameters`, `subject`, `properties`, `conditions`, `created_at`, `updated_at`, `published_at`, `created_by_id`, `updated_by_id`, `locale`) VALUES (81, 'rr4ockyffbk0sddxd8thajcw', 'plugin::content-manager.explorer.delete', '{}', 'api::global.global', '{}', '[]', '2025-10-20 14:31:34.989000', '2025-10-20 14:31:34.989000', '2025-10-20 14:31:34.989000', NULL, NULL, NULL);
INSERT INTO `admin_permissions` (`id`, `document_id`, `action`, `action_parameters`, `subject`, `properties`, `conditions`, `created_at`, `updated_at`, `published_at`, `created_by_id`, `updated_by_id`, `locale`) VALUES (82, 'u9lov08a9hkaw9j8sipv518u', 'plugin::content-manager.explorer.publish', '{}', 'plugin::users-permissions.user', '{}', '[]', '2025-10-20 14:31:34.996000', '2025-10-20 14:31:34.996000', '2025-10-20 14:31:34.996000', NULL, NULL, NULL);
INSERT INTO `admin_permissions` (`id`, `document_id`, `action`, `action_parameters`, `subject`, `properties`, `conditions`, `created_at`, `updated_at`, `published_at`, `created_by_id`, `updated_by_id`, `locale`) VALUES (83, 'r3wh5pwvg593lvo9v6xnkn79', 'plugin::content-manager.explorer.publish', '{}', 'api::about.about', '{}', '[]', '2025-10-20 14:31:35.001000', '2025-10-20 14:31:35.001000', '2025-10-20 14:31:35.002000', NULL, NULL, NULL);
INSERT INTO `admin_permissions` (`id`, `document_id`, `action`, `action_parameters`, `subject`, `properties`, `conditions`, `created_at`, `updated_at`, `published_at`, `created_by_id`, `updated_by_id`, `locale`) VALUES (84, 'mzsnywixaa8gd2dx2w0yeo9t', 'plugin::content-manager.explorer.publish', '{}', 'api::article.article', '{}', '[]', '2025-10-20 14:31:35.007000', '2025-10-20 14:31:35.007000', '2025-10-20 14:31:35.007000', NULL, NULL, NULL);
INSERT INTO `admin_permissions` (`id`, `document_id`, `action`, `action_parameters`, `subject`, `properties`, `conditions`, `created_at`, `updated_at`, `published_at`, `created_by_id`, `updated_by_id`, `locale`) VALUES (85, 'z6b4g63ommmnkn106urvjvfp', 'plugin::content-manager.explorer.publish', '{}', 'api::author.author', '{}', '[]', '2025-10-20 14:31:35.013000', '2025-10-20 14:31:35.013000', '2025-10-20 14:31:35.013000', NULL, NULL, NULL);
INSERT INTO `admin_permissions` (`id`, `document_id`, `action`, `action_parameters`, `subject`, `properties`, `conditions`, `created_at`, `updated_at`, `published_at`, `created_by_id`, `updated_by_id`, `locale`) VALUES (86, 'xan6k0bivnrt5k24fc45rvql', 'plugin::content-manager.explorer.publish', '{}', 'api::category.category', '{}', '[]', '2025-10-20 14:31:35.019000', '2025-10-20 14:31:35.019000', '2025-10-20 14:31:35.019000', NULL, NULL, NULL);
INSERT INTO `admin_permissions` (`id`, `document_id`, `action`, `action_parameters`, `subject`, `properties`, `conditions`, `created_at`, `updated_at`, `published_at`, `created_by_id`, `updated_by_id`, `locale`) VALUES (87, 'nhe780l5uyj6hwruwh7z9y8l', 'plugin::content-manager.explorer.publish', '{}', 'api::global.global', '{}', '[]', '2025-10-20 14:31:35.024000', '2025-10-20 14:31:35.024000', '2025-10-20 14:31:35.024000', NULL, NULL, NULL);
INSERT INTO `admin_permissions` (`id`, `document_id`, `action`, `action_parameters`, `subject`, `properties`, `conditions`, `created_at`, `updated_at`, `published_at`, `created_by_id`, `updated_by_id`, `locale`) VALUES (97, 'qosve2akjztu6lh0uq1ytsdq', 'plugin::content-manager.single-types.configure-view', '{}', NULL, '{}', '[]', '2025-10-20 14:31:35.084000', '2025-10-20 14:31:35.084000', '2025-10-20 14:31:35.085000', NULL, NULL, NULL);
INSERT INTO `admin_permissions` (`id`, `document_id`, `action`, `action_parameters`, `subject`, `properties`, `conditions`, `created_at`, `updated_at`, `published_at`, `created_by_id`, `updated_by_id`, `locale`) VALUES (98, 'x6ge04x1jar4s27q4obr1mqh', 'plugin::content-manager.collection-types.configure-view', '{}', NULL, '{}', '[]', '2025-10-20 14:31:35.090000', '2025-10-20 14:31:35.090000', '2025-10-20 14:31:35.091000', NULL, NULL, NULL);
INSERT INTO `admin_permissions` (`id`, `document_id`, `action`, `action_parameters`, `subject`, `properties`, `conditions`, `created_at`, `updated_at`, `published_at`, `created_by_id`, `updated_by_id`, `locale`) VALUES (99, 'kh8l5b2ki5ko2cyr341sc35z', 'plugin::content-manager.components.configure-layout', '{}', NULL, '{}', '[]', '2025-10-20 14:31:35.105000', '2025-10-20 14:31:35.105000', '2025-10-20 14:31:35.105000', NULL, NULL, NULL);
INSERT INTO `admin_permissions` (`id`, `document_id`, `action`, `action_parameters`, `subject`, `properties`, `conditions`, `created_at`, `updated_at`, `published_at`, `created_by_id`, `updated_by_id`, `locale`) VALUES (100, 'jdde9y3oefj7r72n1mwujgul', 'plugin::content-type-builder.read', '{}', NULL, '{}', '[]', '2025-10-20 14:31:35.110000', '2025-10-20 14:31:35.110000', '2025-10-20 14:31:35.110000', NULL, NULL, NULL);
INSERT INTO `admin_permissions` (`id`, `document_id`, `action`, `action_parameters`, `subject`, `properties`, `conditions`, `created_at`, `updated_at`, `published_at`, `created_by_id`, `updated_by_id`, `locale`) VALUES (101, 'fw0af3p6hqn79nkulfe8jo3l', 'plugin::email.settings.read', '{}', NULL, '{}', '[]', '2025-10-20 14:31:35.114000', '2025-10-20 14:31:35.114000', '2025-10-20 14:31:35.114000', NULL, NULL, NULL);
INSERT INTO `admin_permissions` (`id`, `document_id`, `action`, `action_parameters`, `subject`, `properties`, `conditions`, `created_at`, `updated_at`, `published_at`, `created_by_id`, `updated_by_id`, `locale`) VALUES (102, 'ckpw5l2vwijo6yrhwzxzmv3j', 'plugin::upload.read', '{}', NULL, '{}', '[]', '2025-10-20 14:31:35.119000', '2025-10-20 14:31:35.119000', '2025-10-20 14:31:35.119000', NULL, NULL, NULL);
INSERT INTO `admin_permissions` (`id`, `document_id`, `action`, `action_parameters`, `subject`, `properties`, `conditions`, `created_at`, `updated_at`, `published_at`, `created_by_id`, `updated_by_id`, `locale`) VALUES (103, 'f2nz5n0bwkz5c1rsrsshib4x', 'plugin::upload.assets.create', '{}', NULL, '{}', '[]', '2025-10-20 14:31:35.124000', '2025-10-20 14:31:35.124000', '2025-10-20 14:31:35.124000', NULL, NULL, NULL);
INSERT INTO `admin_permissions` (`id`, `document_id`, `action`, `action_parameters`, `subject`, `properties`, `conditions`, `created_at`, `updated_at`, `published_at`, `created_by_id`, `updated_by_id`, `locale`) VALUES (104, 'u5slf9pios6micvl9dl3b2am', 'plugin::upload.assets.update', '{}', NULL, '{}', '[]', '2025-10-20 14:31:35.130000', '2025-10-20 14:31:35.130000', '2025-10-20 14:31:35.130000', NULL, NULL, NULL);
INSERT INTO `admin_permissions` (`id`, `document_id`, `action`, `action_parameters`, `subject`, `properties`, `conditions`, `created_at`, `updated_at`, `published_at`, `created_by_id`, `updated_by_id`, `locale`) VALUES (105, 'el3a6v9msrpbnwcf0zhqcmbq', 'plugin::upload.assets.download', '{}', NULL, '{}', '[]', '2025-10-20 14:31:35.137000', '2025-10-20 14:31:35.137000', '2025-10-20 14:31:35.137000', NULL, NULL, NULL);
INSERT INTO `admin_permissions` (`id`, `document_id`, `action`, `action_parameters`, `subject`, `properties`, `conditions`, `created_at`, `updated_at`, `published_at`, `created_by_id`, `updated_by_id`, `locale`) VALUES (106, 'a225udh4p05u8d9luc0jui77', 'plugin::upload.assets.copy-link', '{}', NULL, '{}', '[]', '2025-10-20 14:31:35.143000', '2025-10-20 14:31:35.143000', '2025-10-20 14:31:35.143000', NULL, NULL, NULL);
INSERT INTO `admin_permissions` (`id`, `document_id`, `action`, `action_parameters`, `subject`, `properties`, `conditions`, `created_at`, `updated_at`, `published_at`, `created_by_id`, `updated_by_id`, `locale`) VALUES (107, 'z9wqsr5pknfjn6yx9kex2o7j', 'plugin::upload.configure-view', '{}', NULL, '{}', '[]', '2025-10-20 14:31:35.148000', '2025-10-20 14:31:35.148000', '2025-10-20 14:31:35.148000', NULL, NULL, NULL);
INSERT INTO `admin_permissions` (`id`, `document_id`, `action`, `action_parameters`, `subject`, `properties`, `conditions`, `created_at`, `updated_at`, `published_at`, `created_by_id`, `updated_by_id`, `locale`) VALUES (108, 'ztn7195ckin2eyhcrjbvgw3a', 'plugin::upload.settings.read', '{}', NULL, '{}', '[]', '2025-10-20 14:31:35.154000', '2025-10-20 14:31:35.154000', '2025-10-20 14:31:35.154000', NULL, NULL, NULL);
INSERT INTO `admin_permissions` (`id`, `document_id`, `action`, `action_parameters`, `subject`, `properties`, `conditions`, `created_at`, `updated_at`, `published_at`, `created_by_id`, `updated_by_id`, `locale`) VALUES (109, 'b4unead1zec0k5uqvqflar8g', 'plugin::i18n.locale.create', '{}', NULL, '{}', '[]', '2025-10-20 14:31:35.160000', '2025-10-20 14:31:35.160000', '2025-10-20 14:31:35.160000', NULL, NULL, NULL);
INSERT INTO `admin_permissions` (`id`, `document_id`, `action`, `action_parameters`, `subject`, `properties`, `conditions`, `created_at`, `updated_at`, `published_at`, `created_by_id`, `updated_by_id`, `locale`) VALUES (110, 'lko3f5v88lue2e7hda9pibz4', 'plugin::i18n.locale.read', '{}', NULL, '{}', '[]', '2025-10-20 14:31:35.165000', '2025-10-20 14:31:35.165000', '2025-10-20 14:31:35.165000', NULL, NULL, NULL);
INSERT INTO `admin_permissions` (`id`, `document_id`, `action`, `action_parameters`, `subject`, `properties`, `conditions`, `created_at`, `updated_at`, `published_at`, `created_by_id`, `updated_by_id`, `locale`) VALUES (111, 'ep9alnc0rn0c7j6v25v8n2zj', 'plugin::i18n.locale.update', '{}', NULL, '{}', '[]', '2025-10-20 14:31:35.170000', '2025-10-20 14:31:35.170000', '2025-10-20 14:31:35.170000', NULL, NULL, NULL);
INSERT INTO `admin_permissions` (`id`, `document_id`, `action`, `action_parameters`, `subject`, `properties`, `conditions`, `created_at`, `updated_at`, `published_at`, `created_by_id`, `updated_by_id`, `locale`) VALUES (112, 'yzj5zgr3lntnwz02ptsaxcnu', 'plugin::i18n.locale.delete', '{}', NULL, '{}', '[]', '2025-10-20 14:31:35.175000', '2025-10-20 14:31:35.175000', '2025-10-20 14:31:35.175000', NULL, NULL, NULL);
INSERT INTO `admin_permissions` (`id`, `document_id`, `action`, `action_parameters`, `subject`, `properties`, `conditions`, `created_at`, `updated_at`, `published_at`, `created_by_id`, `updated_by_id`, `locale`) VALUES (113, 'rd73m3egm0u3cnkdp0ewfga5', 'plugin::users-permissions.roles.create', '{}', NULL, '{}', '[]', '2025-10-20 14:31:35.180000', '2025-10-20 14:31:35.180000', '2025-10-20 14:31:35.180000', NULL, NULL, NULL);
INSERT INTO `admin_permissions` (`id`, `document_id`, `action`, `action_parameters`, `subject`, `properties`, `conditions`, `created_at`, `updated_at`, `published_at`, `created_by_id`, `updated_by_id`, `locale`) VALUES (114, 'noyp0fgplwm9ra2tuthpgscu', 'plugin::users-permissions.roles.read', '{}', NULL, '{}', '[]', '2025-10-20 14:31:35.185000', '2025-10-20 14:31:35.185000', '2025-10-20 14:31:35.185000', NULL, NULL, NULL);
INSERT INTO `admin_permissions` (`id`, `document_id`, `action`, `action_parameters`, `subject`, `properties`, `conditions`, `created_at`, `updated_at`, `published_at`, `created_by_id`, `updated_by_id`, `locale`) VALUES (115, 'hl1ij9hzxlqvfj49hqhyruv0', 'plugin::users-permissions.roles.update', '{}', NULL, '{}', '[]', '2025-10-20 14:31:35.191000', '2025-10-20 14:31:35.191000', '2025-10-20 14:31:35.191000', NULL, NULL, NULL);
INSERT INTO `admin_permissions` (`id`, `document_id`, `action`, `action_parameters`, `subject`, `properties`, `conditions`, `created_at`, `updated_at`, `published_at`, `created_by_id`, `updated_by_id`, `locale`) VALUES (116, 'crrliej07c8fakr53q2no4mw', 'plugin::users-permissions.roles.delete', '{}', NULL, '{}', '[]', '2025-10-20 14:31:35.195000', '2025-10-20 14:31:35.195000', '2025-10-20 14:31:35.195000', NULL, NULL, NULL);
INSERT INTO `admin_permissions` (`id`, `document_id`, `action`, `action_parameters`, `subject`, `properties`, `conditions`, `created_at`, `updated_at`, `published_at`, `created_by_id`, `updated_by_id`, `locale`) VALUES (117, 'ghvnzbffnm6xipe9bopoh66h', 'plugin::users-permissions.providers.read', '{}', NULL, '{}', '[]', '2025-10-20 14:31:35.200000', '2025-10-20 14:31:35.200000', '2025-10-20 14:31:35.200000', NULL, NULL, NULL);
INSERT INTO `admin_permissions` (`id`, `document_id`, `action`, `action_parameters`, `subject`, `properties`, `conditions`, `created_at`, `updated_at`, `published_at`, `created_by_id`, `updated_by_id`, `locale`) VALUES (118, 'poblws4zxhw9o7t7o1ok7iq8', 'plugin::users-permissions.providers.update', '{}', NULL, '{}', '[]', '2025-10-20 14:31:35.205000', '2025-10-20 14:31:35.205000', '2025-10-20 14:31:35.205000', NULL, NULL, NULL);
INSERT INTO `admin_permissions` (`id`, `document_id`, `action`, `action_parameters`, `subject`, `properties`, `conditions`, `created_at`, `updated_at`, `published_at`, `created_by_id`, `updated_by_id`, `locale`) VALUES (119, 'yoimuffz4mxd59u6t8atqed4', 'plugin::users-permissions.email-templates.read', '{}', NULL, '{}', '[]', '2025-10-20 14:31:35.209000', '2025-10-20 14:31:35.209000', '2025-10-20 14:31:35.209000', NULL, NULL, NULL);
INSERT INTO `admin_permissions` (`id`, `document_id`, `action`, `action_parameters`, `subject`, `properties`, `conditions`, `created_at`, `updated_at`, `published_at`, `created_by_id`, `updated_by_id`, `locale`) VALUES (120, 'lhjk2zzajr2wprh5s63tcscn', 'plugin::users-permissions.email-templates.update', '{}', NULL, '{}', '[]', '2025-10-20 14:31:35.213000', '2025-10-20 14:31:35.213000', '2025-10-20 14:31:35.213000', NULL, NULL, NULL);
INSERT INTO `admin_permissions` (`id`, `document_id`, `action`, `action_parameters`, `subject`, `properties`, `conditions`, `created_at`, `updated_at`, `published_at`, `created_by_id`, `updated_by_id`, `locale`) VALUES (121, 'kbz31hsc9f84aikonnlo61tk', 'plugin::users-permissions.advanced-settings.read', '{}', NULL, '{}', '[]', '2025-10-20 14:31:35.218000', '2025-10-20 14:31:35.218000', '2025-10-20 14:31:35.218000', NULL, NULL, NULL);
INSERT INTO `admin_permissions` (`id`, `document_id`, `action`, `action_parameters`, `subject`, `properties`, `conditions`, `created_at`, `updated_at`, `published_at`, `created_by_id`, `updated_by_id`, `locale`) VALUES (122, 'qr71v3flyj750prmpsdvpjh3', 'plugin::users-permissions.advanced-settings.update', '{}', NULL, '{}', '[]', '2025-10-20 14:31:35.223000', '2025-10-20 14:31:35.223000', '2025-10-20 14:31:35.223000', NULL, NULL, NULL);
INSERT INTO `admin_permissions` (`id`, `document_id`, `action`, `action_parameters`, `subject`, `properties`, `conditions`, `created_at`, `updated_at`, `published_at`, `created_by_id`, `updated_by_id`, `locale`) VALUES (125, 'hv6ow0wftjs7spzovfcukfc2', 'admin::marketplace.read', '{}', NULL, '{}', '[]', '2025-10-20 14:31:35.238000', '2025-10-20 14:31:35.238000', '2025-10-20 14:31:35.238000', NULL, NULL, NULL);
INSERT INTO `admin_permissions` (`id`, `document_id`, `action`, `action_parameters`, `subject`, `properties`, `conditions`, `created_at`, `updated_at`, `published_at`, `created_by_id`, `updated_by_id`, `locale`) VALUES (126, 'lkmtzsp8dkdk6tyjb633aums', 'admin::webhooks.create', '{}', NULL, '{}', '[]', '2025-10-20 14:31:35.243000', '2025-10-20 14:31:35.243000', '2025-10-20 14:31:35.243000', NULL, NULL, NULL);
INSERT INTO `admin_permissions` (`id`, `document_id`, `action`, `action_parameters`, `subject`, `properties`, `conditions`, `created_at`, `updated_at`, `published_at`, `created_by_id`, `updated_by_id`, `locale`) VALUES (127, 'wrkbpx7nalrsqtgwxbfauxxm', 'admin::webhooks.read', '{}', NULL, '{}', '[]', '2025-10-20 14:31:35.249000', '2025-10-20 14:31:35.249000', '2025-10-20 14:31:35.249000', NULL, NULL, NULL);
INSERT INTO `admin_permissions` (`id`, `document_id`, `action`, `action_parameters`, `subject`, `properties`, `conditions`, `created_at`, `updated_at`, `published_at`, `created_by_id`, `updated_by_id`, `locale`) VALUES (128, 'kqyaeaz4kucvwdn0r91zl9sq', 'admin::webhooks.update', '{}', NULL, '{}', '[]', '2025-10-20 14:31:35.254000', '2025-10-20 14:31:35.254000', '2025-10-20 14:31:35.254000', NULL, NULL, NULL);
INSERT INTO `admin_permissions` (`id`, `document_id`, `action`, `action_parameters`, `subject`, `properties`, `conditions`, `created_at`, `updated_at`, `published_at`, `created_by_id`, `updated_by_id`, `locale`) VALUES (129, 'cqc5s0hrbf1qmcs08bs992y8', 'admin::webhooks.delete', '{}', NULL, '{}', '[]', '2025-10-20 14:31:35.259000', '2025-10-20 14:31:35.259000', '2025-10-20 14:31:35.259000', NULL, NULL, NULL);
INSERT INTO `admin_permissions` (`id`, `document_id`, `action`, `action_parameters`, `subject`, `properties`, `conditions`, `created_at`, `updated_at`, `published_at`, `created_by_id`, `updated_by_id`, `locale`) VALUES (130, 'gbqids8md8p38c3jzv2tztpz', 'admin::users.create', '{}', NULL, '{}', '[]', '2025-10-20 14:31:35.266000', '2025-10-20 14:31:35.266000', '2025-10-20 14:31:35.266000', NULL, NULL, NULL);
INSERT INTO `admin_permissions` (`id`, `document_id`, `action`, `action_parameters`, `subject`, `properties`, `conditions`, `created_at`, `updated_at`, `published_at`, `created_by_id`, `updated_by_id`, `locale`) VALUES (131, 'emiie8tphn8bwlruqfzfpzg3', 'admin::users.read', '{}', NULL, '{}', '[]', '2025-10-20 14:31:35.271000', '2025-10-20 14:31:35.271000', '2025-10-20 14:31:35.271000', NULL, NULL, NULL);
INSERT INTO `admin_permissions` (`id`, `document_id`, `action`, `action_parameters`, `subject`, `properties`, `conditions`, `created_at`, `updated_at`, `published_at`, `created_by_id`, `updated_by_id`, `locale`) VALUES (132, 'ax0618nzisfwwcs1cscxepvo', 'admin::users.update', '{}', NULL, '{}', '[]', '2025-10-20 14:31:35.277000', '2025-10-20 14:31:35.277000', '2025-10-20 14:31:35.277000', NULL, NULL, NULL);
INSERT INTO `admin_permissions` (`id`, `document_id`, `action`, `action_parameters`, `subject`, `properties`, `conditions`, `created_at`, `updated_at`, `published_at`, `created_by_id`, `updated_by_id`, `locale`) VALUES (133, 'hcol6qpf1cuwasp8fz6jjyct', 'admin::users.delete', '{}', NULL, '{}', '[]', '2025-10-20 14:31:35.283000', '2025-10-20 14:31:35.283000', '2025-10-20 14:31:35.283000', NULL, NULL, NULL);
INSERT INTO `admin_permissions` (`id`, `document_id`, `action`, `action_parameters`, `subject`, `properties`, `conditions`, `created_at`, `updated_at`, `published_at`, `created_by_id`, `updated_by_id`, `locale`) VALUES (134, 'six2398jziaphqbuelndy1jq', 'admin::roles.create', '{}', NULL, '{}', '[]', '2025-10-20 14:31:35.288000', '2025-10-20 14:31:35.288000', '2025-10-20 14:31:35.289000', NULL, NULL, NULL);
INSERT INTO `admin_permissions` (`id`, `document_id`, `action`, `action_parameters`, `subject`, `properties`, `conditions`, `created_at`, `updated_at`, `published_at`, `created_by_id`, `updated_by_id`, `locale`) VALUES (135, 'jxqtjrwtejzsqj7gkn875uda', 'admin::roles.read', '{}', NULL, '{}', '[]', '2025-10-20 14:31:35.294000', '2025-10-20 14:31:35.294000', '2025-10-20 14:31:35.294000', NULL, NULL, NULL);
INSERT INTO `admin_permissions` (`id`, `document_id`, `action`, `action_parameters`, `subject`, `properties`, `conditions`, `created_at`, `updated_at`, `published_at`, `created_by_id`, `updated_by_id`, `locale`) VALUES (136, 'znadzguiriy7x554sexw5e5u', 'admin::roles.update', '{}', NULL, '{}', '[]', '2025-10-20 14:31:35.300000', '2025-10-20 14:31:35.300000', '2025-10-20 14:31:35.300000', NULL, NULL, NULL);
INSERT INTO `admin_permissions` (`id`, `document_id`, `action`, `action_parameters`, `subject`, `properties`, `conditions`, `created_at`, `updated_at`, `published_at`, `created_by_id`, `updated_by_id`, `locale`) VALUES (137, 'qm152m7wo1qao0wawndgu9ib', 'admin::roles.delete', '{}', NULL, '{}', '[]', '2025-10-20 14:31:35.305000', '2025-10-20 14:31:35.305000', '2025-10-20 14:31:35.305000', NULL, NULL, NULL);
INSERT INTO `admin_permissions` (`id`, `document_id`, `action`, `action_parameters`, `subject`, `properties`, `conditions`, `created_at`, `updated_at`, `published_at`, `created_by_id`, `updated_by_id`, `locale`) VALUES (138, 'byf94wsxj02x1iy5ttzarygk', 'admin::api-tokens.access', '{}', NULL, '{}', '[]', '2025-10-20 14:31:35.310000', '2025-10-20 14:31:35.310000', '2025-10-20 14:31:35.310000', NULL, NULL, NULL);
INSERT INTO `admin_permissions` (`id`, `document_id`, `action`, `action_parameters`, `subject`, `properties`, `conditions`, `created_at`, `updated_at`, `published_at`, `created_by_id`, `updated_by_id`, `locale`) VALUES (139, 'q6j1v5vnz9dadc9n1kt51lt5', 'admin::api-tokens.create', '{}', NULL, '{}', '[]', '2025-10-20 14:31:35.315000', '2025-10-20 14:31:35.315000', '2025-10-20 14:31:35.315000', NULL, NULL, NULL);
INSERT INTO `admin_permissions` (`id`, `document_id`, `action`, `action_parameters`, `subject`, `properties`, `conditions`, `created_at`, `updated_at`, `published_at`, `created_by_id`, `updated_by_id`, `locale`) VALUES (140, 'j66xw63ofxpvth8b2z7xi68l', 'admin::api-tokens.read', '{}', NULL, '{}', '[]', '2025-10-20 14:31:35.319000', '2025-10-20 14:31:35.319000', '2025-10-20 14:31:35.319000', NULL, NULL, NULL);
INSERT INTO `admin_permissions` (`id`, `document_id`, `action`, `action_parameters`, `subject`, `properties`, `conditions`, `created_at`, `updated_at`, `published_at`, `created_by_id`, `updated_by_id`, `locale`) VALUES (141, 'ye9qf5z0a7djn71lfdyony53', 'admin::api-tokens.update', '{}', NULL, '{}', '[]', '2025-10-20 14:31:35.324000', '2025-10-20 14:31:35.324000', '2025-10-20 14:31:35.324000', NULL, NULL, NULL);
INSERT INTO `admin_permissions` (`id`, `document_id`, `action`, `action_parameters`, `subject`, `properties`, `conditions`, `created_at`, `updated_at`, `published_at`, `created_by_id`, `updated_by_id`, `locale`) VALUES (142, 'ke1es2jk0clpynexbv5aluna', 'admin::api-tokens.regenerate', '{}', NULL, '{}', '[]', '2025-10-20 14:31:35.330000', '2025-10-20 14:31:35.330000', '2025-10-20 14:31:35.330000', NULL, NULL, NULL);
INSERT INTO `admin_permissions` (`id`, `document_id`, `action`, `action_parameters`, `subject`, `properties`, `conditions`, `created_at`, `updated_at`, `published_at`, `created_by_id`, `updated_by_id`, `locale`) VALUES (143, 'gft4e6j2x20pdh9su66h67vx', 'admin::api-tokens.delete', '{}', NULL, '{}', '[]', '2025-10-20 14:31:35.335000', '2025-10-20 14:31:35.335000', '2025-10-20 14:31:35.335000', NULL, NULL, NULL);
INSERT INTO `admin_permissions` (`id`, `document_id`, `action`, `action_parameters`, `subject`, `properties`, `conditions`, `created_at`, `updated_at`, `published_at`, `created_by_id`, `updated_by_id`, `locale`) VALUES (144, 'vdc5w7gixwtl2k2m8gnrwno8', 'admin::project-settings.update', '{}', NULL, '{}', '[]', '2025-10-20 14:31:35.341000', '2025-10-20 14:31:35.341000', '2025-10-20 14:31:35.341000', NULL, NULL, NULL);
INSERT INTO `admin_permissions` (`id`, `document_id`, `action`, `action_parameters`, `subject`, `properties`, `conditions`, `created_at`, `updated_at`, `published_at`, `created_by_id`, `updated_by_id`, `locale`) VALUES (145, 'aevx9kysxroxxu8ni0bpcm5v', 'admin::project-settings.read', '{}', NULL, '{}', '[]', '2025-10-20 14:31:35.345000', '2025-10-20 14:31:35.345000', '2025-10-20 14:31:35.345000', NULL, NULL, NULL);
INSERT INTO `admin_permissions` (`id`, `document_id`, `action`, `action_parameters`, `subject`, `properties`, `conditions`, `created_at`, `updated_at`, `published_at`, `created_by_id`, `updated_by_id`, `locale`) VALUES (146, 'p1v3sb5ma4ypq6sguvrjpxmr', 'admin::transfer.tokens.access', '{}', NULL, '{}', '[]', '2025-10-20 14:31:35.350000', '2025-10-20 14:31:35.350000', '2025-10-20 14:31:35.350000', NULL, NULL, NULL);
INSERT INTO `admin_permissions` (`id`, `document_id`, `action`, `action_parameters`, `subject`, `properties`, `conditions`, `created_at`, `updated_at`, `published_at`, `created_by_id`, `updated_by_id`, `locale`) VALUES (147, 'bpoy00ho73yn2sp6ifjlgzsc', 'admin::transfer.tokens.create', '{}', NULL, '{}', '[]', '2025-10-20 14:31:35.355000', '2025-10-20 14:31:35.355000', '2025-10-20 14:31:35.355000', NULL, NULL, NULL);
INSERT INTO `admin_permissions` (`id`, `document_id`, `action`, `action_parameters`, `subject`, `properties`, `conditions`, `created_at`, `updated_at`, `published_at`, `created_by_id`, `updated_by_id`, `locale`) VALUES (148, 'udsctevaloxd53i75e29i12r', 'admin::transfer.tokens.read', '{}', NULL, '{}', '[]', '2025-10-20 14:31:35.361000', '2025-10-20 14:31:35.361000', '2025-10-20 14:31:35.361000', NULL, NULL, NULL);
INSERT INTO `admin_permissions` (`id`, `document_id`, `action`, `action_parameters`, `subject`, `properties`, `conditions`, `created_at`, `updated_at`, `published_at`, `created_by_id`, `updated_by_id`, `locale`) VALUES (149, 'f5rmxx6tgote2zshmi1r7nxl', 'admin::transfer.tokens.update', '{}', NULL, '{}', '[]', '2025-10-20 14:31:35.365000', '2025-10-20 14:31:35.365000', '2025-10-20 14:31:35.365000', NULL, NULL, NULL);
INSERT INTO `admin_permissions` (`id`, `document_id`, `action`, `action_parameters`, `subject`, `properties`, `conditions`, `created_at`, `updated_at`, `published_at`, `created_by_id`, `updated_by_id`, `locale`) VALUES (150, 'wyfu8lmdte1m814csghrink9', 'admin::transfer.tokens.regenerate', '{}', NULL, '{}', '[]', '2025-10-20 14:31:35.370000', '2025-10-20 14:31:35.370000', '2025-10-20 14:31:35.370000', NULL, NULL, NULL);
INSERT INTO `admin_permissions` (`id`, `document_id`, `action`, `action_parameters`, `subject`, `properties`, `conditions`, `created_at`, `updated_at`, `published_at`, `created_by_id`, `updated_by_id`, `locale`) VALUES (151, 'ipj5vv2b5ed4sus2mkm438t1', 'admin::transfer.tokens.delete', '{}', NULL, '{}', '[]', '2025-10-20 14:31:35.375000', '2025-10-20 14:31:35.375000', '2025-10-20 14:31:35.375000', NULL, NULL, NULL);
INSERT INTO `admin_permissions` (`id`, `document_id`, `action`, `action_parameters`, `subject`, `properties`, `conditions`, `created_at`, `updated_at`, `published_at`, `created_by_id`, `updated_by_id`, `locale`) VALUES (160, 'wgd7zii9olcbk70rubswns2o', 'plugin::content-manager.explorer.delete', '{}', 'api::achievement-main.achievement-main', '{}', '[]', '2025-12-03 22:14:05.299000', '2025-12-03 22:14:05.299000', '2025-12-03 22:14:05.299000', NULL, NULL, NULL);
INSERT INTO `admin_permissions` (`id`, `document_id`, `action`, `action_parameters`, `subject`, `properties`, `conditions`, `created_at`, `updated_at`, `published_at`, `created_by_id`, `updated_by_id`, `locale`) VALUES (161, 'cosou523cv3cnnw3aok6lmux', 'plugin::content-manager.explorer.publish', '{}', 'api::achievement-main.achievement-main', '{}', '[]', '2025-12-03 22:14:05.306000', '2025-12-03 22:14:05.306000', '2025-12-03 22:14:05.306000', NULL, NULL, NULL);
INSERT INTO `admin_permissions` (`id`, `document_id`, `action`, `action_parameters`, `subject`, `properties`, `conditions`, `created_at`, `updated_at`, `published_at`, `created_by_id`, `updated_by_id`, `locale`) VALUES (174, 'apby0vg8idg52a26hhyna79i', 'plugin::content-manager.explorer.delete', '{}', 'api::achievement-field-def.achievement-field-def', '{}', '[]', '2025-12-03 22:24:56.281000', '2025-12-03 22:24:56.281000', '2025-12-03 22:24:56.281000', NULL, NULL, NULL);
INSERT INTO `admin_permissions` (`id`, `document_id`, `action`, `action_parameters`, `subject`, `properties`, `conditions`, `created_at`, `updated_at`, `published_at`, `created_by_id`, `updated_by_id`, `locale`) VALUES (175, 'a50ocmkbpqb7a158r4ye9gru', 'plugin::content-manager.explorer.delete', '{}', 'api::achievement-field-value.achievement-field-value', '{}', '[]', '2025-12-03 22:24:56.290000', '2025-12-03 22:24:56.290000', '2025-12-03 22:24:56.290000', NULL, NULL, NULL);
INSERT INTO `admin_permissions` (`id`, `document_id`, `action`, `action_parameters`, `subject`, `properties`, `conditions`, `created_at`, `updated_at`, `published_at`, `created_by_id`, `updated_by_id`, `locale`) VALUES (176, 'kd4v2aysbs1o5tqsjtx9e7cd', 'plugin::content-manager.explorer.delete', '{}', 'api::achievement-type.achievement-type', '{}', '[]', '2025-12-03 22:24:56.296000', '2025-12-03 22:24:56.296000', '2025-12-03 22:24:56.296000', NULL, NULL, NULL);
INSERT INTO `admin_permissions` (`id`, `document_id`, `action`, `action_parameters`, `subject`, `properties`, `conditions`, `created_at`, `updated_at`, `published_at`, `created_by_id`, `updated_by_id`, `locale`) VALUES (177, 'f5t1iop6unm442wwm7fpyra1', 'plugin::content-manager.explorer.publish', '{}', 'api::achievement-field-def.achievement-field-def', '{}', '[]', '2025-12-03 22:24:56.302000', '2025-12-03 22:24:56.302000', '2025-12-03 22:24:56.302000', NULL, NULL, NULL);
INSERT INTO `admin_permissions` (`id`, `document_id`, `action`, `action_parameters`, `subject`, `properties`, `conditions`, `created_at`, `updated_at`, `published_at`, `created_by_id`, `updated_by_id`, `locale`) VALUES (178, 'xnnvmcpvsbd2vtwejv4wcuyt', 'plugin::content-manager.explorer.publish', '{}', 'api::achievement-field-value.achievement-field-value', '{}', '[]', '2025-12-03 22:24:56.308000', '2025-12-03 22:24:56.308000', '2025-12-03 22:24:56.308000', NULL, NULL, NULL);
INSERT INTO `admin_permissions` (`id`, `document_id`, `action`, `action_parameters`, `subject`, `properties`, `conditions`, `created_at`, `updated_at`, `published_at`, `created_by_id`, `updated_by_id`, `locale`) VALUES (179, 'n24iay1kyczf0ugsjtwp83ey', 'plugin::content-manager.explorer.publish', '{}', 'api::achievement-type.achievement-type', '{}', '[]', '2025-12-03 22:24:56.315000', '2025-12-03 22:24:56.315000', '2025-12-03 22:24:56.315000', NULL, NULL, NULL);
INSERT INTO `admin_permissions` (`id`, `document_id`, `action`, `action_parameters`, `subject`, `properties`, `conditions`, `created_at`, `updated_at`, `published_at`, `created_by_id`, `updated_by_id`, `locale`) VALUES (183, 'y6r69jrw3hndt6sfw60nsxya', 'plugin::content-manager.explorer.create', '{}', 'api::achievement-field-def.achievement-field-def', '{\"fields\": [\"field_code\", \"field_name\", \"field_type\", \"is_required\", \"description\", \"is_delete\", \"achievement_field_value_id\", \"achievement_type_id\"]}', '[]', '2025-12-03 22:58:23.653000', '2025-12-03 22:58:23.653000', '2025-12-03 22:58:23.654000', NULL, NULL, NULL);
INSERT INTO `admin_permissions` (`id`, `document_id`, `action`, `action_parameters`, `subject`, `properties`, `conditions`, `created_at`, `updated_at`, `published_at`, `created_by_id`, `updated_by_id`, `locale`) VALUES (184, 'bcnwrus7vmhzu3i88r3hsv8o', 'plugin::content-manager.explorer.create', '{}', 'api::achievement-field-value.achievement-field-value', '{\"fields\": [\"text_value\", \"boolean_value\", \"number_value\", \"date_value\", \"media_value\", \"email_value\", \"is_delete\", \"achievement_id\", \"achievement_field_def_id\"]}', '[]', '2025-12-03 22:58:23.663000', '2025-12-03 22:58:23.663000', '2025-12-03 22:58:23.663000', NULL, NULL, NULL);
INSERT INTO `admin_permissions` (`id`, `document_id`, `action`, `action_parameters`, `subject`, `properties`, `conditions`, `created_at`, `updated_at`, `published_at`, `created_by_id`, `updated_by_id`, `locale`) VALUES (186, 'mrsm8kfb44pobq2xyqv8acfj', 'plugin::content-manager.explorer.create', '{}', 'api::achievement-type.achievement-type', '{\"fields\": [\"type_code\", \"type_name\", \"description\", \"is_delete\", \"achievement_field_defs_id\", \"achievement_mains_id\"]}', '[]', '2025-12-03 22:58:23.682000', '2025-12-03 22:58:23.682000', '2025-12-03 22:58:23.682000', NULL, NULL, NULL);
INSERT INTO `admin_permissions` (`id`, `document_id`, `action`, `action_parameters`, `subject`, `properties`, `conditions`, `created_at`, `updated_at`, `published_at`, `created_by_id`, `updated_by_id`, `locale`) VALUES (187, 'caejpvwod5qp2922j7isyeti', 'plugin::content-manager.explorer.read', '{}', 'api::achievement-field-def.achievement-field-def', '{\"fields\": [\"field_code\", \"field_name\", \"field_type\", \"is_required\", \"description\", \"is_delete\", \"achievement_field_value_id\", \"achievement_type_id\"]}', '[]', '2025-12-03 22:58:23.687000', '2025-12-03 22:58:23.687000', '2025-12-03 22:58:23.688000', NULL, NULL, NULL);
INSERT INTO `admin_permissions` (`id`, `document_id`, `action`, `action_parameters`, `subject`, `properties`, `conditions`, `created_at`, `updated_at`, `published_at`, `created_by_id`, `updated_by_id`, `locale`) VALUES (188, 'o803jpnxxhta4t2170qllnfi', 'plugin::content-manager.explorer.read', '{}', 'api::achievement-field-value.achievement-field-value', '{\"fields\": [\"text_value\", \"boolean_value\", \"number_value\", \"date_value\", \"media_value\", \"email_value\", \"is_delete\", \"achievement_id\", \"achievement_field_def_id\"]}', '[]', '2025-12-03 22:58:23.693000', '2025-12-03 22:58:23.693000', '2025-12-03 22:58:23.693000', NULL, NULL, NULL);
INSERT INTO `admin_permissions` (`id`, `document_id`, `action`, `action_parameters`, `subject`, `properties`, `conditions`, `created_at`, `updated_at`, `published_at`, `created_by_id`, `updated_by_id`, `locale`) VALUES (190, 'swylwvzhhk5w94wdzr6h6nbz', 'plugin::content-manager.explorer.read', '{}', 'api::achievement-type.achievement-type', '{\"fields\": [\"type_code\", \"type_name\", \"description\", \"is_delete\", \"achievement_field_defs_id\", \"achievement_mains_id\"]}', '[]', '2025-12-03 22:58:23.706000', '2025-12-03 22:58:23.706000', '2025-12-03 22:58:23.706000', NULL, NULL, NULL);
INSERT INTO `admin_permissions` (`id`, `document_id`, `action`, `action_parameters`, `subject`, `properties`, `conditions`, `created_at`, `updated_at`, `published_at`, `created_by_id`, `updated_by_id`, `locale`) VALUES (191, 'rmqttzpvphkhfp9c1ls4yojc', 'plugin::content-manager.explorer.update', '{}', 'api::achievement-field-def.achievement-field-def', '{\"fields\": [\"field_code\", \"field_name\", \"field_type\", \"is_required\", \"description\", \"is_delete\", \"achievement_field_value_id\", \"achievement_type_id\"]}', '[]', '2025-12-03 22:58:23.711000', '2025-12-03 22:58:23.711000', '2025-12-03 22:58:23.711000', NULL, NULL, NULL);
INSERT INTO `admin_permissions` (`id`, `document_id`, `action`, `action_parameters`, `subject`, `properties`, `conditions`, `created_at`, `updated_at`, `published_at`, `created_by_id`, `updated_by_id`, `locale`) VALUES (192, 'ns719nzckqrurkaxkhjrqacr', 'plugin::content-manager.explorer.update', '{}', 'api::achievement-field-value.achievement-field-value', '{\"fields\": [\"text_value\", \"boolean_value\", \"number_value\", \"date_value\", \"media_value\", \"email_value\", \"is_delete\", \"achievement_id\", \"achievement_field_def_id\"]}', '[]', '2025-12-03 22:58:23.715000', '2025-12-03 22:58:23.715000', '2025-12-03 22:58:23.715000', NULL, NULL, NULL);
INSERT INTO `admin_permissions` (`id`, `document_id`, `action`, `action_parameters`, `subject`, `properties`, `conditions`, `created_at`, `updated_at`, `published_at`, `created_by_id`, `updated_by_id`, `locale`) VALUES (194, 'wrhh8396zoi0bkqy1ae1n2ar', 'plugin::content-manager.explorer.update', '{}', 'api::achievement-type.achievement-type', '{\"fields\": [\"type_code\", \"type_name\", \"description\", \"is_delete\", \"achievement_field_defs_id\", \"achievement_mains_id\"]}', '[]', '2025-12-03 22:58:23.726000', '2025-12-03 22:58:23.726000', '2025-12-03 22:58:23.726000', NULL, NULL, NULL);
INSERT INTO `admin_permissions` (`id`, `document_id`, `action`, `action_parameters`, `subject`, `properties`, `conditions`, `created_at`, `updated_at`, `published_at`, `created_by_id`, `updated_by_id`, `locale`) VALUES (195, 'o6142qde91cakdfute6qck02', 'plugin::content-manager.explorer.create', '{}', 'api::achievement-file.achievement-file', '{\"fields\": [\"files\", \"is_delete\", \"achievement_main_id\"]}', '[]', '2025-12-27 23:09:35.944000', '2025-12-27 23:09:35.944000', '2025-12-27 23:09:35.945000', NULL, NULL, NULL);
INSERT INTO `admin_permissions` (`id`, `document_id`, `action`, `action_parameters`, `subject`, `properties`, `conditions`, `created_at`, `updated_at`, `published_at`, `created_by_id`, `updated_by_id`, `locale`) VALUES (197, 'c8xritqhjiy84y8xi0hhc6iw', 'plugin::content-manager.explorer.read', '{}', 'api::achievement-file.achievement-file', '{\"fields\": [\"files\", \"is_delete\", \"achievement_main_id\"]}', '[]', '2025-12-27 23:09:35.950000', '2025-12-27 23:09:35.950000', '2025-12-27 23:09:35.950000', NULL, NULL, NULL);
INSERT INTO `admin_permissions` (`id`, `document_id`, `action`, `action_parameters`, `subject`, `properties`, `conditions`, `created_at`, `updated_at`, `published_at`, `created_by_id`, `updated_by_id`, `locale`) VALUES (199, 'gpddiknpvnteml4oogjlznbj', 'plugin::content-manager.explorer.update', '{}', 'api::achievement-file.achievement-file', '{\"fields\": [\"files\", \"is_delete\", \"achievement_main_id\"]}', '[]', '2025-12-27 23:09:35.954000', '2025-12-27 23:09:35.954000', '2025-12-27 23:09:35.954000', NULL, NULL, NULL);
INSERT INTO `admin_permissions` (`id`, `document_id`, `action`, `action_parameters`, `subject`, `properties`, `conditions`, `created_at`, `updated_at`, `published_at`, `created_by_id`, `updated_by_id`, `locale`) VALUES (201, 'l3qfg0at2yf1cuniwh8htf47', 'plugin::content-manager.explorer.delete', '{}', 'api::achievement-file.achievement-file', '{}', '[]', '2025-12-27 23:09:35.957000', '2025-12-27 23:09:35.957000', '2025-12-27 23:09:35.957000', NULL, NULL, NULL);
INSERT INTO `admin_permissions` (`id`, `document_id`, `action`, `action_parameters`, `subject`, `properties`, `conditions`, `created_at`, `updated_at`, `published_at`, `created_by_id`, `updated_by_id`, `locale`) VALUES (202, 'bxftuw5l3423asydtjeapabu', 'plugin::content-manager.explorer.publish', '{}', 'api::achievement-file.achievement-file', '{}', '[]', '2025-12-27 23:09:35.958000', '2025-12-27 23:09:35.958000', '2025-12-27 23:09:35.959000', NULL, NULL, NULL);
INSERT INTO `admin_permissions` (`id`, `document_id`, `action`, `action_parameters`, `subject`, `properties`, `conditions`, `created_at`, `updated_at`, `published_at`, `created_by_id`, `updated_by_id`, `locale`) VALUES (212, 'm24ormxn2ed0gpuvtf85lcg0', 'plugin::content-manager.explorer.create', '{}', 'api::achievement-main.achievement-main', '{\"fields\": [\"title\", \"achievement_status\", \"summary\", \"year\", \"authors\", \"keywords\", \"project_code\", \"project_name\", \"is_delete\", \"achievement_field_value_id\", \"achievement_type_id\", \"visibility_range\", \"achievement_files_id\", \"created_by_user_id\"]}', '[]', '2026-01-25 00:00:12.151000', '2026-01-25 00:00:12.151000', '2026-01-25 00:00:12.152000', NULL, NULL, NULL);
INSERT INTO `admin_permissions` (`id`, `document_id`, `action`, `action_parameters`, `subject`, `properties`, `conditions`, `created_at`, `updated_at`, `published_at`, `created_by_id`, `updated_by_id`, `locale`) VALUES (213, 'kvyqsc6ndmdd4braq807obd8', 'plugin::content-manager.explorer.read', '{}', 'api::achievement-main.achievement-main', '{\"fields\": [\"title\", \"achievement_status\", \"summary\", \"year\", \"authors\", \"keywords\", \"project_code\", \"project_name\", \"is_delete\", \"achievement_field_value_id\", \"achievement_type_id\", \"visibility_range\", \"achievement_files_id\", \"created_by_user_id\"]}', '[]', '2026-01-25 00:00:12.160000', '2026-01-25 00:00:12.160000', '2026-01-25 00:00:12.160000', NULL, NULL, NULL);
INSERT INTO `admin_permissions` (`id`, `document_id`, `action`, `action_parameters`, `subject`, `properties`, `conditions`, `created_at`, `updated_at`, `published_at`, `created_by_id`, `updated_by_id`, `locale`) VALUES (214, 'zugqq2j3chars4p75ucqixai', 'plugin::content-manager.explorer.update', '{}', 'api::achievement-main.achievement-main', '{\"fields\": [\"title\", \"achievement_status\", \"summary\", \"year\", \"authors\", \"keywords\", \"project_code\", \"project_name\", \"is_delete\", \"achievement_field_value_id\", \"achievement_type_id\", \"visibility_range\", \"achievement_files_id\", \"created_by_user_id\"]}', '[]', '2026-01-25 00:00:12.167000', '2026-01-25 00:00:12.167000', '2026-01-25 00:00:12.167000', NULL, NULL, NULL);
COMMIT;

-- ----------------------------
-- Table structure for admin_permissions_role_lnk
-- ----------------------------
DROP TABLE IF EXISTS `admin_permissions_role_lnk`;
CREATE TABLE `admin_permissions_role_lnk` (
  `id` int unsigned NOT NULL AUTO_INCREMENT,
  `permission_id` int unsigned DEFAULT NULL,
  `role_id` int unsigned DEFAULT NULL,
  `permission_ord` double unsigned DEFAULT NULL,
  PRIMARY KEY (`id`) USING BTREE,
  UNIQUE KEY `admin_permissions_role_lnk_uq` (`permission_id`,`role_id`) USING BTREE,
  KEY `admin_permissions_role_lnk_fk` (`permission_id`) USING BTREE,
  KEY `admin_permissions_role_lnk_ifk` (`role_id`) USING BTREE,
  KEY `admin_permissions_role_lnk_oifk` (`permission_ord`) USING BTREE,
  CONSTRAINT `admin_permissions_role_lnk_fk` FOREIGN KEY (`permission_id`) REFERENCES `admin_permissions` (`id`) ON DELETE CASCADE ON UPDATE RESTRICT,
  CONSTRAINT `admin_permissions_role_lnk_ifk` FOREIGN KEY (`role_id`) REFERENCES `admin_roles` (`id`) ON DELETE CASCADE ON UPDATE RESTRICT
) ENGINE=InnoDB AUTO_INCREMENT=215 DEFAULT CHARSET=utf8mb3 ROW_FORMAT=DYNAMIC;

-- ----------------------------
-- Records of admin_permissions_role_lnk
-- ----------------------------
BEGIN;
INSERT INTO `admin_permissions_role_lnk` (`id`, `permission_id`, `role_id`, `permission_ord`) VALUES (1, 1, 2, 1);
INSERT INTO `admin_permissions_role_lnk` (`id`, `permission_id`, `role_id`, `permission_ord`) VALUES (2, 2, 2, 2);
INSERT INTO `admin_permissions_role_lnk` (`id`, `permission_id`, `role_id`, `permission_ord`) VALUES (3, 3, 2, 3);
INSERT INTO `admin_permissions_role_lnk` (`id`, `permission_id`, `role_id`, `permission_ord`) VALUES (4, 4, 2, 4);
INSERT INTO `admin_permissions_role_lnk` (`id`, `permission_id`, `role_id`, `permission_ord`) VALUES (5, 5, 2, 5);
INSERT INTO `admin_permissions_role_lnk` (`id`, `permission_id`, `role_id`, `permission_ord`) VALUES (6, 6, 2, 6);
INSERT INTO `admin_permissions_role_lnk` (`id`, `permission_id`, `role_id`, `permission_ord`) VALUES (7, 7, 2, 7);
INSERT INTO `admin_permissions_role_lnk` (`id`, `permission_id`, `role_id`, `permission_ord`) VALUES (8, 8, 2, 8);
INSERT INTO `admin_permissions_role_lnk` (`id`, `permission_id`, `role_id`, `permission_ord`) VALUES (9, 9, 2, 9);
INSERT INTO `admin_permissions_role_lnk` (`id`, `permission_id`, `role_id`, `permission_ord`) VALUES (10, 10, 2, 10);
INSERT INTO `admin_permissions_role_lnk` (`id`, `permission_id`, `role_id`, `permission_ord`) VALUES (11, 11, 2, 11);
INSERT INTO `admin_permissions_role_lnk` (`id`, `permission_id`, `role_id`, `permission_ord`) VALUES (12, 12, 2, 12);
INSERT INTO `admin_permissions_role_lnk` (`id`, `permission_id`, `role_id`, `permission_ord`) VALUES (13, 13, 2, 13);
INSERT INTO `admin_permissions_role_lnk` (`id`, `permission_id`, `role_id`, `permission_ord`) VALUES (14, 14, 2, 14);
INSERT INTO `admin_permissions_role_lnk` (`id`, `permission_id`, `role_id`, `permission_ord`) VALUES (15, 15, 2, 15);
INSERT INTO `admin_permissions_role_lnk` (`id`, `permission_id`, `role_id`, `permission_ord`) VALUES (16, 16, 2, 16);
INSERT INTO `admin_permissions_role_lnk` (`id`, `permission_id`, `role_id`, `permission_ord`) VALUES (17, 17, 2, 17);
INSERT INTO `admin_permissions_role_lnk` (`id`, `permission_id`, `role_id`, `permission_ord`) VALUES (18, 18, 2, 18);
INSERT INTO `admin_permissions_role_lnk` (`id`, `permission_id`, `role_id`, `permission_ord`) VALUES (19, 19, 2, 19);
INSERT INTO `admin_permissions_role_lnk` (`id`, `permission_id`, `role_id`, `permission_ord`) VALUES (20, 20, 2, 20);
INSERT INTO `admin_permissions_role_lnk` (`id`, `permission_id`, `role_id`, `permission_ord`) VALUES (21, 21, 2, 21);
INSERT INTO `admin_permissions_role_lnk` (`id`, `permission_id`, `role_id`, `permission_ord`) VALUES (22, 22, 2, 22);
INSERT INTO `admin_permissions_role_lnk` (`id`, `permission_id`, `role_id`, `permission_ord`) VALUES (23, 23, 2, 23);
INSERT INTO `admin_permissions_role_lnk` (`id`, `permission_id`, `role_id`, `permission_ord`) VALUES (24, 24, 2, 24);
INSERT INTO `admin_permissions_role_lnk` (`id`, `permission_id`, `role_id`, `permission_ord`) VALUES (25, 25, 2, 25);
INSERT INTO `admin_permissions_role_lnk` (`id`, `permission_id`, `role_id`, `permission_ord`) VALUES (26, 26, 2, 26);
INSERT INTO `admin_permissions_role_lnk` (`id`, `permission_id`, `role_id`, `permission_ord`) VALUES (27, 27, 2, 27);
INSERT INTO `admin_permissions_role_lnk` (`id`, `permission_id`, `role_id`, `permission_ord`) VALUES (28, 28, 2, 28);
INSERT INTO `admin_permissions_role_lnk` (`id`, `permission_id`, `role_id`, `permission_ord`) VALUES (29, 29, 2, 29);
INSERT INTO `admin_permissions_role_lnk` (`id`, `permission_id`, `role_id`, `permission_ord`) VALUES (30, 30, 2, 30);
INSERT INTO `admin_permissions_role_lnk` (`id`, `permission_id`, `role_id`, `permission_ord`) VALUES (31, 31, 2, 31);
INSERT INTO `admin_permissions_role_lnk` (`id`, `permission_id`, `role_id`, `permission_ord`) VALUES (32, 32, 3, 1);
INSERT INTO `admin_permissions_role_lnk` (`id`, `permission_id`, `role_id`, `permission_ord`) VALUES (33, 33, 3, 2);
INSERT INTO `admin_permissions_role_lnk` (`id`, `permission_id`, `role_id`, `permission_ord`) VALUES (34, 34, 3, 3);
INSERT INTO `admin_permissions_role_lnk` (`id`, `permission_id`, `role_id`, `permission_ord`) VALUES (35, 35, 3, 4);
INSERT INTO `admin_permissions_role_lnk` (`id`, `permission_id`, `role_id`, `permission_ord`) VALUES (36, 36, 3, 5);
INSERT INTO `admin_permissions_role_lnk` (`id`, `permission_id`, `role_id`, `permission_ord`) VALUES (37, 37, 3, 6);
INSERT INTO `admin_permissions_role_lnk` (`id`, `permission_id`, `role_id`, `permission_ord`) VALUES (38, 38, 3, 7);
INSERT INTO `admin_permissions_role_lnk` (`id`, `permission_id`, `role_id`, `permission_ord`) VALUES (39, 39, 3, 8);
INSERT INTO `admin_permissions_role_lnk` (`id`, `permission_id`, `role_id`, `permission_ord`) VALUES (40, 40, 3, 9);
INSERT INTO `admin_permissions_role_lnk` (`id`, `permission_id`, `role_id`, `permission_ord`) VALUES (41, 41, 3, 10);
INSERT INTO `admin_permissions_role_lnk` (`id`, `permission_id`, `role_id`, `permission_ord`) VALUES (42, 42, 3, 11);
INSERT INTO `admin_permissions_role_lnk` (`id`, `permission_id`, `role_id`, `permission_ord`) VALUES (43, 43, 3, 12);
INSERT INTO `admin_permissions_role_lnk` (`id`, `permission_id`, `role_id`, `permission_ord`) VALUES (44, 44, 3, 13);
INSERT INTO `admin_permissions_role_lnk` (`id`, `permission_id`, `role_id`, `permission_ord`) VALUES (45, 45, 3, 14);
INSERT INTO `admin_permissions_role_lnk` (`id`, `permission_id`, `role_id`, `permission_ord`) VALUES (46, 46, 3, 15);
INSERT INTO `admin_permissions_role_lnk` (`id`, `permission_id`, `role_id`, `permission_ord`) VALUES (47, 47, 3, 16);
INSERT INTO `admin_permissions_role_lnk` (`id`, `permission_id`, `role_id`, `permission_ord`) VALUES (48, 48, 3, 17);
INSERT INTO `admin_permissions_role_lnk` (`id`, `permission_id`, `role_id`, `permission_ord`) VALUES (49, 49, 3, 18);
INSERT INTO `admin_permissions_role_lnk` (`id`, `permission_id`, `role_id`, `permission_ord`) VALUES (50, 50, 3, 19);
INSERT INTO `admin_permissions_role_lnk` (`id`, `permission_id`, `role_id`, `permission_ord`) VALUES (51, 51, 3, 20);
INSERT INTO `admin_permissions_role_lnk` (`id`, `permission_id`, `role_id`, `permission_ord`) VALUES (52, 52, 3, 21);
INSERT INTO `admin_permissions_role_lnk` (`id`, `permission_id`, `role_id`, `permission_ord`) VALUES (53, 53, 3, 22);
INSERT INTO `admin_permissions_role_lnk` (`id`, `permission_id`, `role_id`, `permission_ord`) VALUES (54, 54, 3, 23);
INSERT INTO `admin_permissions_role_lnk` (`id`, `permission_id`, `role_id`, `permission_ord`) VALUES (55, 55, 3, 24);
INSERT INTO `admin_permissions_role_lnk` (`id`, `permission_id`, `role_id`, `permission_ord`) VALUES (56, 56, 3, 25);
INSERT INTO `admin_permissions_role_lnk` (`id`, `permission_id`, `role_id`, `permission_ord`) VALUES (57, 57, 3, 26);
INSERT INTO `admin_permissions_role_lnk` (`id`, `permission_id`, `role_id`, `permission_ord`) VALUES (58, 58, 1, 1);
INSERT INTO `admin_permissions_role_lnk` (`id`, `permission_id`, `role_id`, `permission_ord`) VALUES (59, 59, 1, 2);
INSERT INTO `admin_permissions_role_lnk` (`id`, `permission_id`, `role_id`, `permission_ord`) VALUES (60, 60, 1, 3);
INSERT INTO `admin_permissions_role_lnk` (`id`, `permission_id`, `role_id`, `permission_ord`) VALUES (61, 61, 1, 4);
INSERT INTO `admin_permissions_role_lnk` (`id`, `permission_id`, `role_id`, `permission_ord`) VALUES (62, 62, 1, 5);
INSERT INTO `admin_permissions_role_lnk` (`id`, `permission_id`, `role_id`, `permission_ord`) VALUES (63, 63, 1, 6);
INSERT INTO `admin_permissions_role_lnk` (`id`, `permission_id`, `role_id`, `permission_ord`) VALUES (64, 64, 1, 7);
INSERT INTO `admin_permissions_role_lnk` (`id`, `permission_id`, `role_id`, `permission_ord`) VALUES (65, 65, 1, 8);
INSERT INTO `admin_permissions_role_lnk` (`id`, `permission_id`, `role_id`, `permission_ord`) VALUES (66, 66, 1, 9);
INSERT INTO `admin_permissions_role_lnk` (`id`, `permission_id`, `role_id`, `permission_ord`) VALUES (67, 67, 1, 10);
INSERT INTO `admin_permissions_role_lnk` (`id`, `permission_id`, `role_id`, `permission_ord`) VALUES (68, 68, 1, 11);
INSERT INTO `admin_permissions_role_lnk` (`id`, `permission_id`, `role_id`, `permission_ord`) VALUES (69, 69, 1, 12);
INSERT INTO `admin_permissions_role_lnk` (`id`, `permission_id`, `role_id`, `permission_ord`) VALUES (70, 70, 1, 13);
INSERT INTO `admin_permissions_role_lnk` (`id`, `permission_id`, `role_id`, `permission_ord`) VALUES (71, 71, 1, 14);
INSERT INTO `admin_permissions_role_lnk` (`id`, `permission_id`, `role_id`, `permission_ord`) VALUES (72, 72, 1, 15);
INSERT INTO `admin_permissions_role_lnk` (`id`, `permission_id`, `role_id`, `permission_ord`) VALUES (73, 73, 1, 16);
INSERT INTO `admin_permissions_role_lnk` (`id`, `permission_id`, `role_id`, `permission_ord`) VALUES (74, 74, 1, 17);
INSERT INTO `admin_permissions_role_lnk` (`id`, `permission_id`, `role_id`, `permission_ord`) VALUES (75, 75, 1, 18);
INSERT INTO `admin_permissions_role_lnk` (`id`, `permission_id`, `role_id`, `permission_ord`) VALUES (76, 76, 1, 19);
INSERT INTO `admin_permissions_role_lnk` (`id`, `permission_id`, `role_id`, `permission_ord`) VALUES (77, 77, 1, 20);
INSERT INTO `admin_permissions_role_lnk` (`id`, `permission_id`, `role_id`, `permission_ord`) VALUES (78, 78, 1, 21);
INSERT INTO `admin_permissions_role_lnk` (`id`, `permission_id`, `role_id`, `permission_ord`) VALUES (79, 79, 1, 22);
INSERT INTO `admin_permissions_role_lnk` (`id`, `permission_id`, `role_id`, `permission_ord`) VALUES (80, 80, 1, 23);
INSERT INTO `admin_permissions_role_lnk` (`id`, `permission_id`, `role_id`, `permission_ord`) VALUES (81, 81, 1, 24);
INSERT INTO `admin_permissions_role_lnk` (`id`, `permission_id`, `role_id`, `permission_ord`) VALUES (82, 82, 1, 25);
INSERT INTO `admin_permissions_role_lnk` (`id`, `permission_id`, `role_id`, `permission_ord`) VALUES (83, 83, 1, 26);
INSERT INTO `admin_permissions_role_lnk` (`id`, `permission_id`, `role_id`, `permission_ord`) VALUES (84, 84, 1, 27);
INSERT INTO `admin_permissions_role_lnk` (`id`, `permission_id`, `role_id`, `permission_ord`) VALUES (85, 85, 1, 28);
INSERT INTO `admin_permissions_role_lnk` (`id`, `permission_id`, `role_id`, `permission_ord`) VALUES (86, 86, 1, 29);
INSERT INTO `admin_permissions_role_lnk` (`id`, `permission_id`, `role_id`, `permission_ord`) VALUES (87, 87, 1, 30);
INSERT INTO `admin_permissions_role_lnk` (`id`, `permission_id`, `role_id`, `permission_ord`) VALUES (97, 97, 1, 40);
INSERT INTO `admin_permissions_role_lnk` (`id`, `permission_id`, `role_id`, `permission_ord`) VALUES (98, 98, 1, 41);
INSERT INTO `admin_permissions_role_lnk` (`id`, `permission_id`, `role_id`, `permission_ord`) VALUES (99, 99, 1, 42);
INSERT INTO `admin_permissions_role_lnk` (`id`, `permission_id`, `role_id`, `permission_ord`) VALUES (100, 100, 1, 43);
INSERT INTO `admin_permissions_role_lnk` (`id`, `permission_id`, `role_id`, `permission_ord`) VALUES (101, 101, 1, 44);
INSERT INTO `admin_permissions_role_lnk` (`id`, `permission_id`, `role_id`, `permission_ord`) VALUES (102, 102, 1, 45);
INSERT INTO `admin_permissions_role_lnk` (`id`, `permission_id`, `role_id`, `permission_ord`) VALUES (103, 103, 1, 46);
INSERT INTO `admin_permissions_role_lnk` (`id`, `permission_id`, `role_id`, `permission_ord`) VALUES (104, 104, 1, 47);
INSERT INTO `admin_permissions_role_lnk` (`id`, `permission_id`, `role_id`, `permission_ord`) VALUES (105, 105, 1, 48);
INSERT INTO `admin_permissions_role_lnk` (`id`, `permission_id`, `role_id`, `permission_ord`) VALUES (106, 106, 1, 49);
INSERT INTO `admin_permissions_role_lnk` (`id`, `permission_id`, `role_id`, `permission_ord`) VALUES (107, 107, 1, 50);
INSERT INTO `admin_permissions_role_lnk` (`id`, `permission_id`, `role_id`, `permission_ord`) VALUES (108, 108, 1, 51);
INSERT INTO `admin_permissions_role_lnk` (`id`, `permission_id`, `role_id`, `permission_ord`) VALUES (109, 109, 1, 52);
INSERT INTO `admin_permissions_role_lnk` (`id`, `permission_id`, `role_id`, `permission_ord`) VALUES (110, 110, 1, 53);
INSERT INTO `admin_permissions_role_lnk` (`id`, `permission_id`, `role_id`, `permission_ord`) VALUES (111, 111, 1, 54);
INSERT INTO `admin_permissions_role_lnk` (`id`, `permission_id`, `role_id`, `permission_ord`) VALUES (112, 112, 1, 55);
INSERT INTO `admin_permissions_role_lnk` (`id`, `permission_id`, `role_id`, `permission_ord`) VALUES (113, 113, 1, 56);
INSERT INTO `admin_permissions_role_lnk` (`id`, `permission_id`, `role_id`, `permission_ord`) VALUES (114, 114, 1, 57);
INSERT INTO `admin_permissions_role_lnk` (`id`, `permission_id`, `role_id`, `permission_ord`) VALUES (115, 115, 1, 58);
INSERT INTO `admin_permissions_role_lnk` (`id`, `permission_id`, `role_id`, `permission_ord`) VALUES (116, 116, 1, 59);
INSERT INTO `admin_permissions_role_lnk` (`id`, `permission_id`, `role_id`, `permission_ord`) VALUES (117, 117, 1, 60);
INSERT INTO `admin_permissions_role_lnk` (`id`, `permission_id`, `role_id`, `permission_ord`) VALUES (118, 118, 1, 61);
INSERT INTO `admin_permissions_role_lnk` (`id`, `permission_id`, `role_id`, `permission_ord`) VALUES (119, 119, 1, 62);
INSERT INTO `admin_permissions_role_lnk` (`id`, `permission_id`, `role_id`, `permission_ord`) VALUES (120, 120, 1, 63);
INSERT INTO `admin_permissions_role_lnk` (`id`, `permission_id`, `role_id`, `permission_ord`) VALUES (121, 121, 1, 64);
INSERT INTO `admin_permissions_role_lnk` (`id`, `permission_id`, `role_id`, `permission_ord`) VALUES (122, 122, 1, 65);
INSERT INTO `admin_permissions_role_lnk` (`id`, `permission_id`, `role_id`, `permission_ord`) VALUES (125, 125, 1, 68);
INSERT INTO `admin_permissions_role_lnk` (`id`, `permission_id`, `role_id`, `permission_ord`) VALUES (126, 126, 1, 69);
INSERT INTO `admin_permissions_role_lnk` (`id`, `permission_id`, `role_id`, `permission_ord`) VALUES (127, 127, 1, 70);
INSERT INTO `admin_permissions_role_lnk` (`id`, `permission_id`, `role_id`, `permission_ord`) VALUES (128, 128, 1, 71);
INSERT INTO `admin_permissions_role_lnk` (`id`, `permission_id`, `role_id`, `permission_ord`) VALUES (129, 129, 1, 72);
INSERT INTO `admin_permissions_role_lnk` (`id`, `permission_id`, `role_id`, `permission_ord`) VALUES (130, 130, 1, 73);
INSERT INTO `admin_permissions_role_lnk` (`id`, `permission_id`, `role_id`, `permission_ord`) VALUES (131, 131, 1, 74);
INSERT INTO `admin_permissions_role_lnk` (`id`, `permission_id`, `role_id`, `permission_ord`) VALUES (132, 132, 1, 75);
INSERT INTO `admin_permissions_role_lnk` (`id`, `permission_id`, `role_id`, `permission_ord`) VALUES (133, 133, 1, 76);
INSERT INTO `admin_permissions_role_lnk` (`id`, `permission_id`, `role_id`, `permission_ord`) VALUES (134, 134, 1, 77);
INSERT INTO `admin_permissions_role_lnk` (`id`, `permission_id`, `role_id`, `permission_ord`) VALUES (135, 135, 1, 78);
INSERT INTO `admin_permissions_role_lnk` (`id`, `permission_id`, `role_id`, `permission_ord`) VALUES (136, 136, 1, 79);
INSERT INTO `admin_permissions_role_lnk` (`id`, `permission_id`, `role_id`, `permission_ord`) VALUES (137, 137, 1, 80);
INSERT INTO `admin_permissions_role_lnk` (`id`, `permission_id`, `role_id`, `permission_ord`) VALUES (138, 138, 1, 81);
INSERT INTO `admin_permissions_role_lnk` (`id`, `permission_id`, `role_id`, `permission_ord`) VALUES (139, 139, 1, 82);
INSERT INTO `admin_permissions_role_lnk` (`id`, `permission_id`, `role_id`, `permission_ord`) VALUES (140, 140, 1, 83);
INSERT INTO `admin_permissions_role_lnk` (`id`, `permission_id`, `role_id`, `permission_ord`) VALUES (141, 141, 1, 84);
INSERT INTO `admin_permissions_role_lnk` (`id`, `permission_id`, `role_id`, `permission_ord`) VALUES (142, 142, 1, 85);
INSERT INTO `admin_permissions_role_lnk` (`id`, `permission_id`, `role_id`, `permission_ord`) VALUES (143, 143, 1, 86);
INSERT INTO `admin_permissions_role_lnk` (`id`, `permission_id`, `role_id`, `permission_ord`) VALUES (144, 144, 1, 87);
INSERT INTO `admin_permissions_role_lnk` (`id`, `permission_id`, `role_id`, `permission_ord`) VALUES (145, 145, 1, 88);
INSERT INTO `admin_permissions_role_lnk` (`id`, `permission_id`, `role_id`, `permission_ord`) VALUES (146, 146, 1, 89);
INSERT INTO `admin_permissions_role_lnk` (`id`, `permission_id`, `role_id`, `permission_ord`) VALUES (147, 147, 1, 90);
INSERT INTO `admin_permissions_role_lnk` (`id`, `permission_id`, `role_id`, `permission_ord`) VALUES (148, 148, 1, 91);
INSERT INTO `admin_permissions_role_lnk` (`id`, `permission_id`, `role_id`, `permission_ord`) VALUES (149, 149, 1, 92);
INSERT INTO `admin_permissions_role_lnk` (`id`, `permission_id`, `role_id`, `permission_ord`) VALUES (150, 150, 1, 93);
INSERT INTO `admin_permissions_role_lnk` (`id`, `permission_id`, `role_id`, `permission_ord`) VALUES (151, 151, 1, 94);
INSERT INTO `admin_permissions_role_lnk` (`id`, `permission_id`, `role_id`, `permission_ord`) VALUES (160, 160, 1, 98);
INSERT INTO `admin_permissions_role_lnk` (`id`, `permission_id`, `role_id`, `permission_ord`) VALUES (161, 161, 1, 99);
INSERT INTO `admin_permissions_role_lnk` (`id`, `permission_id`, `role_id`, `permission_ord`) VALUES (174, 174, 1, 112);
INSERT INTO `admin_permissions_role_lnk` (`id`, `permission_id`, `role_id`, `permission_ord`) VALUES (175, 175, 1, 113);
INSERT INTO `admin_permissions_role_lnk` (`id`, `permission_id`, `role_id`, `permission_ord`) VALUES (176, 176, 1, 114);
INSERT INTO `admin_permissions_role_lnk` (`id`, `permission_id`, `role_id`, `permission_ord`) VALUES (177, 177, 1, 115);
INSERT INTO `admin_permissions_role_lnk` (`id`, `permission_id`, `role_id`, `permission_ord`) VALUES (178, 178, 1, 116);
INSERT INTO `admin_permissions_role_lnk` (`id`, `permission_id`, `role_id`, `permission_ord`) VALUES (179, 179, 1, 117);
INSERT INTO `admin_permissions_role_lnk` (`id`, `permission_id`, `role_id`, `permission_ord`) VALUES (183, 183, 1, 118);
INSERT INTO `admin_permissions_role_lnk` (`id`, `permission_id`, `role_id`, `permission_ord`) VALUES (184, 184, 1, 119);
INSERT INTO `admin_permissions_role_lnk` (`id`, `permission_id`, `role_id`, `permission_ord`) VALUES (186, 186, 1, 121);
INSERT INTO `admin_permissions_role_lnk` (`id`, `permission_id`, `role_id`, `permission_ord`) VALUES (187, 187, 1, 122);
INSERT INTO `admin_permissions_role_lnk` (`id`, `permission_id`, `role_id`, `permission_ord`) VALUES (188, 188, 1, 123);
INSERT INTO `admin_permissions_role_lnk` (`id`, `permission_id`, `role_id`, `permission_ord`) VALUES (190, 190, 1, 125);
INSERT INTO `admin_permissions_role_lnk` (`id`, `permission_id`, `role_id`, `permission_ord`) VALUES (191, 191, 1, 126);
INSERT INTO `admin_permissions_role_lnk` (`id`, `permission_id`, `role_id`, `permission_ord`) VALUES (192, 192, 1, 127);
INSERT INTO `admin_permissions_role_lnk` (`id`, `permission_id`, `role_id`, `permission_ord`) VALUES (194, 194, 1, 129);
INSERT INTO `admin_permissions_role_lnk` (`id`, `permission_id`, `role_id`, `permission_ord`) VALUES (195, 195, 1, 130);
INSERT INTO `admin_permissions_role_lnk` (`id`, `permission_id`, `role_id`, `permission_ord`) VALUES (197, 197, 1, 132);
INSERT INTO `admin_permissions_role_lnk` (`id`, `permission_id`, `role_id`, `permission_ord`) VALUES (199, 199, 1, 134);
INSERT INTO `admin_permissions_role_lnk` (`id`, `permission_id`, `role_id`, `permission_ord`) VALUES (201, 201, 1, 136);
INSERT INTO `admin_permissions_role_lnk` (`id`, `permission_id`, `role_id`, `permission_ord`) VALUES (202, 202, 1, 137);
INSERT INTO `admin_permissions_role_lnk` (`id`, `permission_id`, `role_id`, `permission_ord`) VALUES (212, 212, 1, 138);
INSERT INTO `admin_permissions_role_lnk` (`id`, `permission_id`, `role_id`, `permission_ord`) VALUES (213, 213, 1, 139);
INSERT INTO `admin_permissions_role_lnk` (`id`, `permission_id`, `role_id`, `permission_ord`) VALUES (214, 214, 1, 140);
COMMIT;

-- ----------------------------
-- Table structure for admin_roles
-- ----------------------------
DROP TABLE IF EXISTS `admin_roles`;
CREATE TABLE `admin_roles` (
  `id` int unsigned NOT NULL AUTO_INCREMENT,
  `document_id` varchar(255) CHARACTER SET utf8mb3 COLLATE utf8mb3_general_ci DEFAULT NULL,
  `name` varchar(255) CHARACTER SET utf8mb3 COLLATE utf8mb3_general_ci DEFAULT NULL,
  `code` varchar(255) CHARACTER SET utf8mb3 COLLATE utf8mb3_general_ci DEFAULT NULL,
  `description` varchar(255) CHARACTER SET utf8mb3 COLLATE utf8mb3_general_ci DEFAULT NULL,
  `created_at` datetime(6) DEFAULT NULL,
  `updated_at` datetime(6) DEFAULT NULL,
  `published_at` datetime(6) DEFAULT NULL,
  `created_by_id` int unsigned DEFAULT NULL,
  `updated_by_id` int unsigned DEFAULT NULL,
  `locale` varchar(255) CHARACTER SET utf8mb3 COLLATE utf8mb3_general_ci DEFAULT NULL,
  PRIMARY KEY (`id`) USING BTREE,
  KEY `admin_roles_documents_idx` (`document_id`,`locale`,`published_at`) USING BTREE,
  KEY `admin_roles_created_by_id_fk` (`created_by_id`) USING BTREE,
  KEY `admin_roles_updated_by_id_fk` (`updated_by_id`) USING BTREE,
  CONSTRAINT `admin_roles_created_by_id_fk` FOREIGN KEY (`created_by_id`) REFERENCES `admin_users` (`id`) ON DELETE SET NULL ON UPDATE RESTRICT,
  CONSTRAINT `admin_roles_updated_by_id_fk` FOREIGN KEY (`updated_by_id`) REFERENCES `admin_users` (`id`) ON DELETE SET NULL ON UPDATE RESTRICT
) ENGINE=InnoDB AUTO_INCREMENT=4 DEFAULT CHARSET=utf8mb3 ROW_FORMAT=DYNAMIC;

-- ----------------------------
-- Records of admin_roles
-- ----------------------------
BEGIN;
INSERT INTO `admin_roles` (`id`, `document_id`, `name`, `code`, `description`, `created_at`, `updated_at`, `published_at`, `created_by_id`, `updated_by_id`, `locale`) VALUES (1, 'snej05i5vw3b9eyhjcsbs25e', 'Super Admin', 'strapi-super-admin', 'Super Admins can access and manage all features and settings.', '2025-10-20 14:31:34.510000', '2025-10-20 14:31:34.510000', '2025-10-20 14:31:34.510000', NULL, NULL, NULL);
INSERT INTO `admin_roles` (`id`, `document_id`, `name`, `code`, `description`, `created_at`, `updated_at`, `published_at`, `created_by_id`, `updated_by_id`, `locale`) VALUES (2, 'ohwxapvueb356m450wqj69h8', 'Editor', 'strapi-editor', 'Editors can manage and publish contents including those of other users.', '2025-10-20 14:31:34.517000', '2025-10-20 14:31:34.517000', '2025-10-20 14:31:34.517000', NULL, NULL, NULL);
INSERT INTO `admin_roles` (`id`, `document_id`, `name`, `code`, `description`, `created_at`, `updated_at`, `published_at`, `created_by_id`, `updated_by_id`, `locale`) VALUES (3, 'n5og3wq03b3gq9qqtv1x3i2y', 'Author', 'strapi-author', 'Authors can manage the content they have created.', '2025-10-20 14:31:34.521000', '2025-10-20 14:31:34.521000', '2025-10-20 14:31:34.521000', NULL, NULL, NULL);
COMMIT;

-- ----------------------------
-- Table structure for admin_users
-- ----------------------------
DROP TABLE IF EXISTS `admin_users`;
CREATE TABLE `admin_users` (
  `id` int unsigned NOT NULL AUTO_INCREMENT,
  `document_id` varchar(255) CHARACTER SET utf8mb3 COLLATE utf8mb3_general_ci DEFAULT NULL,
  `firstname` varchar(255) CHARACTER SET utf8mb3 COLLATE utf8mb3_general_ci DEFAULT NULL,
  `lastname` varchar(255) CHARACTER SET utf8mb3 COLLATE utf8mb3_general_ci DEFAULT NULL,
  `username` varchar(255) CHARACTER SET utf8mb3 COLLATE utf8mb3_general_ci DEFAULT NULL,
  `email` varchar(255) CHARACTER SET utf8mb3 COLLATE utf8mb3_general_ci DEFAULT NULL,
  `password` varchar(255) CHARACTER SET utf8mb3 COLLATE utf8mb3_general_ci DEFAULT NULL,
  `reset_password_token` varchar(255) CHARACTER SET utf8mb3 COLLATE utf8mb3_general_ci DEFAULT NULL,
  `registration_token` varchar(255) CHARACTER SET utf8mb3 COLLATE utf8mb3_general_ci DEFAULT NULL,
  `is_active` tinyint(1) DEFAULT NULL,
  `blocked` tinyint(1) DEFAULT NULL,
  `prefered_language` varchar(255) CHARACTER SET utf8mb3 COLLATE utf8mb3_general_ci DEFAULT NULL,
  `created_at` datetime(6) DEFAULT NULL,
  `updated_at` datetime(6) DEFAULT NULL,
  `published_at` datetime(6) DEFAULT NULL,
  `created_by_id` int unsigned DEFAULT NULL,
  `updated_by_id` int unsigned DEFAULT NULL,
  `locale` varchar(255) CHARACTER SET utf8mb3 COLLATE utf8mb3_general_ci DEFAULT NULL,
  PRIMARY KEY (`id`) USING BTREE,
  KEY `admin_users_documents_idx` (`document_id`,`locale`,`published_at`) USING BTREE,
  KEY `admin_users_created_by_id_fk` (`created_by_id`) USING BTREE,
  KEY `admin_users_updated_by_id_fk` (`updated_by_id`) USING BTREE,
  CONSTRAINT `admin_users_created_by_id_fk` FOREIGN KEY (`created_by_id`) REFERENCES `admin_users` (`id`) ON DELETE SET NULL ON UPDATE RESTRICT,
  CONSTRAINT `admin_users_updated_by_id_fk` FOREIGN KEY (`updated_by_id`) REFERENCES `admin_users` (`id`) ON DELETE SET NULL ON UPDATE RESTRICT
) ENGINE=InnoDB AUTO_INCREMENT=2 DEFAULT CHARSET=utf8mb3 ROW_FORMAT=DYNAMIC;

-- ----------------------------
-- Records of admin_users
-- ----------------------------
BEGIN;
INSERT INTO `admin_users` (`id`, `document_id`, `firstname`, `lastname`, `username`, `email`, `password`, `reset_password_token`, `registration_token`, `is_active`, `blocked`, `prefered_language`, `created_at`, `updated_at`, `published_at`, `created_by_id`, `updated_by_id`, `locale`) VALUES (1, 'ha5w1ae3g346gvk4xc6gnj39', '子齐', '朱', NULL, '3475035979@qq.com', '$2a$10$LCJHbRZINQcg4jxbisLq4uc7/yY14Oxq7gjEfYHZmJhGp60xZvOt6', NULL, NULL, 1, 0, 'zh-Hans', '2025-10-20 14:59:24.155000', '2025-10-20 15:51:25.318000', '2025-10-20 14:59:24.158000', NULL, NULL, NULL);
COMMIT;

-- ----------------------------
-- Table structure for admin_users_roles_lnk
-- ----------------------------
DROP TABLE IF EXISTS `admin_users_roles_lnk`;
CREATE TABLE `admin_users_roles_lnk` (
  `id` int unsigned NOT NULL AUTO_INCREMENT,
  `user_id` int unsigned DEFAULT NULL,
  `role_id` int unsigned DEFAULT NULL,
  `role_ord` double unsigned DEFAULT NULL,
  `user_ord` double unsigned DEFAULT NULL,
  PRIMARY KEY (`id`) USING BTREE,
  UNIQUE KEY `admin_users_roles_lnk_uq` (`user_id`,`role_id`) USING BTREE,
  KEY `admin_users_roles_lnk_fk` (`user_id`) USING BTREE,
  KEY `admin_users_roles_lnk_ifk` (`role_id`) USING BTREE,
  KEY `admin_users_roles_lnk_ofk` (`role_ord`) USING BTREE,
  KEY `admin_users_roles_lnk_oifk` (`user_ord`) USING BTREE,
  CONSTRAINT `admin_users_roles_lnk_fk` FOREIGN KEY (`user_id`) REFERENCES `admin_users` (`id`) ON DELETE CASCADE ON UPDATE RESTRICT,
  CONSTRAINT `admin_users_roles_lnk_ifk` FOREIGN KEY (`role_id`) REFERENCES `admin_roles` (`id`) ON DELETE CASCADE ON UPDATE RESTRICT
) ENGINE=InnoDB AUTO_INCREMENT=2 DEFAULT CHARSET=utf8mb3 ROW_FORMAT=DYNAMIC;

-- ----------------------------
-- Records of admin_users_roles_lnk
-- ----------------------------
BEGIN;
INSERT INTO `admin_users_roles_lnk` (`id`, `user_id`, `role_id`, `role_ord`, `user_ord`) VALUES (1, 1, 1, 1, 1);
COMMIT;

-- ----------------------------
-- Table structure for articles
-- ----------------------------
DROP TABLE IF EXISTS `articles`;
CREATE TABLE `articles` (
  `id` int unsigned NOT NULL AUTO_INCREMENT,
  `document_id` varchar(255) CHARACTER SET utf8mb3 COLLATE utf8mb3_general_ci DEFAULT NULL,
  `title` varchar(255) CHARACTER SET utf8mb3 COLLATE utf8mb3_general_ci DEFAULT NULL,
  `description` longtext CHARACTER SET utf8mb3 COLLATE utf8mb3_general_ci,
  `slug` varchar(255) CHARACTER SET utf8mb3 COLLATE utf8mb3_general_ci DEFAULT NULL,
  `created_at` datetime(6) DEFAULT NULL,
  `updated_at` datetime(6) DEFAULT NULL,
  `published_at` datetime(6) DEFAULT NULL,
  `created_by_id` int unsigned DEFAULT NULL,
  `updated_by_id` int unsigned DEFAULT NULL,
  `locale` varchar(255) CHARACTER SET utf8mb3 COLLATE utf8mb3_general_ci DEFAULT NULL,
  PRIMARY KEY (`id`) USING BTREE,
  KEY `articles_documents_idx` (`document_id`,`locale`,`published_at`) USING BTREE,
  KEY `articles_created_by_id_fk` (`created_by_id`) USING BTREE,
  KEY `articles_updated_by_id_fk` (`updated_by_id`) USING BTREE,
  CONSTRAINT `articles_created_by_id_fk` FOREIGN KEY (`created_by_id`) REFERENCES `admin_users` (`id`) ON DELETE SET NULL ON UPDATE RESTRICT,
  CONSTRAINT `articles_updated_by_id_fk` FOREIGN KEY (`updated_by_id`) REFERENCES `admin_users` (`id`) ON DELETE SET NULL ON UPDATE RESTRICT
) ENGINE=InnoDB DEFAULT CHARSET=utf8mb3 ROW_FORMAT=DYNAMIC;

-- ----------------------------
-- Records of articles
-- ----------------------------
BEGIN;
COMMIT;

-- ----------------------------
-- Table structure for articles_author_lnk
-- ----------------------------
DROP TABLE IF EXISTS `articles_author_lnk`;
CREATE TABLE `articles_author_lnk` (
  `id` int unsigned NOT NULL AUTO_INCREMENT,
  `article_id` int unsigned DEFAULT NULL,
  `author_id` int unsigned DEFAULT NULL,
  `article_ord` double unsigned DEFAULT NULL,
  PRIMARY KEY (`id`) USING BTREE,
  UNIQUE KEY `articles_author_lnk_uq` (`article_id`,`author_id`) USING BTREE,
  KEY `articles_author_lnk_fk` (`article_id`) USING BTREE,
  KEY `articles_author_lnk_ifk` (`author_id`) USING BTREE,
  KEY `articles_author_lnk_oifk` (`article_ord`) USING BTREE,
  CONSTRAINT `articles_author_lnk_fk` FOREIGN KEY (`article_id`) REFERENCES `articles` (`id`) ON DELETE CASCADE ON UPDATE RESTRICT,
  CONSTRAINT `articles_author_lnk_ifk` FOREIGN KEY (`author_id`) REFERENCES `authors` (`id`) ON DELETE CASCADE ON UPDATE RESTRICT
) ENGINE=InnoDB DEFAULT CHARSET=utf8mb3 ROW_FORMAT=DYNAMIC;

-- ----------------------------
-- Records of articles_author_lnk
-- ----------------------------
BEGIN;
COMMIT;

-- ----------------------------
-- Table structure for articles_category_lnk
-- ----------------------------
DROP TABLE IF EXISTS `articles_category_lnk`;
CREATE TABLE `articles_category_lnk` (
  `id` int unsigned NOT NULL AUTO_INCREMENT,
  `article_id` int unsigned DEFAULT NULL,
  `category_id` int unsigned DEFAULT NULL,
  `article_ord` double unsigned DEFAULT NULL,
  PRIMARY KEY (`id`) USING BTREE,
  UNIQUE KEY `articles_category_lnk_uq` (`article_id`,`category_id`) USING BTREE,
  KEY `articles_category_lnk_fk` (`article_id`) USING BTREE,
  KEY `articles_category_lnk_ifk` (`category_id`) USING BTREE,
  KEY `articles_category_lnk_oifk` (`article_ord`) USING BTREE,
  CONSTRAINT `articles_category_lnk_fk` FOREIGN KEY (`article_id`) REFERENCES `articles` (`id`) ON DELETE CASCADE ON UPDATE RESTRICT,
  CONSTRAINT `articles_category_lnk_ifk` FOREIGN KEY (`category_id`) REFERENCES `categories` (`id`) ON DELETE CASCADE ON UPDATE RESTRICT
) ENGINE=InnoDB DEFAULT CHARSET=utf8mb3 ROW_FORMAT=DYNAMIC;

-- ----------------------------
-- Records of articles_category_lnk
-- ----------------------------
BEGIN;
COMMIT;

-- ----------------------------
-- Table structure for articles_cmps
-- ----------------------------
DROP TABLE IF EXISTS `articles_cmps`;
CREATE TABLE `articles_cmps` (
  `id` int unsigned NOT NULL AUTO_INCREMENT,
  `entity_id` int unsigned DEFAULT NULL,
  `cmp_id` int unsigned DEFAULT NULL,
  `component_type` varchar(255) CHARACTER SET utf8mb3 COLLATE utf8mb3_general_ci DEFAULT NULL,
  `field` varchar(255) CHARACTER SET utf8mb3 COLLATE utf8mb3_general_ci DEFAULT NULL,
  `order` double unsigned DEFAULT NULL,
  PRIMARY KEY (`id`) USING BTREE,
  UNIQUE KEY `articles_uq` (`entity_id`,`cmp_id`,`field`,`component_type`) USING BTREE,
  KEY `articles_field_idx` (`field`) USING BTREE,
  KEY `articles_component_type_idx` (`component_type`) USING BTREE,
  KEY `articles_entity_fk` (`entity_id`) USING BTREE,
  CONSTRAINT `articles_entity_fk` FOREIGN KEY (`entity_id`) REFERENCES `articles` (`id`) ON DELETE CASCADE ON UPDATE RESTRICT
) ENGINE=InnoDB DEFAULT CHARSET=utf8mb3 ROW_FORMAT=DYNAMIC;

-- ----------------------------
-- Records of articles_cmps
-- ----------------------------
BEGIN;
COMMIT;

-- ----------------------------
-- Table structure for authors
-- ----------------------------
DROP TABLE IF EXISTS `authors`;
CREATE TABLE `authors` (
  `id` int unsigned NOT NULL AUTO_INCREMENT,
  `document_id` varchar(255) CHARACTER SET utf8mb3 COLLATE utf8mb3_general_ci DEFAULT NULL,
  `name` varchar(255) CHARACTER SET utf8mb3 COLLATE utf8mb3_general_ci DEFAULT NULL,
  `email` varchar(255) CHARACTER SET utf8mb3 COLLATE utf8mb3_general_ci DEFAULT NULL,
  `created_at` datetime(6) DEFAULT NULL,
  `updated_at` datetime(6) DEFAULT NULL,
  `published_at` datetime(6) DEFAULT NULL,
  `created_by_id` int unsigned DEFAULT NULL,
  `updated_by_id` int unsigned DEFAULT NULL,
  `locale` varchar(255) CHARACTER SET utf8mb3 COLLATE utf8mb3_general_ci DEFAULT NULL,
  PRIMARY KEY (`id`) USING BTREE,
  KEY `authors_documents_idx` (`document_id`,`locale`,`published_at`) USING BTREE,
  KEY `authors_created_by_id_fk` (`created_by_id`) USING BTREE,
  KEY `authors_updated_by_id_fk` (`updated_by_id`) USING BTREE,
  CONSTRAINT `authors_created_by_id_fk` FOREIGN KEY (`created_by_id`) REFERENCES `admin_users` (`id`) ON DELETE SET NULL ON UPDATE RESTRICT,
  CONSTRAINT `authors_updated_by_id_fk` FOREIGN KEY (`updated_by_id`) REFERENCES `admin_users` (`id`) ON DELETE SET NULL ON UPDATE RESTRICT
) ENGINE=InnoDB DEFAULT CHARSET=utf8mb3 ROW_FORMAT=DYNAMIC;

-- ----------------------------
-- Records of authors
-- ----------------------------
BEGIN;
COMMIT;

-- ----------------------------
-- Table structure for business_users
-- ----------------------------
DROP TABLE IF EXISTS `business_users`;
CREATE TABLE `business_users` (
  `id` int unsigned NOT NULL AUTO_INCREMENT,
  `keycloak_user_id` varchar(255) CHARACTER SET utf8mb4 COLLATE utf8mb4_unicode_ci DEFAULT NULL COMMENT 'Keycloak 用户 UUID',
  PRIMARY KEY (`id`) USING BTREE,
  UNIQUE KEY `uk_keycloak_user_id` (`keycloak_user_id`) USING BTREE,
) ENGINE=InnoDB AUTO_INCREMENT=5 DEFAULT CHARSET=utf8mb4 COLLATE=utf8mb4_unicode_ci ROW_FORMAT=DYNAMIC COMMENT='业务用户表';

-- ----------------------------
-- Records of business_users
-- ----------------------------
BEGIN;
INSERT INTO `business_users` (`id`, `document_id`, `username`, `email`, `name`, `department`, `role`, `phone`, `is_active`, `last_login_at`, `created_at`, `updated_at`, `published_at`, `created_by_id`, `updated_by_id`, `locale`, `is_delete`) VALUES (1, 'user_001', 'researcher01', 'researcher01@example.com', '张三', '计算机学院', 'researcher', NULL, 1, '2026-01-24 23:31:04.167301', '2026-01-21 15:29:18.884814', '2026-01-21 15:29:18.884814', '2026-01-21 15:29:18.884814', NULL, NULL, NULL, 0);
INSERT INTO `business_users` (`id`, `document_id`, `username`, `email`, `name`, `department`, `role`, `phone`, `is_active`, `last_login_at`, `created_at`, `updated_at`, `published_at`, `created_by_id`, `updated_by_id`, `locale`, `is_delete`) VALUES (2, 'user_002', 'expert01', 'expert01@example.com', '李四', '信息学院', 'expert', NULL, 1, '2026-01-26 15:51:26.360740', '2026-01-21 15:29:18.884814', '2026-01-21 15:29:18.884814', '2026-01-21 15:29:18.884814', NULL, NULL, NULL, 0);
INSERT INTO `business_users` (`id`, `document_id`, `username`, `email`, `name`, `department`, `role`, `phone`, `is_active`, `last_login_at`, `created_at`, `updated_at`, `published_at`, `created_by_id`, `updated_by_id`, `locale`, `is_delete`) VALUES (3, 'user_003', 'manager01', 'manager01@example.com', '王五', '科研处', 'manager', NULL, 1, NULL, '2026-01-21 15:29:18.884814', '2026-01-21 15:29:18.884814', '2026-01-21 15:29:18.884814', NULL, NULL, NULL, 0);
INSERT INTO `business_users` (`id`, `document_id`, `username`, `email`, `name`, `department`, `role`, `phone`, `is_active`, `last_login_at`, `created_at`, `updated_at`, `published_at`, `created_by_id`, `updated_by_id`, `locale`, `is_delete`) VALUES (4, 'user_004', 'admin01', 'admin01@example.com', '赵六', '管理部门', 'admin', NULL, 1, '2026-01-26 15:51:49.713048', '2026-01-21 15:29:18.884814', '2026-01-21 15:29:18.884814', '2026-01-21 15:29:18.884814', NULL, NULL, NULL, 0);
COMMIT;

-- ----------------------------
-- Table structure for categories
-- ----------------------------
DROP TABLE IF EXISTS `categories`;
CREATE TABLE `categories` (
  `id` int unsigned NOT NULL AUTO_INCREMENT,
  `document_id` varchar(255) CHARACTER SET utf8mb3 COLLATE utf8mb3_general_ci DEFAULT NULL,
  `name` varchar(255) CHARACTER SET utf8mb3 COLLATE utf8mb3_general_ci DEFAULT NULL,
  `slug` varchar(255) CHARACTER SET utf8mb3 COLLATE utf8mb3_general_ci DEFAULT NULL,
  `description` longtext CHARACTER SET utf8mb3 COLLATE utf8mb3_general_ci,
  `created_at` datetime(6) DEFAULT NULL,
  `updated_at` datetime(6) DEFAULT NULL,
  `published_at` datetime(6) DEFAULT NULL,
  `created_by_id` int unsigned DEFAULT NULL,
  `updated_by_id` int unsigned DEFAULT NULL,
  `locale` varchar(255) CHARACTER SET utf8mb3 COLLATE utf8mb3_general_ci DEFAULT NULL,
  PRIMARY KEY (`id`) USING BTREE,
  KEY `categories_documents_idx` (`document_id`,`locale`,`published_at`) USING BTREE,
  KEY `categories_created_by_id_fk` (`created_by_id`) USING BTREE,
  KEY `categories_updated_by_id_fk` (`updated_by_id`) USING BTREE,
  CONSTRAINT `categories_created_by_id_fk` FOREIGN KEY (`created_by_id`) REFERENCES `admin_users` (`id`) ON DELETE SET NULL ON UPDATE RESTRICT,
  CONSTRAINT `categories_updated_by_id_fk` FOREIGN KEY (`updated_by_id`) REFERENCES `admin_users` (`id`) ON DELETE SET NULL ON UPDATE RESTRICT
) ENGINE=InnoDB DEFAULT CHARSET=utf8mb3 ROW_FORMAT=DYNAMIC;

-- ----------------------------
-- Records of categories
-- ----------------------------
BEGIN;
COMMIT;

-- ----------------------------
-- Table structure for components_shared_media
-- ----------------------------
DROP TABLE IF EXISTS `components_shared_media`;
CREATE TABLE `components_shared_media` (
  `id` int unsigned NOT NULL AUTO_INCREMENT,
  PRIMARY KEY (`id`) USING BTREE
) ENGINE=InnoDB DEFAULT CHARSET=utf8mb3 ROW_FORMAT=DYNAMIC;

-- ----------------------------
-- Records of components_shared_media
-- ----------------------------
BEGIN;
COMMIT;

-- ----------------------------
-- Table structure for components_shared_quotes
-- ----------------------------
DROP TABLE IF EXISTS `components_shared_quotes`;
CREATE TABLE `components_shared_quotes` (
  `id` int unsigned NOT NULL AUTO_INCREMENT,
  `title` varchar(255) CHARACTER SET utf8mb3 COLLATE utf8mb3_general_ci DEFAULT NULL,
  `body` longtext CHARACTER SET utf8mb3 COLLATE utf8mb3_general_ci,
  PRIMARY KEY (`id`) USING BTREE
) ENGINE=InnoDB DEFAULT CHARSET=utf8mb3 ROW_FORMAT=DYNAMIC;

-- ----------------------------
-- Records of components_shared_quotes
-- ----------------------------
BEGIN;
COMMIT;

-- ----------------------------
-- Table structure for components_shared_rich_texts
-- ----------------------------
DROP TABLE IF EXISTS `components_shared_rich_texts`;
CREATE TABLE `components_shared_rich_texts` (
  `id` int unsigned NOT NULL AUTO_INCREMENT,
  `body` longtext CHARACTER SET utf8mb3 COLLATE utf8mb3_general_ci,
  PRIMARY KEY (`id`) USING BTREE
) ENGINE=InnoDB DEFAULT CHARSET=utf8mb3 ROW_FORMAT=DYNAMIC;

-- ----------------------------
-- Records of components_shared_rich_texts
-- ----------------------------
BEGIN;
COMMIT;

-- ----------------------------
-- Table structure for components_shared_seos
-- ----------------------------
DROP TABLE IF EXISTS `components_shared_seos`;
CREATE TABLE `components_shared_seos` (
  `id` int unsigned NOT NULL AUTO_INCREMENT,
  `meta_title` varchar(255) CHARACTER SET utf8mb3 COLLATE utf8mb3_general_ci DEFAULT NULL,
  `meta_description` longtext CHARACTER SET utf8mb3 COLLATE utf8mb3_general_ci,
  PRIMARY KEY (`id`) USING BTREE
) ENGINE=InnoDB DEFAULT CHARSET=utf8mb3 ROW_FORMAT=DYNAMIC;

-- ----------------------------
-- Records of components_shared_seos
-- ----------------------------
BEGIN;
COMMIT;

-- ----------------------------
-- Table structure for components_shared_sliders
-- ----------------------------
DROP TABLE IF EXISTS `components_shared_sliders`;
CREATE TABLE `components_shared_sliders` (
  `id` int unsigned NOT NULL AUTO_INCREMENT,
  PRIMARY KEY (`id`) USING BTREE
) ENGINE=InnoDB DEFAULT CHARSET=utf8mb3 ROW_FORMAT=DYNAMIC;

-- ----------------------------
-- Records of components_shared_sliders
-- ----------------------------
BEGIN;
COMMIT;

-- ----------------------------
-- Table structure for files
-- ----------------------------
DROP TABLE IF EXISTS `files`;
CREATE TABLE `files` (
  `id` int unsigned NOT NULL AUTO_INCREMENT,
  `document_id` varchar(255) CHARACTER SET utf8mb3 COLLATE utf8mb3_general_ci DEFAULT NULL,
  `name` varchar(255) CHARACTER SET utf8mb3 COLLATE utf8mb3_general_ci DEFAULT NULL,
  `alternative_text` longtext CHARACTER SET utf8mb3 COLLATE utf8mb3_general_ci,
  `caption` longtext CHARACTER SET utf8mb3 COLLATE utf8mb3_general_ci,
  `width` int DEFAULT NULL,
  `height` int DEFAULT NULL,
  `formats` json DEFAULT NULL,
  `hash` varchar(255) CHARACTER SET utf8mb3 COLLATE utf8mb3_general_ci DEFAULT NULL,
  `ext` varchar(255) CHARACTER SET utf8mb3 COLLATE utf8mb3_general_ci DEFAULT NULL,
  `mime` varchar(255) CHARACTER SET utf8mb3 COLLATE utf8mb3_general_ci DEFAULT NULL,
  `size` decimal(10,2) DEFAULT NULL,
  `url` longtext CHARACTER SET utf8mb3 COLLATE utf8mb3_general_ci,
  `preview_url` longtext CHARACTER SET utf8mb3 COLLATE utf8mb3_general_ci,
  `provider` varchar(255) CHARACTER SET utf8mb3 COLLATE utf8mb3_general_ci DEFAULT NULL,
  `provider_metadata` json DEFAULT NULL,
  `folder_path` varchar(255) CHARACTER SET utf8mb3 COLLATE utf8mb3_general_ci DEFAULT NULL,
  `created_at` datetime(6) DEFAULT NULL,
  `updated_at` datetime(6) DEFAULT NULL,
  `published_at` datetime(6) DEFAULT NULL,
  `created_by_id` int unsigned DEFAULT NULL,
  `updated_by_id` int unsigned DEFAULT NULL,
  `locale` varchar(255) CHARACTER SET utf8mb3 COLLATE utf8mb3_general_ci DEFAULT NULL,
  PRIMARY KEY (`id`) USING BTREE,
  KEY `upload_files_folder_path_index` (`folder_path`) USING BTREE,
  KEY `upload_files_created_at_index` (`created_at`) USING BTREE,
  KEY `upload_files_updated_at_index` (`updated_at`) USING BTREE,
  KEY `upload_files_name_index` (`name`) USING BTREE,
  KEY `upload_files_size_index` (`size`) USING BTREE,
  KEY `upload_files_ext_index` (`ext`) USING BTREE,
  KEY `files_documents_idx` (`document_id`,`locale`,`published_at`) USING BTREE,
  KEY `files_created_by_id_fk` (`created_by_id`) USING BTREE,
  KEY `files_updated_by_id_fk` (`updated_by_id`) USING BTREE,
  CONSTRAINT `files_created_by_id_fk` FOREIGN KEY (`created_by_id`) REFERENCES `admin_users` (`id`) ON DELETE SET NULL ON UPDATE RESTRICT,
  CONSTRAINT `files_updated_by_id_fk` FOREIGN KEY (`updated_by_id`) REFERENCES `admin_users` (`id`) ON DELETE SET NULL ON UPDATE RESTRICT
) ENGINE=InnoDB AUTO_INCREMENT=2 DEFAULT CHARSET=utf8mb3 ROW_FORMAT=DYNAMIC;

-- ----------------------------
-- Records of files
-- ----------------------------
BEGIN;
INSERT INTO `files` (`id`, `document_id`, `name`, `alternative_text`, `caption`, `width`, `height`, `formats`, `hash`, `ext`, `mime`, `size`, `url`, `preview_url`, `provider`, `provider_metadata`, `folder_path`, `created_at`, `updated_at`, `published_at`, `created_by_id`, `updated_by_id`, `locale`) VALUES (1, 'nu098hk5uyg3so1e6gkaup6q', '默认模块.html', NULL, NULL, NULL, NULL, NULL, '_3568fce618', '.html', 'text/html', 1789.84, '/uploads/_3568fce618.html', NULL, 'local', NULL, '/1', '2026-01-24 22:59:38.193000', '2026-01-24 22:59:38.193000', '2026-01-24 22:59:38.193000', NULL, NULL, NULL);
COMMIT;

-- ----------------------------
-- Table structure for files_folder_lnk
-- ----------------------------
DROP TABLE IF EXISTS `files_folder_lnk`;
CREATE TABLE `files_folder_lnk` (
  `id` int unsigned NOT NULL AUTO_INCREMENT,
  `file_id` int unsigned DEFAULT NULL,
  `folder_id` int unsigned DEFAULT NULL,
  `file_ord` double unsigned DEFAULT NULL,
  PRIMARY KEY (`id`) USING BTREE,
  UNIQUE KEY `files_folder_lnk_uq` (`file_id`,`folder_id`) USING BTREE,
  KEY `files_folder_lnk_fk` (`file_id`) USING BTREE,
  KEY `files_folder_lnk_ifk` (`folder_id`) USING BTREE,
  KEY `files_folder_lnk_oifk` (`file_ord`) USING BTREE,
  CONSTRAINT `files_folder_lnk_fk` FOREIGN KEY (`file_id`) REFERENCES `files` (`id`) ON DELETE CASCADE ON UPDATE RESTRICT,
  CONSTRAINT `files_folder_lnk_ifk` FOREIGN KEY (`folder_id`) REFERENCES `upload_folders` (`id`) ON DELETE CASCADE ON UPDATE RESTRICT
) ENGINE=InnoDB AUTO_INCREMENT=2 DEFAULT CHARSET=utf8mb3 ROW_FORMAT=DYNAMIC;

-- ----------------------------
-- Records of files_folder_lnk
-- ----------------------------
BEGIN;
INSERT INTO `files_folder_lnk` (`id`, `file_id`, `folder_id`, `file_ord`) VALUES (1, 1, 1, 1);
COMMIT;

-- ----------------------------
-- Table structure for files_related_mph
-- ----------------------------
DROP TABLE IF EXISTS `files_related_mph`;
CREATE TABLE `files_related_mph` (
  `id` int unsigned NOT NULL AUTO_INCREMENT,
  `file_id` int unsigned DEFAULT NULL,
  `related_id` int unsigned DEFAULT NULL,
  `related_type` varchar(255) CHARACTER SET utf8mb3 COLLATE utf8mb3_general_ci DEFAULT NULL,
  `field` varchar(255) CHARACTER SET utf8mb3 COLLATE utf8mb3_general_ci DEFAULT NULL,
  `order` double unsigned DEFAULT NULL,
  PRIMARY KEY (`id`) USING BTREE,
  KEY `files_related_mph_fk` (`file_id`) USING BTREE,
  KEY `files_related_mph_oidx` (`order`) USING BTREE,
  KEY `files_related_mph_idix` (`related_id`) USING BTREE,
  CONSTRAINT `files_related_mph_fk` FOREIGN KEY (`file_id`) REFERENCES `files` (`id`) ON DELETE CASCADE ON UPDATE RESTRICT
) ENGINE=InnoDB AUTO_INCREMENT=3 DEFAULT CHARSET=utf8mb3 ROW_FORMAT=DYNAMIC;

-- ----------------------------
-- Records of files_related_mph
-- ----------------------------
BEGIN;
INSERT INTO `files_related_mph` (`id`, `file_id`, `related_id`, `related_type`, `field`, `order`) VALUES (1, 1, 1, 'api::achievement-file.achievement-file', 'files', 1);
INSERT INTO `files_related_mph` (`id`, `file_id`, `related_id`, `related_type`, `field`, `order`) VALUES (2, 1, 2, 'api::achievement-file.achievement-file', 'files', 1);
COMMIT;

-- ----------------------------
-- Table structure for globals
-- ----------------------------
DROP TABLE IF EXISTS `globals`;
CREATE TABLE `globals` (
  `id` int unsigned NOT NULL AUTO_INCREMENT,
  `document_id` varchar(255) CHARACTER SET utf8mb3 COLLATE utf8mb3_general_ci DEFAULT NULL,
  `site_name` varchar(255) CHARACTER SET utf8mb3 COLLATE utf8mb3_general_ci DEFAULT NULL,
  `site_description` longtext CHARACTER SET utf8mb3 COLLATE utf8mb3_general_ci,
  `created_at` datetime(6) DEFAULT NULL,
  `updated_at` datetime(6) DEFAULT NULL,
  `published_at` datetime(6) DEFAULT NULL,
  `created_by_id` int unsigned DEFAULT NULL,
  `updated_by_id` int unsigned DEFAULT NULL,
  `locale` varchar(255) CHARACTER SET utf8mb3 COLLATE utf8mb3_general_ci DEFAULT NULL,
  PRIMARY KEY (`id`) USING BTREE,
  KEY `globals_documents_idx` (`document_id`,`locale`,`published_at`) USING BTREE,
  KEY `globals_created_by_id_fk` (`created_by_id`) USING BTREE,
  KEY `globals_updated_by_id_fk` (`updated_by_id`) USING BTREE,
  CONSTRAINT `globals_created_by_id_fk` FOREIGN KEY (`created_by_id`) REFERENCES `admin_users` (`id`) ON DELETE SET NULL ON UPDATE RESTRICT,
  CONSTRAINT `globals_updated_by_id_fk` FOREIGN KEY (`updated_by_id`) REFERENCES `admin_users` (`id`) ON DELETE SET NULL ON UPDATE RESTRICT
) ENGINE=InnoDB DEFAULT CHARSET=utf8mb3 ROW_FORMAT=DYNAMIC;

-- ----------------------------
-- Records of globals
-- ----------------------------
BEGIN;
COMMIT;

-- ----------------------------
-- Table structure for globals_cmps
-- ----------------------------
DROP TABLE IF EXISTS `globals_cmps`;
CREATE TABLE `globals_cmps` (
  `id` int unsigned NOT NULL AUTO_INCREMENT,
  `entity_id` int unsigned DEFAULT NULL,
  `cmp_id` int unsigned DEFAULT NULL,
  `component_type` varchar(255) CHARACTER SET utf8mb3 COLLATE utf8mb3_general_ci DEFAULT NULL,
  `field` varchar(255) CHARACTER SET utf8mb3 COLLATE utf8mb3_general_ci DEFAULT NULL,
  `order` double unsigned DEFAULT NULL,
  PRIMARY KEY (`id`) USING BTREE,
  UNIQUE KEY `globals_uq` (`entity_id`,`cmp_id`,`field`,`component_type`) USING BTREE,
  KEY `globals_field_idx` (`field`) USING BTREE,
  KEY `globals_component_type_idx` (`component_type`) USING BTREE,
  KEY `globals_entity_fk` (`entity_id`) USING BTREE,
  CONSTRAINT `globals_entity_fk` FOREIGN KEY (`entity_id`) REFERENCES `globals` (`id`) ON DELETE CASCADE ON UPDATE RESTRICT
) ENGINE=InnoDB DEFAULT CHARSET=utf8mb3 ROW_FORMAT=DYNAMIC;

-- ----------------------------
-- Records of globals_cmps
-- ----------------------------
BEGIN;
COMMIT;

-- ----------------------------
-- Table structure for i18n_locale
-- ----------------------------
DROP TABLE IF EXISTS `i18n_locale`;
CREATE TABLE `i18n_locale` (
  `id` int unsigned NOT NULL AUTO_INCREMENT,
  `document_id` varchar(255) CHARACTER SET utf8mb3 COLLATE utf8mb3_general_ci DEFAULT NULL,
  `name` varchar(255) CHARACTER SET utf8mb3 COLLATE utf8mb3_general_ci DEFAULT NULL,
  `code` varchar(255) CHARACTER SET utf8mb3 COLLATE utf8mb3_general_ci DEFAULT NULL,
  `created_at` datetime(6) DEFAULT NULL,
  `updated_at` datetime(6) DEFAULT NULL,
  `published_at` datetime(6) DEFAULT NULL,
  `created_by_id` int unsigned DEFAULT NULL,
  `updated_by_id` int unsigned DEFAULT NULL,
  `locale` varchar(255) CHARACTER SET utf8mb3 COLLATE utf8mb3_general_ci DEFAULT NULL,
  PRIMARY KEY (`id`) USING BTREE,
  KEY `i18n_locale_documents_idx` (`document_id`,`locale`,`published_at`) USING BTREE,
  KEY `i18n_locale_created_by_id_fk` (`created_by_id`) USING BTREE,
  KEY `i18n_locale_updated_by_id_fk` (`updated_by_id`) USING BTREE,
  CONSTRAINT `i18n_locale_created_by_id_fk` FOREIGN KEY (`created_by_id`) REFERENCES `admin_users` (`id`) ON DELETE SET NULL ON UPDATE RESTRICT,
  CONSTRAINT `i18n_locale_updated_by_id_fk` FOREIGN KEY (`updated_by_id`) REFERENCES `admin_users` (`id`) ON DELETE SET NULL ON UPDATE RESTRICT
) ENGINE=InnoDB AUTO_INCREMENT=3 DEFAULT CHARSET=utf8mb3 ROW_FORMAT=DYNAMIC;

-- ----------------------------
-- Records of i18n_locale
-- ----------------------------
BEGIN;
INSERT INTO `i18n_locale` (`id`, `document_id`, `name`, `code`, `created_at`, `updated_at`, `published_at`, `created_by_id`, `updated_by_id`, `locale`) VALUES (1, 'ffh9y6xrzqd6elyngm5di2lp', 'English (en)', 'en', '2025-10-20 14:31:34.416000', '2025-10-20 15:13:45.436000', '2025-10-20 14:31:34.416000', NULL, 1, NULL);
INSERT INTO `i18n_locale` (`id`, `document_id`, `name`, `code`, `created_at`, `updated_at`, `published_at`, `created_by_id`, `updated_by_id`, `locale`) VALUES (2, 'xf29k5qky4jspsqqts9emkez', 'Chinese (Simplified) (zh-Hans)', 'zh-Hans', '2025-10-20 14:59:59.591000', '2025-10-20 15:02:22.574000', '2025-10-20 14:59:59.591000', 1, 1, NULL);
COMMIT;

-- ----------------------------
-- Table structure for process_api_logs
-- ----------------------------
DROP TABLE IF EXISTS `process_api_logs`;
CREATE TABLE `process_api_logs` (
  `id` bigint NOT NULL AUTO_INCREMENT COMMENT '主键ID',
  `request_id` varchar(64) CHARACTER SET utf8mb4 COLLATE utf8mb4_0900_ai_ci NOT NULL COMMENT '请求ID',
  `api_key` varchar(64) CHARACTER SET utf8mb4 COLLATE utf8mb4_0900_ai_ci NOT NULL COMMENT 'API密钥',
  `method` varchar(10) CHARACTER SET utf8mb4 COLLATE utf8mb4_0900_ai_ci NOT NULL COMMENT 'HTTP方法',
  `url` varchar(500) CHARACTER SET utf8mb4 COLLATE utf8mb4_0900_ai_ci NOT NULL COMMENT '请求URL',
  `request_body` text CHARACTER SET utf8mb4 COLLATE utf8mb4_0900_ai_ci COMMENT '请求体',
  `response_code` int NOT NULL COMMENT '响应状态码',
  `response_body` text CHARACTER SET utf8mb4 COLLATE utf8mb4_0900_ai_ci COMMENT '响应体',
  `response_time` int NOT NULL COMMENT '响应时间(ms)',
  `client_ip` varchar(45) CHARACTER SET utf8mb4 COLLATE utf8mb4_0900_ai_ci NOT NULL COMMENT '客户端IP',
  `user_agent` varchar(500) CHARACTER SET utf8mb4 COLLATE utf8mb4_0900_ai_ci DEFAULT NULL COMMENT 'User Agent',
  `request_headers` text CHARACTER SET utf8mb4 COLLATE utf8mb4_0900_ai_ci COMMENT '请求头信息',
  `response_headers` text CHARACTER SET utf8mb4 COLLATE utf8mb4_0900_ai_ci COMMENT '响应头信息',
  `error_message` text CHARACTER SET utf8mb4 COLLATE utf8mb4_0900_ai_ci COMMENT '错误信息',
  `operation_type` varchar(50) CHARACTER SET utf8mb4 COLLATE utf8mb4_0900_ai_ci DEFAULT NULL COMMENT '业务操作类型',
  `operation_result` varchar(20) CHARACTER SET utf8mb4 COLLATE utf8mb4_0900_ai_ci DEFAULT NULL COMMENT '操作结果 - success/failed',
  `created_at` datetime NOT NULL DEFAULT CURRENT_TIMESTAMP COMMENT '创建时间',
  PRIMARY KEY (`id`) USING BTREE,
  KEY `idx_api_key` (`api_key`) USING BTREE,
  KEY `idx_created_at` (`created_at`) USING BTREE,
  KEY `idx_response_code` (`response_code`) USING BTREE,
  KEY `idx_request_id` (`request_id`) USING BTREE,
  KEY `idx_operation_type` (`operation_type`) USING BTREE,
  KEY `idx_operation_result` (`operation_result`) USING BTREE
) ENGINE=InnoDB DEFAULT CHARSET=utf8mb4 COLLATE=utf8mb4_0900_ai_ci ROW_FORMAT=DYNAMIC COMMENT='过程系统API访问日志表';

-- ----------------------------
-- Records of process_api_logs
-- ----------------------------
BEGIN;
COMMIT;

-- ----------------------------
-- Table structure for process_submission_files
-- ----------------------------
DROP TABLE IF EXISTS `process_submission_files`;
CREATE TABLE `process_submission_files` (
  `file_id` varchar(200) CHARACTER SET utf8mb4 COLLATE utf8mb4_0900_ai_ci NOT NULL COMMENT '文件唯一标识',
  `submission_id` bigint NOT NULL COMMENT '关联的提交物ID',
  `file_name` varchar(200) CHARACTER SET utf8mb4 COLLATE utf8mb4_0900_ai_ci NOT NULL COMMENT '文件名称',
  `original_name` varchar(200) CHARACTER SET utf8mb4 COLLATE utf8mb4_0900_ai_ci DEFAULT NULL COMMENT '文件原始名称',
  `file_size` bigint DEFAULT NULL COMMENT '文件大小(字节)',
  `file_type` varchar(50) CHARACTER SET utf8mb4 COLLATE utf8mb4_0900_ai_ci DEFAULT NULL COMMENT '文件类型/扩展名',
  `mime_type` varchar(100) CHARACTER SET utf8mb4 COLLATE utf8mb4_0900_ai_ci DEFAULT NULL COMMENT 'MIME类型',
  `file_path` varchar(500) CHARACTER SET utf8mb4 COLLATE utf8mb4_0900_ai_ci DEFAULT NULL COMMENT '文件存储路径',
  `file_url` varchar(500) CHARACTER SET utf8mb4 COLLATE utf8mb4_0900_ai_ci DEFAULT NULL COMMENT '文件访问URL',
  `file_category` varchar(30) CHARACTER SET utf8mb4 COLLATE utf8mb4_0900_ai_ci DEFAULT NULL COMMENT '文件分类 - proposal/attachment',
  `file_description` text CHARACTER SET utf8mb4 COLLATE utf8mb4_0900_ai_ci COMMENT '文件描述',
  `file_md5` varchar(32) CHARACTER SET utf8mb4 COLLATE utf8mb4_0900_ai_ci DEFAULT NULL COMMENT '文件MD5校验值',
  `storage_status` varchar(20) CHARACTER SET utf8mb4 COLLATE utf8mb4_0900_ai_ci DEFAULT 'uploaded' COMMENT '存储状态 - uploaded/processing/completed/failed',
  `uploader_id` varchar(64) CHARACTER SET utf8mb4 COLLATE utf8mb4_0900_ai_ci NOT NULL COMMENT '上传者用户ID',
  `uploader_name` varchar(100) CHARACTER SET utf8mb4 COLLATE utf8mb4_0900_ai_ci NOT NULL COMMENT '上传者名称',
  `upload_time` datetime NOT NULL COMMENT '上传时间',
  `create_by` varchar(64) CHARACTER SET utf8mb4 COLLATE utf8mb4_0900_ai_ci DEFAULT NULL COMMENT '创建者ID',
  `create_time` datetime NOT NULL DEFAULT CURRENT_TIMESTAMP COMMENT '创建时间',
  `update_by` varchar(64) CHARACTER SET utf8mb4 COLLATE utf8mb4_0900_ai_ci DEFAULT NULL COMMENT '更新者ID',
  `update_time` datetime NOT NULL DEFAULT CURRENT_TIMESTAMP ON UPDATE CURRENT_TIMESTAMP COMMENT '更新时间',
  `del_flag` char(1) CHARACTER SET utf8mb4 COLLATE utf8mb4_0900_ai_ci NOT NULL DEFAULT '0' COMMENT '删除标志',
  `remark` varchar(500) CHARACTER SET utf8mb4 COLLATE utf8mb4_0900_ai_ci DEFAULT NULL COMMENT '备注',
  PRIMARY KEY (`file_id`) USING BTREE,
  KEY `idx_submission_id` (`submission_id`) USING BTREE,
  KEY `idx_file_category` (`file_category`) USING BTREE,
  KEY `idx_upload_time` (`upload_time`) USING BTREE,
  KEY `idx_storage_status` (`storage_status`) USING BTREE,
  CONSTRAINT `process_submission_files_ibfk_1` FOREIGN KEY (`submission_id`) REFERENCES `process_submissions` (`submission_id`) ON DELETE CASCADE ON UPDATE RESTRICT
) ENGINE=InnoDB DEFAULT CHARSET=utf8mb4 COLLATE=utf8mb4_0900_ai_ci ROW_FORMAT=DYNAMIC COMMENT='过程系统提交物文件表';

-- ----------------------------
-- Records of process_submission_files
-- ----------------------------
BEGIN;
COMMIT;

-- ----------------------------
-- Table structure for process_submissions
-- ----------------------------
DROP TABLE IF EXISTS `process_submissions`;
CREATE TABLE `process_submissions` (
  `submission_id` bigint NOT NULL COMMENT '提交物唯一标识',
  `application_id` bigint NOT NULL COMMENT '外键 - 关联申报记录',
  `submission_type` varchar(30) CHARACTER SET utf8mb4 COLLATE utf8mb4_0900_ai_ci NOT NULL COMMENT '提交物类型 - proposal/application_attachment',
  `submission_stage` varchar(30) CHARACTER SET utf8mb4 COLLATE utf8mb4_0900_ai_ci NOT NULL COMMENT '提交阶段 - application',
  `submission_round` int NOT NULL DEFAULT '1' COMMENT '提交轮次',
  `submission_version` int NOT NULL DEFAULT '1' COMMENT '版本号',
  `project_name` varchar(200) CHARACTER SET utf8mb4 COLLATE utf8mb4_0900_ai_ci NOT NULL COMMENT '项目名称',
  `project_field` varchar(100) CHARACTER SET utf8mb4 COLLATE utf8mb4_0900_ai_ci DEFAULT NULL COMMENT '项目所属领域',
  `category_level` varchar(20) CHARACTER SET utf8mb4 COLLATE utf8mb4_0900_ai_ci NOT NULL COMMENT '类别级别 - 重点/一般',
  `category_specific` varchar(100) CHARACTER SET utf8mb4 COLLATE utf8mb4_0900_ai_ci NOT NULL COMMENT '具体分类',
  `research_period` int DEFAULT NULL COMMENT '研究周期(月)',
  `project_keywords` varchar(500) CHARACTER SET utf8mb4 COLLATE utf8mb4_0900_ai_ci DEFAULT NULL COMMENT '项目关键词',
  `project_description` text CHARACTER SET utf8mb4 COLLATE utf8mb4_0900_ai_ci NOT NULL COMMENT '项目描述',
  `expected_results` text CHARACTER SET utf8mb4 COLLATE utf8mb4_0900_ai_ci COMMENT '预期成果',
  `willing_adjust` char(1) CHARACTER SET utf8mb4 COLLATE utf8mb4_0900_ai_ci DEFAULT NULL COMMENT '是否愿意调整为一般项目',
  `applicant_name` varchar(100) CHARACTER SET utf8mb4 COLLATE utf8mb4_0900_ai_ci NOT NULL COMMENT '负责人姓名',
  `id_card` varchar(30) CHARACTER SET utf8mb4 COLLATE utf8mb4_0900_ai_ci DEFAULT NULL COMMENT '证件号码',
  `education_degree` varchar(50) CHARACTER SET utf8mb4 COLLATE utf8mb4_0900_ai_ci DEFAULT NULL COMMENT '学历学位',
  `technical_title` varchar(50) CHARACTER SET utf8mb4 COLLATE utf8mb4_0900_ai_ci DEFAULT NULL COMMENT '技术职称',
  `email` varchar(100) CHARACTER SET utf8mb4 COLLATE utf8mb4_0900_ai_ci DEFAULT NULL COMMENT '邮箱',
  `phone` varchar(20) CHARACTER SET utf8mb4 COLLATE utf8mb4_0900_ai_ci NOT NULL COMMENT '联系电话',
  `work_unit` varchar(200) CHARACTER SET utf8mb4 COLLATE utf8mb4_0900_ai_ci DEFAULT NULL COMMENT '工作单位',
  `unit_address` varchar(300) CHARACTER SET utf8mb4 COLLATE utf8mb4_0900_ai_ci DEFAULT NULL COMMENT '单位地址',
  `representative_achievements` text CHARACTER SET utf8mb4 COLLATE utf8mb4_0900_ai_ci COMMENT '申报人代表成果',
  `proposal_file_id` varchar(200) CHARACTER SET utf8mb4 COLLATE utf8mb4_0900_ai_ci NOT NULL COMMENT '申报书文件ID',
  `proposal_file_name` varchar(200) CHARACTER SET utf8mb4 COLLATE utf8mb4_0900_ai_ci NOT NULL COMMENT '申报书文件名称',
  `proposal_file_size` bigint DEFAULT NULL COMMENT '申报书文件大小(字节)',
  `proposal_file_type` varchar(50) CHARACTER SET utf8mb4 COLLATE utf8mb4_0900_ai_ci DEFAULT NULL COMMENT '文件类型',
  `proposal_file_url` varchar(500) CHARACTER SET utf8mb4 COLLATE utf8mb4_0900_ai_ci DEFAULT NULL COMMENT '申报书访问路径',
  `other_attachments_json` text CHARACTER SET utf8mb4 COLLATE utf8mb4_0900_ai_ci COMMENT '其他附件列表(JSON格式)',
  `uploader_id` varchar(64) CHARACTER SET utf8mb4 COLLATE utf8mb4_0900_ai_ci NOT NULL COMMENT '上传者用户ID',
  `uploader_name` varchar(100) CHARACTER SET utf8mb4 COLLATE utf8mb4_0900_ai_ci NOT NULL COMMENT '上传者名称',
  `upload_time` datetime NOT NULL COMMENT '上传时间',
  `submission_description` text CHARACTER SET utf8mb4 COLLATE utf8mb4_0900_ai_ci COMMENT '提交物备注说明',
  `create_by` varchar(64) CHARACTER SET utf8mb4 COLLATE utf8mb4_0900_ai_ci DEFAULT NULL COMMENT '创建者ID',
  `create_time` datetime NOT NULL DEFAULT CURRENT_TIMESTAMP COMMENT '创建时间',
  `update_by` varchar(64) CHARACTER SET utf8mb4 COLLATE utf8mb4_0900_ai_ci DEFAULT NULL COMMENT '更新者ID',
  `update_time` datetime NOT NULL DEFAULT CURRENT_TIMESTAMP ON UPDATE CURRENT_TIMESTAMP COMMENT '更新时间',
  `del_flag` char(1) CHARACTER SET utf8mb4 COLLATE utf8mb4_0900_ai_ci NOT NULL DEFAULT '0' COMMENT '删除标志',
  `remark` varchar(500) CHARACTER SET utf8mb4 COLLATE utf8mb4_0900_ai_ci DEFAULT NULL COMMENT '备注',
  `sync_time` datetime NOT NULL DEFAULT CURRENT_TIMESTAMP COMMENT '同步时间',
  PRIMARY KEY (`submission_id`) USING BTREE,
  KEY `idx_application_id` (`application_id`) USING BTREE,
  KEY `idx_project_name` (`project_name`) USING BTREE,
  KEY `idx_applicant_name` (`applicant_name`) USING BTREE,
  KEY `idx_upload_time` (`upload_time`) USING BTREE,
  KEY `idx_submission_type` (`submission_type`) USING BTREE,
  KEY `idx_category_level` (`category_level`) USING BTREE,
  KEY `idx_sync_time` (`sync_time`) USING BTREE,
  KEY `idx_interim_results_type` (`del_flag`,`submission_type`) USING BTREE,
  KEY `idx_interim_results_upload_time` (`del_flag`,`upload_time`) USING BTREE,
  KEY `idx_interim_results_category` (`del_flag`,`category_level`) USING BTREE,
  KEY `idx_interim_results_field` (`del_flag`,`project_field`) USING BTREE,
  KEY `idx_interim_results_submitter` (`del_flag`,`applicant_name`) USING BTREE,
  KEY `idx_interim_results_project_id` (`del_flag`,`application_id`) USING BTREE
) ENGINE=InnoDB DEFAULT CHARSET=utf8mb4 COLLATE=utf8mb4_0900_ai_ci ROW_FORMAT=DYNAMIC COMMENT='过程系统项目提交物表';

-- ----------------------------
-- Records of process_submissions
-- ----------------------------
BEGIN;
COMMIT;

-- ----------------------------
-- Table structure for project_submission_contract
-- ----------------------------
DROP TABLE IF EXISTS `project_submission_contract`;
CREATE TABLE `project_submission_contract` (
  `submission_id` bigint NOT NULL COMMENT '提交物唯一标识',
  `application_id` bigint NOT NULL COMMENT '外键 - 关联申报记录',
  `submission_type` varchar(30) CHARACTER SET utf8mb4 COLLATE utf8mb4_0900_ai_ci NOT NULL DEFAULT 'signed_contract' COMMENT '提交物类型 - signed_contract',
  `project_name` varchar(200) CHARACTER SET utf8mb4 COLLATE utf8mb4_0900_ai_ci NOT NULL COMMENT '项目名称',
  `applicant_name` varchar(100) CHARACTER SET utf8mb4 COLLATE utf8mb4_0900_ai_ci NOT NULL COMMENT '负责人名称',
  `signed_contract_file_id` varchar(200) CHARACTER SET utf8mb4 COLLATE utf8mb4_0900_ai_ci DEFAULT NULL COMMENT '已签署合同文件ID',
  `signed_contract_file_name` varchar(200) CHARACTER SET utf8mb4 COLLATE utf8mb4_0900_ai_ci DEFAULT NULL COMMENT '已签署合同文件名称',
  `signed_contract_file_size` bigint DEFAULT NULL COMMENT '已签署合同文件大小(字节)',
  `signed_contract_file_type` varchar(50) CHARACTER SET utf8mb4 COLLATE utf8mb4_0900_ai_ci DEFAULT NULL COMMENT '文件类型',
  `signed_contract_file_url` varchar(500) CHARACTER SET utf8mb4 COLLATE utf8mb4_0900_ai_ci DEFAULT NULL COMMENT '已签署合同访问路径',
  `contract_remarks` text CHARACTER SET utf8mb4 COLLATE utf8mb4_0900_ai_ci COMMENT '合同备注',
  `upload_time` datetime NOT NULL DEFAULT CURRENT_TIMESTAMP COMMENT '上传时间',
  `create_time` datetime NOT NULL DEFAULT CURRENT_TIMESTAMP COMMENT '创建时间',
  `update_time` datetime NOT NULL DEFAULT CURRENT_TIMESTAMP ON UPDATE CURRENT_TIMESTAMP COMMENT '更新时间',
  `del_flag` char(1) CHARACTER SET utf8mb4 COLLATE utf8mb4_0900_ai_ci NOT NULL DEFAULT '0' COMMENT '删除标志',
  `remark` varchar(500) CHARACTER SET utf8mb4 COLLATE utf8mb4_0900_ai_ci DEFAULT NULL COMMENT '备注',
  PRIMARY KEY (`submission_id`) USING BTREE,
  KEY `idx_contract_application_id` (`application_id`) USING BTREE,
  KEY `idx_contract_project_name` (`project_name`) USING BTREE,
  KEY `idx_contract_upload_time` (`upload_time`) USING BTREE
) ENGINE=InnoDB DEFAULT CHARSET=utf8mb4 COLLATE=utf8mb4_0900_ai_ci ROW_FORMAT=DYNAMIC COMMENT='合同提交表';

-- ----------------------------
-- Records of project_submission_contract
-- ----------------------------
BEGIN;
COMMIT;

-- ----------------------------
-- Table structure for project_submission_deliverable
-- ----------------------------
DROP TABLE IF EXISTS `project_submission_deliverable`;
CREATE TABLE `project_submission_deliverable` (
  `submission_id` bigint NOT NULL COMMENT '提交物唯一标识',
  `application_id` bigint NOT NULL COMMENT '外键 - 关联申报记录',
  `check_id` bigint NOT NULL COMMENT '外键 - 关联检查记录',
  `submission_type` varchar(30) CHARACTER SET utf8mb4 COLLATE utf8mb4_0900_ai_ci NOT NULL DEFAULT 'deliverable_report' COMMENT '提交物类型 - deliverable_report',
  `project_name` varchar(200) CHARACTER SET utf8mb4 COLLATE utf8mb4_0900_ai_ci NOT NULL COMMENT '项目名称',
  `applicant_name` varchar(100) CHARACTER SET utf8mb4 COLLATE utf8mb4_0900_ai_ci NOT NULL COMMENT '负责人姓名',
  `check_round` int NOT NULL COMMENT '检查轮次',
  `check_title` varchar(200) CHARACTER SET utf8mb4 COLLATE utf8mb4_0900_ai_ci DEFAULT NULL COMMENT '验收轮次名称',
  `check_content` text CHARACTER SET utf8mb4 COLLATE utf8mb4_0900_ai_ci COMMENT '验收成果物要求描述',
  `deliverable_description` text CHARACTER SET utf8mb4 COLLATE utf8mb4_0900_ai_ci COMMENT '成果物描述',
  `project_progress` text CHARACTER SET utf8mb4 COLLATE utf8mb4_0900_ai_ci NOT NULL COMMENT '项目进展描述',
  `major_achievements` text CHARACTER SET utf8mb4 COLLATE utf8mb4_0900_ai_ci NOT NULL COMMENT '主要成果描述',
  `problems_encountered` text CHARACTER SET utf8mb4 COLLATE utf8mb4_0900_ai_ci COMMENT '遇到的问题',
  `solutions` text CHARACTER SET utf8mb4 COLLATE utf8mb4_0900_ai_ci COMMENT '解决方案与措施',
  `deliverable_file_id` varchar(200) CHARACTER SET utf8mb4 COLLATE utf8mb4_0900_ai_ci DEFAULT NULL COMMENT '成果物文件ID',
  `deliverable_file_name` varchar(200) CHARACTER SET utf8mb4 COLLATE utf8mb4_0900_ai_ci DEFAULT NULL COMMENT '成果物文件名称',
  `deliverable_file_size` bigint DEFAULT NULL COMMENT '成果物文件大小(字节)',
  `deliverable_file_type` varchar(50) CHARACTER SET utf8mb4 COLLATE utf8mb4_0900_ai_ci DEFAULT NULL COMMENT '文件类型',
  `deliverable_file_url` varchar(500) CHARACTER SET utf8mb4 COLLATE utf8mb4_0900_ai_ci DEFAULT NULL COMMENT '成果物访问路径',
  `inspection_report_file_id` varchar(200) CHARACTER SET utf8mb4 COLLATE utf8mb4_0900_ai_ci DEFAULT NULL COMMENT '验收报告文件ID',
  `inspection_report_file_name` varchar(200) CHARACTER SET utf8mb4 COLLATE utf8mb4_0900_ai_ci DEFAULT NULL COMMENT '验收报告文件名称',
  `inspection_report_file_size` bigint DEFAULT NULL COMMENT '验收报告文件大小(字节)',
  `inspection_report_file_type` varchar(50) CHARACTER SET utf8mb4 COLLATE utf8mb4_0900_ai_ci DEFAULT NULL COMMENT '文件类型',
  `inspection_report_file_url` varchar(500) CHARACTER SET utf8mb4 COLLATE utf8mb4_0900_ai_ci DEFAULT NULL COMMENT '验收报告访问路径',
  `upload_time` datetime NOT NULL DEFAULT CURRENT_TIMESTAMP COMMENT '上传时间',
  `create_time` datetime NOT NULL DEFAULT CURRENT_TIMESTAMP COMMENT '创建时间',
  `update_time` datetime NOT NULL DEFAULT CURRENT_TIMESTAMP ON UPDATE CURRENT_TIMESTAMP COMMENT '更新时间',
  `del_flag` char(1) CHARACTER SET utf8mb4 COLLATE utf8mb4_0900_ai_ci NOT NULL DEFAULT '0' COMMENT '删除标志',
  `remark` varchar(500) CHARACTER SET utf8mb4 COLLATE utf8mb4_0900_ai_ci DEFAULT NULL COMMENT '备注',
  PRIMARY KEY (`submission_id`) USING BTREE,
  KEY `idx_deliverable_application_id` (`application_id`) USING BTREE,
  KEY `idx_deliverable_check_id` (`check_id`) USING BTREE,
  KEY `idx_deliverable_project_name` (`project_name`) USING BTREE,
  KEY `idx_deliverable_upload_time` (`upload_time`) USING BTREE
) ENGINE=InnoDB DEFAULT CHARSET=utf8mb4 COLLATE=utf8mb4_0900_ai_ci ROW_FORMAT=DYNAMIC COMMENT='成果物提交表';

-- ----------------------------
-- Records of project_submission_deliverable
-- ----------------------------
BEGIN;
COMMIT;

-- ----------------------------
-- Table structure for project_submission_demo_contract
-- ----------------------------
DROP TABLE IF EXISTS `project_submission_demo_contract`;
CREATE TABLE `project_submission_demo_contract` (
  `submission_id` bigint NOT NULL COMMENT '提交物唯一标识',
  `application_id` bigint NOT NULL COMMENT '外键 - 关联申报记录',
  `submission_type` varchar(30) CHARACTER SET utf8mb4 COLLATE utf8mb4_0900_ai_ci NOT NULL DEFAULT 'contract_template' COMMENT '提交物类型 - contract_template',
  `project_name` varchar(200) CHARACTER SET utf8mb4 COLLATE utf8mb4_0900_ai_ci NOT NULL COMMENT '项目名称',
  `applicant_name` varchar(100) CHARACTER SET utf8mb4 COLLATE utf8mb4_0900_ai_ci NOT NULL COMMENT '负责人名称',
  `contract_template_file_id` varchar(200) CHARACTER SET utf8mb4 COLLATE utf8mb4_0900_ai_ci DEFAULT NULL COMMENT '合同模板文件ID',
  `contract_template_file_name` varchar(200) CHARACTER SET utf8mb4 COLLATE utf8mb4_0900_ai_ci DEFAULT NULL COMMENT '合同模板文件名称',
  `contract_template_file_size` bigint DEFAULT NULL COMMENT '合同模板文件大小(字节)',
  `contract_template_file_type` varchar(50) CHARACTER SET utf8mb4 COLLATE utf8mb4_0900_ai_ci DEFAULT NULL COMMENT '文件类型',
  `contract_template_file_url` varchar(500) CHARACTER SET utf8mb4 COLLATE utf8mb4_0900_ai_ci DEFAULT NULL COMMENT '合同模板访问路径',
  `upload_time` datetime NOT NULL DEFAULT CURRENT_TIMESTAMP COMMENT '上传时间',
  `create_time` datetime NOT NULL DEFAULT CURRENT_TIMESTAMP COMMENT '创建时间',
  `update_time` datetime NOT NULL DEFAULT CURRENT_TIMESTAMP ON UPDATE CURRENT_TIMESTAMP COMMENT '更新时间',
  `del_flag` char(1) CHARACTER SET utf8mb4 COLLATE utf8mb4_0900_ai_ci NOT NULL DEFAULT '0' COMMENT '删除标志',
  `remark` varchar(500) CHARACTER SET utf8mb4 COLLATE utf8mb4_0900_ai_ci DEFAULT NULL COMMENT '备注',
  PRIMARY KEY (`submission_id`) USING BTREE,
  KEY `idx_demo_contract_application_id` (`application_id`) USING BTREE,
  KEY `idx_demo_contract_project_name` (`project_name`) USING BTREE,
  KEY `idx_demo_contract_upload_time` (`upload_time`) USING BTREE
) ENGINE=InnoDB DEFAULT CHARSET=utf8mb4 COLLATE=utf8mb4_0900_ai_ci ROW_FORMAT=DYNAMIC COMMENT='合同模板表';

-- ----------------------------
-- Records of project_submission_demo_contract
-- ----------------------------
BEGIN;
COMMIT;

-- ----------------------------
-- Table structure for strapi_ai_localization_jobs
-- ----------------------------
DROP TABLE IF EXISTS `strapi_ai_localization_jobs`;
CREATE TABLE `strapi_ai_localization_jobs` (
  `id` int unsigned NOT NULL AUTO_INCREMENT,
  `content_type` varchar(255) CHARACTER SET utf8mb4 COLLATE utf8mb4_0900_ai_ci NOT NULL,
  `related_document_id` varchar(255) CHARACTER SET utf8mb4 COLLATE utf8mb4_0900_ai_ci NOT NULL,
  `source_locale` varchar(255) CHARACTER SET utf8mb4 COLLATE utf8mb4_0900_ai_ci NOT NULL,
  `target_locales` json NOT NULL,
  `status` varchar(255) CHARACTER SET utf8mb4 COLLATE utf8mb4_0900_ai_ci NOT NULL,
  `created_at` datetime(6) DEFAULT NULL,
  `updated_at` datetime(6) DEFAULT NULL,
  PRIMARY KEY (`id`) USING BTREE
) ENGINE=InnoDB DEFAULT CHARSET=utf8mb4 COLLATE=utf8mb4_0900_ai_ci ROW_FORMAT=DYNAMIC;

-- ----------------------------
-- Records of strapi_ai_localization_jobs
-- ----------------------------
BEGIN;
COMMIT;

-- ----------------------------
-- Table structure for strapi_api_token_permissions
-- ----------------------------
DROP TABLE IF EXISTS `strapi_api_token_permissions`;
CREATE TABLE `strapi_api_token_permissions` (
  `id` int unsigned NOT NULL AUTO_INCREMENT,
  `document_id` varchar(255) CHARACTER SET utf8mb3 COLLATE utf8mb3_general_ci DEFAULT NULL,
  `action` varchar(255) CHARACTER SET utf8mb3 COLLATE utf8mb3_general_ci DEFAULT NULL,
  `created_at` datetime(6) DEFAULT NULL,
  `updated_at` datetime(6) DEFAULT NULL,
  `published_at` datetime(6) DEFAULT NULL,
  `created_by_id` int unsigned DEFAULT NULL,
  `updated_by_id` int unsigned DEFAULT NULL,
  `locale` varchar(255) CHARACTER SET utf8mb3 COLLATE utf8mb3_general_ci DEFAULT NULL,
  PRIMARY KEY (`id`) USING BTREE,
  KEY `strapi_api_token_permissions_documents_idx` (`document_id`,`locale`,`published_at`) USING BTREE,
  KEY `strapi_api_token_permissions_created_by_id_fk` (`created_by_id`) USING BTREE,
  KEY `strapi_api_token_permissions_updated_by_id_fk` (`updated_by_id`) USING BTREE,
  CONSTRAINT `strapi_api_token_permissions_created_by_id_fk` FOREIGN KEY (`created_by_id`) REFERENCES `admin_users` (`id`) ON DELETE SET NULL ON UPDATE RESTRICT,
  CONSTRAINT `strapi_api_token_permissions_updated_by_id_fk` FOREIGN KEY (`updated_by_id`) REFERENCES `admin_users` (`id`) ON DELETE SET NULL ON UPDATE RESTRICT
) ENGINE=InnoDB DEFAULT CHARSET=utf8mb3 ROW_FORMAT=DYNAMIC;

-- ----------------------------
-- Records of strapi_api_token_permissions
-- ----------------------------
BEGIN;
COMMIT;

-- ----------------------------
-- Table structure for strapi_api_token_permissions_token_lnk
-- ----------------------------
DROP TABLE IF EXISTS `strapi_api_token_permissions_token_lnk`;
CREATE TABLE `strapi_api_token_permissions_token_lnk` (
  `id` int unsigned NOT NULL AUTO_INCREMENT,
  `api_token_permission_id` int unsigned DEFAULT NULL,
  `api_token_id` int unsigned DEFAULT NULL,
  `api_token_permission_ord` double unsigned DEFAULT NULL,
  PRIMARY KEY (`id`) USING BTREE,
  UNIQUE KEY `strapi_api_token_permissions_token_lnk_uq` (`api_token_permission_id`,`api_token_id`) USING BTREE,
  KEY `strapi_api_token_permissions_token_lnk_fk` (`api_token_permission_id`) USING BTREE,
  KEY `strapi_api_token_permissions_token_lnk_ifk` (`api_token_id`) USING BTREE,
  KEY `strapi_api_token_permissions_token_lnk_oifk` (`api_token_permission_ord`) USING BTREE,
  CONSTRAINT `strapi_api_token_permissions_token_lnk_fk` FOREIGN KEY (`api_token_permission_id`) REFERENCES `strapi_api_token_permissions` (`id`) ON DELETE CASCADE ON UPDATE RESTRICT,
  CONSTRAINT `strapi_api_token_permissions_token_lnk_ifk` FOREIGN KEY (`api_token_id`) REFERENCES `strapi_api_tokens` (`id`) ON DELETE CASCADE ON UPDATE RESTRICT
) ENGINE=InnoDB DEFAULT CHARSET=utf8mb3 ROW_FORMAT=DYNAMIC;

-- ----------------------------
-- Records of strapi_api_token_permissions_token_lnk
-- ----------------------------
BEGIN;
COMMIT;

-- ----------------------------
-- Table structure for strapi_api_tokens
-- ----------------------------
DROP TABLE IF EXISTS `strapi_api_tokens`;
CREATE TABLE `strapi_api_tokens` (
  `id` int unsigned NOT NULL AUTO_INCREMENT,
  `document_id` varchar(255) CHARACTER SET utf8mb3 COLLATE utf8mb3_general_ci DEFAULT NULL,
  `name` varchar(255) CHARACTER SET utf8mb3 COLLATE utf8mb3_general_ci DEFAULT NULL,
  `description` varchar(255) CHARACTER SET utf8mb3 COLLATE utf8mb3_general_ci DEFAULT NULL,
  `type` varchar(255) CHARACTER SET utf8mb3 COLLATE utf8mb3_general_ci DEFAULT NULL,
  `access_key` varchar(255) CHARACTER SET utf8mb3 COLLATE utf8mb3_general_ci DEFAULT NULL,
  `encrypted_key` longtext CHARACTER SET utf8mb3 COLLATE utf8mb3_general_ci,
  `last_used_at` datetime(6) DEFAULT NULL,
  `expires_at` datetime(6) DEFAULT NULL,
  `lifespan` bigint DEFAULT NULL,
  `created_at` datetime(6) DEFAULT NULL,
  `updated_at` datetime(6) DEFAULT NULL,
  `published_at` datetime(6) DEFAULT NULL,
  `created_by_id` int unsigned DEFAULT NULL,
  `updated_by_id` int unsigned DEFAULT NULL,
  `locale` varchar(255) CHARACTER SET utf8mb3 COLLATE utf8mb3_general_ci DEFAULT NULL,
  PRIMARY KEY (`id`) USING BTREE,
  KEY `strapi_api_tokens_documents_idx` (`document_id`,`locale`,`published_at`) USING BTREE,
  KEY `strapi_api_tokens_created_by_id_fk` (`created_by_id`) USING BTREE,
  KEY `strapi_api_tokens_updated_by_id_fk` (`updated_by_id`) USING BTREE,
  CONSTRAINT `strapi_api_tokens_created_by_id_fk` FOREIGN KEY (`created_by_id`) REFERENCES `admin_users` (`id`) ON DELETE SET NULL ON UPDATE RESTRICT,
  CONSTRAINT `strapi_api_tokens_updated_by_id_fk` FOREIGN KEY (`updated_by_id`) REFERENCES `admin_users` (`id`) ON DELETE SET NULL ON UPDATE RESTRICT
) ENGINE=InnoDB AUTO_INCREMENT=5 DEFAULT CHARSET=utf8mb3 ROW_FORMAT=DYNAMIC;

-- ----------------------------
-- Records of strapi_api_tokens
-- ----------------------------
BEGIN;
INSERT INTO `strapi_api_tokens` (`id`, `document_id`, `name`, `description`, `type`, `access_key`, `encrypted_key`, `last_used_at`, `expires_at`, `lifespan`, `created_at`, `updated_at`, `published_at`, `created_by_id`, `updated_by_id`, `locale`) VALUES (1, 'o0m3ilbveiav8slt8xkkycar', 'Read Only', 'A default API token with read-only permissions, only used for accessing resources', 'read-only', 'e31c2a13acaf7f0a22cb0ac8e434c179921a51c60392aa2896ff90dd44c5353a9df5eb03ab7daad2e0f916b101eada73d42a847d46b483884e9ebe53d57ff96d', 'v1:3c8d99f8cfab3c800b8819170bb92645:0bb29446a82103589b0816d2ad986b0445538613a3c12ec0fcde779ea7a3226f475c55ed3d7cd24158ab3e8534b3e49ae1c574da1e6f89b69eebe6244455a0bffb754007761af2335dfac684d297e112090d7db34cce6f61569da052733a9fdeb6bfef5a5447bcac6c3ca40422f675114ff1bebe22d28139c08336bb734352bba6cf13b90322c90f834558ce3906ae217046c3f23ea0744e133c0c4f14576c56f0e9a71221fc670a534235801f45bef6cdbc227515017333c190f726124c4c06e043012eeb94d59adf3e4e3a6c4bcb176b5599285d6370b1a00d45957da333fdd1cf796e0fca21d9d6c73360deedeaf5ddb1044d679a94ff9506bdd43bbae12b:390fff1a13ef3cb26afb93e5f2eefa67', NULL, NULL, NULL, '2025-10-20 14:31:35.418000', '2025-10-20 14:31:35.418000', '2025-10-20 14:31:35.418000', NULL, NULL, NULL);
INSERT INTO `strapi_api_tokens` (`id`, `document_id`, `name`, `description`, `type`, `access_key`, `encrypted_key`, `last_used_at`, `expires_at`, `lifespan`, `created_at`, `updated_at`, `published_at`, `created_by_id`, `updated_by_id`, `locale`) VALUES (2, 'ecavb3y1n53cam2pldvv6y5y', 'Full Access', 'A default API token with full access permissions, used for accessing or modifying resources', 'full-access', 'dcdcf20eab6fa269b09e1e319e82b421db529cd7b8907b153c6d88a7def6e31496b8f938736224aca2d111fd5d6033bdd7b3d4ceb8cc48528fcaff7683296557', 'v1:7610ca17668b3ffd6080ed7d74d8f733:b97ec6f4dc6dd2e9a75a3b40c7c8c5b933634c591f62501e017ba0e88f81a49dd56371cb7ee382ebcffae1c1aac633e6ad3f3e321b5ead0f86c5c51166d903bd8e4d5ac2ad3a82acfbe4e83e3c5a8e5b74531e904a114d6d3d1435fa5dcbaaaaaab1a12671e6a947279c74964f14f1d2183711c6a990dd9e2d64018e221b20c642b0a53da2bc93a7d798439198694681f44b1519af4a36bbbe9e187ba42d5c868ec2a9c2c625092d83375db1550dcd173d4cd719c8a18aa09afcce7ae877b9ec0effcd8673eae8c4d203d47d4a33c570f192abdbe49001cec51b77e0677d9129835f37e30caddab10fee724e5fe990b67d45fcbda4da275029fe49ab187b9795:d7dd72383ac854d71948920846399130', NULL, NULL, NULL, '2025-10-20 14:31:35.423000', '2025-10-20 14:31:35.423000', '2025-10-20 14:31:35.423000', NULL, NULL, NULL);
INSERT INTO `strapi_api_tokens` (`id`, `document_id`, `name`, `description`, `type`, `access_key`, `encrypted_key`, `last_used_at`, `expires_at`, `lifespan`, `created_at`, `updated_at`, `published_at`, `created_by_id`, `updated_by_id`, `locale`) VALUES (3, 't6j97jif7np2mg29z9f62gcx', 'wjh', '', 'full-access', 'cc086419e252ebabee1c5d6f21cf662243c1a0a094936c5cbb870ee12d831a75514f39dd97145448c660399ac9568d78940fd7c3fb8aa04eb9c3972d3e28ac56', 'v1:67437dab67542bd05c104fee0ec6e5c7:77ed1e21a296995a609bfeef36481eae10b0882da520839fd52f0ede65261a59a5072261b27a2600c1e0afca13f893f8549541b8de3361dc90c1ffc9a6510af67788519079a68de9a2b6f909a65b1b65b0c69c1890390af804522e7d0f64a18cdcf4c28c4a54d74c04bca254464297aac01a9fba74f36c9ff88fb814f2d238e2df0830255ee5f1c209b89bff25cae262cf8bf3bea6709c9c3f37940e60f88b3612cabf8f8723b7cf890f7ddcbc1684fd23e3caa83fd40b2a7f6b2b1e66d1b28d8c87ffb200ae7c0889fc2dc5c01f4ae7bf0f53a0461cb680e887d20c0a8c72c511581d09a4cf049cbe4f2ea02327e4e66a65b38826ed11625028d49346409bf0:14813edeb4f1db96725e6a31b904d08c', '2026-01-23 13:44:48.812000', NULL, NULL, '2025-12-30 23:44:12.112000', '2026-01-23 13:44:48.812000', '2025-12-30 23:44:12.112000', NULL, NULL, NULL);
INSERT INTO `strapi_api_tokens` (`id`, `document_id`, `name`, `description`, `type`, `access_key`, `encrypted_key`, `last_used_at`, `expires_at`, `lifespan`, `created_at`, `updated_at`, `published_at`, `created_by_id`, `updated_by_id`, `locale`) VALUES (4, 'addn2kliia4wdteowbt3tw2l', '朱子齐', '', 'full-access', '161fd03d2ca1a7df573c8505e18d0ea5a44de002c76acab00014c463907acf8ea8610e4305e969edc3549d05740824962730602f8710d0a05616d9642dd2dd4c', NULL, '2026-01-24 23:48:29.729000', NULL, NULL, '2026-01-24 22:44:24.455000', '2026-01-24 23:48:29.729000', '2026-01-24 22:44:24.455000', NULL, NULL, NULL);
COMMIT;

-- ----------------------------
-- Table structure for strapi_audit_logs
-- ----------------------------
DROP TABLE IF EXISTS `strapi_audit_logs`;
CREATE TABLE `strapi_audit_logs` (
  `id` int unsigned NOT NULL AUTO_INCREMENT,
  `document_id` varchar(255) CHARACTER SET utf8mb3 COLLATE utf8mb3_general_ci DEFAULT NULL,
  `action` varchar(255) CHARACTER SET utf8mb3 COLLATE utf8mb3_general_ci DEFAULT NULL,
  `date` datetime(6) DEFAULT NULL,
  `payload` json DEFAULT NULL,
  `created_at` datetime(6) DEFAULT NULL,
  `updated_at` datetime(6) DEFAULT NULL,
  `published_at` datetime(6) DEFAULT NULL,
  `created_by_id` int unsigned DEFAULT NULL,
  `updated_by_id` int unsigned DEFAULT NULL,
  `locale` varchar(255) CHARACTER SET utf8mb3 COLLATE utf8mb3_general_ci DEFAULT NULL,
  PRIMARY KEY (`id`) USING BTREE,
  KEY `strapi_audit_logs_documents_idx` (`document_id`,`locale`,`published_at`) USING BTREE,
  KEY `strapi_audit_logs_created_by_id_fk` (`created_by_id`) USING BTREE,
  KEY `strapi_audit_logs_updated_by_id_fk` (`updated_by_id`) USING BTREE,
  CONSTRAINT `strapi_audit_logs_created_by_id_fk` FOREIGN KEY (`created_by_id`) REFERENCES `admin_users` (`id`) ON DELETE SET NULL ON UPDATE RESTRICT,
  CONSTRAINT `strapi_audit_logs_updated_by_id_fk` FOREIGN KEY (`updated_by_id`) REFERENCES `admin_users` (`id`) ON DELETE SET NULL ON UPDATE RESTRICT
) ENGINE=InnoDB DEFAULT CHARSET=utf8mb3 ROW_FORMAT=DYNAMIC;

-- ----------------------------
-- Records of strapi_audit_logs
-- ----------------------------
BEGIN;
COMMIT;

-- ----------------------------
-- Table structure for strapi_audit_logs_user_lnk
-- ----------------------------
DROP TABLE IF EXISTS `strapi_audit_logs_user_lnk`;
CREATE TABLE `strapi_audit_logs_user_lnk` (
  `id` int unsigned NOT NULL AUTO_INCREMENT,
  `audit_log_id` int unsigned DEFAULT NULL,
  `user_id` int unsigned DEFAULT NULL,
  PRIMARY KEY (`id`) USING BTREE,
  UNIQUE KEY `strapi_audit_logs_user_lnk_uq` (`audit_log_id`,`user_id`) USING BTREE,
  KEY `strapi_audit_logs_user_lnk_fk` (`audit_log_id`) USING BTREE,
  KEY `strapi_audit_logs_user_lnk_ifk` (`user_id`) USING BTREE,
  CONSTRAINT `strapi_audit_logs_user_lnk_fk` FOREIGN KEY (`audit_log_id`) REFERENCES `strapi_audit_logs` (`id`) ON DELETE CASCADE ON UPDATE RESTRICT,
  CONSTRAINT `strapi_audit_logs_user_lnk_ifk` FOREIGN KEY (`user_id`) REFERENCES `admin_users` (`id`) ON DELETE CASCADE ON UPDATE RESTRICT
) ENGINE=InnoDB DEFAULT CHARSET=utf8mb3 ROW_FORMAT=DYNAMIC;

-- ----------------------------
-- Records of strapi_audit_logs_user_lnk
-- ----------------------------
BEGIN;
COMMIT;

-- ----------------------------
-- Table structure for strapi_core_store_settings
-- ----------------------------
DROP TABLE IF EXISTS `strapi_core_store_settings`;
CREATE TABLE `strapi_core_store_settings` (
  `id` int unsigned NOT NULL AUTO_INCREMENT,
  `key` varchar(255) CHARACTER SET utf8mb3 COLLATE utf8mb3_general_ci DEFAULT NULL,
  `value` longtext CHARACTER SET utf8mb3 COLLATE utf8mb3_general_ci,
  `type` varchar(255) CHARACTER SET utf8mb3 COLLATE utf8mb3_general_ci DEFAULT NULL,
  `environment` varchar(255) CHARACTER SET utf8mb3 COLLATE utf8mb3_general_ci DEFAULT NULL,
  `tag` varchar(255) CHARACTER SET utf8mb3 COLLATE utf8mb3_general_ci DEFAULT NULL,
  PRIMARY KEY (`id`) USING BTREE
) ENGINE=InnoDB AUTO_INCREMENT=50 DEFAULT CHARSET=utf8mb3 ROW_FORMAT=DYNAMIC;

-- ----------------------------
-- Records of strapi_core_store_settings
-- ----------------------------
BEGIN;
INSERT INTO `strapi_core_store_settings` (`id`, `key`, `value`, `type`, `environment`, `tag`) VALUES (1, 'ee_information', '{\"lastCheckAt\":1765949358676,\"error\":\"The associated subscription is cancelled.\",\"license\":null}', NULL, NULL, NULL);
INSERT INTO `strapi_core_store_settings` (`id`, `key`, `value`, `type`, `environment`, `tag`) VALUES (2, 'strapi_content_types_schema', '{\"plugin::upload.file\":{\"collectionName\":\"files\",\"info\":{\"singularName\":\"file\",\"pluralName\":\"files\",\"displayName\":\"File\",\"description\":\"\"},\"options\":{\"draftAndPublish\":false},\"pluginOptions\":{\"content-manager\":{\"visible\":false},\"content-type-builder\":{\"visible\":false}},\"attributes\":{\"name\":{\"type\":\"string\",\"configurable\":false,\"required\":true},\"alternativeText\":{\"type\":\"text\",\"configurable\":false},\"caption\":{\"type\":\"text\",\"configurable\":false},\"width\":{\"type\":\"integer\",\"configurable\":false},\"height\":{\"type\":\"integer\",\"configurable\":false},\"formats\":{\"type\":\"json\",\"configurable\":false},\"hash\":{\"type\":\"string\",\"configurable\":false,\"required\":true},\"ext\":{\"type\":\"string\",\"configurable\":false},\"mime\":{\"type\":\"string\",\"configurable\":false,\"required\":true},\"size\":{\"type\":\"decimal\",\"configurable\":false,\"required\":true},\"url\":{\"type\":\"text\",\"configurable\":false,\"required\":true},\"previewUrl\":{\"type\":\"text\",\"configurable\":false},\"provider\":{\"type\":\"string\",\"configurable\":false,\"required\":true},\"provider_metadata\":{\"type\":\"json\",\"configurable\":false},\"related\":{\"type\":\"relation\",\"relation\":\"morphToMany\",\"configurable\":false},\"folder\":{\"type\":\"relation\",\"relation\":\"manyToOne\",\"target\":\"plugin::upload.folder\",\"inversedBy\":\"files\",\"private\":true},\"folderPath\":{\"type\":\"string\",\"minLength\":1,\"required\":true,\"private\":true,\"searchable\":false},\"createdAt\":{\"type\":\"datetime\"},\"updatedAt\":{\"type\":\"datetime\"},\"publishedAt\":{\"type\":\"datetime\",\"configurable\":false,\"writable\":true,\"visible\":true},\"createdBy\":{\"type\":\"relation\",\"relation\":\"oneToOne\",\"target\":\"admin::user\",\"configurable\":false,\"writable\":false,\"visible\":false,\"useJoinTable\":false,\"private\":true},\"updatedBy\":{\"type\":\"relation\",\"relation\":\"oneToOne\",\"target\":\"admin::user\",\"configurable\":false,\"writable\":false,\"visible\":false,\"useJoinTable\":false,\"private\":true},\"locale\":{\"writable\":true,\"private\":true,\"configurable\":false,\"visible\":false,\"type\":\"string\"},\"localizations\":{\"type\":\"relation\",\"relation\":\"oneToMany\",\"target\":\"plugin::upload.file\",\"writable\":false,\"private\":true,\"configurable\":false,\"visible\":false,\"unstable_virtual\":true,\"joinColumn\":{\"name\":\"document_id\",\"referencedColumn\":\"document_id\",\"referencedTable\":\"files\"}}},\"indexes\":[{\"name\":\"upload_files_folder_path_index\",\"columns\":[\"folder_path\"],\"type\":null},{\"name\":\"upload_files_created_at_index\",\"columns\":[\"created_at\"],\"type\":null},{\"name\":\"upload_files_updated_at_index\",\"columns\":[\"updated_at\"],\"type\":null},{\"name\":\"upload_files_name_index\",\"columns\":[\"name\"],\"type\":null},{\"name\":\"upload_files_size_index\",\"columns\":[\"size\"],\"type\":null},{\"name\":\"upload_files_ext_index\",\"columns\":[\"ext\"],\"type\":null}],\"plugin\":\"upload\",\"globalId\":\"UploadFile\",\"uid\":\"plugin::upload.file\",\"modelType\":\"contentType\",\"kind\":\"collectionType\",\"__schema__\":{\"collectionName\":\"files\",\"info\":{\"singularName\":\"file\",\"pluralName\":\"files\",\"displayName\":\"File\",\"description\":\"\"},\"options\":{},\"pluginOptions\":{\"content-manager\":{\"visible\":false},\"content-type-builder\":{\"visible\":false}},\"attributes\":{\"name\":{\"type\":\"string\",\"configurable\":false,\"required\":true},\"alternativeText\":{\"type\":\"text\",\"configurable\":false},\"caption\":{\"type\":\"text\",\"configurable\":false},\"width\":{\"type\":\"integer\",\"configurable\":false},\"height\":{\"type\":\"integer\",\"configurable\":false},\"formats\":{\"type\":\"json\",\"configurable\":false},\"hash\":{\"type\":\"string\",\"configurable\":false,\"required\":true},\"ext\":{\"type\":\"string\",\"configurable\":false},\"mime\":{\"type\":\"string\",\"configurable\":false,\"required\":true},\"size\":{\"type\":\"decimal\",\"configurable\":false,\"required\":true},\"url\":{\"type\":\"text\",\"configurable\":false,\"required\":true},\"previewUrl\":{\"type\":\"text\",\"configurable\":false},\"provider\":{\"type\":\"string\",\"configurable\":false,\"required\":true},\"provider_metadata\":{\"type\":\"json\",\"configurable\":false},\"related\":{\"type\":\"relation\",\"relation\":\"morphToMany\",\"configurable\":false},\"folder\":{\"type\":\"relation\",\"relation\":\"manyToOne\",\"target\":\"plugin::upload.folder\",\"inversedBy\":\"files\",\"private\":true},\"folderPath\":{\"type\":\"string\",\"minLength\":1,\"required\":true,\"private\":true,\"searchable\":false}},\"kind\":\"collectionType\"},\"modelName\":\"file\"},\"plugin::upload.folder\":{\"collectionName\":\"upload_folders\",\"info\":{\"singularName\":\"folder\",\"pluralName\":\"folders\",\"displayName\":\"Folder\"},\"options\":{\"draftAndPublish\":false},\"pluginOptions\":{\"content-manager\":{\"visible\":false},\"content-type-builder\":{\"visible\":false}},\"attributes\":{\"name\":{\"type\":\"string\",\"minLength\":1,\"required\":true},\"pathId\":{\"type\":\"integer\",\"unique\":true,\"required\":true},\"parent\":{\"type\":\"relation\",\"relation\":\"manyToOne\",\"target\":\"plugin::upload.folder\",\"inversedBy\":\"children\"},\"children\":{\"type\":\"relation\",\"relation\":\"oneToMany\",\"target\":\"plugin::upload.folder\",\"mappedBy\":\"parent\"},\"files\":{\"type\":\"relation\",\"relation\":\"oneToMany\",\"target\":\"plugin::upload.file\",\"mappedBy\":\"folder\"},\"path\":{\"type\":\"string\",\"minLength\":1,\"required\":true},\"createdAt\":{\"type\":\"datetime\"},\"updatedAt\":{\"type\":\"datetime\"},\"publishedAt\":{\"type\":\"datetime\",\"configurable\":false,\"writable\":true,\"visible\":true},\"createdBy\":{\"type\":\"relation\",\"relation\":\"oneToOne\",\"target\":\"admin::user\",\"configurable\":false,\"writable\":false,\"visible\":false,\"useJoinTable\":false,\"private\":true},\"updatedBy\":{\"type\":\"relation\",\"relation\":\"oneToOne\",\"target\":\"admin::user\",\"configurable\":false,\"writable\":false,\"visible\":false,\"useJoinTable\":false,\"private\":true},\"locale\":{\"writable\":true,\"private\":true,\"configurable\":false,\"visible\":false,\"type\":\"string\"},\"localizations\":{\"type\":\"relation\",\"relation\":\"oneToMany\",\"target\":\"plugin::upload.folder\",\"writable\":false,\"private\":true,\"configurable\":false,\"visible\":false,\"unstable_virtual\":true,\"joinColumn\":{\"name\":\"document_id\",\"referencedColumn\":\"document_id\",\"referencedTable\":\"upload_folders\"}}},\"indexes\":[{\"name\":\"upload_folders_path_id_index\",\"columns\":[\"path_id\"],\"type\":\"unique\"},{\"name\":\"upload_folders_path_index\",\"columns\":[\"path\"],\"type\":\"unique\"}],\"plugin\":\"upload\",\"globalId\":\"UploadFolder\",\"uid\":\"plugin::upload.folder\",\"modelType\":\"contentType\",\"kind\":\"collectionType\",\"__schema__\":{\"collectionName\":\"upload_folders\",\"info\":{\"singularName\":\"folder\",\"pluralName\":\"folders\",\"displayName\":\"Folder\"},\"options\":{},\"pluginOptions\":{\"content-manager\":{\"visible\":false},\"content-type-builder\":{\"visible\":false}},\"attributes\":{\"name\":{\"type\":\"string\",\"minLength\":1,\"required\":true},\"pathId\":{\"type\":\"integer\",\"unique\":true,\"required\":true},\"parent\":{\"type\":\"relation\",\"relation\":\"manyToOne\",\"target\":\"plugin::upload.folder\",\"inversedBy\":\"children\"},\"children\":{\"type\":\"relation\",\"relation\":\"oneToMany\",\"target\":\"plugin::upload.folder\",\"mappedBy\":\"parent\"},\"files\":{\"type\":\"relation\",\"relation\":\"oneToMany\",\"target\":\"plugin::upload.file\",\"mappedBy\":\"folder\"},\"path\":{\"type\":\"string\",\"minLength\":1,\"required\":true}},\"kind\":\"collectionType\"},\"modelName\":\"folder\"},\"plugin::i18n.locale\":{\"info\":{\"singularName\":\"locale\",\"pluralName\":\"locales\",\"collectionName\":\"locales\",\"displayName\":\"Locale\",\"description\":\"\"},\"options\":{\"draftAndPublish\":false},\"pluginOptions\":{\"content-manager\":{\"visible\":false},\"content-type-builder\":{\"visible\":false}},\"attributes\":{\"name\":{\"type\":\"string\",\"min\":1,\"max\":50,\"configurable\":false},\"code\":{\"type\":\"string\",\"unique\":true,\"configurable\":false},\"createdAt\":{\"type\":\"datetime\"},\"updatedAt\":{\"type\":\"datetime\"},\"publishedAt\":{\"type\":\"datetime\",\"configurable\":false,\"writable\":true,\"visible\":true},\"createdBy\":{\"type\":\"relation\",\"relation\":\"oneToOne\",\"target\":\"admin::user\",\"configurable\":false,\"writable\":false,\"visible\":false,\"useJoinTable\":false,\"private\":true},\"updatedBy\":{\"type\":\"relation\",\"relation\":\"oneToOne\",\"target\":\"admin::user\",\"configurable\":false,\"writable\":false,\"visible\":false,\"useJoinTable\":false,\"private\":true},\"locale\":{\"writable\":true,\"private\":true,\"configurable\":false,\"visible\":false,\"type\":\"string\"},\"localizations\":{\"type\":\"relation\",\"relation\":\"oneToMany\",\"target\":\"plugin::i18n.locale\",\"writable\":false,\"private\":true,\"configurable\":false,\"visible\":false,\"unstable_virtual\":true,\"joinColumn\":{\"name\":\"document_id\",\"referencedColumn\":\"document_id\",\"referencedTable\":\"i18n_locale\"}}},\"plugin\":\"i18n\",\"collectionName\":\"i18n_locale\",\"globalId\":\"I18NLocale\",\"uid\":\"plugin::i18n.locale\",\"modelType\":\"contentType\",\"kind\":\"collectionType\",\"__schema__\":{\"collectionName\":\"i18n_locale\",\"info\":{\"singularName\":\"locale\",\"pluralName\":\"locales\",\"collectionName\":\"locales\",\"displayName\":\"Locale\",\"description\":\"\"},\"options\":{},\"pluginOptions\":{\"content-manager\":{\"visible\":false},\"content-type-builder\":{\"visible\":false}},\"attributes\":{\"name\":{\"type\":\"string\",\"min\":1,\"max\":50,\"configurable\":false},\"code\":{\"type\":\"string\",\"unique\":true,\"configurable\":false}},\"kind\":\"collectionType\"},\"modelName\":\"locale\"},\"plugin::content-releases.release\":{\"collectionName\":\"strapi_releases\",\"info\":{\"singularName\":\"release\",\"pluralName\":\"releases\",\"displayName\":\"Release\"},\"options\":{\"draftAndPublish\":false},\"pluginOptions\":{\"content-manager\":{\"visible\":false},\"content-type-builder\":{\"visible\":false}},\"attributes\":{\"name\":{\"type\":\"string\",\"required\":true},\"releasedAt\":{\"type\":\"datetime\"},\"scheduledAt\":{\"type\":\"datetime\"},\"timezone\":{\"type\":\"string\"},\"status\":{\"type\":\"enumeration\",\"enum\":[\"ready\",\"blocked\",\"failed\",\"done\",\"empty\"],\"required\":true},\"actions\":{\"type\":\"relation\",\"relation\":\"oneToMany\",\"target\":\"plugin::content-releases.release-action\",\"mappedBy\":\"release\"},\"createdAt\":{\"type\":\"datetime\"},\"updatedAt\":{\"type\":\"datetime\"},\"publishedAt\":{\"type\":\"datetime\",\"configurable\":false,\"writable\":true,\"visible\":true},\"createdBy\":{\"type\":\"relation\",\"relation\":\"oneToOne\",\"target\":\"admin::user\",\"configurable\":false,\"writable\":false,\"visible\":false,\"useJoinTable\":false,\"private\":true},\"updatedBy\":{\"type\":\"relation\",\"relation\":\"oneToOne\",\"target\":\"admin::user\",\"configurable\":false,\"writable\":false,\"visible\":false,\"useJoinTable\":false,\"private\":true},\"locale\":{\"writable\":true,\"private\":true,\"configurable\":false,\"visible\":false,\"type\":\"string\"},\"localizations\":{\"type\":\"relation\",\"relation\":\"oneToMany\",\"target\":\"plugin::content-releases.release\",\"writable\":false,\"private\":true,\"configurable\":false,\"visible\":false,\"unstable_virtual\":true,\"joinColumn\":{\"name\":\"document_id\",\"referencedColumn\":\"document_id\",\"referencedTable\":\"strapi_releases\"}}},\"plugin\":\"content-releases\",\"globalId\":\"ContentReleasesRelease\",\"uid\":\"plugin::content-releases.release\",\"modelType\":\"contentType\",\"kind\":\"collectionType\",\"__schema__\":{\"collectionName\":\"strapi_releases\",\"info\":{\"singularName\":\"release\",\"pluralName\":\"releases\",\"displayName\":\"Release\"},\"options\":{\"draftAndPublish\":false},\"pluginOptions\":{\"content-manager\":{\"visible\":false},\"content-type-builder\":{\"visible\":false}},\"attributes\":{\"name\":{\"type\":\"string\",\"required\":true},\"releasedAt\":{\"type\":\"datetime\"},\"scheduledAt\":{\"type\":\"datetime\"},\"timezone\":{\"type\":\"string\"},\"status\":{\"type\":\"enumeration\",\"enum\":[\"ready\",\"blocked\",\"failed\",\"done\",\"empty\"],\"required\":true},\"actions\":{\"type\":\"relation\",\"relation\":\"oneToMany\",\"target\":\"plugin::content-releases.release-action\",\"mappedBy\":\"release\"}},\"kind\":\"collectionType\"},\"modelName\":\"release\"},\"plugin::content-releases.release-action\":{\"collectionName\":\"strapi_release_actions\",\"info\":{\"singularName\":\"release-action\",\"pluralName\":\"release-actions\",\"displayName\":\"Release Action\"},\"options\":{\"draftAndPublish\":false},\"pluginOptions\":{\"content-manager\":{\"visible\":false},\"content-type-builder\":{\"visible\":false}},\"attributes\":{\"type\":{\"type\":\"enumeration\",\"enum\":[\"publish\",\"unpublish\"],\"required\":true},\"contentType\":{\"type\":\"string\",\"required\":true},\"entryDocumentId\":{\"type\":\"string\"},\"locale\":{\"writable\":true,\"private\":true,\"configurable\":false,\"visible\":false,\"type\":\"string\"},\"release\":{\"type\":\"relation\",\"relation\":\"manyToOne\",\"target\":\"plugin::content-releases.release\",\"inversedBy\":\"actions\"},\"isEntryValid\":{\"type\":\"boolean\"},\"createdAt\":{\"type\":\"datetime\"},\"updatedAt\":{\"type\":\"datetime\"},\"publishedAt\":{\"type\":\"datetime\",\"configurable\":false,\"writable\":true,\"visible\":true},\"createdBy\":{\"type\":\"relation\",\"relation\":\"oneToOne\",\"target\":\"admin::user\",\"configurable\":false,\"writable\":false,\"visible\":false,\"useJoinTable\":false,\"private\":true},\"updatedBy\":{\"type\":\"relation\",\"relation\":\"oneToOne\",\"target\":\"admin::user\",\"configurable\":false,\"writable\":false,\"visible\":false,\"useJoinTable\":false,\"private\":true},\"localizations\":{\"type\":\"relation\",\"relation\":\"oneToMany\",\"target\":\"plugin::content-releases.release-action\",\"writable\":false,\"private\":true,\"configurable\":false,\"visible\":false,\"unstable_virtual\":true,\"joinColumn\":{\"name\":\"document_id\",\"referencedColumn\":\"document_id\",\"referencedTable\":\"strapi_release_actions\"}}},\"plugin\":\"content-releases\",\"globalId\":\"ContentReleasesReleaseAction\",\"uid\":\"plugin::content-releases.release-action\",\"modelType\":\"contentType\",\"kind\":\"collectionType\",\"__schema__\":{\"collectionName\":\"strapi_release_actions\",\"info\":{\"singularName\":\"release-action\",\"pluralName\":\"release-actions\",\"displayName\":\"Release Action\"},\"options\":{\"draftAndPublish\":false},\"pluginOptions\":{\"content-manager\":{\"visible\":false},\"content-type-builder\":{\"visible\":false}},\"attributes\":{\"type\":{\"type\":\"enumeration\",\"enum\":[\"publish\",\"unpublish\"],\"required\":true},\"contentType\":{\"type\":\"string\",\"required\":true},\"entryDocumentId\":{\"type\":\"string\"},\"locale\":{\"type\":\"string\"},\"release\":{\"type\":\"relation\",\"relation\":\"manyToOne\",\"target\":\"plugin::content-releases.release\",\"inversedBy\":\"actions\"},\"isEntryValid\":{\"type\":\"boolean\"}},\"kind\":\"collectionType\"},\"modelName\":\"release-action\"},\"plugin::review-workflows.workflow\":{\"collectionName\":\"strapi_workflows\",\"info\":{\"name\":\"Workflow\",\"description\":\"\",\"singularName\":\"workflow\",\"pluralName\":\"workflows\",\"displayName\":\"Workflow\"},\"options\":{\"draftAndPublish\":false},\"pluginOptions\":{\"content-manager\":{\"visible\":false},\"content-type-builder\":{\"visible\":false}},\"attributes\":{\"name\":{\"type\":\"string\",\"required\":true,\"unique\":true},\"stages\":{\"type\":\"relation\",\"target\":\"plugin::review-workflows.workflow-stage\",\"relation\":\"oneToMany\",\"mappedBy\":\"workflow\"},\"stageRequiredToPublish\":{\"type\":\"relation\",\"target\":\"plugin::review-workflows.workflow-stage\",\"relation\":\"oneToOne\",\"required\":false},\"contentTypes\":{\"type\":\"json\",\"required\":true,\"default\":\"[]\"},\"createdAt\":{\"type\":\"datetime\"},\"updatedAt\":{\"type\":\"datetime\"},\"publishedAt\":{\"type\":\"datetime\",\"configurable\":false,\"writable\":true,\"visible\":true},\"createdBy\":{\"type\":\"relation\",\"relation\":\"oneToOne\",\"target\":\"admin::user\",\"configurable\":false,\"writable\":false,\"visible\":false,\"useJoinTable\":false,\"private\":true},\"updatedBy\":{\"type\":\"relation\",\"relation\":\"oneToOne\",\"target\":\"admin::user\",\"configurable\":false,\"writable\":false,\"visible\":false,\"useJoinTable\":false,\"private\":true},\"locale\":{\"writable\":true,\"private\":true,\"configurable\":false,\"visible\":false,\"type\":\"string\"},\"localizations\":{\"type\":\"relation\",\"relation\":\"oneToMany\",\"target\":\"plugin::review-workflows.workflow\",\"writable\":false,\"private\":true,\"configurable\":false,\"visible\":false,\"unstable_virtual\":true,\"joinColumn\":{\"name\":\"document_id\",\"referencedColumn\":\"document_id\",\"referencedTable\":\"strapi_workflows\"}}},\"plugin\":\"review-workflows\",\"globalId\":\"ReviewWorkflowsWorkflow\",\"uid\":\"plugin::review-workflows.workflow\",\"modelType\":\"contentType\",\"kind\":\"collectionType\",\"__schema__\":{\"collectionName\":\"strapi_workflows\",\"info\":{\"name\":\"Workflow\",\"description\":\"\",\"singularName\":\"workflow\",\"pluralName\":\"workflows\",\"displayName\":\"Workflow\"},\"options\":{},\"pluginOptions\":{\"content-manager\":{\"visible\":false},\"content-type-builder\":{\"visible\":false}},\"attributes\":{\"name\":{\"type\":\"string\",\"required\":true,\"unique\":true},\"stages\":{\"type\":\"relation\",\"target\":\"plugin::review-workflows.workflow-stage\",\"relation\":\"oneToMany\",\"mappedBy\":\"workflow\"},\"stageRequiredToPublish\":{\"type\":\"relation\",\"target\":\"plugin::review-workflows.workflow-stage\",\"relation\":\"oneToOne\",\"required\":false},\"contentTypes\":{\"type\":\"json\",\"required\":true,\"default\":\"[]\"}},\"kind\":\"collectionType\"},\"modelName\":\"workflow\"},\"plugin::review-workflows.workflow-stage\":{\"collectionName\":\"strapi_workflows_stages\",\"info\":{\"name\":\"Workflow Stage\",\"description\":\"\",\"singularName\":\"workflow-stage\",\"pluralName\":\"workflow-stages\",\"displayName\":\"Stages\"},\"options\":{\"version\":\"1.1.0\",\"draftAndPublish\":false},\"pluginOptions\":{\"content-manager\":{\"visible\":false},\"content-type-builder\":{\"visible\":false}},\"attributes\":{\"name\":{\"type\":\"string\",\"configurable\":false},\"color\":{\"type\":\"string\",\"configurable\":false,\"default\":\"#4945FF\"},\"workflow\":{\"type\":\"relation\",\"target\":\"plugin::review-workflows.workflow\",\"relation\":\"manyToOne\",\"inversedBy\":\"stages\",\"configurable\":false},\"permissions\":{\"type\":\"relation\",\"target\":\"admin::permission\",\"relation\":\"manyToMany\",\"configurable\":false},\"createdAt\":{\"type\":\"datetime\"},\"updatedAt\":{\"type\":\"datetime\"},\"publishedAt\":{\"type\":\"datetime\",\"configurable\":false,\"writable\":true,\"visible\":true},\"createdBy\":{\"type\":\"relation\",\"relation\":\"oneToOne\",\"target\":\"admin::user\",\"configurable\":false,\"writable\":false,\"visible\":false,\"useJoinTable\":false,\"private\":true},\"updatedBy\":{\"type\":\"relation\",\"relation\":\"oneToOne\",\"target\":\"admin::user\",\"configurable\":false,\"writable\":false,\"visible\":false,\"useJoinTable\":false,\"private\":true},\"locale\":{\"writable\":true,\"private\":true,\"configurable\":false,\"visible\":false,\"type\":\"string\"},\"localizations\":{\"type\":\"relation\",\"relation\":\"oneToMany\",\"target\":\"plugin::review-workflows.workflow-stage\",\"writable\":false,\"private\":true,\"configurable\":false,\"visible\":false,\"unstable_virtual\":true,\"joinColumn\":{\"name\":\"document_id\",\"referencedColumn\":\"document_id\",\"referencedTable\":\"strapi_workflows_stages\"}}},\"plugin\":\"review-workflows\",\"globalId\":\"ReviewWorkflowsWorkflowStage\",\"uid\":\"plugin::review-workflows.workflow-stage\",\"modelType\":\"contentType\",\"kind\":\"collectionType\",\"__schema__\":{\"collectionName\":\"strapi_workflows_stages\",\"info\":{\"name\":\"Workflow Stage\",\"description\":\"\",\"singularName\":\"workflow-stage\",\"pluralName\":\"workflow-stages\",\"displayName\":\"Stages\"},\"options\":{\"version\":\"1.1.0\"},\"pluginOptions\":{\"content-manager\":{\"visible\":false},\"content-type-builder\":{\"visible\":false}},\"attributes\":{\"name\":{\"type\":\"string\",\"configurable\":false},\"color\":{\"type\":\"string\",\"configurable\":false,\"default\":\"#4945FF\"},\"workflow\":{\"type\":\"relation\",\"target\":\"plugin::review-workflows.workflow\",\"relation\":\"manyToOne\",\"inversedBy\":\"stages\",\"configurable\":false},\"permissions\":{\"type\":\"relation\",\"target\":\"admin::permission\",\"relation\":\"manyToMany\",\"configurable\":false}},\"kind\":\"collectionType\"},\"modelName\":\"workflow-stage\"},\"plugin::users-permissions.permission\":{\"collectionName\":\"up_permissions\",\"info\":{\"name\":\"permission\",\"description\":\"\",\"singularName\":\"permission\",\"pluralName\":\"permissions\",\"displayName\":\"Permission\"},\"pluginOptions\":{\"content-manager\":{\"visible\":false},\"content-type-builder\":{\"visible\":false}},\"attributes\":{\"action\":{\"type\":\"string\",\"required\":true,\"configurable\":false},\"role\":{\"type\":\"relation\",\"relation\":\"manyToOne\",\"target\":\"plugin::users-permissions.role\",\"inversedBy\":\"permissions\",\"configurable\":false},\"createdAt\":{\"type\":\"datetime\"},\"updatedAt\":{\"type\":\"datetime\"},\"publishedAt\":{\"type\":\"datetime\",\"configurable\":false,\"writable\":true,\"visible\":true},\"createdBy\":{\"type\":\"relation\",\"relation\":\"oneToOne\",\"target\":\"admin::user\",\"configurable\":false,\"writable\":false,\"visible\":false,\"useJoinTable\":false,\"private\":true},\"updatedBy\":{\"type\":\"relation\",\"relation\":\"oneToOne\",\"target\":\"admin::user\",\"configurable\":false,\"writable\":false,\"visible\":false,\"useJoinTable\":false,\"private\":true},\"locale\":{\"writable\":true,\"private\":true,\"configurable\":false,\"visible\":false,\"type\":\"string\"},\"localizations\":{\"type\":\"relation\",\"relation\":\"oneToMany\",\"target\":\"plugin::users-permissions.permission\",\"writable\":false,\"private\":true,\"configurable\":false,\"visible\":false,\"unstable_virtual\":true,\"joinColumn\":{\"name\":\"document_id\",\"referencedColumn\":\"document_id\",\"referencedTable\":\"up_permissions\"}}},\"plugin\":\"users-permissions\",\"globalId\":\"UsersPermissionsPermission\",\"uid\":\"plugin::users-permissions.permission\",\"modelType\":\"contentType\",\"kind\":\"collectionType\",\"__schema__\":{\"collectionName\":\"up_permissions\",\"info\":{\"name\":\"permission\",\"description\":\"\",\"singularName\":\"permission\",\"pluralName\":\"permissions\",\"displayName\":\"Permission\"},\"pluginOptions\":{\"content-manager\":{\"visible\":false},\"content-type-builder\":{\"visible\":false}},\"attributes\":{\"action\":{\"type\":\"string\",\"required\":true,\"configurable\":false},\"role\":{\"type\":\"relation\",\"relation\":\"manyToOne\",\"target\":\"plugin::users-permissions.role\",\"inversedBy\":\"permissions\",\"configurable\":false}},\"kind\":\"collectionType\"},\"modelName\":\"permission\",\"options\":{\"draftAndPublish\":false}},\"plugin::users-permissions.role\":{\"collectionName\":\"up_roles\",\"info\":{\"name\":\"role\",\"description\":\"\",\"singularName\":\"role\",\"pluralName\":\"roles\",\"displayName\":\"Role\"},\"pluginOptions\":{\"content-manager\":{\"visible\":false},\"content-type-builder\":{\"visible\":false}},\"attributes\":{\"name\":{\"type\":\"string\",\"minLength\":3,\"required\":true,\"configurable\":false},\"description\":{\"type\":\"string\",\"configurable\":false},\"type\":{\"type\":\"string\",\"unique\":true,\"configurable\":false},\"permissions\":{\"type\":\"relation\",\"relation\":\"oneToMany\",\"target\":\"plugin::users-permissions.permission\",\"mappedBy\":\"role\",\"configurable\":false},\"users\":{\"type\":\"relation\",\"relation\":\"oneToMany\",\"target\":\"plugin::users-permissions.user\",\"mappedBy\":\"role\",\"configurable\":false},\"createdAt\":{\"type\":\"datetime\"},\"updatedAt\":{\"type\":\"datetime\"},\"publishedAt\":{\"type\":\"datetime\",\"configurable\":false,\"writable\":true,\"visible\":true},\"createdBy\":{\"type\":\"relation\",\"relation\":\"oneToOne\",\"target\":\"admin::user\",\"configurable\":false,\"writable\":false,\"visible\":false,\"useJoinTable\":false,\"private\":true},\"updatedBy\":{\"type\":\"relation\",\"relation\":\"oneToOne\",\"target\":\"admin::user\",\"configurable\":false,\"writable\":false,\"visible\":false,\"useJoinTable\":false,\"private\":true},\"locale\":{\"writable\":true,\"private\":true,\"configurable\":false,\"visible\":false,\"type\":\"string\"},\"localizations\":{\"type\":\"relation\",\"relation\":\"oneToMany\",\"target\":\"plugin::users-permissions.role\",\"writable\":false,\"private\":true,\"configurable\":false,\"visible\":false,\"unstable_virtual\":true,\"joinColumn\":{\"name\":\"document_id\",\"referencedColumn\":\"document_id\",\"referencedTable\":\"up_roles\"}}},\"plugin\":\"users-permissions\",\"globalId\":\"UsersPermissionsRole\",\"uid\":\"plugin::users-permissions.role\",\"modelType\":\"contentType\",\"kind\":\"collectionType\",\"__schema__\":{\"collectionName\":\"up_roles\",\"info\":{\"name\":\"role\",\"description\":\"\",\"singularName\":\"role\",\"pluralName\":\"roles\",\"displayName\":\"Role\"},\"pluginOptions\":{\"content-manager\":{\"visible\":false},\"content-type-builder\":{\"visible\":false}},\"attributes\":{\"name\":{\"type\":\"string\",\"minLength\":3,\"required\":true,\"configurable\":false},\"description\":{\"type\":\"string\",\"configurable\":false},\"type\":{\"type\":\"string\",\"unique\":true,\"configurable\":false},\"permissions\":{\"type\":\"relation\",\"relation\":\"oneToMany\",\"target\":\"plugin::users-permissions.permission\",\"mappedBy\":\"role\",\"configurable\":false},\"users\":{\"type\":\"relation\",\"relation\":\"oneToMany\",\"target\":\"plugin::users-permissions.user\",\"mappedBy\":\"role\",\"configurable\":false}},\"kind\":\"collectionType\"},\"modelName\":\"role\",\"options\":{\"draftAndPublish\":false}},\"plugin::users-permissions.user\":{\"collectionName\":\"up_users\",\"info\":{\"name\":\"user\",\"description\":\"\",\"singularName\":\"user\",\"pluralName\":\"users\",\"displayName\":\"User\"},\"options\":{\"timestamps\":true,\"draftAndPublish\":false},\"attributes\":{\"username\":{\"type\":\"string\",\"minLength\":3,\"unique\":true,\"configurable\":false,\"required\":true},\"email\":{\"type\":\"email\",\"minLength\":6,\"configurable\":false,\"required\":true},\"provider\":{\"type\":\"string\",\"configurable\":false},\"password\":{\"type\":\"password\",\"minLength\":6,\"configurable\":false,\"private\":true,\"searchable\":false},\"resetPasswordToken\":{\"type\":\"string\",\"configurable\":false,\"private\":true,\"searchable\":false},\"confirmationToken\":{\"type\":\"string\",\"configurable\":false,\"private\":true,\"searchable\":false},\"confirmed\":{\"type\":\"boolean\",\"default\":false,\"configurable\":false},\"blocked\":{\"type\":\"boolean\",\"default\":false,\"configurable\":false},\"role\":{\"type\":\"relation\",\"relation\":\"manyToOne\",\"target\":\"plugin::users-permissions.role\",\"inversedBy\":\"users\",\"configurable\":false},\"createdAt\":{\"type\":\"datetime\"},\"updatedAt\":{\"type\":\"datetime\"},\"publishedAt\":{\"type\":\"datetime\",\"configurable\":false,\"writable\":true,\"visible\":true},\"createdBy\":{\"type\":\"relation\",\"relation\":\"oneToOne\",\"target\":\"admin::user\",\"configurable\":false,\"writable\":false,\"visible\":false,\"useJoinTable\":false,\"private\":true},\"updatedBy\":{\"type\":\"relation\",\"relation\":\"oneToOne\",\"target\":\"admin::user\",\"configurable\":false,\"writable\":false,\"visible\":false,\"useJoinTable\":false,\"private\":true},\"locale\":{\"writable\":true,\"private\":true,\"configurable\":false,\"visible\":false,\"type\":\"string\"},\"localizations\":{\"type\":\"relation\",\"relation\":\"oneToMany\",\"target\":\"plugin::users-permissions.user\",\"writable\":false,\"private\":true,\"configurable\":false,\"visible\":false,\"unstable_virtual\":true,\"joinColumn\":{\"name\":\"document_id\",\"referencedColumn\":\"document_id\",\"referencedTable\":\"up_users\"}}},\"config\":{\"attributes\":{\"resetPasswordToken\":{\"hidden\":true},\"confirmationToken\":{\"hidden\":true},\"provider\":{\"hidden\":true}}},\"plugin\":\"users-permissions\",\"globalId\":\"UsersPermissionsUser\",\"uid\":\"plugin::users-permissions.user\",\"modelType\":\"contentType\",\"kind\":\"collectionType\",\"__schema__\":{\"collectionName\":\"up_users\",\"info\":{\"name\":\"user\",\"description\":\"\",\"singularName\":\"user\",\"pluralName\":\"users\",\"displayName\":\"User\"},\"options\":{\"timestamps\":true},\"attributes\":{\"username\":{\"type\":\"string\",\"minLength\":3,\"unique\":true,\"configurable\":false,\"required\":true},\"email\":{\"type\":\"email\",\"minLength\":6,\"configurable\":false,\"required\":true},\"provider\":{\"type\":\"string\",\"configurable\":false},\"password\":{\"type\":\"password\",\"minLength\":6,\"configurable\":false,\"private\":true,\"searchable\":false},\"resetPasswordToken\":{\"type\":\"string\",\"configurable\":false,\"private\":true,\"searchable\":false},\"confirmationToken\":{\"type\":\"string\",\"configurable\":false,\"private\":true,\"searchable\":false},\"confirmed\":{\"type\":\"boolean\",\"default\":false,\"configurable\":false},\"blocked\":{\"type\":\"boolean\",\"default\":false,\"configurable\":false},\"role\":{\"type\":\"relation\",\"relation\":\"manyToOne\",\"target\":\"plugin::users-permissions.role\",\"inversedBy\":\"users\",\"configurable\":false}},\"kind\":\"collectionType\"},\"modelName\":\"user\"},\"api::about.about\":{\"kind\":\"singleType\",\"collectionName\":\"abouts\",\"info\":{\"singularName\":\"about\",\"pluralName\":\"abouts\",\"displayName\":\"About\",\"description\":\"Write about yourself and the content you create\"},\"options\":{\"draftAndPublish\":false},\"pluginOptions\":{},\"attributes\":{\"title\":{\"type\":\"string\"},\"blocks\":{\"type\":\"dynamiczone\",\"components\":[\"shared.media\",\"shared.quote\",\"shared.rich-text\",\"shared.slider\"]},\"createdAt\":{\"type\":\"datetime\"},\"updatedAt\":{\"type\":\"datetime\"},\"publishedAt\":{\"type\":\"datetime\",\"configurable\":false,\"writable\":true,\"visible\":true},\"createdBy\":{\"type\":\"relation\",\"relation\":\"oneToOne\",\"target\":\"admin::user\",\"configurable\":false,\"writable\":false,\"visible\":false,\"useJoinTable\":false,\"private\":true},\"updatedBy\":{\"type\":\"relation\",\"relation\":\"oneToOne\",\"target\":\"admin::user\",\"configurable\":false,\"writable\":false,\"visible\":false,\"useJoinTable\":false,\"private\":true},\"locale\":{\"writable\":true,\"private\":true,\"configurable\":false,\"visible\":false,\"type\":\"string\"},\"localizations\":{\"type\":\"relation\",\"relation\":\"oneToMany\",\"target\":\"api::about.about\",\"writable\":false,\"private\":true,\"configurable\":false,\"visible\":false,\"unstable_virtual\":true,\"joinColumn\":{\"name\":\"document_id\",\"referencedColumn\":\"document_id\",\"referencedTable\":\"abouts\"}}},\"apiName\":\"about\",\"globalId\":\"About\",\"uid\":\"api::about.about\",\"modelType\":\"contentType\",\"__schema__\":{\"collectionName\":\"abouts\",\"info\":{\"singularName\":\"about\",\"pluralName\":\"abouts\",\"displayName\":\"About\",\"description\":\"Write about yourself and the content you create\"},\"options\":{\"draftAndPublish\":false},\"pluginOptions\":{},\"attributes\":{\"title\":{\"type\":\"string\"},\"blocks\":{\"type\":\"dynamiczone\",\"components\":[\"shared.media\",\"shared.quote\",\"shared.rich-text\",\"shared.slider\"]}},\"kind\":\"singleType\"},\"modelName\":\"about\",\"actions\":{},\"lifecycles\":{}},\"api::achievement-field-def.achievement-field-def\":{\"kind\":\"collectionType\",\"collectionName\":\"achievement_field_defs\",\"info\":{\"singularName\":\"achievement-field-def\",\"pluralName\":\"achievement-field-defs\",\"displayName\":\"achievement_field_def\"},\"options\":{\"draftAndPublish\":true},\"pluginOptions\":{},\"attributes\":{\"field_code\":{\"type\":\"string\",\"required\":true},\"field_name\":{\"type\":\"string\",\"required\":true},\"field_type\":{\"type\":\"string\",\"required\":true},\"is_required\":{\"type\":\"integer\",\"required\":true,\"default\":1,\"min\":0,\"max\":1},\"description\":{\"type\":\"text\"},\"is_delete\":{\"type\":\"integer\",\"required\":true,\"default\":0,\"min\":0,\"max\":1},\"achievement_field_value_id\":{\"type\":\"relation\",\"relation\":\"oneToOne\",\"target\":\"api::achievement-field-value.achievement-field-value\",\"inversedBy\":\"achievement_field_def_id\"},\"achievement_type_id\":{\"type\":\"relation\",\"relation\":\"manyToOne\",\"target\":\"api::achievement-type.achievement-type\",\"inversedBy\":\"achievement_field_defs_id\"},\"createdAt\":{\"type\":\"datetime\"},\"updatedAt\":{\"type\":\"datetime\"},\"publishedAt\":{\"type\":\"datetime\",\"configurable\":false,\"writable\":true,\"visible\":true},\"createdBy\":{\"type\":\"relation\",\"relation\":\"oneToOne\",\"target\":\"admin::user\",\"configurable\":false,\"writable\":false,\"visible\":false,\"useJoinTable\":false,\"private\":true},\"updatedBy\":{\"type\":\"relation\",\"relation\":\"oneToOne\",\"target\":\"admin::user\",\"configurable\":false,\"writable\":false,\"visible\":false,\"useJoinTable\":false,\"private\":true},\"locale\":{\"writable\":true,\"private\":true,\"configurable\":false,\"visible\":false,\"type\":\"string\"},\"localizations\":{\"type\":\"relation\",\"relation\":\"oneToMany\",\"target\":\"api::achievement-field-def.achievement-field-def\",\"writable\":false,\"private\":true,\"configurable\":false,\"visible\":false,\"unstable_virtual\":true,\"joinColumn\":{\"name\":\"document_id\",\"referencedColumn\":\"document_id\",\"referencedTable\":\"achievement_field_defs\"}}},\"apiName\":\"achievement-field-def\",\"globalId\":\"AchievementFieldDef\",\"uid\":\"api::achievement-field-def.achievement-field-def\",\"modelType\":\"contentType\",\"__schema__\":{\"collectionName\":\"achievement_field_defs\",\"info\":{\"singularName\":\"achievement-field-def\",\"pluralName\":\"achievement-field-defs\",\"displayName\":\"achievement_field_def\"},\"options\":{\"draftAndPublish\":true},\"pluginOptions\":{},\"attributes\":{\"field_code\":{\"type\":\"string\",\"required\":true},\"field_name\":{\"type\":\"string\",\"required\":true},\"field_type\":{\"type\":\"string\",\"required\":true},\"is_required\":{\"type\":\"integer\",\"required\":true,\"default\":1,\"min\":0,\"max\":1},\"description\":{\"type\":\"text\"},\"is_delete\":{\"type\":\"integer\",\"required\":true,\"default\":0,\"min\":0,\"max\":1},\"achievement_field_value_id\":{\"type\":\"relation\",\"relation\":\"oneToOne\",\"target\":\"api::achievement-field-value.achievement-field-value\",\"inversedBy\":\"achievement_field_def_id\"},\"achievement_type_id\":{\"type\":\"relation\",\"relation\":\"manyToOne\",\"target\":\"api::achievement-type.achievement-type\",\"inversedBy\":\"achievement_field_defs_id\"}},\"kind\":\"collectionType\"},\"modelName\":\"achievement-field-def\",\"actions\":{},\"lifecycles\":{}},\"api::achievement-field-value.achievement-field-value\":{\"kind\":\"collectionType\",\"collectionName\":\"achievement_field_values\",\"info\":{\"singularName\":\"achievement-field-value\",\"pluralName\":\"achievement-field-values\",\"displayName\":\"achievement_field_value\"},\"options\":{\"draftAndPublish\":true},\"pluginOptions\":{},\"attributes\":{\"text_value\":{\"type\":\"string\"},\"boolean_value\":{\"type\":\"boolean\"},\"number_value\":{\"type\":\"decimal\"},\"date_value\":{\"type\":\"date\"},\"media_value\":{\"type\":\"media\",\"multiple\":true,\"allowedTypes\":[\"images\",\"files\",\"videos\",\"audios\"]},\"email_value\":{\"type\":\"email\"},\"is_delete\":{\"type\":\"integer\",\"required\":true,\"default\":0,\"min\":0,\"max\":1},\"achievement_id\":{\"type\":\"relation\",\"relation\":\"manyToOne\",\"target\":\"api::achievement-main.achievement-main\",\"inversedBy\":\"achievement_field_value_id\"},\"achievement_field_def_id\":{\"type\":\"relation\",\"relation\":\"oneToOne\",\"target\":\"api::achievement-field-def.achievement-field-def\",\"mappedBy\":\"achievement_field_value_id\"},\"createdAt\":{\"type\":\"datetime\"},\"updatedAt\":{\"type\":\"datetime\"},\"publishedAt\":{\"type\":\"datetime\",\"configurable\":false,\"writable\":true,\"visible\":true},\"createdBy\":{\"type\":\"relation\",\"relation\":\"oneToOne\",\"target\":\"admin::user\",\"configurable\":false,\"writable\":false,\"visible\":false,\"useJoinTable\":false,\"private\":true},\"updatedBy\":{\"type\":\"relation\",\"relation\":\"oneToOne\",\"target\":\"admin::user\",\"configurable\":false,\"writable\":false,\"visible\":false,\"useJoinTable\":false,\"private\":true},\"locale\":{\"writable\":true,\"private\":true,\"configurable\":false,\"visible\":false,\"type\":\"string\"},\"localizations\":{\"type\":\"relation\",\"relation\":\"oneToMany\",\"target\":\"api::achievement-field-value.achievement-field-value\",\"writable\":false,\"private\":true,\"configurable\":false,\"visible\":false,\"unstable_virtual\":true,\"joinColumn\":{\"name\":\"document_id\",\"referencedColumn\":\"document_id\",\"referencedTable\":\"achievement_field_values\"}}},\"apiName\":\"achievement-field-value\",\"globalId\":\"AchievementFieldValue\",\"uid\":\"api::achievement-field-value.achievement-field-value\",\"modelType\":\"contentType\",\"__schema__\":{\"collectionName\":\"achievement_field_values\",\"info\":{\"singularName\":\"achievement-field-value\",\"pluralName\":\"achievement-field-values\",\"displayName\":\"achievement_field_value\"},\"options\":{\"draftAndPublish\":true},\"pluginOptions\":{},\"attributes\":{\"text_value\":{\"type\":\"string\"},\"boolean_value\":{\"type\":\"boolean\"},\"number_value\":{\"type\":\"decimal\"},\"date_value\":{\"type\":\"date\"},\"media_value\":{\"type\":\"media\",\"multiple\":true,\"allowedTypes\":[\"images\",\"files\",\"videos\",\"audios\"]},\"email_value\":{\"type\":\"email\"},\"is_delete\":{\"type\":\"integer\",\"required\":true,\"default\":0,\"min\":0,\"max\":1},\"achievement_id\":{\"type\":\"relation\",\"relation\":\"manyToOne\",\"target\":\"api::achievement-main.achievement-main\",\"inversedBy\":\"achievement_field_value_id\"},\"achievement_field_def_id\":{\"type\":\"relation\",\"relation\":\"oneToOne\",\"target\":\"api::achievement-field-def.achievement-field-def\",\"mappedBy\":\"achievement_field_value_id\"}},\"kind\":\"collectionType\"},\"modelName\":\"achievement-field-value\",\"actions\":{},\"lifecycles\":{}},\"api::achievement-file.achievement-file\":{\"kind\":\"collectionType\",\"collectionName\":\"achievement_files\",\"info\":{\"singularName\":\"achievement-file\",\"pluralName\":\"achievement-files\",\"displayName\":\"achievement_files\"},\"options\":{\"draftAndPublish\":true},\"pluginOptions\":{},\"attributes\":{\"files\":{\"type\":\"media\",\"multiple\":true,\"required\":true,\"allowedTypes\":[\"images\",\"files\",\"videos\",\"audios\"]},\"is_delete\":{\"type\":\"integer\",\"required\":true,\"default\":0},\"achievement_main_id\":{\"type\":\"relation\",\"relation\":\"manyToOne\",\"target\":\"api::achievement-main.achievement-main\",\"inversedBy\":\"achievement_files_id\"},\"createdAt\":{\"type\":\"datetime\"},\"updatedAt\":{\"type\":\"datetime\"},\"publishedAt\":{\"type\":\"datetime\",\"configurable\":false,\"writable\":true,\"visible\":true},\"createdBy\":{\"type\":\"relation\",\"relation\":\"oneToOne\",\"target\":\"admin::user\",\"configurable\":false,\"writable\":false,\"visible\":false,\"useJoinTable\":false,\"private\":true},\"updatedBy\":{\"type\":\"relation\",\"relation\":\"oneToOne\",\"target\":\"admin::user\",\"configurable\":false,\"writable\":false,\"visible\":false,\"useJoinTable\":false,\"private\":true},\"locale\":{\"writable\":true,\"private\":true,\"configurable\":false,\"visible\":false,\"type\":\"string\"},\"localizations\":{\"type\":\"relation\",\"relation\":\"oneToMany\",\"target\":\"api::achievement-file.achievement-file\",\"writable\":false,\"private\":true,\"configurable\":false,\"visible\":false,\"unstable_virtual\":true,\"joinColumn\":{\"name\":\"document_id\",\"referencedColumn\":\"document_id\",\"referencedTable\":\"achievement_files\"}}},\"apiName\":\"achievement-file\",\"globalId\":\"AchievementFile\",\"uid\":\"api::achievement-file.achievement-file\",\"modelType\":\"contentType\",\"__schema__\":{\"collectionName\":\"achievement_files\",\"info\":{\"singularName\":\"achievement-file\",\"pluralName\":\"achievement-files\",\"displayName\":\"achievement_files\"},\"options\":{\"draftAndPublish\":true},\"pluginOptions\":{},\"attributes\":{\"files\":{\"type\":\"media\",\"multiple\":true,\"required\":true,\"allowedTypes\":[\"images\",\"files\",\"videos\",\"audios\"]},\"is_delete\":{\"type\":\"integer\",\"required\":true,\"default\":0},\"achievement_main_id\":{\"type\":\"relation\",\"relation\":\"manyToOne\",\"target\":\"api::achievement-main.achievement-main\",\"inversedBy\":\"achievement_files_id\"}},\"kind\":\"collectionType\"},\"modelName\":\"achievement-file\",\"actions\":{},\"lifecycles\":{}},\"api::achievement-main.achievement-main\":{\"kind\":\"collectionType\",\"collectionName\":\"achievement_mains\",\"info\":{\"singularName\":\"achievement-main\",\"pluralName\":\"achievement-mains\",\"displayName\":\"achievement_main\"},\"options\":{\"draftAndPublish\":true},\"pluginOptions\":{},\"attributes\":{\"title\":{\"type\":\"string\",\"maxLength\":255,\"required\":true},\"achievement_status\":{\"type\":\"enumeration\",\"required\":true,\"default\":\"PENDING\",\"enum\":[\"PENDING\",\"REVIEWING\",\"APPROVED\",\"REJECTED\",\"NEED_MODIFY\"]},\"summary\":{\"type\":\"text\"},\"year\":{\"type\":\"string\",\"maxLength\":4},\"authors\":{\"type\":\"json\"},\"keywords\":{\"type\":\"json\"},\"project_code\":{\"type\":\"string\",\"maxLength\":100},\"project_name\":{\"type\":\"string\",\"maxLength\":255},\"is_delete\":{\"type\":\"integer\",\"required\":true,\"default\":0,\"min\":0,\"max\":1},\"achievement_field_value_id\":{\"type\":\"relation\",\"relation\":\"oneToMany\",\"target\":\"api::achievement-field-value.achievement-field-value\",\"mappedBy\":\"achievement_id\"},\"achievement_type_id\":{\"type\":\"relation\",\"relation\":\"manyToOne\",\"target\":\"api::achievement-type.achievement-type\",\"inversedBy\":\"achievement_mains_id\"},\"visibility_range\":{\"type\":\"string\",\"default\":\"ALL\",\"required\":true},\"achievement_files_id\":{\"type\":\"relation\",\"relation\":\"oneToMany\",\"target\":\"api::achievement-file.achievement-file\",\"mappedBy\":\"achievement_main_id\"},\"created_by_user_id\":{\"type\":\"string\"},\"createdAt\":{\"type\":\"datetime\"},\"updatedAt\":{\"type\":\"datetime\"},\"publishedAt\":{\"type\":\"datetime\",\"configurable\":false,\"writable\":true,\"visible\":true},\"createdBy\":{\"type\":\"relation\",\"relation\":\"oneToOne\",\"target\":\"admin::user\",\"configurable\":false,\"writable\":false,\"visible\":false,\"useJoinTable\":false,\"private\":true},\"updatedBy\":{\"type\":\"relation\",\"relation\":\"oneToOne\",\"target\":\"admin::user\",\"configurable\":false,\"writable\":false,\"visible\":false,\"useJoinTable\":false,\"private\":true},\"locale\":{\"writable\":true,\"private\":true,\"configurable\":false,\"visible\":false,\"type\":\"string\"},\"localizations\":{\"type\":\"relation\",\"relation\":\"oneToMany\",\"target\":\"api::achievement-main.achievement-main\",\"writable\":false,\"private\":true,\"configurable\":false,\"visible\":false,\"unstable_virtual\":true,\"joinColumn\":{\"name\":\"document_id\",\"referencedColumn\":\"document_id\",\"referencedTable\":\"achievement_mains\"}}},\"apiName\":\"achievement-main\",\"globalId\":\"AchievementMain\",\"uid\":\"api::achievement-main.achievement-main\",\"modelType\":\"contentType\",\"__schema__\":{\"collectionName\":\"achievement_mains\",\"info\":{\"singularName\":\"achievement-main\",\"pluralName\":\"achievement-mains\",\"displayName\":\"achievement_main\"},\"options\":{\"draftAndPublish\":true},\"pluginOptions\":{},\"attributes\":{\"title\":{\"type\":\"string\",\"maxLength\":255,\"required\":true},\"achievement_status\":{\"type\":\"enumeration\",\"required\":true,\"default\":\"PENDING\",\"enum\":[\"PENDING\",\"REVIEWING\",\"APPROVED\",\"REJECTED\",\"NEED_MODIFY\"]},\"summary\":{\"type\":\"text\"},\"year\":{\"type\":\"string\",\"maxLength\":4},\"authors\":{\"type\":\"json\"},\"keywords\":{\"type\":\"json\"},\"project_code\":{\"type\":\"string\",\"maxLength\":100},\"project_name\":{\"type\":\"string\",\"maxLength\":255},\"is_delete\":{\"type\":\"integer\",\"required\":true,\"default\":0,\"min\":0,\"max\":1},\"achievement_field_value_id\":{\"type\":\"relation\",\"relation\":\"oneToMany\",\"target\":\"api::achievement-field-value.achievement-field-value\",\"mappedBy\":\"achievement_id\"},\"achievement_type_id\":{\"type\":\"relation\",\"relation\":\"manyToOne\",\"target\":\"api::achievement-type.achievement-type\",\"inversedBy\":\"achievement_mains_id\"},\"visibility_range\":{\"type\":\"string\",\"default\":\"ALL\",\"required\":true},\"achievement_files_id\":{\"type\":\"relation\",\"relation\":\"oneToMany\",\"target\":\"api::achievement-file.achievement-file\",\"mappedBy\":\"achievement_main_id\"},\"created_by_user_id\":{\"type\":\"string\"}},\"kind\":\"collectionType\"},\"modelName\":\"achievement-main\",\"actions\":{},\"lifecycles\":{}},\"api::achievement-type.achievement-type\":{\"kind\":\"collectionType\",\"collectionName\":\"achievement_types\",\"info\":{\"singularName\":\"achievement-type\",\"pluralName\":\"achievement-types\",\"displayName\":\"achievement_type\"},\"options\":{\"draftAndPublish\":true},\"pluginOptions\":{},\"attributes\":{\"type_code\":{\"type\":\"string\",\"required\":true,\"unique\":true},\"type_name\":{\"type\":\"string\",\"required\":true,\"unique\":true},\"description\":{\"type\":\"text\"},\"is_delete\":{\"type\":\"integer\",\"required\":true,\"default\":0,\"min\":0,\"max\":1},\"achievement_field_defs_id\":{\"type\":\"relation\",\"relation\":\"oneToMany\",\"target\":\"api::achievement-field-def.achievement-field-def\",\"mappedBy\":\"achievement_type_id\"},\"achievement_mains_id\":{\"type\":\"relation\",\"relation\":\"oneToMany\",\"target\":\"api::achievement-main.achievement-main\",\"mappedBy\":\"achievement_type_id\"},\"createdAt\":{\"type\":\"datetime\"},\"updatedAt\":{\"type\":\"datetime\"},\"publishedAt\":{\"type\":\"datetime\",\"configurable\":false,\"writable\":true,\"visible\":true},\"createdBy\":{\"type\":\"relation\",\"relation\":\"oneToOne\",\"target\":\"admin::user\",\"configurable\":false,\"writable\":false,\"visible\":false,\"useJoinTable\":false,\"private\":true},\"updatedBy\":{\"type\":\"relation\",\"relation\":\"oneToOne\",\"target\":\"admin::user\",\"configurable\":false,\"writable\":false,\"visible\":false,\"useJoinTable\":false,\"private\":true},\"locale\":{\"writable\":true,\"private\":true,\"configurable\":false,\"visible\":false,\"type\":\"string\"},\"localizations\":{\"type\":\"relation\",\"relation\":\"oneToMany\",\"target\":\"api::achievement-type.achievement-type\",\"writable\":false,\"private\":true,\"configurable\":false,\"visible\":false,\"unstable_virtual\":true,\"joinColumn\":{\"name\":\"document_id\",\"referencedColumn\":\"document_id\",\"referencedTable\":\"achievement_types\"}}},\"apiName\":\"achievement-type\",\"globalId\":\"AchievementType\",\"uid\":\"api::achievement-type.achievement-type\",\"modelType\":\"contentType\",\"__schema__\":{\"collectionName\":\"achievement_types\",\"info\":{\"singularName\":\"achievement-type\",\"pluralName\":\"achievement-types\",\"displayName\":\"achievement_type\"},\"options\":{\"draftAndPublish\":true},\"pluginOptions\":{},\"attributes\":{\"type_code\":{\"type\":\"string\",\"required\":true,\"unique\":true},\"type_name\":{\"type\":\"string\",\"required\":true,\"unique\":true},\"description\":{\"type\":\"text\"},\"is_delete\":{\"type\":\"integer\",\"required\":true,\"default\":0,\"min\":0,\"max\":1},\"achievement_field_defs_id\":{\"type\":\"relation\",\"relation\":\"oneToMany\",\"target\":\"api::achievement-field-def.achievement-field-def\",\"mappedBy\":\"achievement_type_id\"},\"achievement_mains_id\":{\"type\":\"relation\",\"relation\":\"oneToMany\",\"target\":\"api::achievement-main.achievement-main\",\"mappedBy\":\"achievement_type_id\"}},\"kind\":\"collectionType\"},\"modelName\":\"achievement-type\",\"actions\":{},\"lifecycles\":{}},\"api::article.article\":{\"kind\":\"collectionType\",\"collectionName\":\"articles\",\"info\":{\"singularName\":\"article\",\"pluralName\":\"articles\",\"displayName\":\"Article\",\"description\":\"Create your blog content\"},\"options\":{\"draftAndPublish\":true},\"pluginOptions\":{},\"attributes\":{\"title\":{\"type\":\"string\"},\"description\":{\"type\":\"text\",\"maxLength\":80},\"slug\":{\"type\":\"uid\",\"targetField\":\"title\"},\"cover\":{\"type\":\"media\",\"multiple\":false,\"required\":false,\"allowedTypes\":[\"images\",\"files\",\"videos\"]},\"author\":{\"type\":\"relation\",\"relation\":\"manyToOne\",\"target\":\"api::author.author\",\"inversedBy\":\"articles\"},\"category\":{\"type\":\"relation\",\"relation\":\"manyToOne\",\"target\":\"api::category.category\",\"inversedBy\":\"articles\"},\"blocks\":{\"type\":\"dynamiczone\",\"components\":[\"shared.media\",\"shared.quote\",\"shared.rich-text\",\"shared.slider\"]},\"createdAt\":{\"type\":\"datetime\"},\"updatedAt\":{\"type\":\"datetime\"},\"publishedAt\":{\"type\":\"datetime\",\"configurable\":false,\"writable\":true,\"visible\":true},\"createdBy\":{\"type\":\"relation\",\"relation\":\"oneToOne\",\"target\":\"admin::user\",\"configurable\":false,\"writable\":false,\"visible\":false,\"useJoinTable\":false,\"private\":true},\"updatedBy\":{\"type\":\"relation\",\"relation\":\"oneToOne\",\"target\":\"admin::user\",\"configurable\":false,\"writable\":false,\"visible\":false,\"useJoinTable\":false,\"private\":true},\"locale\":{\"writable\":true,\"private\":true,\"configurable\":false,\"visible\":false,\"type\":\"string\"},\"localizations\":{\"type\":\"relation\",\"relation\":\"oneToMany\",\"target\":\"api::article.article\",\"writable\":false,\"private\":true,\"configurable\":false,\"visible\":false,\"unstable_virtual\":true,\"joinColumn\":{\"name\":\"document_id\",\"referencedColumn\":\"document_id\",\"referencedTable\":\"articles\"}}},\"apiName\":\"article\",\"globalId\":\"Article\",\"uid\":\"api::article.article\",\"modelType\":\"contentType\",\"__schema__\":{\"collectionName\":\"articles\",\"info\":{\"singularName\":\"article\",\"pluralName\":\"articles\",\"displayName\":\"Article\",\"description\":\"Create your blog content\"},\"options\":{\"draftAndPublish\":true},\"pluginOptions\":{},\"attributes\":{\"title\":{\"type\":\"string\"},\"description\":{\"type\":\"text\",\"maxLength\":80},\"slug\":{\"type\":\"uid\",\"targetField\":\"title\"},\"cover\":{\"type\":\"media\",\"multiple\":false,\"required\":false,\"allowedTypes\":[\"images\",\"files\",\"videos\"]},\"author\":{\"type\":\"relation\",\"relation\":\"manyToOne\",\"target\":\"api::author.author\",\"inversedBy\":\"articles\"},\"category\":{\"type\":\"relation\",\"relation\":\"manyToOne\",\"target\":\"api::category.category\",\"inversedBy\":\"articles\"},\"blocks\":{\"type\":\"dynamiczone\",\"components\":[\"shared.media\",\"shared.quote\",\"shared.rich-text\",\"shared.slider\"]}},\"kind\":\"collectionType\"},\"modelName\":\"article\",\"actions\":{},\"lifecycles\":{}},\"api::author.author\":{\"kind\":\"collectionType\",\"collectionName\":\"authors\",\"info\":{\"singularName\":\"author\",\"pluralName\":\"authors\",\"displayName\":\"Author\",\"description\":\"Create authors for your content\"},\"options\":{\"draftAndPublish\":false},\"pluginOptions\":{},\"attributes\":{\"name\":{\"type\":\"string\"},\"avatar\":{\"type\":\"media\",\"multiple\":false,\"required\":false,\"allowedTypes\":[\"images\",\"files\",\"videos\"]},\"email\":{\"type\":\"string\"},\"articles\":{\"type\":\"relation\",\"relation\":\"oneToMany\",\"target\":\"api::article.article\",\"mappedBy\":\"author\"},\"createdAt\":{\"type\":\"datetime\"},\"updatedAt\":{\"type\":\"datetime\"},\"publishedAt\":{\"type\":\"datetime\",\"configurable\":false,\"writable\":true,\"visible\":true},\"createdBy\":{\"type\":\"relation\",\"relation\":\"oneToOne\",\"target\":\"admin::user\",\"configurable\":false,\"writable\":false,\"visible\":false,\"useJoinTable\":false,\"private\":true},\"updatedBy\":{\"type\":\"relation\",\"relation\":\"oneToOne\",\"target\":\"admin::user\",\"configurable\":false,\"writable\":false,\"visible\":false,\"useJoinTable\":false,\"private\":true},\"locale\":{\"writable\":true,\"private\":true,\"configurable\":false,\"visible\":false,\"type\":\"string\"},\"localizations\":{\"type\":\"relation\",\"relation\":\"oneToMany\",\"target\":\"api::author.author\",\"writable\":false,\"private\":true,\"configurable\":false,\"visible\":false,\"unstable_virtual\":true,\"joinColumn\":{\"name\":\"document_id\",\"referencedColumn\":\"document_id\",\"referencedTable\":\"authors\"}}},\"apiName\":\"author\",\"globalId\":\"Author\",\"uid\":\"api::author.author\",\"modelType\":\"contentType\",\"__schema__\":{\"collectionName\":\"authors\",\"info\":{\"singularName\":\"author\",\"pluralName\":\"authors\",\"displayName\":\"Author\",\"description\":\"Create authors for your content\"},\"options\":{\"draftAndPublish\":false},\"pluginOptions\":{},\"attributes\":{\"name\":{\"type\":\"string\"},\"avatar\":{\"type\":\"media\",\"multiple\":false,\"required\":false,\"allowedTypes\":[\"images\",\"files\",\"videos\"]},\"email\":{\"type\":\"string\"},\"articles\":{\"type\":\"relation\",\"relation\":\"oneToMany\",\"target\":\"api::article.article\",\"mappedBy\":\"author\"}},\"kind\":\"collectionType\"},\"modelName\":\"author\",\"actions\":{},\"lifecycles\":{}},\"api::category.category\":{\"kind\":\"collectionType\",\"collectionName\":\"categories\",\"info\":{\"singularName\":\"category\",\"pluralName\":\"categories\",\"displayName\":\"Category\",\"description\":\"Organize your content into categories\"},\"options\":{\"draftAndPublish\":false},\"pluginOptions\":{},\"attributes\":{\"name\":{\"type\":\"string\"},\"slug\":{\"type\":\"uid\"},\"articles\":{\"type\":\"relation\",\"relation\":\"oneToMany\",\"target\":\"api::article.article\",\"mappedBy\":\"category\"},\"description\":{\"type\":\"text\"},\"createdAt\":{\"type\":\"datetime\"},\"updatedAt\":{\"type\":\"datetime\"},\"publishedAt\":{\"type\":\"datetime\",\"configurable\":false,\"writable\":true,\"visible\":true},\"createdBy\":{\"type\":\"relation\",\"relation\":\"oneToOne\",\"target\":\"admin::user\",\"configurable\":false,\"writable\":false,\"visible\":false,\"useJoinTable\":false,\"private\":true},\"updatedBy\":{\"type\":\"relation\",\"relation\":\"oneToOne\",\"target\":\"admin::user\",\"configurable\":false,\"writable\":false,\"visible\":false,\"useJoinTable\":false,\"private\":true},\"locale\":{\"writable\":true,\"private\":true,\"configurable\":false,\"visible\":false,\"type\":\"string\"},\"localizations\":{\"type\":\"relation\",\"relation\":\"oneToMany\",\"target\":\"api::category.category\",\"writable\":false,\"private\":true,\"configurable\":false,\"visible\":false,\"unstable_virtual\":true,\"joinColumn\":{\"name\":\"document_id\",\"referencedColumn\":\"document_id\",\"referencedTable\":\"categories\"}}},\"apiName\":\"category\",\"globalId\":\"Category\",\"uid\":\"api::category.category\",\"modelType\":\"contentType\",\"__schema__\":{\"collectionName\":\"categories\",\"info\":{\"singularName\":\"category\",\"pluralName\":\"categories\",\"displayName\":\"Category\",\"description\":\"Organize your content into categories\"},\"options\":{\"draftAndPublish\":false},\"pluginOptions\":{},\"attributes\":{\"name\":{\"type\":\"string\"},\"slug\":{\"type\":\"uid\"},\"articles\":{\"type\":\"relation\",\"relation\":\"oneToMany\",\"target\":\"api::article.article\",\"mappedBy\":\"category\"},\"description\":{\"type\":\"text\"}},\"kind\":\"collectionType\"},\"modelName\":\"category\",\"actions\":{},\"lifecycles\":{}},\"api::global.global\":{\"kind\":\"singleType\",\"collectionName\":\"globals\",\"info\":{\"singularName\":\"global\",\"pluralName\":\"globals\",\"displayName\":\"Global\",\"description\":\"Define global settings\"},\"options\":{\"draftAndPublish\":false},\"pluginOptions\":{},\"attributes\":{\"siteName\":{\"type\":\"string\",\"required\":true},\"favicon\":{\"type\":\"media\",\"multiple\":false,\"required\":false,\"allowedTypes\":[\"images\",\"files\",\"videos\"]},\"siteDescription\":{\"type\":\"text\",\"required\":true},\"defaultSeo\":{\"type\":\"component\",\"repeatable\":false,\"component\":\"shared.seo\"},\"createdAt\":{\"type\":\"datetime\"},\"updatedAt\":{\"type\":\"datetime\"},\"publishedAt\":{\"type\":\"datetime\",\"configurable\":false,\"writable\":true,\"visible\":true},\"createdBy\":{\"type\":\"relation\",\"relation\":\"oneToOne\",\"target\":\"admin::user\",\"configurable\":false,\"writable\":false,\"visible\":false,\"useJoinTable\":false,\"private\":true},\"updatedBy\":{\"type\":\"relation\",\"relation\":\"oneToOne\",\"target\":\"admin::user\",\"configurable\":false,\"writable\":false,\"visible\":false,\"useJoinTable\":false,\"private\":true},\"locale\":{\"writable\":true,\"private\":true,\"configurable\":false,\"visible\":false,\"type\":\"string\"},\"localizations\":{\"type\":\"relation\",\"relation\":\"oneToMany\",\"target\":\"api::global.global\",\"writable\":false,\"private\":true,\"configurable\":false,\"visible\":false,\"unstable_virtual\":true,\"joinColumn\":{\"name\":\"document_id\",\"referencedColumn\":\"document_id\",\"referencedTable\":\"globals\"}}},\"apiName\":\"global\",\"globalId\":\"Global\",\"uid\":\"api::global.global\",\"modelType\":\"contentType\",\"__schema__\":{\"collectionName\":\"globals\",\"info\":{\"singularName\":\"global\",\"pluralName\":\"globals\",\"displayName\":\"Global\",\"description\":\"Define global settings\"},\"options\":{\"draftAndPublish\":false},\"pluginOptions\":{},\"attributes\":{\"siteName\":{\"type\":\"string\",\"required\":true},\"favicon\":{\"type\":\"media\",\"multiple\":false,\"required\":false,\"allowedTypes\":[\"images\",\"files\",\"videos\"]},\"siteDescription\":{\"type\":\"text\",\"required\":true},\"defaultSeo\":{\"type\":\"component\",\"repeatable\":false,\"component\":\"shared.seo\"}},\"kind\":\"singleType\"},\"modelName\":\"global\",\"actions\":{},\"lifecycles\":{}},\"admin::permission\":{\"collectionName\":\"admin_permissions\",\"info\":{\"name\":\"Permission\",\"description\":\"\",\"singularName\":\"permission\",\"pluralName\":\"permissions\",\"displayName\":\"Permission\"},\"options\":{\"draftAndPublish\":false},\"pluginOptions\":{\"content-manager\":{\"visible\":false},\"content-type-builder\":{\"visible\":false}},\"attributes\":{\"action\":{\"type\":\"string\",\"minLength\":1,\"configurable\":false,\"required\":true},\"actionParameters\":{\"type\":\"json\",\"configurable\":false,\"required\":false,\"default\":{}},\"subject\":{\"type\":\"string\",\"minLength\":1,\"configurable\":false,\"required\":false},\"properties\":{\"type\":\"json\",\"configurable\":false,\"required\":false,\"default\":{}},\"conditions\":{\"type\":\"json\",\"configurable\":false,\"required\":false,\"default\":[]},\"role\":{\"configurable\":false,\"type\":\"relation\",\"relation\":\"manyToOne\",\"inversedBy\":\"permissions\",\"target\":\"admin::role\"},\"createdAt\":{\"type\":\"datetime\"},\"updatedAt\":{\"type\":\"datetime\"},\"publishedAt\":{\"type\":\"datetime\",\"configurable\":false,\"writable\":true,\"visible\":true},\"createdBy\":{\"type\":\"relation\",\"relation\":\"oneToOne\",\"target\":\"admin::user\",\"configurable\":false,\"writable\":false,\"visible\":false,\"useJoinTable\":false,\"private\":true},\"updatedBy\":{\"type\":\"relation\",\"relation\":\"oneToOne\",\"target\":\"admin::user\",\"configurable\":false,\"writable\":false,\"visible\":false,\"useJoinTable\":false,\"private\":true},\"locale\":{\"writable\":true,\"private\":true,\"configurable\":false,\"visible\":false,\"type\":\"string\"},\"localizations\":{\"type\":\"relation\",\"relation\":\"oneToMany\",\"target\":\"admin::permission\",\"writable\":false,\"private\":true,\"configurable\":false,\"visible\":false,\"unstable_virtual\":true,\"joinColumn\":{\"name\":\"document_id\",\"referencedColumn\":\"document_id\",\"referencedTable\":\"admin_permissions\"}}},\"plugin\":\"admin\",\"globalId\":\"AdminPermission\",\"uid\":\"admin::permission\",\"modelType\":\"contentType\",\"kind\":\"collectionType\",\"__schema__\":{\"collectionName\":\"admin_permissions\",\"info\":{\"name\":\"Permission\",\"description\":\"\",\"singularName\":\"permission\",\"pluralName\":\"permissions\",\"displayName\":\"Permission\"},\"options\":{},\"pluginOptions\":{\"content-manager\":{\"visible\":false},\"content-type-builder\":{\"visible\":false}},\"attributes\":{\"action\":{\"type\":\"string\",\"minLength\":1,\"configurable\":false,\"required\":true},\"actionParameters\":{\"type\":\"json\",\"configurable\":false,\"required\":false,\"default\":{}},\"subject\":{\"type\":\"string\",\"minLength\":1,\"configurable\":false,\"required\":false},\"properties\":{\"type\":\"json\",\"configurable\":false,\"required\":false,\"default\":{}},\"conditions\":{\"type\":\"json\",\"configurable\":false,\"required\":false,\"default\":[]},\"role\":{\"configurable\":false,\"type\":\"relation\",\"relation\":\"manyToOne\",\"inversedBy\":\"permissions\",\"target\":\"admin::role\"}},\"kind\":\"collectionType\"},\"modelName\":\"permission\"},\"admin::user\":{\"collectionName\":\"admin_users\",\"info\":{\"name\":\"User\",\"description\":\"\",\"singularName\":\"user\",\"pluralName\":\"users\",\"displayName\":\"User\"},\"pluginOptions\":{\"content-manager\":{\"visible\":false},\"content-type-builder\":{\"visible\":false}},\"attributes\":{\"firstname\":{\"type\":\"string\",\"unique\":false,\"minLength\":1,\"configurable\":false,\"required\":false},\"lastname\":{\"type\":\"string\",\"unique\":false,\"minLength\":1,\"configurable\":false,\"required\":false},\"username\":{\"type\":\"string\",\"unique\":false,\"configurable\":false,\"required\":false},\"email\":{\"type\":\"email\",\"minLength\":6,\"configurable\":false,\"required\":true,\"unique\":true,\"private\":true},\"password\":{\"type\":\"password\",\"minLength\":6,\"configurable\":false,\"required\":false,\"private\":true,\"searchable\":false},\"resetPasswordToken\":{\"type\":\"string\",\"configurable\":false,\"private\":true,\"searchable\":false},\"registrationToken\":{\"type\":\"string\",\"configurable\":false,\"private\":true,\"searchable\":false},\"isActive\":{\"type\":\"boolean\",\"default\":false,\"configurable\":false,\"private\":true},\"roles\":{\"configurable\":false,\"private\":true,\"type\":\"relation\",\"relation\":\"manyToMany\",\"inversedBy\":\"users\",\"target\":\"admin::role\",\"collectionName\":\"strapi_users_roles\"},\"blocked\":{\"type\":\"boolean\",\"default\":false,\"configurable\":false,\"private\":true},\"preferedLanguage\":{\"type\":\"string\",\"configurable\":false,\"required\":false,\"searchable\":false},\"createdAt\":{\"type\":\"datetime\"},\"updatedAt\":{\"type\":\"datetime\"},\"publishedAt\":{\"type\":\"datetime\",\"configurable\":false,\"writable\":true,\"visible\":true},\"createdBy\":{\"type\":\"relation\",\"relation\":\"oneToOne\",\"target\":\"admin::user\",\"configurable\":false,\"writable\":false,\"visible\":false,\"useJoinTable\":false,\"private\":true},\"updatedBy\":{\"type\":\"relation\",\"relation\":\"oneToOne\",\"target\":\"admin::user\",\"configurable\":false,\"writable\":false,\"visible\":false,\"useJoinTable\":false,\"private\":true},\"locale\":{\"writable\":true,\"private\":true,\"configurable\":false,\"visible\":false,\"type\":\"string\"},\"localizations\":{\"type\":\"relation\",\"relation\":\"oneToMany\",\"target\":\"admin::user\",\"writable\":false,\"private\":true,\"configurable\":false,\"visible\":false,\"unstable_virtual\":true,\"joinColumn\":{\"name\":\"document_id\",\"referencedColumn\":\"document_id\",\"referencedTable\":\"admin_users\"}}},\"config\":{\"attributes\":{\"resetPasswordToken\":{\"hidden\":true},\"registrationToken\":{\"hidden\":true}}},\"plugin\":\"admin\",\"globalId\":\"AdminUser\",\"uid\":\"admin::user\",\"modelType\":\"contentType\",\"kind\":\"collectionType\",\"__schema__\":{\"collectionName\":\"admin_users\",\"info\":{\"name\":\"User\",\"description\":\"\",\"singularName\":\"user\",\"pluralName\":\"users\",\"displayName\":\"User\"},\"pluginOptions\":{\"content-manager\":{\"visible\":false},\"content-type-builder\":{\"visible\":false}},\"attributes\":{\"firstname\":{\"type\":\"string\",\"unique\":false,\"minLength\":1,\"configurable\":false,\"required\":false},\"lastname\":{\"type\":\"string\",\"unique\":false,\"minLength\":1,\"configurable\":false,\"required\":false},\"username\":{\"type\":\"string\",\"unique\":false,\"configurable\":false,\"required\":false},\"email\":{\"type\":\"email\",\"minLength\":6,\"configurable\":false,\"required\":true,\"unique\":true,\"private\":true},\"password\":{\"type\":\"password\",\"minLength\":6,\"configurable\":false,\"required\":false,\"private\":true,\"searchable\":false},\"resetPasswordToken\":{\"type\":\"string\",\"configurable\":false,\"private\":true,\"searchable\":false},\"registrationToken\":{\"type\":\"string\",\"configurable\":false,\"private\":true,\"searchable\":false},\"isActive\":{\"type\":\"boolean\",\"default\":false,\"configurable\":false,\"private\":true},\"roles\":{\"configurable\":false,\"private\":true,\"type\":\"relation\",\"relation\":\"manyToMany\",\"inversedBy\":\"users\",\"target\":\"admin::role\",\"collectionName\":\"strapi_users_roles\"},\"blocked\":{\"type\":\"boolean\",\"default\":false,\"configurable\":false,\"private\":true},\"preferedLanguage\":{\"type\":\"string\",\"configurable\":false,\"required\":false,\"searchable\":false}},\"kind\":\"collectionType\"},\"modelName\":\"user\",\"options\":{\"draftAndPublish\":false}},\"admin::role\":{\"collectionName\":\"admin_roles\",\"info\":{\"name\":\"Role\",\"description\":\"\",\"singularName\":\"role\",\"pluralName\":\"roles\",\"displayName\":\"Role\"},\"options\":{\"draftAndPublish\":false},\"pluginOptions\":{\"content-manager\":{\"visible\":false},\"content-type-builder\":{\"visible\":false}},\"attributes\":{\"name\":{\"type\":\"string\",\"minLength\":1,\"unique\":true,\"configurable\":false,\"required\":true},\"code\":{\"type\":\"string\",\"minLength\":1,\"unique\":true,\"configurable\":false,\"required\":true},\"description\":{\"type\":\"string\",\"configurable\":false},\"users\":{\"configurable\":false,\"type\":\"relation\",\"relation\":\"manyToMany\",\"mappedBy\":\"roles\",\"target\":\"admin::user\"},\"permissions\":{\"configurable\":false,\"type\":\"relation\",\"relation\":\"oneToMany\",\"mappedBy\":\"role\",\"target\":\"admin::permission\"},\"createdAt\":{\"type\":\"datetime\"},\"updatedAt\":{\"type\":\"datetime\"},\"publishedAt\":{\"type\":\"datetime\",\"configurable\":false,\"writable\":true,\"visible\":true},\"createdBy\":{\"type\":\"relation\",\"relation\":\"oneToOne\",\"target\":\"admin::user\",\"configurable\":false,\"writable\":false,\"visible\":false,\"useJoinTable\":false,\"private\":true},\"updatedBy\":{\"type\":\"relation\",\"relation\":\"oneToOne\",\"target\":\"admin::user\",\"configurable\":false,\"writable\":false,\"visible\":false,\"useJoinTable\":false,\"private\":true},\"locale\":{\"writable\":true,\"private\":true,\"configurable\":false,\"visible\":false,\"type\":\"string\"},\"localizations\":{\"type\":\"relation\",\"relation\":\"oneToMany\",\"target\":\"admin::role\",\"writable\":false,\"private\":true,\"configurable\":false,\"visible\":false,\"unstable_virtual\":true,\"joinColumn\":{\"name\":\"document_id\",\"referencedColumn\":\"document_id\",\"referencedTable\":\"admin_roles\"}}},\"plugin\":\"admin\",\"globalId\":\"AdminRole\",\"uid\":\"admin::role\",\"modelType\":\"contentType\",\"kind\":\"collectionType\",\"__schema__\":{\"collectionName\":\"admin_roles\",\"info\":{\"name\":\"Role\",\"description\":\"\",\"singularName\":\"role\",\"pluralName\":\"roles\",\"displayName\":\"Role\"},\"options\":{},\"pluginOptions\":{\"content-manager\":{\"visible\":false},\"content-type-builder\":{\"visible\":false}},\"attributes\":{\"name\":{\"type\":\"string\",\"minLength\":1,\"unique\":true,\"configurable\":false,\"required\":true},\"code\":{\"type\":\"string\",\"minLength\":1,\"unique\":true,\"configurable\":false,\"required\":true},\"description\":{\"type\":\"string\",\"configurable\":false},\"users\":{\"configurable\":false,\"type\":\"relation\",\"relation\":\"manyToMany\",\"mappedBy\":\"roles\",\"target\":\"admin::user\"},\"permissions\":{\"configurable\":false,\"type\":\"relation\",\"relation\":\"oneToMany\",\"mappedBy\":\"role\",\"target\":\"admin::permission\"}},\"kind\":\"collectionType\"},\"modelName\":\"role\"},\"admin::api-token\":{\"collectionName\":\"strapi_api_tokens\",\"info\":{\"name\":\"Api Token\",\"singularName\":\"api-token\",\"pluralName\":\"api-tokens\",\"displayName\":\"Api Token\",\"description\":\"\"},\"options\":{\"draftAndPublish\":false},\"pluginOptions\":{\"content-manager\":{\"visible\":false},\"content-type-builder\":{\"visible\":false}},\"attributes\":{\"name\":{\"type\":\"string\",\"minLength\":1,\"configurable\":false,\"required\":true,\"unique\":true},\"description\":{\"type\":\"string\",\"minLength\":1,\"configurable\":false,\"required\":false,\"default\":\"\"},\"type\":{\"type\":\"enumeration\",\"enum\":[\"read-only\",\"full-access\",\"custom\"],\"configurable\":false,\"required\":true,\"default\":\"read-only\"},\"accessKey\":{\"type\":\"string\",\"minLength\":1,\"configurable\":false,\"required\":true,\"searchable\":false},\"encryptedKey\":{\"type\":\"text\",\"minLength\":1,\"configurable\":false,\"required\":false,\"searchable\":false},\"lastUsedAt\":{\"type\":\"datetime\",\"configurable\":false,\"required\":false},\"permissions\":{\"type\":\"relation\",\"target\":\"admin::api-token-permission\",\"relation\":\"oneToMany\",\"mappedBy\":\"token\",\"configurable\":false,\"required\":false},\"expiresAt\":{\"type\":\"datetime\",\"configurable\":false,\"required\":false},\"lifespan\":{\"type\":\"biginteger\",\"configurable\":false,\"required\":false},\"createdAt\":{\"type\":\"datetime\"},\"updatedAt\":{\"type\":\"datetime\"},\"publishedAt\":{\"type\":\"datetime\",\"configurable\":false,\"writable\":true,\"visible\":true},\"createdBy\":{\"type\":\"relation\",\"relation\":\"oneToOne\",\"target\":\"admin::user\",\"configurable\":false,\"writable\":false,\"visible\":false,\"useJoinTable\":false,\"private\":true},\"updatedBy\":{\"type\":\"relation\",\"relation\":\"oneToOne\",\"target\":\"admin::user\",\"configurable\":false,\"writable\":false,\"visible\":false,\"useJoinTable\":false,\"private\":true},\"locale\":{\"writable\":true,\"private\":true,\"configurable\":false,\"visible\":false,\"type\":\"string\"},\"localizations\":{\"type\":\"relation\",\"relation\":\"oneToMany\",\"target\":\"admin::api-token\",\"writable\":false,\"private\":true,\"configurable\":false,\"visible\":false,\"unstable_virtual\":true,\"joinColumn\":{\"name\":\"document_id\",\"referencedColumn\":\"document_id\",\"referencedTable\":\"strapi_api_tokens\"}}},\"plugin\":\"admin\",\"globalId\":\"AdminApiToken\",\"uid\":\"admin::api-token\",\"modelType\":\"contentType\",\"kind\":\"collectionType\",\"__schema__\":{\"collectionName\":\"strapi_api_tokens\",\"info\":{\"name\":\"Api Token\",\"singularName\":\"api-token\",\"pluralName\":\"api-tokens\",\"displayName\":\"Api Token\",\"description\":\"\"},\"options\":{},\"pluginOptions\":{\"content-manager\":{\"visible\":false},\"content-type-builder\":{\"visible\":false}},\"attributes\":{\"name\":{\"type\":\"string\",\"minLength\":1,\"configurable\":false,\"required\":true,\"unique\":true},\"description\":{\"type\":\"string\",\"minLength\":1,\"configurable\":false,\"required\":false,\"default\":\"\"},\"type\":{\"type\":\"enumeration\",\"enum\":[\"read-only\",\"full-access\",\"custom\"],\"configurable\":false,\"required\":true,\"default\":\"read-only\"},\"accessKey\":{\"type\":\"string\",\"minLength\":1,\"configurable\":false,\"required\":true,\"searchable\":false},\"encryptedKey\":{\"type\":\"text\",\"minLength\":1,\"configurable\":false,\"required\":false,\"searchable\":false},\"lastUsedAt\":{\"type\":\"datetime\",\"configurable\":false,\"required\":false},\"permissions\":{\"type\":\"relation\",\"target\":\"admin::api-token-permission\",\"relation\":\"oneToMany\",\"mappedBy\":\"token\",\"configurable\":false,\"required\":false},\"expiresAt\":{\"type\":\"datetime\",\"configurable\":false,\"required\":false},\"lifespan\":{\"type\":\"biginteger\",\"configurable\":false,\"required\":false}},\"kind\":\"collectionType\"},\"modelName\":\"api-token\"},\"admin::api-token-permission\":{\"collectionName\":\"strapi_api_token_permissions\",\"info\":{\"name\":\"API Token Permission\",\"description\":\"\",\"singularName\":\"api-token-permission\",\"pluralName\":\"api-token-permissions\",\"displayName\":\"API Token Permission\"},\"options\":{\"draftAndPublish\":false},\"pluginOptions\":{\"content-manager\":{\"visible\":false},\"content-type-builder\":{\"visible\":false}},\"attributes\":{\"action\":{\"type\":\"string\",\"minLength\":1,\"configurable\":false,\"required\":true},\"token\":{\"configurable\":false,\"type\":\"relation\",\"relation\":\"manyToOne\",\"inversedBy\":\"permissions\",\"target\":\"admin::api-token\"},\"createdAt\":{\"type\":\"datetime\"},\"updatedAt\":{\"type\":\"datetime\"},\"publishedAt\":{\"type\":\"datetime\",\"configurable\":false,\"writable\":true,\"visible\":true},\"createdBy\":{\"type\":\"relation\",\"relation\":\"oneToOne\",\"target\":\"admin::user\",\"configurable\":false,\"writable\":false,\"visible\":false,\"useJoinTable\":false,\"private\":true},\"updatedBy\":{\"type\":\"relation\",\"relation\":\"oneToOne\",\"target\":\"admin::user\",\"configurable\":false,\"writable\":false,\"visible\":false,\"useJoinTable\":false,\"private\":true},\"locale\":{\"writable\":true,\"private\":true,\"configurable\":false,\"visible\":false,\"type\":\"string\"},\"localizations\":{\"type\":\"relation\",\"relation\":\"oneToMany\",\"target\":\"admin::api-token-permission\",\"writable\":false,\"private\":true,\"configurable\":false,\"visible\":false,\"unstable_virtual\":true,\"joinColumn\":{\"name\":\"document_id\",\"referencedColumn\":\"document_id\",\"referencedTable\":\"strapi_api_token_permissions\"}}},\"plugin\":\"admin\",\"globalId\":\"AdminApiTokenPermission\",\"uid\":\"admin::api-token-permission\",\"modelType\":\"contentType\",\"kind\":\"collectionType\",\"__schema__\":{\"collectionName\":\"strapi_api_token_permissions\",\"info\":{\"name\":\"API Token Permission\",\"description\":\"\",\"singularName\":\"api-token-permission\",\"pluralName\":\"api-token-permissions\",\"displayName\":\"API Token Permission\"},\"options\":{},\"pluginOptions\":{\"content-manager\":{\"visible\":false},\"content-type-builder\":{\"visible\":false}},\"attributes\":{\"action\":{\"type\":\"string\",\"minLength\":1,\"configurable\":false,\"required\":true},\"token\":{\"configurable\":false,\"type\":\"relation\",\"relation\":\"manyToOne\",\"inversedBy\":\"permissions\",\"target\":\"admin::api-token\"}},\"kind\":\"collectionType\"},\"modelName\":\"api-token-permission\"},\"admin::transfer-token\":{\"collectionName\":\"strapi_transfer_tokens\",\"info\":{\"name\":\"Transfer Token\",\"singularName\":\"transfer-token\",\"pluralName\":\"transfer-tokens\",\"displayName\":\"Transfer Token\",\"description\":\"\"},\"options\":{\"draftAndPublish\":false},\"pluginOptions\":{\"content-manager\":{\"visible\":false},\"content-type-builder\":{\"visible\":false}},\"attributes\":{\"name\":{\"type\":\"string\",\"minLength\":1,\"configurable\":false,\"required\":true,\"unique\":true},\"description\":{\"type\":\"string\",\"minLength\":1,\"configurable\":false,\"required\":false,\"default\":\"\"},\"accessKey\":{\"type\":\"string\",\"minLength\":1,\"configurable\":false,\"required\":true},\"lastUsedAt\":{\"type\":\"datetime\",\"configurable\":false,\"required\":false},\"permissions\":{\"type\":\"relation\",\"target\":\"admin::transfer-token-permission\",\"relation\":\"oneToMany\",\"mappedBy\":\"token\",\"configurable\":false,\"required\":false},\"expiresAt\":{\"type\":\"datetime\",\"configurable\":false,\"required\":false},\"lifespan\":{\"type\":\"biginteger\",\"configurable\":false,\"required\":false},\"createdAt\":{\"type\":\"datetime\"},\"updatedAt\":{\"type\":\"datetime\"},\"publishedAt\":{\"type\":\"datetime\",\"configurable\":false,\"writable\":true,\"visible\":true},\"createdBy\":{\"type\":\"relation\",\"relation\":\"oneToOne\",\"target\":\"admin::user\",\"configurable\":false,\"writable\":false,\"visible\":false,\"useJoinTable\":false,\"private\":true},\"updatedBy\":{\"type\":\"relation\",\"relation\":\"oneToOne\",\"target\":\"admin::user\",\"configurable\":false,\"writable\":false,\"visible\":false,\"useJoinTable\":false,\"private\":true},\"locale\":{\"writable\":true,\"private\":true,\"configurable\":false,\"visible\":false,\"type\":\"string\"},\"localizations\":{\"type\":\"relation\",\"relation\":\"oneToMany\",\"target\":\"admin::transfer-token\",\"writable\":false,\"private\":true,\"configurable\":false,\"visible\":false,\"unstable_virtual\":true,\"joinColumn\":{\"name\":\"document_id\",\"referencedColumn\":\"document_id\",\"referencedTable\":\"strapi_transfer_tokens\"}}},\"plugin\":\"admin\",\"globalId\":\"AdminTransferToken\",\"uid\":\"admin::transfer-token\",\"modelType\":\"contentType\",\"kind\":\"collectionType\",\"__schema__\":{\"collectionName\":\"strapi_transfer_tokens\",\"info\":{\"name\":\"Transfer Token\",\"singularName\":\"transfer-token\",\"pluralName\":\"transfer-tokens\",\"displayName\":\"Transfer Token\",\"description\":\"\"},\"options\":{},\"pluginOptions\":{\"content-manager\":{\"visible\":false},\"content-type-builder\":{\"visible\":false}},\"attributes\":{\"name\":{\"type\":\"string\",\"minLength\":1,\"configurable\":false,\"required\":true,\"unique\":true},\"description\":{\"type\":\"string\",\"minLength\":1,\"configurable\":false,\"required\":false,\"default\":\"\"},\"accessKey\":{\"type\":\"string\",\"minLength\":1,\"configurable\":false,\"required\":true},\"lastUsedAt\":{\"type\":\"datetime\",\"configurable\":false,\"required\":false},\"permissions\":{\"type\":\"relation\",\"target\":\"admin::transfer-token-permission\",\"relation\":\"oneToMany\",\"mappedBy\":\"token\",\"configurable\":false,\"required\":false},\"expiresAt\":{\"type\":\"datetime\",\"configurable\":false,\"required\":false},\"lifespan\":{\"type\":\"biginteger\",\"configurable\":false,\"required\":false}},\"kind\":\"collectionType\"},\"modelName\":\"transfer-token\"},\"admin::transfer-token-permission\":{\"collectionName\":\"strapi_transfer_token_permissions\",\"info\":{\"name\":\"Transfer Token Permission\",\"description\":\"\",\"singularName\":\"transfer-token-permission\",\"pluralName\":\"transfer-token-permissions\",\"displayName\":\"Transfer Token Permission\"},\"options\":{\"draftAndPublish\":false},\"pluginOptions\":{\"content-manager\":{\"visible\":false},\"content-type-builder\":{\"visible\":false}},\"attributes\":{\"action\":{\"type\":\"string\",\"minLength\":1,\"configurable\":false,\"required\":true},\"token\":{\"configurable\":false,\"type\":\"relation\",\"relation\":\"manyToOne\",\"inversedBy\":\"permissions\",\"target\":\"admin::transfer-token\"},\"createdAt\":{\"type\":\"datetime\"},\"updatedAt\":{\"type\":\"datetime\"},\"publishedAt\":{\"type\":\"datetime\",\"configurable\":false,\"writable\":true,\"visible\":true},\"createdBy\":{\"type\":\"relation\",\"relation\":\"oneToOne\",\"target\":\"admin::user\",\"configurable\":false,\"writable\":false,\"visible\":false,\"useJoinTable\":false,\"private\":true},\"updatedBy\":{\"type\":\"relation\",\"relation\":\"oneToOne\",\"target\":\"admin::user\",\"configurable\":false,\"writable\":false,\"visible\":false,\"useJoinTable\":false,\"private\":true},\"locale\":{\"writable\":true,\"private\":true,\"configurable\":false,\"visible\":false,\"type\":\"string\"},\"localizations\":{\"type\":\"relation\",\"relation\":\"oneToMany\",\"target\":\"admin::transfer-token-permission\",\"writable\":false,\"private\":true,\"configurable\":false,\"visible\":false,\"unstable_virtual\":true,\"joinColumn\":{\"name\":\"document_id\",\"referencedColumn\":\"document_id\",\"referencedTable\":\"strapi_transfer_token_permissions\"}}},\"plugin\":\"admin\",\"globalId\":\"AdminTransferTokenPermission\",\"uid\":\"admin::transfer-token-permission\",\"modelType\":\"contentType\",\"kind\":\"collectionType\",\"__schema__\":{\"collectionName\":\"strapi_transfer_token_permissions\",\"info\":{\"name\":\"Transfer Token Permission\",\"description\":\"\",\"singularName\":\"transfer-token-permission\",\"pluralName\":\"transfer-token-permissions\",\"displayName\":\"Transfer Token Permission\"},\"options\":{},\"pluginOptions\":{\"content-manager\":{\"visible\":false},\"content-type-builder\":{\"visible\":false}},\"attributes\":{\"action\":{\"type\":\"string\",\"minLength\":1,\"configurable\":false,\"required\":true},\"token\":{\"configurable\":false,\"type\":\"relation\",\"relation\":\"manyToOne\",\"inversedBy\":\"permissions\",\"target\":\"admin::transfer-token\"}},\"kind\":\"collectionType\"},\"modelName\":\"transfer-token-permission\"},\"admin::session\":{\"collectionName\":\"strapi_sessions\",\"info\":{\"name\":\"Session\",\"description\":\"Session Manager storage\",\"singularName\":\"session\",\"pluralName\":\"sessions\",\"displayName\":\"Session\"},\"options\":{\"draftAndPublish\":false},\"pluginOptions\":{\"content-manager\":{\"visible\":false},\"content-type-builder\":{\"visible\":false},\"i18n\":{\"localized\":false}},\"attributes\":{\"userId\":{\"type\":\"string\",\"required\":true,\"configurable\":false,\"private\":true,\"searchable\":false},\"sessionId\":{\"type\":\"string\",\"unique\":true,\"required\":true,\"configurable\":false,\"private\":true,\"searchable\":false},\"childId\":{\"type\":\"string\",\"configurable\":false,\"private\":true,\"searchable\":false},\"deviceId\":{\"type\":\"string\",\"required\":true,\"configurable\":false,\"private\":true,\"searchable\":false},\"origin\":{\"type\":\"string\",\"required\":true,\"configurable\":false,\"private\":true,\"searchable\":false},\"expiresAt\":{\"type\":\"datetime\",\"required\":true,\"configurable\":false,\"private\":true,\"searchable\":false},\"absoluteExpiresAt\":{\"type\":\"datetime\",\"configurable\":false,\"private\":true,\"searchable\":false},\"status\":{\"type\":\"string\",\"configurable\":false,\"private\":true,\"searchable\":false},\"type\":{\"type\":\"string\",\"configurable\":false,\"private\":true,\"searchable\":false},\"createdAt\":{\"type\":\"datetime\"},\"updatedAt\":{\"type\":\"datetime\"},\"publishedAt\":{\"type\":\"datetime\",\"configurable\":false,\"writable\":true,\"visible\":true},\"createdBy\":{\"type\":\"relation\",\"relation\":\"oneToOne\",\"target\":\"admin::user\",\"configurable\":false,\"writable\":false,\"visible\":false,\"useJoinTable\":false,\"private\":true},\"updatedBy\":{\"type\":\"relation\",\"relation\":\"oneToOne\",\"target\":\"admin::user\",\"configurable\":false,\"writable\":false,\"visible\":false,\"useJoinTable\":false,\"private\":true},\"locale\":{\"writable\":true,\"private\":true,\"configurable\":false,\"visible\":false,\"type\":\"string\"},\"localizations\":{\"type\":\"relation\",\"relation\":\"oneToMany\",\"target\":\"admin::session\",\"writable\":false,\"private\":true,\"configurable\":false,\"visible\":false,\"unstable_virtual\":true,\"joinColumn\":{\"name\":\"document_id\",\"referencedColumn\":\"document_id\",\"referencedTable\":\"strapi_sessions\"}}},\"plugin\":\"admin\",\"globalId\":\"AdminSession\",\"uid\":\"admin::session\",\"modelType\":\"contentType\",\"kind\":\"collectionType\",\"__schema__\":{\"collectionName\":\"strapi_sessions\",\"info\":{\"name\":\"Session\",\"description\":\"Session Manager storage\",\"singularName\":\"session\",\"pluralName\":\"sessions\",\"displayName\":\"Session\"},\"options\":{\"draftAndPublish\":false},\"pluginOptions\":{\"content-manager\":{\"visible\":false},\"content-type-builder\":{\"visible\":false},\"i18n\":{\"localized\":false}},\"attributes\":{\"userId\":{\"type\":\"string\",\"required\":true,\"configurable\":false,\"private\":true,\"searchable\":false},\"sessionId\":{\"type\":\"string\",\"unique\":true,\"required\":true,\"configurable\":false,\"private\":true,\"searchable\":false},\"childId\":{\"type\":\"string\",\"configurable\":false,\"private\":true,\"searchable\":false},\"deviceId\":{\"type\":\"string\",\"required\":true,\"configurable\":false,\"private\":true,\"searchable\":false},\"origin\":{\"type\":\"string\",\"required\":true,\"configurable\":false,\"private\":true,\"searchable\":false},\"expiresAt\":{\"type\":\"datetime\",\"required\":true,\"configurable\":false,\"private\":true,\"searchable\":false},\"absoluteExpiresAt\":{\"type\":\"datetime\",\"configurable\":false,\"private\":true,\"searchable\":false},\"status\":{\"type\":\"string\",\"configurable\":false,\"private\":true,\"searchable\":false},\"type\":{\"type\":\"string\",\"configurable\":false,\"private\":true,\"searchable\":false}},\"kind\":\"collectionType\"},\"modelName\":\"session\"}}', 'object', NULL, NULL);
INSERT INTO `strapi_core_store_settings` (`id`, `key`, `value`, `type`, `environment`, `tag`) VALUES (3, 'plugin_content_manager_configuration_components::shared.slider', '{\"settings\":{\"bulkable\":true,\"filterable\":true,\"searchable\":true,\"pageSize\":10,\"mainField\":\"documentId\",\"defaultSortBy\":\"documentId\",\"defaultSortOrder\":\"ASC\"},\"metadatas\":{\"id\":{\"edit\":{},\"list\":{\"label\":\"id\",\"searchable\":false,\"sortable\":false}},\"files\":{\"edit\":{\"label\":\"files\",\"description\":\"\",\"placeholder\":\"\",\"visible\":true,\"editable\":true},\"list\":{\"label\":\"files\",\"searchable\":false,\"sortable\":false}},\"documentId\":{\"edit\":{},\"list\":{\"label\":\"documentId\",\"searchable\":true,\"sortable\":true}}},\"layouts\":{\"list\":[\"id\",\"files\"],\"edit\":[[{\"name\":\"files\",\"size\":6}]]},\"uid\":\"shared.slider\",\"isComponent\":true}', 'object', NULL, NULL);
INSERT INTO `strapi_core_store_settings` (`id`, `key`, `value`, `type`, `environment`, `tag`) VALUES (4, 'plugin_content_manager_configuration_components::shared.rich-text', '{\"settings\":{\"bulkable\":true,\"filterable\":true,\"searchable\":true,\"pageSize\":10,\"mainField\":\"documentId\",\"defaultSortBy\":\"documentId\",\"defaultSortOrder\":\"ASC\"},\"metadatas\":{\"id\":{\"edit\":{},\"list\":{\"label\":\"id\",\"searchable\":false,\"sortable\":false}},\"body\":{\"edit\":{\"label\":\"body\",\"description\":\"\",\"placeholder\":\"\",\"visible\":true,\"editable\":true},\"list\":{\"label\":\"body\",\"searchable\":false,\"sortable\":false}},\"documentId\":{\"edit\":{},\"list\":{\"label\":\"documentId\",\"searchable\":true,\"sortable\":true}}},\"layouts\":{\"list\":[\"id\"],\"edit\":[[{\"name\":\"body\",\"size\":12}]]},\"uid\":\"shared.rich-text\",\"isComponent\":true}', 'object', NULL, NULL);
INSERT INTO `strapi_core_store_settings` (`id`, `key`, `value`, `type`, `environment`, `tag`) VALUES (5, 'plugin_content_manager_configuration_components::shared.quote', '{\"settings\":{\"bulkable\":true,\"filterable\":true,\"searchable\":true,\"pageSize\":10,\"mainField\":\"title\",\"defaultSortBy\":\"title\",\"defaultSortOrder\":\"ASC\"},\"metadatas\":{\"id\":{\"edit\":{},\"list\":{\"label\":\"id\",\"searchable\":false,\"sortable\":false}},\"title\":{\"edit\":{\"label\":\"title\",\"description\":\"\",\"placeholder\":\"\",\"visible\":true,\"editable\":true},\"list\":{\"label\":\"title\",\"searchable\":true,\"sortable\":true}},\"body\":{\"edit\":{\"label\":\"body\",\"description\":\"\",\"placeholder\":\"\",\"visible\":true,\"editable\":true},\"list\":{\"label\":\"body\",\"searchable\":true,\"sortable\":true}},\"documentId\":{\"edit\":{},\"list\":{\"label\":\"documentId\",\"searchable\":true,\"sortable\":true}}},\"layouts\":{\"list\":[\"id\",\"title\",\"body\"],\"edit\":[[{\"name\":\"title\",\"size\":6},{\"name\":\"body\",\"size\":6}]]},\"uid\":\"shared.quote\",\"isComponent\":true}', 'object', NULL, NULL);
INSERT INTO `strapi_core_store_settings` (`id`, `key`, `value`, `type`, `environment`, `tag`) VALUES (6, 'plugin_content_manager_configuration_components::shared.media', '{\"settings\":{\"bulkable\":true,\"filterable\":true,\"searchable\":true,\"pageSize\":10,\"mainField\":\"documentId\",\"defaultSortBy\":\"documentId\",\"defaultSortOrder\":\"ASC\"},\"metadatas\":{\"id\":{\"edit\":{},\"list\":{\"label\":\"id\",\"searchable\":false,\"sortable\":false}},\"file\":{\"edit\":{\"label\":\"file\",\"description\":\"\",\"placeholder\":\"\",\"visible\":true,\"editable\":true},\"list\":{\"label\":\"file\",\"searchable\":false,\"sortable\":false}},\"documentId\":{\"edit\":{},\"list\":{\"label\":\"documentId\",\"searchable\":true,\"sortable\":true}}},\"layouts\":{\"list\":[\"id\",\"file\"],\"edit\":[[{\"name\":\"file\",\"size\":6}]]},\"uid\":\"shared.media\",\"isComponent\":true}', 'object', NULL, NULL);
INSERT INTO `strapi_core_store_settings` (`id`, `key`, `value`, `type`, `environment`, `tag`) VALUES (7, 'plugin_content_manager_configuration_components::shared.seo', '{\"settings\":{\"bulkable\":true,\"filterable\":true,\"searchable\":true,\"pageSize\":10,\"mainField\":\"metaTitle\",\"defaultSortBy\":\"metaTitle\",\"defaultSortOrder\":\"ASC\"},\"metadatas\":{\"id\":{\"edit\":{},\"list\":{\"label\":\"id\",\"searchable\":false,\"sortable\":false}},\"metaTitle\":{\"edit\":{\"label\":\"metaTitle\",\"description\":\"\",\"placeholder\":\"\",\"visible\":true,\"editable\":true},\"list\":{\"label\":\"metaTitle\",\"searchable\":true,\"sortable\":true}},\"metaDescription\":{\"edit\":{\"label\":\"metaDescription\",\"description\":\"\",\"placeholder\":\"\",\"visible\":true,\"editable\":true},\"list\":{\"label\":\"metaDescription\",\"searchable\":true,\"sortable\":true}},\"shareImage\":{\"edit\":{\"label\":\"shareImage\",\"description\":\"\",\"placeholder\":\"\",\"visible\":true,\"editable\":true},\"list\":{\"label\":\"shareImage\",\"searchable\":false,\"sortable\":false}},\"documentId\":{\"edit\":{},\"list\":{\"label\":\"documentId\",\"searchable\":true,\"sortable\":true}}},\"layouts\":{\"list\":[\"id\",\"metaTitle\",\"metaDescription\",\"shareImage\"],\"edit\":[[{\"name\":\"metaTitle\",\"size\":6},{\"name\":\"metaDescription\",\"size\":6}],[{\"name\":\"shareImage\",\"size\":6}]]},\"uid\":\"shared.seo\",\"isComponent\":true}', 'object', NULL, NULL);
INSERT INTO `strapi_core_store_settings` (`id`, `key`, `value`, `type`, `environment`, `tag`) VALUES (8, 'plugin_content_manager_configuration_content_types::plugin::upload.file', '{\"settings\":{\"bulkable\":true,\"filterable\":true,\"searchable\":true,\"pageSize\":10,\"mainField\":\"name\",\"defaultSortBy\":\"name\",\"defaultSortOrder\":\"ASC\"},\"metadatas\":{\"id\":{\"edit\":{},\"list\":{\"label\":\"id\",\"searchable\":true,\"sortable\":true}},\"name\":{\"edit\":{\"label\":\"name\",\"description\":\"\",\"placeholder\":\"\",\"visible\":true,\"editable\":true},\"list\":{\"label\":\"name\",\"searchable\":true,\"sortable\":true}},\"alternativeText\":{\"edit\":{\"label\":\"alternativeText\",\"description\":\"\",\"placeholder\":\"\",\"visible\":true,\"editable\":true},\"list\":{\"label\":\"alternativeText\",\"searchable\":true,\"sortable\":true}},\"caption\":{\"edit\":{\"label\":\"caption\",\"description\":\"\",\"placeholder\":\"\",\"visible\":true,\"editable\":true},\"list\":{\"label\":\"caption\",\"searchable\":true,\"sortable\":true}},\"width\":{\"edit\":{\"label\":\"width\",\"description\":\"\",\"placeholder\":\"\",\"visible\":true,\"editable\":true},\"list\":{\"label\":\"width\",\"searchable\":true,\"sortable\":true}},\"height\":{\"edit\":{\"label\":\"height\",\"description\":\"\",\"placeholder\":\"\",\"visible\":true,\"editable\":true},\"list\":{\"label\":\"height\",\"searchable\":true,\"sortable\":true}},\"formats\":{\"edit\":{\"label\":\"formats\",\"description\":\"\",\"placeholder\":\"\",\"visible\":true,\"editable\":true},\"list\":{\"label\":\"formats\",\"searchable\":false,\"sortable\":false}},\"hash\":{\"edit\":{\"label\":\"hash\",\"description\":\"\",\"placeholder\":\"\",\"visible\":true,\"editable\":true},\"list\":{\"label\":\"hash\",\"searchable\":true,\"sortable\":true}},\"ext\":{\"edit\":{\"label\":\"ext\",\"description\":\"\",\"placeholder\":\"\",\"visible\":true,\"editable\":true},\"list\":{\"label\":\"ext\",\"searchable\":true,\"sortable\":true}},\"mime\":{\"edit\":{\"label\":\"mime\",\"description\":\"\",\"placeholder\":\"\",\"visible\":true,\"editable\":true},\"list\":{\"label\":\"mime\",\"searchable\":true,\"sortable\":true}},\"size\":{\"edit\":{\"label\":\"size\",\"description\":\"\",\"placeholder\":\"\",\"visible\":true,\"editable\":true},\"list\":{\"label\":\"size\",\"searchable\":true,\"sortable\":true}},\"url\":{\"edit\":{\"label\":\"url\",\"description\":\"\",\"placeholder\":\"\",\"visible\":true,\"editable\":true},\"list\":{\"label\":\"url\",\"searchable\":true,\"sortable\":true}},\"previewUrl\":{\"edit\":{\"label\":\"previewUrl\",\"description\":\"\",\"placeholder\":\"\",\"visible\":true,\"editable\":true},\"list\":{\"label\":\"previewUrl\",\"searchable\":true,\"sortable\":true}},\"provider\":{\"edit\":{\"label\":\"provider\",\"description\":\"\",\"placeholder\":\"\",\"visible\":true,\"editable\":true},\"list\":{\"label\":\"provider\",\"searchable\":true,\"sortable\":true}},\"provider_metadata\":{\"edit\":{\"label\":\"provider_metadata\",\"description\":\"\",\"placeholder\":\"\",\"visible\":true,\"editable\":true},\"list\":{\"label\":\"provider_metadata\",\"searchable\":false,\"sortable\":false}},\"folder\":{\"edit\":{\"label\":\"folder\",\"description\":\"\",\"placeholder\":\"\",\"visible\":true,\"editable\":true,\"mainField\":\"name\"},\"list\":{\"label\":\"folder\",\"searchable\":true,\"sortable\":true}},\"folderPath\":{\"edit\":{\"label\":\"folderPath\",\"description\":\"\",\"placeholder\":\"\",\"visible\":true,\"editable\":true},\"list\":{\"label\":\"folderPath\",\"searchable\":true,\"sortable\":true}},\"createdAt\":{\"edit\":{\"label\":\"createdAt\",\"description\":\"\",\"placeholder\":\"\",\"visible\":false,\"editable\":true},\"list\":{\"label\":\"createdAt\",\"searchable\":true,\"sortable\":true}},\"updatedAt\":{\"edit\":{\"label\":\"updatedAt\",\"description\":\"\",\"placeholder\":\"\",\"visible\":false,\"editable\":true},\"list\":{\"label\":\"updatedAt\",\"searchable\":true,\"sortable\":true}},\"createdBy\":{\"edit\":{\"label\":\"createdBy\",\"description\":\"\",\"placeholder\":\"\",\"visible\":false,\"editable\":true,\"mainField\":\"firstname\"},\"list\":{\"label\":\"createdBy\",\"searchable\":true,\"sortable\":true}},\"updatedBy\":{\"edit\":{\"label\":\"updatedBy\",\"description\":\"\",\"placeholder\":\"\",\"visible\":false,\"editable\":true,\"mainField\":\"firstname\"},\"list\":{\"label\":\"updatedBy\",\"searchable\":true,\"sortable\":true}},\"documentId\":{\"edit\":{},\"list\":{\"label\":\"documentId\",\"searchable\":true,\"sortable\":true}}},\"layouts\":{\"list\":[\"id\",\"name\",\"alternativeText\",\"caption\"],\"edit\":[[{\"name\":\"name\",\"size\":6},{\"name\":\"alternativeText\",\"size\":6}],[{\"name\":\"caption\",\"size\":6},{\"name\":\"width\",\"size\":4}],[{\"name\":\"height\",\"size\":4}],[{\"name\":\"formats\",\"size\":12}],[{\"name\":\"hash\",\"size\":6},{\"name\":\"ext\",\"size\":6}],[{\"name\":\"mime\",\"size\":6},{\"name\":\"size\",\"size\":4}],[{\"name\":\"url\",\"size\":6},{\"name\":\"previewUrl\",\"size\":6}],[{\"name\":\"provider\",\"size\":6}],[{\"name\":\"provider_metadata\",\"size\":12}],[{\"name\":\"folder\",\"size\":6},{\"name\":\"folderPath\",\"size\":6}]]},\"uid\":\"plugin::upload.file\"}', 'object', NULL, NULL);
INSERT INTO `strapi_core_store_settings` (`id`, `key`, `value`, `type`, `environment`, `tag`) VALUES (9, 'plugin_content_manager_configuration_content_types::plugin::upload.folder', '{\"settings\":{\"bulkable\":true,\"filterable\":true,\"searchable\":true,\"pageSize\":10,\"mainField\":\"name\",\"defaultSortBy\":\"name\",\"defaultSortOrder\":\"ASC\"},\"metadatas\":{\"id\":{\"edit\":{},\"list\":{\"label\":\"id\",\"searchable\":true,\"sortable\":true}},\"name\":{\"edit\":{\"label\":\"name\",\"description\":\"\",\"placeholder\":\"\",\"visible\":true,\"editable\":true},\"list\":{\"label\":\"name\",\"searchable\":true,\"sortable\":true}},\"pathId\":{\"edit\":{\"label\":\"pathId\",\"description\":\"\",\"placeholder\":\"\",\"visible\":true,\"editable\":true},\"list\":{\"label\":\"pathId\",\"searchable\":true,\"sortable\":true}},\"parent\":{\"edit\":{\"label\":\"parent\",\"description\":\"\",\"placeholder\":\"\",\"visible\":true,\"editable\":true,\"mainField\":\"name\"},\"list\":{\"label\":\"parent\",\"searchable\":true,\"sortable\":true}},\"children\":{\"edit\":{\"label\":\"children\",\"description\":\"\",\"placeholder\":\"\",\"visible\":true,\"editable\":true,\"mainField\":\"name\"},\"list\":{\"label\":\"children\",\"searchable\":false,\"sortable\":false}},\"files\":{\"edit\":{\"label\":\"files\",\"description\":\"\",\"placeholder\":\"\",\"visible\":true,\"editable\":true,\"mainField\":\"name\"},\"list\":{\"label\":\"files\",\"searchable\":false,\"sortable\":false}},\"path\":{\"edit\":{\"label\":\"path\",\"description\":\"\",\"placeholder\":\"\",\"visible\":true,\"editable\":true},\"list\":{\"label\":\"path\",\"searchable\":true,\"sortable\":true}},\"createdAt\":{\"edit\":{\"label\":\"createdAt\",\"description\":\"\",\"placeholder\":\"\",\"visible\":false,\"editable\":true},\"list\":{\"label\":\"createdAt\",\"searchable\":true,\"sortable\":true}},\"updatedAt\":{\"edit\":{\"label\":\"updatedAt\",\"description\":\"\",\"placeholder\":\"\",\"visible\":false,\"editable\":true},\"list\":{\"label\":\"updatedAt\",\"searchable\":true,\"sortable\":true}},\"createdBy\":{\"edit\":{\"label\":\"createdBy\",\"description\":\"\",\"placeholder\":\"\",\"visible\":false,\"editable\":true,\"mainField\":\"firstname\"},\"list\":{\"label\":\"createdBy\",\"searchable\":true,\"sortable\":true}},\"updatedBy\":{\"edit\":{\"label\":\"updatedBy\",\"description\":\"\",\"placeholder\":\"\",\"visible\":false,\"editable\":true,\"mainField\":\"firstname\"},\"list\":{\"label\":\"updatedBy\",\"searchable\":true,\"sortable\":true}},\"documentId\":{\"edit\":{},\"list\":{\"label\":\"documentId\",\"searchable\":true,\"sortable\":true}}},\"layouts\":{\"list\":[\"id\",\"name\",\"pathId\",\"parent\"],\"edit\":[[{\"name\":\"name\",\"size\":6},{\"name\":\"pathId\",\"size\":4}],[{\"name\":\"parent\",\"size\":6},{\"name\":\"children\",\"size\":6}],[{\"name\":\"files\",\"size\":6},{\"name\":\"path\",\"size\":6}]]},\"uid\":\"plugin::upload.folder\"}', 'object', NULL, NULL);
INSERT INTO `strapi_core_store_settings` (`id`, `key`, `value`, `type`, `environment`, `tag`) VALUES (10, 'plugin_content_manager_configuration_content_types::plugin::content-releases.release', '{\"settings\":{\"bulkable\":true,\"filterable\":true,\"searchable\":true,\"pageSize\":10,\"mainField\":\"name\",\"defaultSortBy\":\"name\",\"defaultSortOrder\":\"ASC\"},\"metadatas\":{\"id\":{\"edit\":{},\"list\":{\"label\":\"id\",\"searchable\":true,\"sortable\":true}},\"name\":{\"edit\":{\"label\":\"name\",\"description\":\"\",\"placeholder\":\"\",\"visible\":true,\"editable\":true},\"list\":{\"label\":\"name\",\"searchable\":true,\"sortable\":true}},\"releasedAt\":{\"edit\":{\"label\":\"releasedAt\",\"description\":\"\",\"placeholder\":\"\",\"visible\":true,\"editable\":true},\"list\":{\"label\":\"releasedAt\",\"searchable\":true,\"sortable\":true}},\"scheduledAt\":{\"edit\":{\"label\":\"scheduledAt\",\"description\":\"\",\"placeholder\":\"\",\"visible\":true,\"editable\":true},\"list\":{\"label\":\"scheduledAt\",\"searchable\":true,\"sortable\":true}},\"timezone\":{\"edit\":{\"label\":\"timezone\",\"description\":\"\",\"placeholder\":\"\",\"visible\":true,\"editable\":true},\"list\":{\"label\":\"timezone\",\"searchable\":true,\"sortable\":true}},\"status\":{\"edit\":{\"label\":\"status\",\"description\":\"\",\"placeholder\":\"\",\"visible\":true,\"editable\":true},\"list\":{\"label\":\"status\",\"searchable\":true,\"sortable\":true}},\"actions\":{\"edit\":{\"label\":\"actions\",\"description\":\"\",\"placeholder\":\"\",\"visible\":true,\"editable\":true,\"mainField\":\"contentType\"},\"list\":{\"label\":\"actions\",\"searchable\":false,\"sortable\":false}},\"createdAt\":{\"edit\":{\"label\":\"createdAt\",\"description\":\"\",\"placeholder\":\"\",\"visible\":false,\"editable\":true},\"list\":{\"label\":\"createdAt\",\"searchable\":true,\"sortable\":true}},\"updatedAt\":{\"edit\":{\"label\":\"updatedAt\",\"description\":\"\",\"placeholder\":\"\",\"visible\":false,\"editable\":true},\"list\":{\"label\":\"updatedAt\",\"searchable\":true,\"sortable\":true}},\"createdBy\":{\"edit\":{\"label\":\"createdBy\",\"description\":\"\",\"placeholder\":\"\",\"visible\":false,\"editable\":true,\"mainField\":\"firstname\"},\"list\":{\"label\":\"createdBy\",\"searchable\":true,\"sortable\":true}},\"updatedBy\":{\"edit\":{\"label\":\"updatedBy\",\"description\":\"\",\"placeholder\":\"\",\"visible\":false,\"editable\":true,\"mainField\":\"firstname\"},\"list\":{\"label\":\"updatedBy\",\"searchable\":true,\"sortable\":true}},\"documentId\":{\"edit\":{},\"list\":{\"label\":\"documentId\",\"searchable\":true,\"sortable\":true}}},\"layouts\":{\"list\":[\"id\",\"name\",\"releasedAt\",\"scheduledAt\"],\"edit\":[[{\"name\":\"name\",\"size\":6},{\"name\":\"releasedAt\",\"size\":6}],[{\"name\":\"scheduledAt\",\"size\":6},{\"name\":\"timezone\",\"size\":6}],[{\"name\":\"status\",\"size\":6},{\"name\":\"actions\",\"size\":6}]]},\"uid\":\"plugin::content-releases.release\"}', 'object', NULL, NULL);
INSERT INTO `strapi_core_store_settings` (`id`, `key`, `value`, `type`, `environment`, `tag`) VALUES (11, 'plugin_content_manager_configuration_content_types::api::about.about', '{\"settings\":{\"bulkable\":true,\"filterable\":true,\"searchable\":true,\"pageSize\":10,\"mainField\":\"title\",\"defaultSortBy\":\"title\",\"defaultSortOrder\":\"ASC\"},\"metadatas\":{\"id\":{\"edit\":{},\"list\":{\"label\":\"id\",\"searchable\":true,\"sortable\":true}},\"title\":{\"edit\":{\"label\":\"title\",\"description\":\"\",\"placeholder\":\"\",\"visible\":true,\"editable\":true},\"list\":{\"label\":\"title\",\"searchable\":true,\"sortable\":true}},\"blocks\":{\"edit\":{\"label\":\"blocks\",\"description\":\"\",\"placeholder\":\"\",\"visible\":true,\"editable\":true},\"list\":{\"label\":\"blocks\",\"searchable\":false,\"sortable\":false}},\"createdAt\":{\"edit\":{\"label\":\"createdAt\",\"description\":\"\",\"placeholder\":\"\",\"visible\":false,\"editable\":true},\"list\":{\"label\":\"createdAt\",\"searchable\":true,\"sortable\":true}},\"updatedAt\":{\"edit\":{\"label\":\"updatedAt\",\"description\":\"\",\"placeholder\":\"\",\"visible\":false,\"editable\":true},\"list\":{\"label\":\"updatedAt\",\"searchable\":true,\"sortable\":true}},\"createdBy\":{\"edit\":{\"label\":\"createdBy\",\"description\":\"\",\"placeholder\":\"\",\"visible\":false,\"editable\":true,\"mainField\":\"firstname\"},\"list\":{\"label\":\"createdBy\",\"searchable\":true,\"sortable\":true}},\"updatedBy\":{\"edit\":{\"label\":\"updatedBy\",\"description\":\"\",\"placeholder\":\"\",\"visible\":false,\"editable\":true,\"mainField\":\"firstname\"},\"list\":{\"label\":\"updatedBy\",\"searchable\":true,\"sortable\":true}},\"documentId\":{\"edit\":{},\"list\":{\"label\":\"documentId\",\"searchable\":true,\"sortable\":true}}},\"layouts\":{\"list\":[\"id\",\"title\",\"createdAt\",\"updatedAt\"],\"edit\":[[{\"name\":\"title\",\"size\":6}],[{\"name\":\"blocks\",\"size\":12}]]},\"uid\":\"api::about.about\"}', 'object', NULL, NULL);
INSERT INTO `strapi_core_store_settings` (`id`, `key`, `value`, `type`, `environment`, `tag`) VALUES (12, 'plugin_content_manager_configuration_content_types::plugin::i18n.locale', '{\"settings\":{\"bulkable\":true,\"filterable\":true,\"searchable\":true,\"pageSize\":10,\"mainField\":\"name\",\"defaultSortBy\":\"name\",\"defaultSortOrder\":\"ASC\"},\"metadatas\":{\"id\":{\"edit\":{},\"list\":{\"label\":\"id\",\"searchable\":true,\"sortable\":true}},\"name\":{\"edit\":{\"label\":\"name\",\"description\":\"\",\"placeholder\":\"\",\"visible\":true,\"editable\":true},\"list\":{\"label\":\"name\",\"searchable\":true,\"sortable\":true}},\"code\":{\"edit\":{\"label\":\"code\",\"description\":\"\",\"placeholder\":\"\",\"visible\":true,\"editable\":true},\"list\":{\"label\":\"code\",\"searchable\":true,\"sortable\":true}},\"createdAt\":{\"edit\":{\"label\":\"createdAt\",\"description\":\"\",\"placeholder\":\"\",\"visible\":false,\"editable\":true},\"list\":{\"label\":\"createdAt\",\"searchable\":true,\"sortable\":true}},\"updatedAt\":{\"edit\":{\"label\":\"updatedAt\",\"description\":\"\",\"placeholder\":\"\",\"visible\":false,\"editable\":true},\"list\":{\"label\":\"updatedAt\",\"searchable\":true,\"sortable\":true}},\"createdBy\":{\"edit\":{\"label\":\"createdBy\",\"description\":\"\",\"placeholder\":\"\",\"visible\":false,\"editable\":true,\"mainField\":\"firstname\"},\"list\":{\"label\":\"createdBy\",\"searchable\":true,\"sortable\":true}},\"updatedBy\":{\"edit\":{\"label\":\"updatedBy\",\"description\":\"\",\"placeholder\":\"\",\"visible\":false,\"editable\":true,\"mainField\":\"firstname\"},\"list\":{\"label\":\"updatedBy\",\"searchable\":true,\"sortable\":true}},\"documentId\":{\"edit\":{},\"list\":{\"label\":\"documentId\",\"searchable\":true,\"sortable\":true}}},\"layouts\":{\"list\":[\"id\",\"name\",\"code\",\"createdAt\"],\"edit\":[[{\"name\":\"name\",\"size\":6},{\"name\":\"code\",\"size\":6}]]},\"uid\":\"plugin::i18n.locale\"}', 'object', NULL, NULL);
INSERT INTO `strapi_core_store_settings` (`id`, `key`, `value`, `type`, `environment`, `tag`) VALUES (13, 'plugin_content_manager_configuration_content_types::plugin::content-releases.release-action', '{\"settings\":{\"bulkable\":true,\"filterable\":true,\"searchable\":true,\"pageSize\":10,\"mainField\":\"contentType\",\"defaultSortBy\":\"contentType\",\"defaultSortOrder\":\"ASC\"},\"metadatas\":{\"id\":{\"edit\":{},\"list\":{\"label\":\"id\",\"searchable\":true,\"sortable\":true}},\"type\":{\"edit\":{\"label\":\"type\",\"description\":\"\",\"placeholder\":\"\",\"visible\":true,\"editable\":true},\"list\":{\"label\":\"type\",\"searchable\":true,\"sortable\":true}},\"contentType\":{\"edit\":{\"label\":\"contentType\",\"description\":\"\",\"placeholder\":\"\",\"visible\":true,\"editable\":true},\"list\":{\"label\":\"contentType\",\"searchable\":true,\"sortable\":true}},\"entryDocumentId\":{\"edit\":{\"label\":\"entryDocumentId\",\"description\":\"\",\"placeholder\":\"\",\"visible\":true,\"editable\":true},\"list\":{\"label\":\"entryDocumentId\",\"searchable\":true,\"sortable\":true}},\"release\":{\"edit\":{\"label\":\"release\",\"description\":\"\",\"placeholder\":\"\",\"visible\":true,\"editable\":true,\"mainField\":\"name\"},\"list\":{\"label\":\"release\",\"searchable\":true,\"sortable\":true}},\"isEntryValid\":{\"edit\":{\"label\":\"isEntryValid\",\"description\":\"\",\"placeholder\":\"\",\"visible\":true,\"editable\":true},\"list\":{\"label\":\"isEntryValid\",\"searchable\":true,\"sortable\":true}},\"createdAt\":{\"edit\":{\"label\":\"createdAt\",\"description\":\"\",\"placeholder\":\"\",\"visible\":false,\"editable\":true},\"list\":{\"label\":\"createdAt\",\"searchable\":true,\"sortable\":true}},\"updatedAt\":{\"edit\":{\"label\":\"updatedAt\",\"description\":\"\",\"placeholder\":\"\",\"visible\":false,\"editable\":true},\"list\":{\"label\":\"updatedAt\",\"searchable\":true,\"sortable\":true}},\"createdBy\":{\"edit\":{\"label\":\"createdBy\",\"description\":\"\",\"placeholder\":\"\",\"visible\":false,\"editable\":true,\"mainField\":\"firstname\"},\"list\":{\"label\":\"createdBy\",\"searchable\":true,\"sortable\":true}},\"updatedBy\":{\"edit\":{\"label\":\"updatedBy\",\"description\":\"\",\"placeholder\":\"\",\"visible\":false,\"editable\":true,\"mainField\":\"firstname\"},\"list\":{\"label\":\"updatedBy\",\"searchable\":true,\"sortable\":true}},\"documentId\":{\"edit\":{},\"list\":{\"label\":\"documentId\",\"searchable\":true,\"sortable\":true}}},\"layouts\":{\"list\":[\"id\",\"type\",\"contentType\",\"entryDocumentId\"],\"edit\":[[{\"name\":\"type\",\"size\":6},{\"name\":\"contentType\",\"size\":6}],[{\"name\":\"entryDocumentId\",\"size\":6},{\"name\":\"release\",\"size\":6}],[{\"name\":\"isEntryValid\",\"size\":4}]]},\"uid\":\"plugin::content-releases.release-action\"}', 'object', NULL, NULL);
INSERT INTO `strapi_core_store_settings` (`id`, `key`, `value`, `type`, `environment`, `tag`) VALUES (14, 'plugin_content_manager_configuration_content_types::plugin::users-permissions.role', '{\"settings\":{\"bulkable\":true,\"filterable\":true,\"searchable\":true,\"pageSize\":10,\"mainField\":\"name\",\"defaultSortBy\":\"name\",\"defaultSortOrder\":\"ASC\"},\"metadatas\":{\"id\":{\"edit\":{},\"list\":{\"label\":\"id\",\"searchable\":true,\"sortable\":true}},\"name\":{\"edit\":{\"label\":\"name\",\"description\":\"\",\"placeholder\":\"\",\"visible\":true,\"editable\":true},\"list\":{\"label\":\"name\",\"searchable\":true,\"sortable\":true}},\"description\":{\"edit\":{\"label\":\"description\",\"description\":\"\",\"placeholder\":\"\",\"visible\":true,\"editable\":true},\"list\":{\"label\":\"description\",\"searchable\":true,\"sortable\":true}},\"type\":{\"edit\":{\"label\":\"type\",\"description\":\"\",\"placeholder\":\"\",\"visible\":true,\"editable\":true},\"list\":{\"label\":\"type\",\"searchable\":true,\"sortable\":true}},\"permissions\":{\"edit\":{\"label\":\"permissions\",\"description\":\"\",\"placeholder\":\"\",\"visible\":true,\"editable\":true,\"mainField\":\"action\"},\"list\":{\"label\":\"permissions\",\"searchable\":false,\"sortable\":false}},\"users\":{\"edit\":{\"label\":\"users\",\"description\":\"\",\"placeholder\":\"\",\"visible\":true,\"editable\":true,\"mainField\":\"username\"},\"list\":{\"label\":\"users\",\"searchable\":false,\"sortable\":false}},\"createdAt\":{\"edit\":{\"label\":\"createdAt\",\"description\":\"\",\"placeholder\":\"\",\"visible\":false,\"editable\":true},\"list\":{\"label\":\"createdAt\",\"searchable\":true,\"sortable\":true}},\"updatedAt\":{\"edit\":{\"label\":\"updatedAt\",\"description\":\"\",\"placeholder\":\"\",\"visible\":false,\"editable\":true},\"list\":{\"label\":\"updatedAt\",\"searchable\":true,\"sortable\":true}},\"createdBy\":{\"edit\":{\"label\":\"createdBy\",\"description\":\"\",\"placeholder\":\"\",\"visible\":false,\"editable\":true,\"mainField\":\"firstname\"},\"list\":{\"label\":\"createdBy\",\"searchable\":true,\"sortable\":true}},\"updatedBy\":{\"edit\":{\"label\":\"updatedBy\",\"description\":\"\",\"placeholder\":\"\",\"visible\":false,\"editable\":true,\"mainField\":\"firstname\"},\"list\":{\"label\":\"updatedBy\",\"searchable\":true,\"sortable\":true}},\"documentId\":{\"edit\":{},\"list\":{\"label\":\"documentId\",\"searchable\":true,\"sortable\":true}}},\"layouts\":{\"list\":[\"id\",\"name\",\"description\",\"type\"],\"edit\":[[{\"name\":\"name\",\"size\":6},{\"name\":\"description\",\"size\":6}],[{\"name\":\"type\",\"size\":6},{\"name\":\"permissions\",\"size\":6}],[{\"name\":\"users\",\"size\":6}]]},\"uid\":\"plugin::users-permissions.role\"}', 'object', NULL, NULL);
INSERT INTO `strapi_core_store_settings` (`id`, `key`, `value`, `type`, `environment`, `tag`) VALUES (15, 'plugin_content_manager_configuration_content_types::api::article.article', '{\"settings\":{\"bulkable\":true,\"filterable\":true,\"searchable\":true,\"pageSize\":10,\"mainField\":\"title\",\"defaultSortBy\":\"title\",\"defaultSortOrder\":\"ASC\"},\"metadatas\":{\"id\":{\"edit\":{},\"list\":{\"label\":\"id\",\"searchable\":true,\"sortable\":true}},\"title\":{\"edit\":{\"label\":\"title\",\"description\":\"\",\"placeholder\":\"\",\"visible\":true,\"editable\":true},\"list\":{\"label\":\"title\",\"searchable\":true,\"sortable\":true}},\"description\":{\"edit\":{\"label\":\"description\",\"description\":\"\",\"placeholder\":\"\",\"visible\":true,\"editable\":true},\"list\":{\"label\":\"description\",\"searchable\":true,\"sortable\":true}},\"slug\":{\"edit\":{\"label\":\"slug\",\"description\":\"\",\"placeholder\":\"\",\"visible\":true,\"editable\":true},\"list\":{\"label\":\"slug\",\"searchable\":true,\"sortable\":true}},\"cover\":{\"edit\":{\"label\":\"cover\",\"description\":\"\",\"placeholder\":\"\",\"visible\":true,\"editable\":true},\"list\":{\"label\":\"cover\",\"searchable\":false,\"sortable\":false}},\"author\":{\"edit\":{\"label\":\"author\",\"description\":\"\",\"placeholder\":\"\",\"visible\":true,\"editable\":true,\"mainField\":\"name\"},\"list\":{\"label\":\"author\",\"searchable\":true,\"sortable\":true}},\"category\":{\"edit\":{\"label\":\"category\",\"description\":\"\",\"placeholder\":\"\",\"visible\":true,\"editable\":true,\"mainField\":\"name\"},\"list\":{\"label\":\"category\",\"searchable\":true,\"sortable\":true}},\"blocks\":{\"edit\":{\"label\":\"blocks\",\"description\":\"\",\"placeholder\":\"\",\"visible\":true,\"editable\":true},\"list\":{\"label\":\"blocks\",\"searchable\":false,\"sortable\":false}},\"createdAt\":{\"edit\":{\"label\":\"createdAt\",\"description\":\"\",\"placeholder\":\"\",\"visible\":false,\"editable\":true},\"list\":{\"label\":\"createdAt\",\"searchable\":true,\"sortable\":true}},\"updatedAt\":{\"edit\":{\"label\":\"updatedAt\",\"description\":\"\",\"placeholder\":\"\",\"visible\":false,\"editable\":true},\"list\":{\"label\":\"updatedAt\",\"searchable\":true,\"sortable\":true}},\"createdBy\":{\"edit\":{\"label\":\"createdBy\",\"description\":\"\",\"placeholder\":\"\",\"visible\":false,\"editable\":true,\"mainField\":\"firstname\"},\"list\":{\"label\":\"createdBy\",\"searchable\":true,\"sortable\":true}},\"updatedBy\":{\"edit\":{\"label\":\"updatedBy\",\"description\":\"\",\"placeholder\":\"\",\"visible\":false,\"editable\":true,\"mainField\":\"firstname\"},\"list\":{\"label\":\"updatedBy\",\"searchable\":true,\"sortable\":true}},\"documentId\":{\"edit\":{},\"list\":{\"label\":\"documentId\",\"searchable\":true,\"sortable\":true}}},\"layouts\":{\"list\":[\"id\",\"title\",\"description\",\"slug\"],\"edit\":[[{\"name\":\"title\",\"size\":6},{\"name\":\"description\",\"size\":6}],[{\"name\":\"slug\",\"size\":6},{\"name\":\"cover\",\"size\":6}],[{\"name\":\"author\",\"size\":6},{\"name\":\"category\",\"size\":6}],[{\"name\":\"blocks\",\"size\":12}]]},\"uid\":\"api::article.article\"}', 'object', NULL, NULL);
INSERT INTO `strapi_core_store_settings` (`id`, `key`, `value`, `type`, `environment`, `tag`) VALUES (16, 'plugin_content_manager_configuration_content_types::api::author.author', '{\"settings\":{\"bulkable\":true,\"filterable\":true,\"searchable\":true,\"pageSize\":10,\"mainField\":\"name\",\"defaultSortBy\":\"name\",\"defaultSortOrder\":\"ASC\"},\"metadatas\":{\"id\":{\"edit\":{},\"list\":{\"label\":\"id\",\"searchable\":true,\"sortable\":true}},\"name\":{\"edit\":{\"label\":\"name\",\"description\":\"\",\"placeholder\":\"\",\"visible\":true,\"editable\":true},\"list\":{\"label\":\"name\",\"searchable\":true,\"sortable\":true}},\"avatar\":{\"edit\":{\"label\":\"avatar\",\"description\":\"\",\"placeholder\":\"\",\"visible\":true,\"editable\":true},\"list\":{\"label\":\"avatar\",\"searchable\":false,\"sortable\":false}},\"email\":{\"edit\":{\"label\":\"email\",\"description\":\"\",\"placeholder\":\"\",\"visible\":true,\"editable\":true},\"list\":{\"label\":\"email\",\"searchable\":true,\"sortable\":true}},\"articles\":{\"edit\":{\"label\":\"articles\",\"description\":\"\",\"placeholder\":\"\",\"visible\":true,\"editable\":true,\"mainField\":\"title\"},\"list\":{\"label\":\"articles\",\"searchable\":false,\"sortable\":false}},\"createdAt\":{\"edit\":{\"label\":\"createdAt\",\"description\":\"\",\"placeholder\":\"\",\"visible\":false,\"editable\":true},\"list\":{\"label\":\"createdAt\",\"searchable\":true,\"sortable\":true}},\"updatedAt\":{\"edit\":{\"label\":\"updatedAt\",\"description\":\"\",\"placeholder\":\"\",\"visible\":false,\"editable\":true},\"list\":{\"label\":\"updatedAt\",\"searchable\":true,\"sortable\":true}},\"createdBy\":{\"edit\":{\"label\":\"createdBy\",\"description\":\"\",\"placeholder\":\"\",\"visible\":false,\"editable\":true,\"mainField\":\"firstname\"},\"list\":{\"label\":\"createdBy\",\"searchable\":true,\"sortable\":true}},\"updatedBy\":{\"edit\":{\"label\":\"updatedBy\",\"description\":\"\",\"placeholder\":\"\",\"visible\":false,\"editable\":true,\"mainField\":\"firstname\"},\"list\":{\"label\":\"updatedBy\",\"searchable\":true,\"sortable\":true}},\"documentId\":{\"edit\":{},\"list\":{\"label\":\"documentId\",\"searchable\":true,\"sortable\":true}}},\"layouts\":{\"list\":[\"id\",\"name\",\"avatar\",\"email\"],\"edit\":[[{\"name\":\"name\",\"size\":6},{\"name\":\"avatar\",\"size\":6}],[{\"name\":\"email\",\"size\":6},{\"name\":\"articles\",\"size\":6}]]},\"uid\":\"api::author.author\"}', 'object', NULL, NULL);
INSERT INTO `strapi_core_store_settings` (`id`, `key`, `value`, `type`, `environment`, `tag`) VALUES (17, 'plugin_content_manager_configuration_content_types::api::category.category', '{\"settings\":{\"bulkable\":true,\"filterable\":true,\"searchable\":true,\"pageSize\":10,\"mainField\":\"name\",\"defaultSortBy\":\"name\",\"defaultSortOrder\":\"ASC\"},\"metadatas\":{\"id\":{\"edit\":{},\"list\":{\"label\":\"id\",\"searchable\":true,\"sortable\":true}},\"name\":{\"edit\":{\"label\":\"name\",\"description\":\"\",\"placeholder\":\"\",\"visible\":true,\"editable\":true},\"list\":{\"label\":\"name\",\"searchable\":true,\"sortable\":true}},\"slug\":{\"edit\":{\"label\":\"slug\",\"description\":\"\",\"placeholder\":\"\",\"visible\":true,\"editable\":true},\"list\":{\"label\":\"slug\",\"searchable\":true,\"sortable\":true}},\"articles\":{\"edit\":{\"label\":\"articles\",\"description\":\"\",\"placeholder\":\"\",\"visible\":true,\"editable\":true,\"mainField\":\"title\"},\"list\":{\"label\":\"articles\",\"searchable\":false,\"sortable\":false}},\"description\":{\"edit\":{\"label\":\"description\",\"description\":\"\",\"placeholder\":\"\",\"visible\":true,\"editable\":true},\"list\":{\"label\":\"description\",\"searchable\":true,\"sortable\":true}},\"createdAt\":{\"edit\":{\"label\":\"createdAt\",\"description\":\"\",\"placeholder\":\"\",\"visible\":false,\"editable\":true},\"list\":{\"label\":\"createdAt\",\"searchable\":true,\"sortable\":true}},\"updatedAt\":{\"edit\":{\"label\":\"updatedAt\",\"description\":\"\",\"placeholder\":\"\",\"visible\":false,\"editable\":true},\"list\":{\"label\":\"updatedAt\",\"searchable\":true,\"sortable\":true}},\"createdBy\":{\"edit\":{\"label\":\"createdBy\",\"description\":\"\",\"placeholder\":\"\",\"visible\":false,\"editable\":true,\"mainField\":\"firstname\"},\"list\":{\"label\":\"createdBy\",\"searchable\":true,\"sortable\":true}},\"updatedBy\":{\"edit\":{\"label\":\"updatedBy\",\"description\":\"\",\"placeholder\":\"\",\"visible\":false,\"editable\":true,\"mainField\":\"firstname\"},\"list\":{\"label\":\"updatedBy\",\"searchable\":true,\"sortable\":true}},\"documentId\":{\"edit\":{},\"list\":{\"label\":\"documentId\",\"searchable\":true,\"sortable\":true}}},\"layouts\":{\"list\":[\"id\",\"name\",\"slug\",\"articles\"],\"edit\":[[{\"name\":\"name\",\"size\":6},{\"name\":\"slug\",\"size\":6}],[{\"name\":\"articles\",\"size\":6},{\"name\":\"description\",\"size\":6}]]},\"uid\":\"api::category.category\"}', 'object', NULL, NULL);
INSERT INTO `strapi_core_store_settings` (`id`, `key`, `value`, `type`, `environment`, `tag`) VALUES (18, 'plugin_content_manager_configuration_content_types::api::global.global', '{\"settings\":{\"bulkable\":true,\"filterable\":true,\"searchable\":true,\"pageSize\":10,\"mainField\":\"siteName\",\"defaultSortBy\":\"siteName\",\"defaultSortOrder\":\"ASC\"},\"metadatas\":{\"id\":{\"edit\":{},\"list\":{\"label\":\"id\",\"searchable\":true,\"sortable\":true}},\"siteName\":{\"edit\":{\"label\":\"siteName\",\"description\":\"\",\"placeholder\":\"\",\"visible\":true,\"editable\":true},\"list\":{\"label\":\"siteName\",\"searchable\":true,\"sortable\":true}},\"favicon\":{\"edit\":{\"label\":\"favicon\",\"description\":\"\",\"placeholder\":\"\",\"visible\":true,\"editable\":true},\"list\":{\"label\":\"favicon\",\"searchable\":false,\"sortable\":false}},\"siteDescription\":{\"edit\":{\"label\":\"siteDescription\",\"description\":\"\",\"placeholder\":\"\",\"visible\":true,\"editable\":true},\"list\":{\"label\":\"siteDescription\",\"searchable\":true,\"sortable\":true}},\"defaultSeo\":{\"edit\":{\"label\":\"defaultSeo\",\"description\":\"\",\"placeholder\":\"\",\"visible\":true,\"editable\":true},\"list\":{\"label\":\"defaultSeo\",\"searchable\":false,\"sortable\":false}},\"createdAt\":{\"edit\":{\"label\":\"createdAt\",\"description\":\"\",\"placeholder\":\"\",\"visible\":false,\"editable\":true},\"list\":{\"label\":\"createdAt\",\"searchable\":true,\"sortable\":true}},\"updatedAt\":{\"edit\":{\"label\":\"updatedAt\",\"description\":\"\",\"placeholder\":\"\",\"visible\":false,\"editable\":true},\"list\":{\"label\":\"updatedAt\",\"searchable\":true,\"sortable\":true}},\"createdBy\":{\"edit\":{\"label\":\"createdBy\",\"description\":\"\",\"placeholder\":\"\",\"visible\":false,\"editable\":true,\"mainField\":\"firstname\"},\"list\":{\"label\":\"createdBy\",\"searchable\":true,\"sortable\":true}},\"updatedBy\":{\"edit\":{\"label\":\"updatedBy\",\"description\":\"\",\"placeholder\":\"\",\"visible\":false,\"editable\":true,\"mainField\":\"firstname\"},\"list\":{\"label\":\"updatedBy\",\"searchable\":true,\"sortable\":true}},\"documentId\":{\"edit\":{},\"list\":{\"label\":\"documentId\",\"searchable\":true,\"sortable\":true}}},\"layouts\":{\"list\":[\"id\",\"siteName\",\"favicon\",\"siteDescription\"],\"edit\":[[{\"name\":\"siteName\",\"size\":6},{\"name\":\"favicon\",\"size\":6}],[{\"name\":\"siteDescription\",\"size\":6}],[{\"name\":\"defaultSeo\",\"size\":12}]]},\"uid\":\"api::global.global\"}', 'object', NULL, NULL);
INSERT INTO `strapi_core_store_settings` (`id`, `key`, `value`, `type`, `environment`, `tag`) VALUES (19, 'plugin_content_manager_configuration_content_types::admin::permission', '{\"settings\":{\"bulkable\":true,\"filterable\":true,\"searchable\":true,\"pageSize\":10,\"mainField\":\"action\",\"defaultSortBy\":\"action\",\"defaultSortOrder\":\"ASC\"},\"metadatas\":{\"id\":{\"edit\":{},\"list\":{\"label\":\"id\",\"searchable\":true,\"sortable\":true}},\"action\":{\"edit\":{\"label\":\"action\",\"description\":\"\",\"placeholder\":\"\",\"visible\":true,\"editable\":true},\"list\":{\"label\":\"action\",\"searchable\":true,\"sortable\":true}},\"actionParameters\":{\"edit\":{\"label\":\"actionParameters\",\"description\":\"\",\"placeholder\":\"\",\"visible\":true,\"editable\":true},\"list\":{\"label\":\"actionParameters\",\"searchable\":false,\"sortable\":false}},\"subject\":{\"edit\":{\"label\":\"subject\",\"description\":\"\",\"placeholder\":\"\",\"visible\":true,\"editable\":true},\"list\":{\"label\":\"subject\",\"searchable\":true,\"sortable\":true}},\"properties\":{\"edit\":{\"label\":\"properties\",\"description\":\"\",\"placeholder\":\"\",\"visible\":true,\"editable\":true},\"list\":{\"label\":\"properties\",\"searchable\":false,\"sortable\":false}},\"conditions\":{\"edit\":{\"label\":\"conditions\",\"description\":\"\",\"placeholder\":\"\",\"visible\":true,\"editable\":true},\"list\":{\"label\":\"conditions\",\"searchable\":false,\"sortable\":false}},\"role\":{\"edit\":{\"label\":\"role\",\"description\":\"\",\"placeholder\":\"\",\"visible\":true,\"editable\":true,\"mainField\":\"name\"},\"list\":{\"label\":\"role\",\"searchable\":true,\"sortable\":true}},\"createdAt\":{\"edit\":{\"label\":\"createdAt\",\"description\":\"\",\"placeholder\":\"\",\"visible\":false,\"editable\":true},\"list\":{\"label\":\"createdAt\",\"searchable\":true,\"sortable\":true}},\"updatedAt\":{\"edit\":{\"label\":\"updatedAt\",\"description\":\"\",\"placeholder\":\"\",\"visible\":false,\"editable\":true},\"list\":{\"label\":\"updatedAt\",\"searchable\":true,\"sortable\":true}},\"createdBy\":{\"edit\":{\"label\":\"createdBy\",\"description\":\"\",\"placeholder\":\"\",\"visible\":false,\"editable\":true,\"mainField\":\"firstname\"},\"list\":{\"label\":\"createdBy\",\"searchable\":true,\"sortable\":true}},\"updatedBy\":{\"edit\":{\"label\":\"updatedBy\",\"description\":\"\",\"placeholder\":\"\",\"visible\":false,\"editable\":true,\"mainField\":\"firstname\"},\"list\":{\"label\":\"updatedBy\",\"searchable\":true,\"sortable\":true}},\"documentId\":{\"edit\":{},\"list\":{\"label\":\"documentId\",\"searchable\":true,\"sortable\":true}}},\"layouts\":{\"list\":[\"id\",\"action\",\"subject\",\"role\"],\"edit\":[[{\"name\":\"action\",\"size\":6}],[{\"name\":\"actionParameters\",\"size\":12}],[{\"name\":\"subject\",\"size\":6}],[{\"name\":\"properties\",\"size\":12}],[{\"name\":\"conditions\",\"size\":12}],[{\"name\":\"role\",\"size\":6}]]},\"uid\":\"admin::permission\"}', 'object', NULL, NULL);
INSERT INTO `strapi_core_store_settings` (`id`, `key`, `value`, `type`, `environment`, `tag`) VALUES (20, 'plugin_content_manager_configuration_content_types::plugin::review-workflows.workflow', '{\"settings\":{\"bulkable\":true,\"filterable\":true,\"searchable\":true,\"pageSize\":10,\"mainField\":\"name\",\"defaultSortBy\":\"name\",\"defaultSortOrder\":\"ASC\"},\"metadatas\":{\"id\":{\"edit\":{},\"list\":{\"label\":\"id\",\"searchable\":true,\"sortable\":true}},\"name\":{\"edit\":{\"label\":\"name\",\"description\":\"\",\"placeholder\":\"\",\"visible\":true,\"editable\":true},\"list\":{\"label\":\"name\",\"searchable\":true,\"sortable\":true}},\"stages\":{\"edit\":{\"label\":\"stages\",\"description\":\"\",\"placeholder\":\"\",\"visible\":true,\"editable\":true,\"mainField\":\"name\"},\"list\":{\"label\":\"stages\",\"searchable\":false,\"sortable\":false}},\"stageRequiredToPublish\":{\"edit\":{\"label\":\"stageRequiredToPublish\",\"description\":\"\",\"placeholder\":\"\",\"visible\":true,\"editable\":true,\"mainField\":\"name\"},\"list\":{\"label\":\"stageRequiredToPublish\",\"searchable\":true,\"sortable\":true}},\"contentTypes\":{\"edit\":{\"label\":\"contentTypes\",\"description\":\"\",\"placeholder\":\"\",\"visible\":true,\"editable\":true},\"list\":{\"label\":\"contentTypes\",\"searchable\":false,\"sortable\":false}},\"createdAt\":{\"edit\":{\"label\":\"createdAt\",\"description\":\"\",\"placeholder\":\"\",\"visible\":false,\"editable\":true},\"list\":{\"label\":\"createdAt\",\"searchable\":true,\"sortable\":true}},\"updatedAt\":{\"edit\":{\"label\":\"updatedAt\",\"description\":\"\",\"placeholder\":\"\",\"visible\":false,\"editable\":true},\"list\":{\"label\":\"updatedAt\",\"searchable\":true,\"sortable\":true}},\"createdBy\":{\"edit\":{\"label\":\"createdBy\",\"description\":\"\",\"placeholder\":\"\",\"visible\":false,\"editable\":true,\"mainField\":\"firstname\"},\"list\":{\"label\":\"createdBy\",\"searchable\":true,\"sortable\":true}},\"updatedBy\":{\"edit\":{\"label\":\"updatedBy\",\"description\":\"\",\"placeholder\":\"\",\"visible\":false,\"editable\":true,\"mainField\":\"firstname\"},\"list\":{\"label\":\"updatedBy\",\"searchable\":true,\"sortable\":true}},\"documentId\":{\"edit\":{},\"list\":{\"label\":\"documentId\",\"searchable\":true,\"sortable\":true}}},\"layouts\":{\"list\":[\"id\",\"name\",\"stages\",\"stageRequiredToPublish\"],\"edit\":[[{\"name\":\"name\",\"size\":6},{\"name\":\"stages\",\"size\":6}],[{\"name\":\"stageRequiredToPublish\",\"size\":6}],[{\"name\":\"contentTypes\",\"size\":12}]]},\"uid\":\"plugin::review-workflows.workflow\"}', 'object', NULL, NULL);
INSERT INTO `strapi_core_store_settings` (`id`, `key`, `value`, `type`, `environment`, `tag`) VALUES (21, 'plugin_content_manager_configuration_content_types::plugin::review-workflows.workflow-stage', '{\"settings\":{\"bulkable\":true,\"filterable\":true,\"searchable\":true,\"pageSize\":10,\"mainField\":\"name\",\"defaultSortBy\":\"name\",\"defaultSortOrder\":\"ASC\"},\"metadatas\":{\"id\":{\"edit\":{},\"list\":{\"label\":\"id\",\"searchable\":true,\"sortable\":true}},\"name\":{\"edit\":{\"label\":\"name\",\"description\":\"\",\"placeholder\":\"\",\"visible\":true,\"editable\":true},\"list\":{\"label\":\"name\",\"searchable\":true,\"sortable\":true}},\"color\":{\"edit\":{\"label\":\"color\",\"description\":\"\",\"placeholder\":\"\",\"visible\":true,\"editable\":true},\"list\":{\"label\":\"color\",\"searchable\":true,\"sortable\":true}},\"workflow\":{\"edit\":{\"label\":\"workflow\",\"description\":\"\",\"placeholder\":\"\",\"visible\":true,\"editable\":true,\"mainField\":\"name\"},\"list\":{\"label\":\"workflow\",\"searchable\":true,\"sortable\":true}},\"permissions\":{\"edit\":{\"label\":\"permissions\",\"description\":\"\",\"placeholder\":\"\",\"visible\":true,\"editable\":true,\"mainField\":\"action\"},\"list\":{\"label\":\"permissions\",\"searchable\":false,\"sortable\":false}},\"createdAt\":{\"edit\":{\"label\":\"createdAt\",\"description\":\"\",\"placeholder\":\"\",\"visible\":false,\"editable\":true},\"list\":{\"label\":\"createdAt\",\"searchable\":true,\"sortable\":true}},\"updatedAt\":{\"edit\":{\"label\":\"updatedAt\",\"description\":\"\",\"placeholder\":\"\",\"visible\":false,\"editable\":true},\"list\":{\"label\":\"updatedAt\",\"searchable\":true,\"sortable\":true}},\"createdBy\":{\"edit\":{\"label\":\"createdBy\",\"description\":\"\",\"placeholder\":\"\",\"visible\":false,\"editable\":true,\"mainField\":\"firstname\"},\"list\":{\"label\":\"createdBy\",\"searchable\":true,\"sortable\":true}},\"updatedBy\":{\"edit\":{\"label\":\"updatedBy\",\"description\":\"\",\"placeholder\":\"\",\"visible\":false,\"editable\":true,\"mainField\":\"firstname\"},\"list\":{\"label\":\"updatedBy\",\"searchable\":true,\"sortable\":true}},\"documentId\":{\"edit\":{},\"list\":{\"label\":\"documentId\",\"searchable\":true,\"sortable\":true}}},\"layouts\":{\"list\":[\"id\",\"name\",\"color\",\"workflow\"],\"edit\":[[{\"name\":\"name\",\"size\":6},{\"name\":\"color\",\"size\":6}],[{\"name\":\"workflow\",\"size\":6},{\"name\":\"permissions\",\"size\":6}]]},\"uid\":\"plugin::review-workflows.workflow-stage\"}', 'object', NULL, NULL);
INSERT INTO `strapi_core_store_settings` (`id`, `key`, `value`, `type`, `environment`, `tag`) VALUES (22, 'plugin_content_manager_configuration_content_types::plugin::users-permissions.permission', '{\"settings\":{\"bulkable\":true,\"filterable\":true,\"searchable\":true,\"pageSize\":10,\"mainField\":\"action\",\"defaultSortBy\":\"action\",\"defaultSortOrder\":\"ASC\"},\"metadatas\":{\"id\":{\"edit\":{},\"list\":{\"label\":\"id\",\"searchable\":true,\"sortable\":true}},\"action\":{\"edit\":{\"label\":\"action\",\"description\":\"\",\"placeholder\":\"\",\"visible\":true,\"editable\":true},\"list\":{\"label\":\"action\",\"searchable\":true,\"sortable\":true}},\"role\":{\"edit\":{\"label\":\"role\",\"description\":\"\",\"placeholder\":\"\",\"visible\":true,\"editable\":true,\"mainField\":\"name\"},\"list\":{\"label\":\"role\",\"searchable\":true,\"sortable\":true}},\"createdAt\":{\"edit\":{\"label\":\"createdAt\",\"description\":\"\",\"placeholder\":\"\",\"visible\":false,\"editable\":true},\"list\":{\"label\":\"createdAt\",\"searchable\":true,\"sortable\":true}},\"updatedAt\":{\"edit\":{\"label\":\"updatedAt\",\"description\":\"\",\"placeholder\":\"\",\"visible\":false,\"editable\":true},\"list\":{\"label\":\"updatedAt\",\"searchable\":true,\"sortable\":true}},\"createdBy\":{\"edit\":{\"label\":\"createdBy\",\"description\":\"\",\"placeholder\":\"\",\"visible\":false,\"editable\":true,\"mainField\":\"firstname\"},\"list\":{\"label\":\"createdBy\",\"searchable\":true,\"sortable\":true}},\"updatedBy\":{\"edit\":{\"label\":\"updatedBy\",\"description\":\"\",\"placeholder\":\"\",\"visible\":false,\"editable\":true,\"mainField\":\"firstname\"},\"list\":{\"label\":\"updatedBy\",\"searchable\":true,\"sortable\":true}},\"documentId\":{\"edit\":{},\"list\":{\"label\":\"documentId\",\"searchable\":true,\"sortable\":true}}},\"layouts\":{\"list\":[\"id\",\"action\",\"role\",\"createdAt\"],\"edit\":[[{\"name\":\"action\",\"size\":6},{\"name\":\"role\",\"size\":6}]]},\"uid\":\"plugin::users-permissions.permission\"}', 'object', NULL, NULL);
INSERT INTO `strapi_core_store_settings` (`id`, `key`, `value`, `type`, `environment`, `tag`) VALUES (23, 'plugin_content_manager_configuration_content_types::plugin::users-permissions.user', '{\"settings\":{\"bulkable\":true,\"filterable\":true,\"searchable\":true,\"pageSize\":10,\"mainField\":\"username\",\"defaultSortBy\":\"username\",\"defaultSortOrder\":\"ASC\"},\"metadatas\":{\"id\":{\"edit\":{},\"list\":{\"label\":\"id\",\"searchable\":true,\"sortable\":true}},\"username\":{\"edit\":{\"label\":\"username\",\"description\":\"\",\"placeholder\":\"\",\"visible\":true,\"editable\":true},\"list\":{\"label\":\"username\",\"searchable\":true,\"sortable\":true}},\"email\":{\"edit\":{\"label\":\"email\",\"description\":\"\",\"placeholder\":\"\",\"visible\":true,\"editable\":true},\"list\":{\"label\":\"email\",\"searchable\":true,\"sortable\":true}},\"provider\":{\"edit\":{\"label\":\"provider\",\"description\":\"\",\"placeholder\":\"\",\"visible\":false,\"editable\":true},\"list\":{\"label\":\"provider\",\"searchable\":true,\"sortable\":true}},\"password\":{\"edit\":{\"label\":\"password\",\"description\":\"\",\"placeholder\":\"\",\"visible\":true,\"editable\":true},\"list\":{\"label\":\"password\",\"searchable\":true,\"sortable\":true}},\"resetPasswordToken\":{\"edit\":{\"label\":\"resetPasswordToken\",\"description\":\"\",\"placeholder\":\"\",\"visible\":false,\"editable\":true},\"list\":{\"label\":\"resetPasswordToken\",\"searchable\":true,\"sortable\":true}},\"confirmationToken\":{\"edit\":{\"label\":\"confirmationToken\",\"description\":\"\",\"placeholder\":\"\",\"visible\":false,\"editable\":true},\"list\":{\"label\":\"confirmationToken\",\"searchable\":true,\"sortable\":true}},\"confirmed\":{\"edit\":{\"label\":\"confirmed\",\"description\":\"\",\"placeholder\":\"\",\"visible\":true,\"editable\":true},\"list\":{\"label\":\"confirmed\",\"searchable\":true,\"sortable\":true}},\"blocked\":{\"edit\":{\"label\":\"blocked\",\"description\":\"\",\"placeholder\":\"\",\"visible\":true,\"editable\":true},\"list\":{\"label\":\"blocked\",\"searchable\":true,\"sortable\":true}},\"role\":{\"edit\":{\"label\":\"role\",\"description\":\"\",\"placeholder\":\"\",\"visible\":true,\"editable\":true,\"mainField\":\"name\"},\"list\":{\"label\":\"role\",\"searchable\":true,\"sortable\":true}},\"createdAt\":{\"edit\":{\"label\":\"createdAt\",\"description\":\"\",\"placeholder\":\"\",\"visible\":false,\"editable\":true},\"list\":{\"label\":\"createdAt\",\"searchable\":true,\"sortable\":true}},\"updatedAt\":{\"edit\":{\"label\":\"updatedAt\",\"description\":\"\",\"placeholder\":\"\",\"visible\":false,\"editable\":true},\"list\":{\"label\":\"updatedAt\",\"searchable\":true,\"sortable\":true}},\"createdBy\":{\"edit\":{\"label\":\"createdBy\",\"description\":\"\",\"placeholder\":\"\",\"visible\":false,\"editable\":true,\"mainField\":\"firstname\"},\"list\":{\"label\":\"createdBy\",\"searchable\":true,\"sortable\":true}},\"updatedBy\":{\"edit\":{\"label\":\"updatedBy\",\"description\":\"\",\"placeholder\":\"\",\"visible\":false,\"editable\":true,\"mainField\":\"firstname\"},\"list\":{\"label\":\"updatedBy\",\"searchable\":true,\"sortable\":true}},\"documentId\":{\"edit\":{},\"list\":{\"label\":\"documentId\",\"searchable\":true,\"sortable\":true}}},\"layouts\":{\"list\":[\"id\",\"username\",\"email\",\"confirmed\"],\"edit\":[[{\"name\":\"username\",\"size\":6},{\"name\":\"email\",\"size\":6}],[{\"name\":\"password\",\"size\":6},{\"name\":\"confirmed\",\"size\":4}],[{\"name\":\"blocked\",\"size\":4},{\"name\":\"role\",\"size\":6}]]},\"uid\":\"plugin::users-permissions.user\"}', 'object', NULL, NULL);
INSERT INTO `strapi_core_store_settings` (`id`, `key`, `value`, `type`, `environment`, `tag`) VALUES (24, 'plugin_content_manager_configuration_content_types::admin::user', '{\"settings\":{\"bulkable\":true,\"filterable\":true,\"searchable\":true,\"pageSize\":10,\"mainField\":\"firstname\",\"defaultSortBy\":\"firstname\",\"defaultSortOrder\":\"ASC\"},\"metadatas\":{\"id\":{\"edit\":{},\"list\":{\"label\":\"id\",\"searchable\":true,\"sortable\":true}},\"firstname\":{\"edit\":{\"label\":\"firstname\",\"description\":\"\",\"placeholder\":\"\",\"visible\":true,\"editable\":true},\"list\":{\"label\":\"firstname\",\"searchable\":true,\"sortable\":true}},\"lastname\":{\"edit\":{\"label\":\"lastname\",\"description\":\"\",\"placeholder\":\"\",\"visible\":true,\"editable\":true},\"list\":{\"label\":\"lastname\",\"searchable\":true,\"sortable\":true}},\"username\":{\"edit\":{\"label\":\"username\",\"description\":\"\",\"placeholder\":\"\",\"visible\":true,\"editable\":true},\"list\":{\"label\":\"username\",\"searchable\":true,\"sortable\":true}},\"email\":{\"edit\":{\"label\":\"email\",\"description\":\"\",\"placeholder\":\"\",\"visible\":true,\"editable\":true},\"list\":{\"label\":\"email\",\"searchable\":true,\"sortable\":true}},\"password\":{\"edit\":{\"label\":\"password\",\"description\":\"\",\"placeholder\":\"\",\"visible\":true,\"editable\":true},\"list\":{\"label\":\"password\",\"searchable\":true,\"sortable\":true}},\"resetPasswordToken\":{\"edit\":{\"label\":\"resetPasswordToken\",\"description\":\"\",\"placeholder\":\"\",\"visible\":false,\"editable\":true},\"list\":{\"label\":\"resetPasswordToken\",\"searchable\":true,\"sortable\":true}},\"registrationToken\":{\"edit\":{\"label\":\"registrationToken\",\"description\":\"\",\"placeholder\":\"\",\"visible\":false,\"editable\":true},\"list\":{\"label\":\"registrationToken\",\"searchable\":true,\"sortable\":true}},\"isActive\":{\"edit\":{\"label\":\"isActive\",\"description\":\"\",\"placeholder\":\"\",\"visible\":true,\"editable\":true},\"list\":{\"label\":\"isActive\",\"searchable\":true,\"sortable\":true}},\"roles\":{\"edit\":{\"label\":\"roles\",\"description\":\"\",\"placeholder\":\"\",\"visible\":true,\"editable\":true,\"mainField\":\"name\"},\"list\":{\"label\":\"roles\",\"searchable\":false,\"sortable\":false}},\"blocked\":{\"edit\":{\"label\":\"blocked\",\"description\":\"\",\"placeholder\":\"\",\"visible\":true,\"editable\":true},\"list\":{\"label\":\"blocked\",\"searchable\":true,\"sortable\":true}},\"preferedLanguage\":{\"edit\":{\"label\":\"preferedLanguage\",\"description\":\"\",\"placeholder\":\"\",\"visible\":true,\"editable\":true},\"list\":{\"label\":\"preferedLanguage\",\"searchable\":true,\"sortable\":true}},\"createdAt\":{\"edit\":{\"label\":\"createdAt\",\"description\":\"\",\"placeholder\":\"\",\"visible\":false,\"editable\":true},\"list\":{\"label\":\"createdAt\",\"searchable\":true,\"sortable\":true}},\"updatedAt\":{\"edit\":{\"label\":\"updatedAt\",\"description\":\"\",\"placeholder\":\"\",\"visible\":false,\"editable\":true},\"list\":{\"label\":\"updatedAt\",\"searchable\":true,\"sortable\":true}},\"createdBy\":{\"edit\":{\"label\":\"createdBy\",\"description\":\"\",\"placeholder\":\"\",\"visible\":false,\"editable\":true,\"mainField\":\"firstname\"},\"list\":{\"label\":\"createdBy\",\"searchable\":true,\"sortable\":true}},\"updatedBy\":{\"edit\":{\"label\":\"updatedBy\",\"description\":\"\",\"placeholder\":\"\",\"visible\":false,\"editable\":true,\"mainField\":\"firstname\"},\"list\":{\"label\":\"updatedBy\",\"searchable\":true,\"sortable\":true}},\"documentId\":{\"edit\":{},\"list\":{\"label\":\"documentId\",\"searchable\":true,\"sortable\":true}}},\"layouts\":{\"list\":[\"id\",\"firstname\",\"lastname\",\"username\"],\"edit\":[[{\"name\":\"firstname\",\"size\":6},{\"name\":\"lastname\",\"size\":6}],[{\"name\":\"username\",\"size\":6},{\"name\":\"email\",\"size\":6}],[{\"name\":\"password\",\"size\":6},{\"name\":\"isActive\",\"size\":4}],[{\"name\":\"roles\",\"size\":6},{\"name\":\"blocked\",\"size\":4}],[{\"name\":\"preferedLanguage\",\"size\":6}]]},\"uid\":\"admin::user\"}', 'object', NULL, NULL);
INSERT INTO `strapi_core_store_settings` (`id`, `key`, `value`, `type`, `environment`, `tag`) VALUES (25, 'plugin_content_manager_configuration_content_types::admin::role', '{\"settings\":{\"bulkable\":true,\"filterable\":true,\"searchable\":true,\"pageSize\":10,\"mainField\":\"name\",\"defaultSortBy\":\"name\",\"defaultSortOrder\":\"ASC\"},\"metadatas\":{\"id\":{\"edit\":{},\"list\":{\"label\":\"id\",\"searchable\":true,\"sortable\":true}},\"name\":{\"edit\":{\"label\":\"name\",\"description\":\"\",\"placeholder\":\"\",\"visible\":true,\"editable\":true},\"list\":{\"label\":\"name\",\"searchable\":true,\"sortable\":true}},\"code\":{\"edit\":{\"label\":\"code\",\"description\":\"\",\"placeholder\":\"\",\"visible\":true,\"editable\":true},\"list\":{\"label\":\"code\",\"searchable\":true,\"sortable\":true}},\"description\":{\"edit\":{\"label\":\"description\",\"description\":\"\",\"placeholder\":\"\",\"visible\":true,\"editable\":true},\"list\":{\"label\":\"description\",\"searchable\":true,\"sortable\":true}},\"users\":{\"edit\":{\"label\":\"users\",\"description\":\"\",\"placeholder\":\"\",\"visible\":true,\"editable\":true,\"mainField\":\"firstname\"},\"list\":{\"label\":\"users\",\"searchable\":false,\"sortable\":false}},\"permissions\":{\"edit\":{\"label\":\"permissions\",\"description\":\"\",\"placeholder\":\"\",\"visible\":true,\"editable\":true,\"mainField\":\"action\"},\"list\":{\"label\":\"permissions\",\"searchable\":false,\"sortable\":false}},\"createdAt\":{\"edit\":{\"label\":\"createdAt\",\"description\":\"\",\"placeholder\":\"\",\"visible\":false,\"editable\":true},\"list\":{\"label\":\"createdAt\",\"searchable\":true,\"sortable\":true}},\"updatedAt\":{\"edit\":{\"label\":\"updatedAt\",\"description\":\"\",\"placeholder\":\"\",\"visible\":false,\"editable\":true},\"list\":{\"label\":\"updatedAt\",\"searchable\":true,\"sortable\":true}},\"createdBy\":{\"edit\":{\"label\":\"createdBy\",\"description\":\"\",\"placeholder\":\"\",\"visible\":false,\"editable\":true,\"mainField\":\"firstname\"},\"list\":{\"label\":\"createdBy\",\"searchable\":true,\"sortable\":true}},\"updatedBy\":{\"edit\":{\"label\":\"updatedBy\",\"description\":\"\",\"placeholder\":\"\",\"visible\":false,\"editable\":true,\"mainField\":\"firstname\"},\"list\":{\"label\":\"updatedBy\",\"searchable\":true,\"sortable\":true}},\"documentId\":{\"edit\":{},\"list\":{\"label\":\"documentId\",\"searchable\":true,\"sortable\":true}}},\"layouts\":{\"list\":[\"id\",\"name\",\"code\",\"description\"],\"edit\":[[{\"name\":\"name\",\"size\":6},{\"name\":\"code\",\"size\":6}],[{\"name\":\"description\",\"size\":6},{\"name\":\"users\",\"size\":6}],[{\"name\":\"permissions\",\"size\":6}]]},\"uid\":\"admin::role\"}', 'object', NULL, NULL);
INSERT INTO `strapi_core_store_settings` (`id`, `key`, `value`, `type`, `environment`, `tag`) VALUES (26, 'plugin_content_manager_configuration_content_types::admin::api-token', '{\"settings\":{\"bulkable\":true,\"filterable\":true,\"searchable\":true,\"pageSize\":10,\"mainField\":\"name\",\"defaultSortBy\":\"name\",\"defaultSortOrder\":\"ASC\"},\"metadatas\":{\"id\":{\"edit\":{},\"list\":{\"label\":\"id\",\"searchable\":true,\"sortable\":true}},\"name\":{\"edit\":{\"label\":\"name\",\"description\":\"\",\"placeholder\":\"\",\"visible\":true,\"editable\":true},\"list\":{\"label\":\"name\",\"searchable\":true,\"sortable\":true}},\"description\":{\"edit\":{\"label\":\"description\",\"description\":\"\",\"placeholder\":\"\",\"visible\":true,\"editable\":true},\"list\":{\"label\":\"description\",\"searchable\":true,\"sortable\":true}},\"type\":{\"edit\":{\"label\":\"type\",\"description\":\"\",\"placeholder\":\"\",\"visible\":true,\"editable\":true},\"list\":{\"label\":\"type\",\"searchable\":true,\"sortable\":true}},\"accessKey\":{\"edit\":{\"label\":\"accessKey\",\"description\":\"\",\"placeholder\":\"\",\"visible\":true,\"editable\":true},\"list\":{\"label\":\"accessKey\",\"searchable\":true,\"sortable\":true}},\"encryptedKey\":{\"edit\":{\"label\":\"encryptedKey\",\"description\":\"\",\"placeholder\":\"\",\"visible\":true,\"editable\":true},\"list\":{\"label\":\"encryptedKey\",\"searchable\":true,\"sortable\":true}},\"lastUsedAt\":{\"edit\":{\"label\":\"lastUsedAt\",\"description\":\"\",\"placeholder\":\"\",\"visible\":true,\"editable\":true},\"list\":{\"label\":\"lastUsedAt\",\"searchable\":true,\"sortable\":true}},\"permissions\":{\"edit\":{\"label\":\"permissions\",\"description\":\"\",\"placeholder\":\"\",\"visible\":true,\"editable\":true,\"mainField\":\"action\"},\"list\":{\"label\":\"permissions\",\"searchable\":false,\"sortable\":false}},\"expiresAt\":{\"edit\":{\"label\":\"expiresAt\",\"description\":\"\",\"placeholder\":\"\",\"visible\":true,\"editable\":true},\"list\":{\"label\":\"expiresAt\",\"searchable\":true,\"sortable\":true}},\"lifespan\":{\"edit\":{\"label\":\"lifespan\",\"description\":\"\",\"placeholder\":\"\",\"visible\":true,\"editable\":true},\"list\":{\"label\":\"lifespan\",\"searchable\":true,\"sortable\":true}},\"createdAt\":{\"edit\":{\"label\":\"createdAt\",\"description\":\"\",\"placeholder\":\"\",\"visible\":false,\"editable\":true},\"list\":{\"label\":\"createdAt\",\"searchable\":true,\"sortable\":true}},\"updatedAt\":{\"edit\":{\"label\":\"updatedAt\",\"description\":\"\",\"placeholder\":\"\",\"visible\":false,\"editable\":true},\"list\":{\"label\":\"updatedAt\",\"searchable\":true,\"sortable\":true}},\"createdBy\":{\"edit\":{\"label\":\"createdBy\",\"description\":\"\",\"placeholder\":\"\",\"visible\":false,\"editable\":true,\"mainField\":\"firstname\"},\"list\":{\"label\":\"createdBy\",\"searchable\":true,\"sortable\":true}},\"updatedBy\":{\"edit\":{\"label\":\"updatedBy\",\"description\":\"\",\"placeholder\":\"\",\"visible\":false,\"editable\":true,\"mainField\":\"firstname\"},\"list\":{\"label\":\"updatedBy\",\"searchable\":true,\"sortable\":true}},\"documentId\":{\"edit\":{},\"list\":{\"label\":\"documentId\",\"searchable\":true,\"sortable\":true}}},\"layouts\":{\"list\":[\"id\",\"name\",\"description\",\"type\"],\"edit\":[[{\"name\":\"name\",\"size\":6},{\"name\":\"description\",\"size\":6}],[{\"name\":\"type\",\"size\":6},{\"name\":\"accessKey\",\"size\":6}],[{\"name\":\"encryptedKey\",\"size\":6},{\"name\":\"lastUsedAt\",\"size\":6}],[{\"name\":\"permissions\",\"size\":6},{\"name\":\"expiresAt\",\"size\":6}],[{\"name\":\"lifespan\",\"size\":4}]]},\"uid\":\"admin::api-token\"}', 'object', NULL, NULL);
INSERT INTO `strapi_core_store_settings` (`id`, `key`, `value`, `type`, `environment`, `tag`) VALUES (27, 'plugin_content_manager_configuration_content_types::admin::api-token-permission', '{\"settings\":{\"bulkable\":true,\"filterable\":true,\"searchable\":true,\"pageSize\":10,\"mainField\":\"action\",\"defaultSortBy\":\"action\",\"defaultSortOrder\":\"ASC\"},\"metadatas\":{\"id\":{\"edit\":{},\"list\":{\"label\":\"id\",\"searchable\":true,\"sortable\":true}},\"action\":{\"edit\":{\"label\":\"action\",\"description\":\"\",\"placeholder\":\"\",\"visible\":true,\"editable\":true},\"list\":{\"label\":\"action\",\"searchable\":true,\"sortable\":true}},\"token\":{\"edit\":{\"label\":\"token\",\"description\":\"\",\"placeholder\":\"\",\"visible\":true,\"editable\":true,\"mainField\":\"name\"},\"list\":{\"label\":\"token\",\"searchable\":true,\"sortable\":true}},\"createdAt\":{\"edit\":{\"label\":\"createdAt\",\"description\":\"\",\"placeholder\":\"\",\"visible\":false,\"editable\":true},\"list\":{\"label\":\"createdAt\",\"searchable\":true,\"sortable\":true}},\"updatedAt\":{\"edit\":{\"label\":\"updatedAt\",\"description\":\"\",\"placeholder\":\"\",\"visible\":false,\"editable\":true},\"list\":{\"label\":\"updatedAt\",\"searchable\":true,\"sortable\":true}},\"createdBy\":{\"edit\":{\"label\":\"createdBy\",\"description\":\"\",\"placeholder\":\"\",\"visible\":false,\"editable\":true,\"mainField\":\"firstname\"},\"list\":{\"label\":\"createdBy\",\"searchable\":true,\"sortable\":true}},\"updatedBy\":{\"edit\":{\"label\":\"updatedBy\",\"description\":\"\",\"placeholder\":\"\",\"visible\":false,\"editable\":true,\"mainField\":\"firstname\"},\"list\":{\"label\":\"updatedBy\",\"searchable\":true,\"sortable\":true}},\"documentId\":{\"edit\":{},\"list\":{\"label\":\"documentId\",\"searchable\":true,\"sortable\":true}}},\"layouts\":{\"list\":[\"id\",\"action\",\"token\",\"createdAt\"],\"edit\":[[{\"name\":\"action\",\"size\":6},{\"name\":\"token\",\"size\":6}]]},\"uid\":\"admin::api-token-permission\"}', 'object', NULL, NULL);
INSERT INTO `strapi_core_store_settings` (`id`, `key`, `value`, `type`, `environment`, `tag`) VALUES (28, 'plugin_content_manager_configuration_content_types::admin::transfer-token', '{\"settings\":{\"bulkable\":true,\"filterable\":true,\"searchable\":true,\"pageSize\":10,\"mainField\":\"name\",\"defaultSortBy\":\"name\",\"defaultSortOrder\":\"ASC\"},\"metadatas\":{\"id\":{\"edit\":{},\"list\":{\"label\":\"id\",\"searchable\":true,\"sortable\":true}},\"name\":{\"edit\":{\"label\":\"name\",\"description\":\"\",\"placeholder\":\"\",\"visible\":true,\"editable\":true},\"list\":{\"label\":\"name\",\"searchable\":true,\"sortable\":true}},\"description\":{\"edit\":{\"label\":\"description\",\"description\":\"\",\"placeholder\":\"\",\"visible\":true,\"editable\":true},\"list\":{\"label\":\"description\",\"searchable\":true,\"sortable\":true}},\"accessKey\":{\"edit\":{\"label\":\"accessKey\",\"description\":\"\",\"placeholder\":\"\",\"visible\":true,\"editable\":true},\"list\":{\"label\":\"accessKey\",\"searchable\":true,\"sortable\":true}},\"lastUsedAt\":{\"edit\":{\"label\":\"lastUsedAt\",\"description\":\"\",\"placeholder\":\"\",\"visible\":true,\"editable\":true},\"list\":{\"label\":\"lastUsedAt\",\"searchable\":true,\"sortable\":true}},\"permissions\":{\"edit\":{\"label\":\"permissions\",\"description\":\"\",\"placeholder\":\"\",\"visible\":true,\"editable\":true,\"mainField\":\"action\"},\"list\":{\"label\":\"permissions\",\"searchable\":false,\"sortable\":false}},\"expiresAt\":{\"edit\":{\"label\":\"expiresAt\",\"description\":\"\",\"placeholder\":\"\",\"visible\":true,\"editable\":true},\"list\":{\"label\":\"expiresAt\",\"searchable\":true,\"sortable\":true}},\"lifespan\":{\"edit\":{\"label\":\"lifespan\",\"description\":\"\",\"placeholder\":\"\",\"visible\":true,\"editable\":true},\"list\":{\"label\":\"lifespan\",\"searchable\":true,\"sortable\":true}},\"createdAt\":{\"edit\":{\"label\":\"createdAt\",\"description\":\"\",\"placeholder\":\"\",\"visible\":false,\"editable\":true},\"list\":{\"label\":\"createdAt\",\"searchable\":true,\"sortable\":true}},\"updatedAt\":{\"edit\":{\"label\":\"updatedAt\",\"description\":\"\",\"placeholder\":\"\",\"visible\":false,\"editable\":true},\"list\":{\"label\":\"updatedAt\",\"searchable\":true,\"sortable\":true}},\"createdBy\":{\"edit\":{\"label\":\"createdBy\",\"description\":\"\",\"placeholder\":\"\",\"visible\":false,\"editable\":true,\"mainField\":\"firstname\"},\"list\":{\"label\":\"createdBy\",\"searchable\":true,\"sortable\":true}},\"updatedBy\":{\"edit\":{\"label\":\"updatedBy\",\"description\":\"\",\"placeholder\":\"\",\"visible\":false,\"editable\":true,\"mainField\":\"firstname\"},\"list\":{\"label\":\"updatedBy\",\"searchable\":true,\"sortable\":true}},\"documentId\":{\"edit\":{},\"list\":{\"label\":\"documentId\",\"searchable\":true,\"sortable\":true}}},\"layouts\":{\"list\":[\"id\",\"name\",\"description\",\"accessKey\"],\"edit\":[[{\"name\":\"name\",\"size\":6},{\"name\":\"description\",\"size\":6}],[{\"name\":\"accessKey\",\"size\":6},{\"name\":\"lastUsedAt\",\"size\":6}],[{\"name\":\"permissions\",\"size\":6},{\"name\":\"expiresAt\",\"size\":6}],[{\"name\":\"lifespan\",\"size\":4}]]},\"uid\":\"admin::transfer-token\"}', 'object', NULL, NULL);
INSERT INTO `strapi_core_store_settings` (`id`, `key`, `value`, `type`, `environment`, `tag`) VALUES (30, 'plugin_content_manager_configuration_content_types::admin::transfer-token-permission', '{\"settings\":{\"bulkable\":true,\"filterable\":true,\"searchable\":true,\"pageSize\":10,\"mainField\":\"action\",\"defaultSortBy\":\"action\",\"defaultSortOrder\":\"ASC\"},\"metadatas\":{\"id\":{\"edit\":{},\"list\":{\"label\":\"id\",\"searchable\":true,\"sortable\":true}},\"action\":{\"edit\":{\"label\":\"action\",\"description\":\"\",\"placeholder\":\"\",\"visible\":true,\"editable\":true},\"list\":{\"label\":\"action\",\"searchable\":true,\"sortable\":true}},\"token\":{\"edit\":{\"label\":\"token\",\"description\":\"\",\"placeholder\":\"\",\"visible\":true,\"editable\":true,\"mainField\":\"name\"},\"list\":{\"label\":\"token\",\"searchable\":true,\"sortable\":true}},\"createdAt\":{\"edit\":{\"label\":\"createdAt\",\"description\":\"\",\"placeholder\":\"\",\"visible\":false,\"editable\":true},\"list\":{\"label\":\"createdAt\",\"searchable\":true,\"sortable\":true}},\"updatedAt\":{\"edit\":{\"label\":\"updatedAt\",\"description\":\"\",\"placeholder\":\"\",\"visible\":false,\"editable\":true},\"list\":{\"label\":\"updatedAt\",\"searchable\":true,\"sortable\":true}},\"createdBy\":{\"edit\":{\"label\":\"createdBy\",\"description\":\"\",\"placeholder\":\"\",\"visible\":false,\"editable\":true,\"mainField\":\"firstname\"},\"list\":{\"label\":\"createdBy\",\"searchable\":true,\"sortable\":true}},\"updatedBy\":{\"edit\":{\"label\":\"updatedBy\",\"description\":\"\",\"placeholder\":\"\",\"visible\":false,\"editable\":true,\"mainField\":\"firstname\"},\"list\":{\"label\":\"updatedBy\",\"searchable\":true,\"sortable\":true}},\"documentId\":{\"edit\":{},\"list\":{\"label\":\"documentId\",\"searchable\":true,\"sortable\":true}}},\"layouts\":{\"list\":[\"id\",\"action\",\"token\",\"createdAt\"],\"edit\":[[{\"name\":\"action\",\"size\":6},{\"name\":\"token\",\"size\":6}]]},\"uid\":\"admin::transfer-token-permission\"}', 'object', NULL, NULL);
INSERT INTO `strapi_core_store_settings` (`id`, `key`, `value`, `type`, `environment`, `tag`) VALUES (31, 'plugin_content_manager_configuration_content_types::admin::session', '{\"settings\":{\"bulkable\":true,\"filterable\":true,\"searchable\":true,\"pageSize\":10,\"mainField\":\"userId\",\"defaultSortBy\":\"userId\",\"defaultSortOrder\":\"ASC\"},\"metadatas\":{\"id\":{\"edit\":{},\"list\":{\"label\":\"id\",\"searchable\":true,\"sortable\":true}},\"userId\":{\"edit\":{\"label\":\"userId\",\"description\":\"\",\"placeholder\":\"\",\"visible\":true,\"editable\":true},\"list\":{\"label\":\"userId\",\"searchable\":true,\"sortable\":true}},\"sessionId\":{\"edit\":{\"label\":\"sessionId\",\"description\":\"\",\"placeholder\":\"\",\"visible\":true,\"editable\":true},\"list\":{\"label\":\"sessionId\",\"searchable\":true,\"sortable\":true}},\"childId\":{\"edit\":{\"label\":\"childId\",\"description\":\"\",\"placeholder\":\"\",\"visible\":true,\"editable\":true},\"list\":{\"label\":\"childId\",\"searchable\":true,\"sortable\":true}},\"deviceId\":{\"edit\":{\"label\":\"deviceId\",\"description\":\"\",\"placeholder\":\"\",\"visible\":true,\"editable\":true},\"list\":{\"label\":\"deviceId\",\"searchable\":true,\"sortable\":true}},\"origin\":{\"edit\":{\"label\":\"origin\",\"description\":\"\",\"placeholder\":\"\",\"visible\":true,\"editable\":true},\"list\":{\"label\":\"origin\",\"searchable\":true,\"sortable\":true}},\"expiresAt\":{\"edit\":{\"label\":\"expiresAt\",\"description\":\"\",\"placeholder\":\"\",\"visible\":true,\"editable\":true},\"list\":{\"label\":\"expiresAt\",\"searchable\":true,\"sortable\":true}},\"absoluteExpiresAt\":{\"edit\":{\"label\":\"absoluteExpiresAt\",\"description\":\"\",\"placeholder\":\"\",\"visible\":true,\"editable\":true},\"list\":{\"label\":\"absoluteExpiresAt\",\"searchable\":true,\"sortable\":true}},\"status\":{\"edit\":{\"label\":\"status\",\"description\":\"\",\"placeholder\":\"\",\"visible\":true,\"editable\":true},\"list\":{\"label\":\"status\",\"searchable\":true,\"sortable\":true}},\"type\":{\"edit\":{\"label\":\"type\",\"description\":\"\",\"placeholder\":\"\",\"visible\":true,\"editable\":true},\"list\":{\"label\":\"type\",\"searchable\":true,\"sortable\":true}},\"createdAt\":{\"edit\":{\"label\":\"createdAt\",\"description\":\"\",\"placeholder\":\"\",\"visible\":false,\"editable\":true},\"list\":{\"label\":\"createdAt\",\"searchable\":true,\"sortable\":true}},\"updatedAt\":{\"edit\":{\"label\":\"updatedAt\",\"description\":\"\",\"placeholder\":\"\",\"visible\":false,\"editable\":true},\"list\":{\"label\":\"updatedAt\",\"searchable\":true,\"sortable\":true}},\"createdBy\":{\"edit\":{\"label\":\"createdBy\",\"description\":\"\",\"placeholder\":\"\",\"visible\":false,\"editable\":true,\"mainField\":\"firstname\"},\"list\":{\"label\":\"createdBy\",\"searchable\":true,\"sortable\":true}},\"updatedBy\":{\"edit\":{\"label\":\"updatedBy\",\"description\":\"\",\"placeholder\":\"\",\"visible\":false,\"editable\":true,\"mainField\":\"firstname\"},\"list\":{\"label\":\"updatedBy\",\"searchable\":true,\"sortable\":true}},\"documentId\":{\"edit\":{},\"list\":{\"label\":\"documentId\",\"searchable\":true,\"sortable\":true}}},\"layouts\":{\"list\":[\"id\",\"userId\",\"sessionId\",\"childId\"],\"edit\":[[{\"name\":\"userId\",\"size\":6},{\"name\":\"sessionId\",\"size\":6}],[{\"name\":\"childId\",\"size\":6},{\"name\":\"deviceId\",\"size\":6}],[{\"name\":\"origin\",\"size\":6},{\"name\":\"expiresAt\",\"size\":6}],[{\"name\":\"absoluteExpiresAt\",\"size\":6},{\"name\":\"status\",\"size\":6}],[{\"name\":\"type\",\"size\":6}]]},\"uid\":\"admin::session\"}', 'object', NULL, NULL);
INSERT INTO `strapi_core_store_settings` (`id`, `key`, `value`, `type`, `environment`, `tag`) VALUES (32, 'plugin_upload_settings', '{\"sizeOptimization\":true,\"responsiveDimensions\":true,\"autoOrientation\":false,\"aiMetadata\":true}', 'object', NULL, NULL);
INSERT INTO `strapi_core_store_settings` (`id`, `key`, `value`, `type`, `environment`, `tag`) VALUES (33, 'core_persisted_tables', '[{\"name\":\"strapi_history_versions\"}]', 'object', NULL, NULL);
INSERT INTO `strapi_core_store_settings` (`id`, `key`, `value`, `type`, `environment`, `tag`) VALUES (34, 'plugin_upload_view_configuration', '{\"pageSize\":10,\"sort\":\"createdAt:DESC\"}', 'object', NULL, NULL);
INSERT INTO `strapi_core_store_settings` (`id`, `key`, `value`, `type`, `environment`, `tag`) VALUES (35, 'plugin_upload_metrics', '{\"weeklySchedule\":\"20 3 10 * * 4\",\"lastWeeklyUpdate\":1769047400783}', 'object', NULL, NULL);
INSERT INTO `strapi_core_store_settings` (`id`, `key`, `value`, `type`, `environment`, `tag`) VALUES (36, 'plugin_i18n_default_locale', '\"en\"', 'string', NULL, NULL);
INSERT INTO `strapi_core_store_settings` (`id`, `key`, `value`, `type`, `environment`, `tag`) VALUES (37, 'plugin_users-permissions_grant', '{\"email\":{\"icon\":\"envelope\",\"enabled\":true},\"discord\":{\"icon\":\"discord\",\"enabled\":false,\"key\":\"\",\"secret\":\"\",\"callbackUrl\":\"api/auth/discord/callback\",\"scope\":[\"identify\",\"email\"]},\"facebook\":{\"icon\":\"facebook-square\",\"enabled\":false,\"key\":\"\",\"secret\":\"\",\"callbackUrl\":\"api/auth/facebook/callback\",\"scope\":[\"email\"]},\"google\":{\"icon\":\"google\",\"enabled\":false,\"key\":\"\",\"secret\":\"\",\"callbackUrl\":\"api/auth/google/callback\",\"scope\":[\"email\"]},\"github\":{\"icon\":\"github\",\"enabled\":false,\"key\":\"\",\"secret\":\"\",\"callbackUrl\":\"api/auth/github/callback\",\"scope\":[\"user\",\"user:email\"]},\"microsoft\":{\"icon\":\"windows\",\"enabled\":false,\"key\":\"\",\"secret\":\"\",\"callbackUrl\":\"api/auth/microsoft/callback\",\"scope\":[\"user.read\"]},\"twitter\":{\"icon\":\"twitter\",\"enabled\":false,\"key\":\"\",\"secret\":\"\",\"callbackUrl\":\"api/auth/twitter/callback\"},\"instagram\":{\"icon\":\"instagram\",\"enabled\":false,\"key\":\"\",\"secret\":\"\",\"callbackUrl\":\"api/auth/instagram/callback\",\"scope\":[\"user_profile\"]},\"vk\":{\"icon\":\"vk\",\"enabled\":false,\"key\":\"\",\"secret\":\"\",\"callbackUrl\":\"api/auth/vk/callback\",\"scope\":[\"email\"]},\"twitch\":{\"icon\":\"twitch\",\"enabled\":false,\"key\":\"\",\"secret\":\"\",\"callbackUrl\":\"api/auth/twitch/callback\",\"scope\":[\"user:read:email\"]},\"linkedin\":{\"icon\":\"linkedin\",\"enabled\":false,\"key\":\"\",\"secret\":\"\",\"callbackUrl\":\"api/auth/linkedin/callback\",\"scope\":[\"r_liteprofile\",\"r_emailaddress\"]},\"cognito\":{\"icon\":\"aws\",\"enabled\":false,\"key\":\"\",\"secret\":\"\",\"subdomain\":\"my.subdomain.com\",\"callback\":\"api/auth/cognito/callback\",\"scope\":[\"email\",\"openid\",\"profile\"]},\"reddit\":{\"icon\":\"reddit\",\"enabled\":false,\"key\":\"\",\"secret\":\"\",\"callback\":\"api/auth/reddit/callback\",\"scope\":[\"identity\"]},\"auth0\":{\"icon\":\"\",\"enabled\":false,\"key\":\"\",\"secret\":\"\",\"subdomain\":\"my-tenant.eu\",\"callback\":\"api/auth/auth0/callback\",\"scope\":[\"openid\",\"email\",\"profile\"]},\"cas\":{\"icon\":\"book\",\"enabled\":false,\"key\":\"\",\"secret\":\"\",\"callback\":\"api/auth/cas/callback\",\"scope\":[\"openid email\"],\"subdomain\":\"my.subdomain.com/cas\"},\"patreon\":{\"icon\":\"\",\"enabled\":false,\"key\":\"\",\"secret\":\"\",\"callback\":\"api/auth/patreon/callback\",\"scope\":[\"identity\",\"identity[email]\"]},\"keycloak\":{\"icon\":\"\",\"enabled\":false,\"key\":\"\",\"secret\":\"\",\"subdomain\":\"myKeycloakProvider.com/realms/myrealm\",\"callback\":\"api/auth/keycloak/callback\",\"scope\":[\"openid\",\"email\",\"profile\"]}}', 'object', NULL, NULL);
INSERT INTO `strapi_core_store_settings` (`id`, `key`, `value`, `type`, `environment`, `tag`) VALUES (38, 'plugin_users-permissions_email', '{\"reset_password\":{\"display\":\"Email.template.reset_password\",\"icon\":\"sync\",\"options\":{\"from\":{\"name\":\"Administration Panel\",\"email\":\"no-reply@strapi.io\"},\"response_email\":\"\",\"object\":\"Reset password\",\"message\":\"<p>We heard that you lost your password. Sorry about that!</p>\\n\\n<p>But don’t worry! You can use the following link to reset your password:</p>\\n<p><%= URL %>?code=<%= TOKEN %></p>\\n\\n<p>Thanks.</p>\"}},\"email_confirmation\":{\"display\":\"Email.template.email_confirmation\",\"icon\":\"check-square\",\"options\":{\"from\":{\"name\":\"Administration Panel\",\"email\":\"no-reply@strapi.io\"},\"response_email\":\"\",\"object\":\"Account confirmation\",\"message\":\"<p>Thank you for registering!</p>\\n\\n<p>You have to confirm your email address. Please click on the link below.</p>\\n\\n<p><%= URL %>?confirmation=<%= CODE %></p>\\n\\n<p>Thanks.</p>\"}}}', 'object', NULL, NULL);
INSERT INTO `strapi_core_store_settings` (`id`, `key`, `value`, `type`, `environment`, `tag`) VALUES (39, 'plugin_users-permissions_advanced', '{\"unique_email\":true,\"allow_register\":true,\"email_confirmation\":false,\"email_reset_password\":null,\"email_confirmation_redirection\":null,\"default_role\":\"authenticated\"}', 'object', NULL, NULL);
INSERT INTO `strapi_core_store_settings` (`id`, `key`, `value`, `type`, `environment`, `tag`) VALUES (40, 'ee_disabled_users', '[]', 'object', NULL, NULL);
INSERT INTO `strapi_core_store_settings` (`id`, `key`, `value`, `type`, `environment`, `tag`) VALUES (41, 'core_admin_auth', '{\"providers\":{\"autoRegister\":false,\"defaultRole\":null,\"ssoLockedRoles\":null}}', 'object', NULL, NULL);
INSERT INTO `strapi_core_store_settings` (`id`, `key`, `value`, `type`, `environment`, `tag`) VALUES (43, 'plugin_content_manager_configuration_content_types::api::achievement-main.achievement-main', '{\"settings\":{\"bulkable\":true,\"filterable\":true,\"searchable\":true,\"pageSize\":10,\"mainField\":\"documentId\",\"defaultSortBy\":\"documentId\",\"defaultSortOrder\":\"ASC\"},\"metadatas\":{\"id\":{\"edit\":{},\"list\":{\"label\":\"id\",\"searchable\":true,\"sortable\":true}},\"title\":{\"edit\":{\"label\":\"title\",\"description\":\"\",\"placeholder\":\"\",\"visible\":true,\"editable\":true},\"list\":{\"label\":\"title\",\"searchable\":true,\"sortable\":true}},\"achievement_status\":{\"edit\":{\"label\":\"achievement_status\",\"description\":\"\",\"placeholder\":\"\",\"visible\":true,\"editable\":true},\"list\":{\"label\":\"achievement_status\",\"searchable\":true,\"sortable\":true}},\"summary\":{\"edit\":{\"label\":\"summary\",\"description\":\"\",\"placeholder\":\"\",\"visible\":true,\"editable\":true},\"list\":{\"label\":\"summary\",\"searchable\":true,\"sortable\":true}},\"year\":{\"edit\":{\"label\":\"year\",\"description\":\"\",\"placeholder\":\"\",\"visible\":true,\"editable\":true},\"list\":{\"label\":\"year\",\"searchable\":true,\"sortable\":true}},\"authors\":{\"edit\":{\"label\":\"authors\",\"description\":\"\",\"placeholder\":\"\",\"visible\":true,\"editable\":true},\"list\":{\"label\":\"authors\",\"searchable\":false,\"sortable\":false}},\"keywords\":{\"edit\":{\"label\":\"keywords\",\"description\":\"\",\"placeholder\":\"\",\"visible\":true,\"editable\":true},\"list\":{\"label\":\"keywords\",\"searchable\":false,\"sortable\":false}},\"project_code\":{\"edit\":{\"label\":\"project_code\",\"description\":\"\",\"placeholder\":\"\",\"visible\":true,\"editable\":true},\"list\":{\"label\":\"project_code\",\"searchable\":true,\"sortable\":true}},\"project_name\":{\"edit\":{\"label\":\"project_name\",\"description\":\"\",\"placeholder\":\"\",\"visible\":true,\"editable\":true},\"list\":{\"label\":\"project_name\",\"searchable\":true,\"sortable\":true}},\"is_delete\":{\"edit\":{\"label\":\"is_delete\",\"description\":\"\",\"placeholder\":\"\",\"visible\":true,\"editable\":true},\"list\":{\"label\":\"is_delete\",\"searchable\":true,\"sortable\":true}},\"achievement_field_value_id\":{\"edit\":{\"label\":\"achievement_field_value_id\",\"description\":\"\",\"placeholder\":\"\",\"visible\":true,\"editable\":true,\"mainField\":\"text_value\"},\"list\":{\"label\":\"achievement_field_value_id\",\"searchable\":false,\"sortable\":false}},\"achievement_type_id\":{\"edit\":{\"label\":\"achievement_type_id\",\"description\":\"\",\"placeholder\":\"\",\"visible\":true,\"editable\":true,\"mainField\":\"type_code\"},\"list\":{\"label\":\"achievement_type_id\",\"searchable\":true,\"sortable\":true}},\"visibility_range\":{\"edit\":{\"label\":\"visibility_range\",\"description\":\"\",\"placeholder\":\"\",\"visible\":true,\"editable\":true},\"list\":{\"label\":\"visibility_range\",\"searchable\":true,\"sortable\":true}},\"achievement_files_id\":{\"edit\":{\"label\":\"achievement_files_id\",\"description\":\"\",\"placeholder\":\"\",\"visible\":true,\"editable\":true,\"mainField\":\"documentId\"},\"list\":{\"label\":\"achievement_files_id\",\"searchable\":false,\"sortable\":false}},\"created_by_user_id\":{\"edit\":{\"label\":\"created_by_user_id\",\"description\":\"\",\"placeholder\":\"\",\"visible\":true,\"editable\":true},\"list\":{\"label\":\"created_by_user_id\",\"searchable\":true,\"sortable\":true}},\"createdAt\":{\"edit\":{\"label\":\"createdAt\",\"description\":\"\",\"placeholder\":\"\",\"visible\":false,\"editable\":true},\"list\":{\"label\":\"createdAt\",\"searchable\":true,\"sortable\":true}},\"updatedAt\":{\"edit\":{\"label\":\"updatedAt\",\"description\":\"\",\"placeholder\":\"\",\"visible\":false,\"editable\":true},\"list\":{\"label\":\"updatedAt\",\"searchable\":true,\"sortable\":true}},\"createdBy\":{\"edit\":{\"label\":\"createdBy\",\"description\":\"\",\"placeholder\":\"\",\"visible\":false,\"editable\":true,\"mainField\":\"firstname\"},\"list\":{\"label\":\"createdBy\",\"searchable\":true,\"sortable\":true}},\"updatedBy\":{\"edit\":{\"label\":\"updatedBy\",\"description\":\"\",\"placeholder\":\"\",\"visible\":false,\"editable\":true,\"mainField\":\"firstname\"},\"list\":{\"label\":\"updatedBy\",\"searchable\":true,\"sortable\":true}},\"documentId\":{\"edit\":{},\"list\":{\"label\":\"documentId\",\"searchable\":true,\"sortable\":true}}},\"layouts\":{\"list\":[\"id\",\"createdAt\",\"updatedAt\",\"createdBy\"],\"edit\":[[{\"name\":\"title\",\"size\":6},{\"name\":\"achievement_status\",\"size\":6}],[{\"name\":\"summary\",\"size\":6},{\"name\":\"is_delete\",\"size\":4}],[{\"name\":\"achievement_field_value_id\",\"size\":6},{\"name\":\"achievement_type_id\",\"size\":6}],[{\"name\":\"visibility_range\",\"size\":6},{\"name\":\"achievement_files_id\",\"size\":6}],[{\"name\":\"year\",\"size\":6}],[{\"name\":\"authors\",\"size\":12}],[{\"name\":\"keywords\",\"size\":12}],[{\"name\":\"project_code\",\"size\":6},{\"name\":\"project_name\",\"size\":6}],[{\"name\":\"created_by_user_id\",\"size\":6}]]},\"uid\":\"api::achievement-main.achievement-main\"}', 'object', NULL, NULL);
INSERT INTO `strapi_core_store_settings` (`id`, `key`, `value`, `type`, `environment`, `tag`) VALUES (44, 'plugin_content_manager_configuration_content_types::api::achievement-field-def.achievement-field-def', '{\"settings\":{\"bulkable\":true,\"filterable\":true,\"searchable\":true,\"pageSize\":10,\"mainField\":\"field_code\",\"defaultSortBy\":\"field_code\",\"defaultSortOrder\":\"ASC\"},\"metadatas\":{\"id\":{\"edit\":{},\"list\":{\"label\":\"id\",\"searchable\":true,\"sortable\":true}},\"field_code\":{\"edit\":{\"label\":\"field_code\",\"description\":\"\",\"placeholder\":\"\",\"visible\":true,\"editable\":true},\"list\":{\"label\":\"field_code\",\"searchable\":true,\"sortable\":true}},\"field_name\":{\"edit\":{\"label\":\"field_name\",\"description\":\"\",\"placeholder\":\"\",\"visible\":true,\"editable\":true},\"list\":{\"label\":\"field_name\",\"searchable\":true,\"sortable\":true}},\"field_type\":{\"edit\":{\"label\":\"field_type\",\"description\":\"\",\"placeholder\":\"\",\"visible\":true,\"editable\":true},\"list\":{\"label\":\"field_type\",\"searchable\":true,\"sortable\":true}},\"is_required\":{\"edit\":{\"label\":\"is_required\",\"description\":\"\",\"placeholder\":\"\",\"visible\":true,\"editable\":true},\"list\":{\"label\":\"is_required\",\"searchable\":true,\"sortable\":true}},\"description\":{\"edit\":{\"label\":\"description\",\"description\":\"\",\"placeholder\":\"\",\"visible\":true,\"editable\":true},\"list\":{\"label\":\"description\",\"searchable\":true,\"sortable\":true}},\"is_delete\":{\"edit\":{\"label\":\"is_delete\",\"description\":\"\",\"placeholder\":\"\",\"visible\":true,\"editable\":true},\"list\":{\"label\":\"is_delete\",\"searchable\":true,\"sortable\":true}},\"achievement_field_value_id\":{\"edit\":{\"label\":\"achievement_field_value_id\",\"description\":\"\",\"placeholder\":\"\",\"visible\":true,\"editable\":true,\"mainField\":\"text_value\"},\"list\":{\"label\":\"achievement_field_value_id\",\"searchable\":true,\"sortable\":true}},\"achievement_type_id\":{\"edit\":{\"label\":\"achievement_type_id\",\"description\":\"\",\"placeholder\":\"\",\"visible\":true,\"editable\":true,\"mainField\":\"type_code\"},\"list\":{\"label\":\"achievement_type_id\",\"searchable\":true,\"sortable\":true}},\"createdAt\":{\"edit\":{\"label\":\"createdAt\",\"description\":\"\",\"placeholder\":\"\",\"visible\":false,\"editable\":true},\"list\":{\"label\":\"createdAt\",\"searchable\":true,\"sortable\":true}},\"updatedAt\":{\"edit\":{\"label\":\"updatedAt\",\"description\":\"\",\"placeholder\":\"\",\"visible\":false,\"editable\":true},\"list\":{\"label\":\"updatedAt\",\"searchable\":true,\"sortable\":true}},\"createdBy\":{\"edit\":{\"label\":\"createdBy\",\"description\":\"\",\"placeholder\":\"\",\"visible\":false,\"editable\":true,\"mainField\":\"firstname\"},\"list\":{\"label\":\"createdBy\",\"searchable\":true,\"sortable\":true}},\"updatedBy\":{\"edit\":{\"label\":\"updatedBy\",\"description\":\"\",\"placeholder\":\"\",\"visible\":false,\"editable\":true,\"mainField\":\"firstname\"},\"list\":{\"label\":\"updatedBy\",\"searchable\":true,\"sortable\":true}},\"documentId\":{\"edit\":{},\"list\":{\"label\":\"documentId\",\"searchable\":true,\"sortable\":true}}},\"layouts\":{\"list\":[\"id\",\"field_code\",\"field_name\",\"field_type\"],\"edit\":[[{\"name\":\"field_code\",\"size\":6},{\"name\":\"field_name\",\"size\":6}],[{\"name\":\"field_type\",\"size\":6},{\"name\":\"is_required\",\"size\":4}],[{\"name\":\"description\",\"size\":6},{\"name\":\"is_delete\",\"size\":4}],[{\"name\":\"achievement_field_value_id\",\"size\":6},{\"name\":\"achievement_type_id\",\"size\":6}]]},\"uid\":\"api::achievement-field-def.achievement-field-def\"}', 'object', NULL, NULL);
INSERT INTO `strapi_core_store_settings` (`id`, `key`, `value`, `type`, `environment`, `tag`) VALUES (45, 'plugin_content_manager_configuration_content_types::api::achievement-field-value.achievement-field-value', '{\"settings\":{\"bulkable\":true,\"filterable\":true,\"searchable\":true,\"pageSize\":10,\"mainField\":\"documentId\",\"defaultSortBy\":\"documentId\",\"defaultSortOrder\":\"ASC\"},\"metadatas\":{\"id\":{\"edit\":{},\"list\":{\"label\":\"id\",\"searchable\":true,\"sortable\":true}},\"text_value\":{\"edit\":{\"label\":\"text_value\",\"description\":\"\",\"placeholder\":\"\",\"visible\":true,\"editable\":true},\"list\":{\"label\":\"text_value\",\"searchable\":true,\"sortable\":true}},\"boolean_value\":{\"edit\":{\"label\":\"boolean_value\",\"description\":\"\",\"placeholder\":\"\",\"visible\":true,\"editable\":true},\"list\":{\"label\":\"boolean_value\",\"searchable\":true,\"sortable\":true}},\"number_value\":{\"edit\":{\"label\":\"number_value\",\"description\":\"\",\"placeholder\":\"\",\"visible\":true,\"editable\":true},\"list\":{\"label\":\"number_value\",\"searchable\":true,\"sortable\":true}},\"date_value\":{\"edit\":{\"label\":\"date_value\",\"description\":\"\",\"placeholder\":\"\",\"visible\":true,\"editable\":true},\"list\":{\"label\":\"date_value\",\"searchable\":true,\"sortable\":true}},\"media_value\":{\"edit\":{\"label\":\"media_value\",\"description\":\"\",\"placeholder\":\"\",\"visible\":true,\"editable\":true},\"list\":{\"label\":\"media_value\",\"searchable\":false,\"sortable\":false}},\"email_value\":{\"edit\":{\"label\":\"email_value\",\"description\":\"\",\"placeholder\":\"\",\"visible\":true,\"editable\":true},\"list\":{\"label\":\"email_value\",\"searchable\":true,\"sortable\":true}},\"is_delete\":{\"edit\":{\"label\":\"is_delete\",\"description\":\"\",\"placeholder\":\"\",\"visible\":true,\"editable\":true},\"list\":{\"label\":\"is_delete\",\"searchable\":true,\"sortable\":true}},\"achievement_id\":{\"edit\":{\"label\":\"achievement_id\",\"description\":\"\",\"placeholder\":\"\",\"visible\":true,\"editable\":true,\"mainField\":\"title\"},\"list\":{\"label\":\"achievement_id\",\"searchable\":true,\"sortable\":true}},\"achievement_field_def_id\":{\"edit\":{\"label\":\"achievement_field_def_id\",\"description\":\"\",\"placeholder\":\"\",\"visible\":true,\"editable\":true,\"mainField\":\"field_code\"},\"list\":{\"label\":\"achievement_field_def_id\",\"searchable\":true,\"sortable\":true}},\"createdAt\":{\"edit\":{\"label\":\"createdAt\",\"description\":\"\",\"placeholder\":\"\",\"visible\":false,\"editable\":true},\"list\":{\"label\":\"createdAt\",\"searchable\":true,\"sortable\":true}},\"updatedAt\":{\"edit\":{\"label\":\"updatedAt\",\"description\":\"\",\"placeholder\":\"\",\"visible\":false,\"editable\":true},\"list\":{\"label\":\"updatedAt\",\"searchable\":true,\"sortable\":true}},\"createdBy\":{\"edit\":{\"label\":\"createdBy\",\"description\":\"\",\"placeholder\":\"\",\"visible\":false,\"editable\":true,\"mainField\":\"firstname\"},\"list\":{\"label\":\"createdBy\",\"searchable\":true,\"sortable\":true}},\"updatedBy\":{\"edit\":{\"label\":\"updatedBy\",\"description\":\"\",\"placeholder\":\"\",\"visible\":false,\"editable\":true,\"mainField\":\"firstname\"},\"list\":{\"label\":\"updatedBy\",\"searchable\":true,\"sortable\":true}},\"documentId\":{\"edit\":{},\"list\":{\"label\":\"documentId\",\"searchable\":true,\"sortable\":true}}},\"layouts\":{\"list\":[\"id\",\"createdAt\",\"updatedAt\",\"createdBy\"],\"edit\":[[{\"name\":\"text_value\",\"size\":6},{\"name\":\"boolean_value\",\"size\":4}],[{\"name\":\"number_value\",\"size\":4},{\"name\":\"date_value\",\"size\":4}],[{\"name\":\"media_value\",\"size\":6},{\"name\":\"email_value\",\"size\":6}],[{\"name\":\"is_delete\",\"size\":4},{\"name\":\"achievement_id\",\"size\":6}],[{\"name\":\"achievement_field_def_id\",\"size\":6}]]},\"uid\":\"api::achievement-field-value.achievement-field-value\"}', 'object', NULL, NULL);
INSERT INTO `strapi_core_store_settings` (`id`, `key`, `value`, `type`, `environment`, `tag`) VALUES (46, 'plugin_content_manager_configuration_content_types::api::achievement-type.achievement-type', '{\"settings\":{\"bulkable\":true,\"filterable\":true,\"searchable\":true,\"pageSize\":10,\"mainField\":\"type_code\",\"defaultSortBy\":\"type_code\",\"defaultSortOrder\":\"ASC\"},\"metadatas\":{\"id\":{\"edit\":{},\"list\":{\"label\":\"id\",\"searchable\":true,\"sortable\":true}},\"type_code\":{\"edit\":{\"label\":\"type_code\",\"description\":\"\",\"placeholder\":\"\",\"visible\":true,\"editable\":true},\"list\":{\"label\":\"type_code\",\"searchable\":true,\"sortable\":true}},\"type_name\":{\"edit\":{\"label\":\"type_name\",\"description\":\"\",\"placeholder\":\"\",\"visible\":true,\"editable\":true},\"list\":{\"label\":\"type_name\",\"searchable\":true,\"sortable\":true}},\"description\":{\"edit\":{\"label\":\"description\",\"description\":\"\",\"placeholder\":\"\",\"visible\":true,\"editable\":true},\"list\":{\"label\":\"description\",\"searchable\":true,\"sortable\":true}},\"is_delete\":{\"edit\":{\"label\":\"is_delete\",\"description\":\"\",\"placeholder\":\"\",\"visible\":true,\"editable\":true},\"list\":{\"label\":\"is_delete\",\"searchable\":true,\"sortable\":true}},\"achievement_field_defs_id\":{\"edit\":{\"label\":\"achievement_field_defs_id\",\"description\":\"\",\"placeholder\":\"\",\"visible\":true,\"editable\":true,\"mainField\":\"field_code\"},\"list\":{\"label\":\"achievement_field_defs_id\",\"searchable\":false,\"sortable\":false}},\"achievement_mains_id\":{\"edit\":{\"label\":\"achievement_mains_id\",\"description\":\"\",\"placeholder\":\"\",\"visible\":true,\"editable\":true,\"mainField\":\"title\"},\"list\":{\"label\":\"achievement_mains_id\",\"searchable\":false,\"sortable\":false}},\"createdAt\":{\"edit\":{\"label\":\"createdAt\",\"description\":\"\",\"placeholder\":\"\",\"visible\":false,\"editable\":true},\"list\":{\"label\":\"createdAt\",\"searchable\":true,\"sortable\":true}},\"updatedAt\":{\"edit\":{\"label\":\"updatedAt\",\"description\":\"\",\"placeholder\":\"\",\"visible\":false,\"editable\":true},\"list\":{\"label\":\"updatedAt\",\"searchable\":true,\"sortable\":true}},\"createdBy\":{\"edit\":{\"label\":\"createdBy\",\"description\":\"\",\"placeholder\":\"\",\"visible\":false,\"editable\":true,\"mainField\":\"firstname\"},\"list\":{\"label\":\"createdBy\",\"searchable\":true,\"sortable\":true}},\"updatedBy\":{\"edit\":{\"label\":\"updatedBy\",\"description\":\"\",\"placeholder\":\"\",\"visible\":false,\"editable\":true,\"mainField\":\"firstname\"},\"list\":{\"label\":\"updatedBy\",\"searchable\":true,\"sortable\":true}},\"documentId\":{\"edit\":{},\"list\":{\"label\":\"documentId\",\"searchable\":true,\"sortable\":true}}},\"layouts\":{\"list\":[\"id\",\"type_code\",\"type_name\",\"description\"],\"edit\":[[{\"name\":\"type_code\",\"size\":6},{\"name\":\"type_name\",\"size\":6}],[{\"name\":\"description\",\"size\":6},{\"name\":\"is_delete\",\"size\":4}],[{\"name\":\"achievement_field_defs_id\",\"size\":6},{\"name\":\"achievement_mains_id\",\"size\":6}]]},\"uid\":\"api::achievement-type.achievement-type\"}', 'object', NULL, NULL);
INSERT INTO `strapi_core_store_settings` (`id`, `key`, `value`, `type`, `environment`, `tag`) VALUES (47, 'plugin_content_manager_configuration_content_types::api::achievement-file.achievement-file', '{\"settings\":{\"bulkable\":true,\"filterable\":true,\"searchable\":true,\"pageSize\":10,\"mainField\":\"documentId\",\"defaultSortBy\":\"documentId\",\"defaultSortOrder\":\"ASC\"},\"metadatas\":{\"id\":{\"edit\":{},\"list\":{\"label\":\"id\",\"searchable\":true,\"sortable\":true}},\"files\":{\"edit\":{\"label\":\"files\",\"description\":\"\",\"placeholder\":\"\",\"visible\":true,\"editable\":true},\"list\":{\"label\":\"files\",\"searchable\":false,\"sortable\":false}},\"is_delete\":{\"edit\":{\"label\":\"is_delete\",\"description\":\"\",\"placeholder\":\"\",\"visible\":true,\"editable\":true},\"list\":{\"label\":\"is_delete\",\"searchable\":true,\"sortable\":true}},\"achievement_main_id\":{\"edit\":{\"label\":\"achievement_main_id\",\"description\":\"\",\"placeholder\":\"\",\"visible\":true,\"editable\":true,\"mainField\":\"title\"},\"list\":{\"label\":\"achievement_main_id\",\"searchable\":true,\"sortable\":true}},\"createdAt\":{\"edit\":{\"label\":\"createdAt\",\"description\":\"\",\"placeholder\":\"\",\"visible\":false,\"editable\":true},\"list\":{\"label\":\"createdAt\",\"searchable\":true,\"sortable\":true}},\"updatedAt\":{\"edit\":{\"label\":\"updatedAt\",\"description\":\"\",\"placeholder\":\"\",\"visible\":false,\"editable\":true},\"list\":{\"label\":\"updatedAt\",\"searchable\":true,\"sortable\":true}},\"createdBy\":{\"edit\":{\"label\":\"createdBy\",\"description\":\"\",\"placeholder\":\"\",\"visible\":false,\"editable\":true,\"mainField\":\"firstname\"},\"list\":{\"label\":\"createdBy\",\"searchable\":true,\"sortable\":true}},\"updatedBy\":{\"edit\":{\"label\":\"updatedBy\",\"description\":\"\",\"placeholder\":\"\",\"visible\":false,\"editable\":true,\"mainField\":\"firstname\"},\"list\":{\"label\":\"updatedBy\",\"searchable\":true,\"sortable\":true}},\"documentId\":{\"edit\":{},\"list\":{\"label\":\"documentId\",\"searchable\":true,\"sortable\":true}}},\"layouts\":{\"list\":[\"id\",\"files\",\"is_delete\",\"achievement_main_id\"],\"edit\":[[{\"name\":\"files\",\"size\":6},{\"name\":\"is_delete\",\"size\":4}],[{\"name\":\"achievement_main_id\",\"size\":6}]]},\"uid\":\"api::achievement-file.achievement-file\"}', 'object', NULL, NULL);
INSERT INTO `strapi_core_store_settings` (`id`, `key`, `value`, `type`, `environment`, `tag`) VALUES (48, 'strapi_unidirectional-join-table-repair-ran', 'true', 'boolean', NULL, NULL);
INSERT INTO `strapi_core_store_settings` (`id`, `key`, `value`, `type`, `environment`, `tag`) VALUES (49, 'plugin_upload_api-folder', '{\"id\":1}', 'object', NULL, NULL);
COMMIT;

-- ----------------------------
-- Table structure for strapi_database_schema
-- ----------------------------
DROP TABLE IF EXISTS `strapi_database_schema`;
CREATE TABLE `strapi_database_schema` (
  `id` int unsigned NOT NULL AUTO_INCREMENT,
  `schema` json DEFAULT NULL,
  `time` datetime DEFAULT NULL,
  `hash` varchar(255) CHARACTER SET utf8mb3 COLLATE utf8mb3_general_ci DEFAULT NULL,
  PRIMARY KEY (`id`) USING BTREE
) ENGINE=InnoDB AUTO_INCREMENT=15 DEFAULT CHARSET=utf8mb3 ROW_FORMAT=DYNAMIC;

-- ----------------------------
-- Records of strapi_database_schema
-- ----------------------------
BEGIN;
INSERT INTO `strapi_database_schema` (`id`, `schema`, `time`, `hash`) VALUES (14, '{\"tables\": [{\"name\": \"files\", \"columns\": [{\"args\": [{\"primary\": true, \"primaryKey\": true}], \"name\": \"id\", \"type\": \"increments\", \"unsigned\": false, \"defaultTo\": null, \"notNullable\": true}, {\"args\": [], \"name\": \"document_id\", \"type\": \"string\", \"unsigned\": false, \"defaultTo\": null, \"notNullable\": false}, {\"args\": [], \"name\": \"name\", \"type\": \"string\", \"unsigned\": false, \"defaultTo\": null, \"notNullable\": false}, {\"args\": [\"longtext\"], \"name\": \"alternative_text\", \"type\": \"text\", \"unsigned\": false, \"defaultTo\": null, \"notNullable\": false}, {\"args\": [\"longtext\"], \"name\": \"caption\", \"type\": \"text\", \"unsigned\": false, \"defaultTo\": null, \"notNullable\": false}, {\"args\": [], \"name\": \"width\", \"type\": \"integer\", \"unsigned\": false, \"defaultTo\": null, \"notNullable\": false}, {\"args\": [], \"name\": \"height\", \"type\": \"integer\", \"unsigned\": false, \"defaultTo\": null, \"notNullable\": false}, {\"args\": [], \"name\": \"formats\", \"type\": \"jsonb\", \"unsigned\": false, \"defaultTo\": null, \"notNullable\": false}, {\"args\": [], \"name\": \"hash\", \"type\": \"string\", \"unsigned\": false, \"defaultTo\": null, \"notNullable\": false}, {\"args\": [], \"name\": \"ext\", \"type\": \"string\", \"unsigned\": false, \"defaultTo\": null, \"notNullable\": false}, {\"args\": [], \"name\": \"mime\", \"type\": \"string\", \"unsigned\": false, \"defaultTo\": null, \"notNullable\": false}, {\"args\": [10, 2], \"name\": \"size\", \"type\": \"decimal\", \"unsigned\": false, \"defaultTo\": null, \"notNullable\": false}, {\"args\": [\"longtext\"], \"name\": \"url\", \"type\": \"text\", \"unsigned\": false, \"defaultTo\": null, \"notNullable\": false}, {\"args\": [\"longtext\"], \"name\": \"preview_url\", \"type\": \"text\", \"unsigned\": false, \"defaultTo\": null, \"notNullable\": false}, {\"args\": [], \"name\": \"provider\", \"type\": \"string\", \"unsigned\": false, \"defaultTo\": null, \"notNullable\": false}, {\"args\": [], \"name\": \"provider_metadata\", \"type\": \"jsonb\", \"unsigned\": false, \"defaultTo\": null, \"notNullable\": false}, {\"args\": [], \"name\": \"folder_path\", \"type\": \"string\", \"unsigned\": false, \"defaultTo\": null, \"notNullable\": false}, {\"args\": [{\"useTz\": false, \"precision\": 6}], \"name\": \"created_at\", \"type\": \"datetime\", \"unsigned\": false, \"defaultTo\": null, \"notNullable\": false}, {\"args\": [{\"useTz\": false, \"precision\": 6}], \"name\": \"updated_at\", \"type\": \"datetime\", \"unsigned\": false, \"defaultTo\": null, \"notNullable\": false}, {\"args\": [{\"useTz\": false, \"precision\": 6}], \"name\": \"published_at\", \"type\": \"datetime\", \"unsigned\": false, \"defaultTo\": null, \"notNullable\": false}, {\"args\": [], \"name\": \"created_by_id\", \"type\": \"integer\", \"unsigned\": true, \"defaultTo\": null, \"notNullable\": false}, {\"args\": [], \"name\": \"updated_by_id\", \"type\": \"integer\", \"unsigned\": true, \"defaultTo\": null, \"notNullable\": false}, {\"args\": [], \"name\": \"locale\", \"type\": \"string\", \"unsigned\": false, \"defaultTo\": null, \"notNullable\": false}], \"indexes\": [{\"name\": \"upload_files_folder_path_index\", \"type\": null, \"columns\": [\"folder_path\"]}, {\"name\": \"upload_files_created_at_index\", \"type\": null, \"columns\": [\"created_at\"]}, {\"name\": \"upload_files_updated_at_index\", \"type\": null, \"columns\": [\"updated_at\"]}, {\"name\": \"upload_files_name_index\", \"type\": null, \"columns\": [\"name\"]}, {\"name\": \"upload_files_size_index\", \"type\": null, \"columns\": [\"size\"]}, {\"name\": \"upload_files_ext_index\", \"type\": null, \"columns\": [\"ext\"]}, {\"name\": \"files_documents_idx\", \"columns\": [\"document_id\", \"locale\", \"published_at\"]}, {\"name\": \"files_created_by_id_fk\", \"columns\": [\"created_by_id\"]}, {\"name\": \"files_updated_by_id_fk\", \"columns\": [\"updated_by_id\"]}], \"foreignKeys\": [{\"name\": \"files_created_by_id_fk\", \"columns\": [\"created_by_id\"], \"onDelete\": \"SET NULL\", \"referencedTable\": \"admin_users\", \"referencedColumns\": [\"id\"]}, {\"name\": \"files_updated_by_id_fk\", \"columns\": [\"updated_by_id\"], \"onDelete\": \"SET NULL\", \"referencedTable\": \"admin_users\", \"referencedColumns\": [\"id\"]}]}, {\"name\": \"upload_folders\", \"columns\": [{\"args\": [{\"primary\": true, \"primaryKey\": true}], \"name\": \"id\", \"type\": \"increments\", \"unsigned\": false, \"defaultTo\": null, \"notNullable\": true}, {\"args\": [], \"name\": \"document_id\", \"type\": \"string\", \"unsigned\": false, \"defaultTo\": null, \"notNullable\": false}, {\"args\": [], \"name\": \"name\", \"type\": \"string\", \"unsigned\": false, \"defaultTo\": null, \"notNullable\": false}, {\"args\": [], \"name\": \"path_id\", \"type\": \"integer\", \"unsigned\": false, \"defaultTo\": null, \"notNullable\": false}, {\"args\": [], \"name\": \"path\", \"type\": \"string\", \"unsigned\": false, \"defaultTo\": null, \"notNullable\": false}, {\"args\": [{\"useTz\": false, \"precision\": 6}], \"name\": \"created_at\", \"type\": \"datetime\", \"unsigned\": false, \"defaultTo\": null, \"notNullable\": false}, {\"args\": [{\"useTz\": false, \"precision\": 6}], \"name\": \"updated_at\", \"type\": \"datetime\", \"unsigned\": false, \"defaultTo\": null, \"notNullable\": false}, {\"args\": [{\"useTz\": false, \"precision\": 6}], \"name\": \"published_at\", \"type\": \"datetime\", \"unsigned\": false, \"defaultTo\": null, \"notNullable\": false}, {\"args\": [], \"name\": \"created_by_id\", \"type\": \"integer\", \"unsigned\": true, \"defaultTo\": null, \"notNullable\": false}, {\"args\": [], \"name\": \"updated_by_id\", \"type\": \"integer\", \"unsigned\": true, \"defaultTo\": null, \"notNullable\": false}, {\"args\": [], \"name\": \"locale\", \"type\": \"string\", \"unsigned\": false, \"defaultTo\": null, \"notNullable\": false}], \"indexes\": [{\"name\": \"upload_folders_path_id_index\", \"type\": \"unique\", \"columns\": [\"path_id\"]}, {\"name\": \"upload_folders_path_index\", \"type\": \"unique\", \"columns\": [\"path\"]}, {\"name\": \"upload_folders_documents_idx\", \"columns\": [\"document_id\", \"locale\", \"published_at\"]}, {\"name\": \"upload_folders_created_by_id_fk\", \"columns\": [\"created_by_id\"]}, {\"name\": \"upload_folders_updated_by_id_fk\", \"columns\": [\"updated_by_id\"]}], \"foreignKeys\": [{\"name\": \"upload_folders_created_by_id_fk\", \"columns\": [\"created_by_id\"], \"onDelete\": \"SET NULL\", \"referencedTable\": \"admin_users\", \"referencedColumns\": [\"id\"]}, {\"name\": \"upload_folders_updated_by_id_fk\", \"columns\": [\"updated_by_id\"], \"onDelete\": \"SET NULL\", \"referencedTable\": \"admin_users\", \"referencedColumns\": [\"id\"]}]}, {\"name\": \"i18n_locale\", \"columns\": [{\"args\": [{\"primary\": true, \"primaryKey\": true}], \"name\": \"id\", \"type\": \"increments\", \"unsigned\": false, \"defaultTo\": null, \"notNullable\": true}, {\"args\": [], \"name\": \"document_id\", \"type\": \"string\", \"unsigned\": false, \"defaultTo\": null, \"notNullable\": false}, {\"args\": [], \"name\": \"name\", \"type\": \"string\", \"unsigned\": false, \"defaultTo\": null, \"notNullable\": false}, {\"args\": [], \"name\": \"code\", \"type\": \"string\", \"unsigned\": false, \"defaultTo\": null, \"notNullable\": false}, {\"args\": [{\"useTz\": false, \"precision\": 6}], \"name\": \"created_at\", \"type\": \"datetime\", \"unsigned\": false, \"defaultTo\": null, \"notNullable\": false}, {\"args\": [{\"useTz\": false, \"precision\": 6}], \"name\": \"updated_at\", \"type\": \"datetime\", \"unsigned\": false, \"defaultTo\": null, \"notNullable\": false}, {\"args\": [{\"useTz\": false, \"precision\": 6}], \"name\": \"published_at\", \"type\": \"datetime\", \"unsigned\": false, \"defaultTo\": null, \"notNullable\": false}, {\"args\": [], \"name\": \"created_by_id\", \"type\": \"integer\", \"unsigned\": true, \"defaultTo\": null, \"notNullable\": false}, {\"args\": [], \"name\": \"updated_by_id\", \"type\": \"integer\", \"unsigned\": true, \"defaultTo\": null, \"notNullable\": false}, {\"args\": [], \"name\": \"locale\", \"type\": \"string\", \"unsigned\": false, \"defaultTo\": null, \"notNullable\": false}], \"indexes\": [{\"name\": \"i18n_locale_documents_idx\", \"columns\": [\"document_id\", \"locale\", \"published_at\"]}, {\"name\": \"i18n_locale_created_by_id_fk\", \"columns\": [\"created_by_id\"]}, {\"name\": \"i18n_locale_updated_by_id_fk\", \"columns\": [\"updated_by_id\"]}], \"foreignKeys\": [{\"name\": \"i18n_locale_created_by_id_fk\", \"columns\": [\"created_by_id\"], \"onDelete\": \"SET NULL\", \"referencedTable\": \"admin_users\", \"referencedColumns\": [\"id\"]}, {\"name\": \"i18n_locale_updated_by_id_fk\", \"columns\": [\"updated_by_id\"], \"onDelete\": \"SET NULL\", \"referencedTable\": \"admin_users\", \"referencedColumns\": [\"id\"]}]}, {\"name\": \"strapi_releases\", \"columns\": [{\"args\": [{\"primary\": true, \"primaryKey\": true}], \"name\": \"id\", \"type\": \"increments\", \"unsigned\": false, \"defaultTo\": null, \"notNullable\": true}, {\"args\": [], \"name\": \"document_id\", \"type\": \"string\", \"unsigned\": false, \"defaultTo\": null, \"notNullable\": false}, {\"args\": [], \"name\": \"name\", \"type\": \"string\", \"unsigned\": false, \"defaultTo\": null, \"notNullable\": false}, {\"args\": [{\"useTz\": false, \"precision\": 6}], \"name\": \"released_at\", \"type\": \"datetime\", \"unsigned\": false, \"defaultTo\": null, \"notNullable\": false}, {\"args\": [{\"useTz\": false, \"precision\": 6}], \"name\": \"scheduled_at\", \"type\": \"datetime\", \"unsigned\": false, \"defaultTo\": null, \"notNullable\": false}, {\"args\": [], \"name\": \"timezone\", \"type\": \"string\", \"unsigned\": false, \"defaultTo\": null, \"notNullable\": false}, {\"args\": [], \"name\": \"status\", \"type\": \"string\", \"unsigned\": false, \"defaultTo\": null, \"notNullable\": false}, {\"args\": [{\"useTz\": false, \"precision\": 6}], \"name\": \"created_at\", \"type\": \"datetime\", \"unsigned\": false, \"defaultTo\": null, \"notNullable\": false}, {\"args\": [{\"useTz\": false, \"precision\": 6}], \"name\": \"updated_at\", \"type\": \"datetime\", \"unsigned\": false, \"defaultTo\": null, \"notNullable\": false}, {\"args\": [{\"useTz\": false, \"precision\": 6}], \"name\": \"published_at\", \"type\": \"datetime\", \"unsigned\": false, \"defaultTo\": null, \"notNullable\": false}, {\"args\": [], \"name\": \"created_by_id\", \"type\": \"integer\", \"unsigned\": true, \"defaultTo\": null, \"notNullable\": false}, {\"args\": [], \"name\": \"updated_by_id\", \"type\": \"integer\", \"unsigned\": true, \"defaultTo\": null, \"notNullable\": false}, {\"args\": [], \"name\": \"locale\", \"type\": \"string\", \"unsigned\": false, \"defaultTo\": null, \"notNullable\": false}], \"indexes\": [{\"name\": \"strapi_releases_documents_idx\", \"columns\": [\"document_id\", \"locale\", \"published_at\"]}, {\"name\": \"strapi_releases_created_by_id_fk\", \"columns\": [\"created_by_id\"]}, {\"name\": \"strapi_releases_updated_by_id_fk\", \"columns\": [\"updated_by_id\"]}], \"foreignKeys\": [{\"name\": \"strapi_releases_created_by_id_fk\", \"columns\": [\"created_by_id\"], \"onDelete\": \"SET NULL\", \"referencedTable\": \"admin_users\", \"referencedColumns\": [\"id\"]}, {\"name\": \"strapi_releases_updated_by_id_fk\", \"columns\": [\"updated_by_id\"], \"onDelete\": \"SET NULL\", \"referencedTable\": \"admin_users\", \"referencedColumns\": [\"id\"]}]}, {\"name\": \"strapi_release_actions\", \"columns\": [{\"args\": [{\"primary\": true, \"primaryKey\": true}], \"name\": \"id\", \"type\": \"increments\", \"unsigned\": false, \"defaultTo\": null, \"notNullable\": true}, {\"args\": [], \"name\": \"document_id\", \"type\": \"string\", \"unsigned\": false, \"defaultTo\": null, \"notNullable\": false}, {\"args\": [], \"name\": \"type\", \"type\": \"string\", \"unsigned\": false, \"defaultTo\": null, \"notNullable\": false}, {\"args\": [], \"name\": \"content_type\", \"type\": \"string\", \"unsigned\": false, \"defaultTo\": null, \"notNullable\": false}, {\"args\": [], \"name\": \"entry_document_id\", \"type\": \"string\", \"unsigned\": false, \"defaultTo\": null, \"notNullable\": false}, {\"args\": [], \"name\": \"locale\", \"type\": \"string\", \"unsigned\": false, \"defaultTo\": null, \"notNullable\": false}, {\"args\": [], \"name\": \"is_entry_valid\", \"type\": \"boolean\", \"unsigned\": false, \"defaultTo\": null, \"notNullable\": false}, {\"args\": [{\"useTz\": false, \"precision\": 6}], \"name\": \"created_at\", \"type\": \"datetime\", \"unsigned\": false, \"defaultTo\": null, \"notNullable\": false}, {\"args\": [{\"useTz\": false, \"precision\": 6}], \"name\": \"updated_at\", \"type\": \"datetime\", \"unsigned\": false, \"defaultTo\": null, \"notNullable\": false}, {\"args\": [{\"useTz\": false, \"precision\": 6}], \"name\": \"published_at\", \"type\": \"datetime\", \"unsigned\": false, \"defaultTo\": null, \"notNullable\": false}, {\"args\": [], \"name\": \"created_by_id\", \"type\": \"integer\", \"unsigned\": true, \"defaultTo\": null, \"notNullable\": false}, {\"args\": [], \"name\": \"updated_by_id\", \"type\": \"integer\", \"unsigned\": true, \"defaultTo\": null, \"notNullable\": false}], \"indexes\": [{\"name\": \"strapi_release_actions_documents_idx\", \"columns\": [\"document_id\", \"locale\", \"published_at\"]}, {\"name\": \"strapi_release_actions_created_by_id_fk\", \"columns\": [\"created_by_id\"]}, {\"name\": \"strapi_release_actions_updated_by_id_fk\", \"columns\": [\"updated_by_id\"]}], \"foreignKeys\": [{\"name\": \"strapi_release_actions_created_by_id_fk\", \"columns\": [\"created_by_id\"], \"onDelete\": \"SET NULL\", \"referencedTable\": \"admin_users\", \"referencedColumns\": [\"id\"]}, {\"name\": \"strapi_release_actions_updated_by_id_fk\", \"columns\": [\"updated_by_id\"], \"onDelete\": \"SET NULL\", \"referencedTable\": \"admin_users\", \"referencedColumns\": [\"id\"]}]}, {\"name\": \"strapi_workflows\", \"columns\": [{\"args\": [{\"primary\": true, \"primaryKey\": true}], \"name\": \"id\", \"type\": \"increments\", \"unsigned\": false, \"defaultTo\": null, \"notNullable\": true}, {\"args\": [], \"name\": \"document_id\", \"type\": \"string\", \"unsigned\": false, \"defaultTo\": null, \"notNullable\": false}, {\"args\": [], \"name\": \"name\", \"type\": \"string\", \"unsigned\": false, \"defaultTo\": null, \"notNullable\": false}, {\"args\": [], \"name\": \"content_types\", \"type\": \"jsonb\", \"unsigned\": false, \"defaultTo\": null, \"notNullable\": false}, {\"args\": [{\"useTz\": false, \"precision\": 6}], \"name\": \"created_at\", \"type\": \"datetime\", \"unsigned\": false, \"defaultTo\": null, \"notNullable\": false}, {\"args\": [{\"useTz\": false, \"precision\": 6}], \"name\": \"updated_at\", \"type\": \"datetime\", \"unsigned\": false, \"defaultTo\": null, \"notNullable\": false}, {\"args\": [{\"useTz\": false, \"precision\": 6}], \"name\": \"published_at\", \"type\": \"datetime\", \"unsigned\": false, \"defaultTo\": null, \"notNullable\": false}, {\"args\": [], \"name\": \"created_by_id\", \"type\": \"integer\", \"unsigned\": true, \"defaultTo\": null, \"notNullable\": false}, {\"args\": [], \"name\": \"updated_by_id\", \"type\": \"integer\", \"unsigned\": true, \"defaultTo\": null, \"notNullable\": false}, {\"args\": [], \"name\": \"locale\", \"type\": \"string\", \"unsigned\": false, \"defaultTo\": null, \"notNullable\": false}], \"indexes\": [{\"name\": \"strapi_workflows_documents_idx\", \"columns\": [\"document_id\", \"locale\", \"published_at\"]}, {\"name\": \"strapi_workflows_created_by_id_fk\", \"columns\": [\"created_by_id\"]}, {\"name\": \"strapi_workflows_updated_by_id_fk\", \"columns\": [\"updated_by_id\"]}], \"foreignKeys\": [{\"name\": \"strapi_workflows_created_by_id_fk\", \"columns\": [\"created_by_id\"], \"onDelete\": \"SET NULL\", \"referencedTable\": \"admin_users\", \"referencedColumns\": [\"id\"]}, {\"name\": \"strapi_workflows_updated_by_id_fk\", \"columns\": [\"updated_by_id\"], \"onDelete\": \"SET NULL\", \"referencedTable\": \"admin_users\", \"referencedColumns\": [\"id\"]}]}, {\"name\": \"strapi_workflows_stages\", \"columns\": [{\"args\": [{\"primary\": true, \"primaryKey\": true}], \"name\": \"id\", \"type\": \"increments\", \"unsigned\": false, \"defaultTo\": null, \"notNullable\": true}, {\"args\": [], \"name\": \"document_id\", \"type\": \"string\", \"unsigned\": false, \"defaultTo\": null, \"notNullable\": false}, {\"args\": [], \"name\": \"name\", \"type\": \"string\", \"unsigned\": false, \"defaultTo\": null, \"notNullable\": false}, {\"args\": [], \"name\": \"color\", \"type\": \"string\", \"unsigned\": false, \"defaultTo\": null, \"notNullable\": false}, {\"args\": [{\"useTz\": false, \"precision\": 6}], \"name\": \"created_at\", \"type\": \"datetime\", \"unsigned\": false, \"defaultTo\": null, \"notNullable\": false}, {\"args\": [{\"useTz\": false, \"precision\": 6}], \"name\": \"updated_at\", \"type\": \"datetime\", \"unsigned\": false, \"defaultTo\": null, \"notNullable\": false}, {\"args\": [{\"useTz\": false, \"precision\": 6}], \"name\": \"published_at\", \"type\": \"datetime\", \"unsigned\": false, \"defaultTo\": null, \"notNullable\": false}, {\"args\": [], \"name\": \"created_by_id\", \"type\": \"integer\", \"unsigned\": true, \"defaultTo\": null, \"notNullable\": false}, {\"args\": [], \"name\": \"updated_by_id\", \"type\": \"integer\", \"unsigned\": true, \"defaultTo\": null, \"notNullable\": false}, {\"args\": [], \"name\": \"locale\", \"type\": \"string\", \"unsigned\": false, \"defaultTo\": null, \"notNullable\": false}], \"indexes\": [{\"name\": \"strapi_workflows_stages_documents_idx\", \"columns\": [\"document_id\", \"locale\", \"published_at\"]}, {\"name\": \"strapi_workflows_stages_created_by_id_fk\", \"columns\": [\"created_by_id\"]}, {\"name\": \"strapi_workflows_stages_updated_by_id_fk\", \"columns\": [\"updated_by_id\"]}], \"foreignKeys\": [{\"name\": \"strapi_workflows_stages_created_by_id_fk\", \"columns\": [\"created_by_id\"], \"onDelete\": \"SET NULL\", \"referencedTable\": \"admin_users\", \"referencedColumns\": [\"id\"]}, {\"name\": \"strapi_workflows_stages_updated_by_id_fk\", \"columns\": [\"updated_by_id\"], \"onDelete\": \"SET NULL\", \"referencedTable\": \"admin_users\", \"referencedColumns\": [\"id\"]}]}, {\"name\": \"up_permissions\", \"columns\": [{\"args\": [{\"primary\": true, \"primaryKey\": true}], \"name\": \"id\", \"type\": \"increments\", \"unsigned\": false, \"defaultTo\": null, \"notNullable\": true}, {\"args\": [], \"name\": \"document_id\", \"type\": \"string\", \"unsigned\": false, \"defaultTo\": null, \"notNullable\": false}, {\"args\": [], \"name\": \"action\", \"type\": \"string\", \"unsigned\": false, \"defaultTo\": null, \"notNullable\": false}, {\"args\": [{\"useTz\": false, \"precision\": 6}], \"name\": \"created_at\", \"type\": \"datetime\", \"unsigned\": false, \"defaultTo\": null, \"notNullable\": false}, {\"args\": [{\"useTz\": false, \"precision\": 6}], \"name\": \"updated_at\", \"type\": \"datetime\", \"unsigned\": false, \"defaultTo\": null, \"notNullable\": false}, {\"args\": [{\"useTz\": false, \"precision\": 6}], \"name\": \"published_at\", \"type\": \"datetime\", \"unsigned\": false, \"defaultTo\": null, \"notNullable\": false}, {\"args\": [], \"name\": \"created_by_id\", \"type\": \"integer\", \"unsigned\": true, \"defaultTo\": null, \"notNullable\": false}, {\"args\": [], \"name\": \"updated_by_id\", \"type\": \"integer\", \"unsigned\": true, \"defaultTo\": null, \"notNullable\": false}, {\"args\": [], \"name\": \"locale\", \"type\": \"string\", \"unsigned\": false, \"defaultTo\": null, \"notNullable\": false}], \"indexes\": [{\"name\": \"up_permissions_documents_idx\", \"columns\": [\"document_id\", \"locale\", \"published_at\"]}, {\"name\": \"up_permissions_created_by_id_fk\", \"columns\": [\"created_by_id\"]}, {\"name\": \"up_permissions_updated_by_id_fk\", \"columns\": [\"updated_by_id\"]}], \"foreignKeys\": [{\"name\": \"up_permissions_created_by_id_fk\", \"columns\": [\"created_by_id\"], \"onDelete\": \"SET NULL\", \"referencedTable\": \"admin_users\", \"referencedColumns\": [\"id\"]}, {\"name\": \"up_permissions_updated_by_id_fk\", \"columns\": [\"updated_by_id\"], \"onDelete\": \"SET NULL\", \"referencedTable\": \"admin_users\", \"referencedColumns\": [\"id\"]}]}, {\"name\": \"up_roles\", \"columns\": [{\"args\": [{\"primary\": true, \"primaryKey\": true}], \"name\": \"id\", \"type\": \"increments\", \"unsigned\": false, \"defaultTo\": null, \"notNullable\": true}, {\"args\": [], \"name\": \"document_id\", \"type\": \"string\", \"unsigned\": false, \"defaultTo\": null, \"notNullable\": false}, {\"args\": [], \"name\": \"name\", \"type\": \"string\", \"unsigned\": false, \"defaultTo\": null, \"notNullable\": false}, {\"args\": [], \"name\": \"description\", \"type\": \"string\", \"unsigned\": false, \"defaultTo\": null, \"notNullable\": false}, {\"args\": [], \"name\": \"type\", \"type\": \"string\", \"unsigned\": false, \"defaultTo\": null, \"notNullable\": false}, {\"args\": [{\"useTz\": false, \"precision\": 6}], \"name\": \"created_at\", \"type\": \"datetime\", \"unsigned\": false, \"defaultTo\": null, \"notNullable\": false}, {\"args\": [{\"useTz\": false, \"precision\": 6}], \"name\": \"updated_at\", \"type\": \"datetime\", \"unsigned\": false, \"defaultTo\": null, \"notNullable\": false}, {\"args\": [{\"useTz\": false, \"precision\": 6}], \"name\": \"published_at\", \"type\": \"datetime\", \"unsigned\": false, \"defaultTo\": null, \"notNullable\": false}, {\"args\": [], \"name\": \"created_by_id\", \"type\": \"integer\", \"unsigned\": true, \"defaultTo\": null, \"notNullable\": false}, {\"args\": [], \"name\": \"updated_by_id\", \"type\": \"integer\", \"unsigned\": true, \"defaultTo\": null, \"notNullable\": false}, {\"args\": [], \"name\": \"locale\", \"type\": \"string\", \"unsigned\": false, \"defaultTo\": null, \"notNullable\": false}], \"indexes\": [{\"name\": \"up_roles_documents_idx\", \"columns\": [\"document_id\", \"locale\", \"published_at\"]}, {\"name\": \"up_roles_created_by_id_fk\", \"columns\": [\"created_by_id\"]}, {\"name\": \"up_roles_updated_by_id_fk\", \"columns\": [\"updated_by_id\"]}], \"foreignKeys\": [{\"name\": \"up_roles_created_by_id_fk\", \"columns\": [\"created_by_id\"], \"onDelete\": \"SET NULL\", \"referencedTable\": \"admin_users\", \"referencedColumns\": [\"id\"]}, {\"name\": \"up_roles_updated_by_id_fk\", \"columns\": [\"updated_by_id\"], \"onDelete\": \"SET NULL\", \"referencedTable\": \"admin_users\", \"referencedColumns\": [\"id\"]}]}, {\"name\": \"up_users\", \"columns\": [{\"args\": [{\"primary\": true, \"primaryKey\": true}], \"name\": \"id\", \"type\": \"increments\", \"unsigned\": false, \"defaultTo\": null, \"notNullable\": true}, {\"args\": [], \"name\": \"document_id\", \"type\": \"string\", \"unsigned\": false, \"defaultTo\": null, \"notNullable\": false}, {\"args\": [], \"name\": \"username\", \"type\": \"string\", \"unsigned\": false, \"defaultTo\": null, \"notNullable\": false}, {\"args\": [], \"name\": \"email\", \"type\": \"string\", \"unsigned\": false, \"defaultTo\": null, \"notNullable\": false}, {\"args\": [], \"name\": \"provider\", \"type\": \"string\", \"unsigned\": false, \"defaultTo\": null, \"notNullable\": false}, {\"args\": [], \"name\": \"password\", \"type\": \"string\", \"unsigned\": false, \"defaultTo\": null, \"notNullable\": false}, {\"args\": [], \"name\": \"reset_password_token\", \"type\": \"string\", \"unsigned\": false, \"defaultTo\": null, \"notNullable\": false}, {\"args\": [], \"name\": \"confirmation_token\", \"type\": \"string\", \"unsigned\": false, \"defaultTo\": null, \"notNullable\": false}, {\"args\": [], \"name\": \"confirmed\", \"type\": \"boolean\", \"unsigned\": false, \"defaultTo\": null, \"notNullable\": false}, {\"args\": [], \"name\": \"blocked\", \"type\": \"boolean\", \"unsigned\": false, \"defaultTo\": null, \"notNullable\": false}, {\"args\": [{\"useTz\": false, \"precision\": 6}], \"name\": \"created_at\", \"type\": \"datetime\", \"unsigned\": false, \"defaultTo\": null, \"notNullable\": false}, {\"args\": [{\"useTz\": false, \"precision\": 6}], \"name\": \"updated_at\", \"type\": \"datetime\", \"unsigned\": false, \"defaultTo\": null, \"notNullable\": false}, {\"args\": [{\"useTz\": false, \"precision\": 6}], \"name\": \"published_at\", \"type\": \"datetime\", \"unsigned\": false, \"defaultTo\": null, \"notNullable\": false}, {\"args\": [], \"name\": \"created_by_id\", \"type\": \"integer\", \"unsigned\": true, \"defaultTo\": null, \"notNullable\": false}, {\"args\": [], \"name\": \"updated_by_id\", \"type\": \"integer\", \"unsigned\": true, \"defaultTo\": null, \"notNullable\": false}, {\"args\": [], \"name\": \"locale\", \"type\": \"string\", \"unsigned\": false, \"defaultTo\": null, \"notNullable\": false}], \"indexes\": [{\"name\": \"up_users_documents_idx\", \"columns\": [\"document_id\", \"locale\", \"published_at\"]}, {\"name\": \"up_users_created_by_id_fk\", \"columns\": [\"created_by_id\"]}, {\"name\": \"up_users_updated_by_id_fk\", \"columns\": [\"updated_by_id\"]}], \"foreignKeys\": [{\"name\": \"up_users_created_by_id_fk\", \"columns\": [\"created_by_id\"], \"onDelete\": \"SET NULL\", \"referencedTable\": \"admin_users\", \"referencedColumns\": [\"id\"]}, {\"name\": \"up_users_updated_by_id_fk\", \"columns\": [\"updated_by_id\"], \"onDelete\": \"SET NULL\", \"referencedTable\": \"admin_users\", \"referencedColumns\": [\"id\"]}]}, {\"name\": \"abouts_cmps\", \"columns\": [{\"args\": [{\"primary\": true, \"primaryKey\": true}], \"name\": \"id\", \"type\": \"increments\", \"unsigned\": false, \"defaultTo\": null, \"notNullable\": true}, {\"args\": [], \"name\": \"entity_id\", \"type\": \"integer\", \"unsigned\": true, \"defaultTo\": null, \"notNullable\": false}, {\"args\": [], \"name\": \"cmp_id\", \"type\": \"integer\", \"unsigned\": true, \"defaultTo\": null, \"notNullable\": false}, {\"args\": [], \"name\": \"component_type\", \"type\": \"string\", \"unsigned\": false, \"defaultTo\": null, \"notNullable\": false}, {\"args\": [], \"name\": \"field\", \"type\": \"string\", \"unsigned\": false, \"defaultTo\": null, \"notNullable\": false}, {\"args\": [], \"name\": \"order\", \"type\": \"double\", \"unsigned\": true, \"defaultTo\": null, \"notNullable\": false}], \"indexes\": [{\"name\": \"abouts_field_idx\", \"columns\": [\"field\"]}, {\"name\": \"abouts_component_type_idx\", \"columns\": [\"component_type\"]}, {\"name\": \"abouts_entity_fk\", \"columns\": [\"entity_id\"]}, {\"name\": \"abouts_uq\", \"type\": \"unique\", \"columns\": [\"entity_id\", \"cmp_id\", \"field\", \"component_type\"]}], \"foreignKeys\": [{\"name\": \"abouts_entity_fk\", \"columns\": [\"entity_id\"], \"onDelete\": \"CASCADE\", \"referencedTable\": \"abouts\", \"referencedColumns\": [\"id\"]}]}, {\"name\": \"abouts\", \"columns\": [{\"args\": [{\"primary\": true, \"primaryKey\": true}], \"name\": \"id\", \"type\": \"increments\", \"unsigned\": false, \"defaultTo\": null, \"notNullable\": true}, {\"args\": [], \"name\": \"document_id\", \"type\": \"string\", \"unsigned\": false, \"defaultTo\": null, \"notNullable\": false}, {\"args\": [], \"name\": \"title\", \"type\": \"string\", \"unsigned\": false, \"defaultTo\": null, \"notNullable\": false}, {\"args\": [{\"useTz\": false, \"precision\": 6}], \"name\": \"created_at\", \"type\": \"datetime\", \"unsigned\": false, \"defaultTo\": null, \"notNullable\": false}, {\"args\": [{\"useTz\": false, \"precision\": 6}], \"name\": \"updated_at\", \"type\": \"datetime\", \"unsigned\": false, \"defaultTo\": null, \"notNullable\": false}, {\"args\": [{\"useTz\": false, \"precision\": 6}], \"name\": \"published_at\", \"type\": \"datetime\", \"unsigned\": false, \"defaultTo\": null, \"notNullable\": false}, {\"args\": [], \"name\": \"created_by_id\", \"type\": \"integer\", \"unsigned\": true, \"defaultTo\": null, \"notNullable\": false}, {\"args\": [], \"name\": \"updated_by_id\", \"type\": \"integer\", \"unsigned\": true, \"defaultTo\": null, \"notNullable\": false}, {\"args\": [], \"name\": \"locale\", \"type\": \"string\", \"unsigned\": false, \"defaultTo\": null, \"notNullable\": false}], \"indexes\": [{\"name\": \"abouts_documents_idx\", \"columns\": [\"document_id\", \"locale\", \"published_at\"]}, {\"name\": \"abouts_created_by_id_fk\", \"columns\": [\"created_by_id\"]}, {\"name\": \"abouts_updated_by_id_fk\", \"columns\": [\"updated_by_id\"]}], \"foreignKeys\": [{\"name\": \"abouts_created_by_id_fk\", \"columns\": [\"created_by_id\"], \"onDelete\": \"SET NULL\", \"referencedTable\": \"admin_users\", \"referencedColumns\": [\"id\"]}, {\"name\": \"abouts_updated_by_id_fk\", \"columns\": [\"updated_by_id\"], \"onDelete\": \"SET NULL\", \"referencedTable\": \"admin_users\", \"referencedColumns\": [\"id\"]}]}, {\"name\": \"achievement_field_defs\", \"columns\": [{\"args\": [{\"primary\": true, \"primaryKey\": true}], \"name\": \"id\", \"type\": \"increments\", \"unsigned\": false, \"defaultTo\": null, \"notNullable\": true}, {\"args\": [], \"name\": \"document_id\", \"type\": \"string\", \"unsigned\": false, \"defaultTo\": null, \"notNullable\": false}, {\"args\": [], \"name\": \"field_code\", \"type\": \"string\", \"unsigned\": false, \"defaultTo\": null, \"notNullable\": false}, {\"args\": [], \"name\": \"field_name\", \"type\": \"string\", \"unsigned\": false, \"defaultTo\": null, \"notNullable\": false}, {\"args\": [], \"name\": \"field_type\", \"type\": \"string\", \"unsigned\": false, \"defaultTo\": null, \"notNullable\": false}, {\"args\": [], \"name\": \"is_required\", \"type\": \"integer\", \"unsigned\": false, \"defaultTo\": null, \"notNullable\": false}, {\"args\": [\"longtext\"], \"name\": \"description\", \"type\": \"text\", \"unsigned\": false, \"defaultTo\": null, \"notNullable\": false}, {\"args\": [], \"name\": \"is_delete\", \"type\": \"integer\", \"unsigned\": false, \"defaultTo\": null, \"notNullable\": false}, {\"args\": [{\"useTz\": false, \"precision\": 6}], \"name\": \"created_at\", \"type\": \"datetime\", \"unsigned\": false, \"defaultTo\": null, \"notNullable\": false}, {\"args\": [{\"useTz\": false, \"precision\": 6}], \"name\": \"updated_at\", \"type\": \"datetime\", \"unsigned\": false, \"defaultTo\": null, \"notNullable\": false}, {\"args\": [{\"useTz\": false, \"precision\": 6}], \"name\": \"published_at\", \"type\": \"datetime\", \"unsigned\": false, \"defaultTo\": null, \"notNullable\": false}, {\"args\": [], \"name\": \"created_by_id\", \"type\": \"integer\", \"unsigned\": true, \"defaultTo\": null, \"notNullable\": false}, {\"args\": [], \"name\": \"updated_by_id\", \"type\": \"integer\", \"unsigned\": true, \"defaultTo\": null, \"notNullable\": false}, {\"args\": [], \"name\": \"locale\", \"type\": \"string\", \"unsigned\": false, \"defaultTo\": null, \"notNullable\": false}], \"indexes\": [{\"name\": \"achievement_field_defs_documents_idx\", \"columns\": [\"document_id\", \"locale\", \"published_at\"]}, {\"name\": \"achievement_field_defs_created_by_id_fk\", \"columns\": [\"created_by_id\"]}, {\"name\": \"achievement_field_defs_updated_by_id_fk\", \"columns\": [\"updated_by_id\"]}], \"foreignKeys\": [{\"name\": \"achievement_field_defs_created_by_id_fk\", \"columns\": [\"created_by_id\"], \"onDelete\": \"SET NULL\", \"referencedTable\": \"admin_users\", \"referencedColumns\": [\"id\"]}, {\"name\": \"achievement_field_defs_updated_by_id_fk\", \"columns\": [\"updated_by_id\"], \"onDelete\": \"SET NULL\", \"referencedTable\": \"admin_users\", \"referencedColumns\": [\"id\"]}]}, {\"name\": \"achievement_field_values\", \"columns\": [{\"args\": [{\"primary\": true, \"primaryKey\": true}], \"name\": \"id\", \"type\": \"increments\", \"unsigned\": false, \"defaultTo\": null, \"notNullable\": true}, {\"args\": [], \"name\": \"document_id\", \"type\": \"string\", \"unsigned\": false, \"defaultTo\": null, \"notNullable\": false}, {\"args\": [], \"name\": \"text_value\", \"type\": \"string\", \"unsigned\": false, \"defaultTo\": null, \"notNullable\": false}, {\"args\": [], \"name\": \"boolean_value\", \"type\": \"boolean\", \"unsigned\": false, \"defaultTo\": null, \"notNullable\": false}, {\"args\": [10, 2], \"name\": \"number_value\", \"type\": \"decimal\", \"unsigned\": false, \"defaultTo\": null, \"notNullable\": false}, {\"args\": [], \"name\": \"date_value\", \"type\": \"date\", \"unsigned\": false, \"defaultTo\": null, \"notNullable\": false}, {\"args\": [], \"name\": \"email_value\", \"type\": \"string\", \"unsigned\": false, \"defaultTo\": null, \"notNullable\": false}, {\"args\": [], \"name\": \"is_delete\", \"type\": \"integer\", \"unsigned\": false, \"defaultTo\": null, \"notNullable\": false}, {\"args\": [{\"useTz\": false, \"precision\": 6}], \"name\": \"created_at\", \"type\": \"datetime\", \"unsigned\": false, \"defaultTo\": null, \"notNullable\": false}, {\"args\": [{\"useTz\": false, \"precision\": 6}], \"name\": \"updated_at\", \"type\": \"datetime\", \"unsigned\": false, \"defaultTo\": null, \"notNullable\": false}, {\"args\": [{\"useTz\": false, \"precision\": 6}], \"name\": \"published_at\", \"type\": \"datetime\", \"unsigned\": false, \"defaultTo\": null, \"notNullable\": false}, {\"args\": [], \"name\": \"created_by_id\", \"type\": \"integer\", \"unsigned\": true, \"defaultTo\": null, \"notNullable\": false}, {\"args\": [], \"name\": \"updated_by_id\", \"type\": \"integer\", \"unsigned\": true, \"defaultTo\": null, \"notNullable\": false}, {\"args\": [], \"name\": \"locale\", \"type\": \"string\", \"unsigned\": false, \"defaultTo\": null, \"notNullable\": false}], \"indexes\": [{\"name\": \"achievement_field_values_documents_idx\", \"columns\": [\"document_id\", \"locale\", \"published_at\"]}, {\"name\": \"achievement_field_values_created_by_id_fk\", \"columns\": [\"created_by_id\"]}, {\"name\": \"achievement_field_values_updated_by_id_fk\", \"columns\": [\"updated_by_id\"]}], \"foreignKeys\": [{\"name\": \"achievement_field_values_created_by_id_fk\", \"columns\": [\"created_by_id\"], \"onDelete\": \"SET NULL\", \"referencedTable\": \"admin_users\", \"referencedColumns\": [\"id\"]}, {\"name\": \"achievement_field_values_updated_by_id_fk\", \"columns\": [\"updated_by_id\"], \"onDelete\": \"SET NULL\", \"referencedTable\": \"admin_users\", \"referencedColumns\": [\"id\"]}]}, {\"name\": \"achievement_files\", \"columns\": [{\"args\": [{\"primary\": true, \"primaryKey\": true}], \"name\": \"id\", \"type\": \"increments\", \"unsigned\": false, \"defaultTo\": null, \"notNullable\": true}, {\"args\": [], \"name\": \"document_id\", \"type\": \"string\", \"unsigned\": false, \"defaultTo\": null, \"notNullable\": false}, {\"args\": [], \"name\": \"is_delete\", \"type\": \"integer\", \"unsigned\": false, \"defaultTo\": null, \"notNullable\": false}, {\"args\": [{\"useTz\": false, \"precision\": 6}], \"name\": \"created_at\", \"type\": \"datetime\", \"unsigned\": false, \"defaultTo\": null, \"notNullable\": false}, {\"args\": [{\"useTz\": false, \"precision\": 6}], \"name\": \"updated_at\", \"type\": \"datetime\", \"unsigned\": false, \"defaultTo\": null, \"notNullable\": false}, {\"args\": [{\"useTz\": false, \"precision\": 6}], \"name\": \"published_at\", \"type\": \"datetime\", \"unsigned\": false, \"defaultTo\": null, \"notNullable\": false}, {\"args\": [], \"name\": \"created_by_id\", \"type\": \"integer\", \"unsigned\": true, \"defaultTo\": null, \"notNullable\": false}, {\"args\": [], \"name\": \"updated_by_id\", \"type\": \"integer\", \"unsigned\": true, \"defaultTo\": null, \"notNullable\": false}, {\"args\": [], \"name\": \"locale\", \"type\": \"string\", \"unsigned\": false, \"defaultTo\": null, \"notNullable\": false}], \"indexes\": [{\"name\": \"achievement_files_documents_idx\", \"columns\": [\"document_id\", \"locale\", \"published_at\"]}, {\"name\": \"achievement_files_created_by_id_fk\", \"columns\": [\"created_by_id\"]}, {\"name\": \"achievement_files_updated_by_id_fk\", \"columns\": [\"updated_by_id\"]}], \"foreignKeys\": [{\"name\": \"achievement_files_created_by_id_fk\", \"columns\": [\"created_by_id\"], \"onDelete\": \"SET NULL\", \"referencedTable\": \"admin_users\", \"referencedColumns\": [\"id\"]}, {\"name\": \"achievement_files_updated_by_id_fk\", \"columns\": [\"updated_by_id\"], \"onDelete\": \"SET NULL\", \"referencedTable\": \"admin_users\", \"referencedColumns\": [\"id\"]}]}, {\"name\": \"achievement_mains\", \"columns\": [{\"args\": [{\"primary\": true, \"primaryKey\": true}], \"name\": \"id\", \"type\": \"increments\", \"unsigned\": false, \"defaultTo\": null, \"notNullable\": true}, {\"args\": [], \"name\": \"document_id\", \"type\": \"string\", \"unsigned\": false, \"defaultTo\": null, \"notNullable\": false}, {\"args\": [], \"name\": \"title\", \"type\": \"string\", \"unsigned\": false, \"defaultTo\": null, \"notNullable\": false}, {\"args\": [], \"name\": \"achievement_status\", \"type\": \"string\", \"unsigned\": false, \"defaultTo\": null, \"notNullable\": false}, {\"args\": [\"longtext\"], \"name\": \"summary\", \"type\": \"text\", \"unsigned\": false, \"defaultTo\": null, \"notNullable\": false}, {\"args\": [], \"name\": \"year\", \"type\": \"string\", \"unsigned\": false, \"defaultTo\": null, \"notNullable\": false}, {\"args\": [], \"name\": \"authors\", \"type\": \"jsonb\", \"unsigned\": false, \"defaultTo\": null, \"notNullable\": false}, {\"args\": [], \"name\": \"keywords\", \"type\": \"jsonb\", \"unsigned\": false, \"defaultTo\": null, \"notNullable\": false}, {\"args\": [], \"name\": \"project_code\", \"type\": \"string\", \"unsigned\": false, \"defaultTo\": null, \"notNullable\": false}, {\"args\": [], \"name\": \"project_name\", \"type\": \"string\", \"unsigned\": false, \"defaultTo\": null, \"notNullable\": false}, {\"args\": [], \"name\": \"is_delete\", \"type\": \"integer\", \"unsigned\": false, \"defaultTo\": null, \"notNullable\": false}, {\"args\": [], \"name\": \"visibility_range\", \"type\": \"string\", \"unsigned\": false, \"defaultTo\": null, \"notNullable\": false}, {\"args\": [], \"name\": \"created_by_user_id\", \"type\": \"string\", \"unsigned\": false, \"defaultTo\": null, \"notNullable\": false}, {\"args\": [{\"useTz\": false, \"precision\": 6}], \"name\": \"created_at\", \"type\": \"datetime\", \"unsigned\": false, \"defaultTo\": null, \"notNullable\": false}, {\"args\": [{\"useTz\": false, \"precision\": 6}], \"name\": \"updated_at\", \"type\": \"datetime\", \"unsigned\": false, \"defaultTo\": null, \"notNullable\": false}, {\"args\": [{\"useTz\": false, \"precision\": 6}], \"name\": \"published_at\", \"type\": \"datetime\", \"unsigned\": false, \"defaultTo\": null, \"notNullable\": false}, {\"args\": [], \"name\": \"created_by_id\", \"type\": \"integer\", \"unsigned\": true, \"defaultTo\": null, \"notNullable\": false}, {\"args\": [], \"name\": \"updated_by_id\", \"type\": \"integer\", \"unsigned\": true, \"defaultTo\": null, \"notNullable\": false}, {\"args\": [], \"name\": \"locale\", \"type\": \"string\", \"unsigned\": false, \"defaultTo\": null, \"notNullable\": false}], \"indexes\": [{\"name\": \"achievement_mains_documents_idx\", \"columns\": [\"document_id\", \"locale\", \"published_at\"]}, {\"name\": \"achievement_mains_created_by_id_fk\", \"columns\": [\"created_by_id\"]}, {\"name\": \"achievement_mains_updated_by_id_fk\", \"columns\": [\"updated_by_id\"]}], \"foreignKeys\": [{\"name\": \"achievement_mains_created_by_id_fk\", \"columns\": [\"created_by_id\"], \"onDelete\": \"SET NULL\", \"referencedTable\": \"admin_users\", \"referencedColumns\": [\"id\"]}, {\"name\": \"achievement_mains_updated_by_id_fk\", \"columns\": [\"updated_by_id\"], \"onDelete\": \"SET NULL\", \"referencedTable\": \"admin_users\", \"referencedColumns\": [\"id\"]}]}, {\"name\": \"achievement_types\", \"columns\": [{\"args\": [{\"primary\": true, \"primaryKey\": true}], \"name\": \"id\", \"type\": \"increments\", \"unsigned\": false, \"defaultTo\": null, \"notNullable\": true}, {\"args\": [], \"name\": \"document_id\", \"type\": \"string\", \"unsigned\": false, \"defaultTo\": null, \"notNullable\": false}, {\"args\": [], \"name\": \"type_code\", \"type\": \"string\", \"unsigned\": false, \"defaultTo\": null, \"notNullable\": false}, {\"args\": [], \"name\": \"type_name\", \"type\": \"string\", \"unsigned\": false, \"defaultTo\": null, \"notNullable\": false}, {\"args\": [\"longtext\"], \"name\": \"description\", \"type\": \"text\", \"unsigned\": false, \"defaultTo\": null, \"notNullable\": false}, {\"args\": [], \"name\": \"is_delete\", \"type\": \"integer\", \"unsigned\": false, \"defaultTo\": null, \"notNullable\": false}, {\"args\": [{\"useTz\": false, \"precision\": 6}], \"name\": \"created_at\", \"type\": \"datetime\", \"unsigned\": false, \"defaultTo\": null, \"notNullable\": false}, {\"args\": [{\"useTz\": false, \"precision\": 6}], \"name\": \"updated_at\", \"type\": \"datetime\", \"unsigned\": false, \"defaultTo\": null, \"notNullable\": false}, {\"args\": [{\"useTz\": false, \"precision\": 6}], \"name\": \"published_at\", \"type\": \"datetime\", \"unsigned\": false, \"defaultTo\": null, \"notNullable\": false}, {\"args\": [], \"name\": \"created_by_id\", \"type\": \"integer\", \"unsigned\": true, \"defaultTo\": null, \"notNullable\": false}, {\"args\": [], \"name\": \"updated_by_id\", \"type\": \"integer\", \"unsigned\": true, \"defaultTo\": null, \"notNullable\": false}, {\"args\": [], \"name\": \"locale\", \"type\": \"string\", \"unsigned\": false, \"defaultTo\": null, \"notNullable\": false}], \"indexes\": [{\"name\": \"achievement_types_documents_idx\", \"columns\": [\"document_id\", \"locale\", \"published_at\"]}, {\"name\": \"achievement_types_created_by_id_fk\", \"columns\": [\"created_by_id\"]}, {\"name\": \"achievement_types_updated_by_id_fk\", \"columns\": [\"updated_by_id\"]}], \"foreignKeys\": [{\"name\": \"achievement_types_created_by_id_fk\", \"columns\": [\"created_by_id\"], \"onDelete\": \"SET NULL\", \"referencedTable\": \"admin_users\", \"referencedColumns\": [\"id\"]}, {\"name\": \"achievement_types_updated_by_id_fk\", \"columns\": [\"updated_by_id\"], \"onDelete\": \"SET NULL\", \"referencedTable\": \"admin_users\", \"referencedColumns\": [\"id\"]}]}, {\"name\": \"articles_cmps\", \"columns\": [{\"args\": [{\"primary\": true, \"primaryKey\": true}], \"name\": \"id\", \"type\": \"increments\", \"unsigned\": false, \"defaultTo\": null, \"notNullable\": true}, {\"args\": [], \"name\": \"entity_id\", \"type\": \"integer\", \"unsigned\": true, \"defaultTo\": null, \"notNullable\": false}, {\"args\": [], \"name\": \"cmp_id\", \"type\": \"integer\", \"unsigned\": true, \"defaultTo\": null, \"notNullable\": false}, {\"args\": [], \"name\": \"component_type\", \"type\": \"string\", \"unsigned\": false, \"defaultTo\": null, \"notNullable\": false}, {\"args\": [], \"name\": \"field\", \"type\": \"string\", \"unsigned\": false, \"defaultTo\": null, \"notNullable\": false}, {\"args\": [], \"name\": \"order\", \"type\": \"double\", \"unsigned\": true, \"defaultTo\": null, \"notNullable\": false}], \"indexes\": [{\"name\": \"articles_field_idx\", \"columns\": [\"field\"]}, {\"name\": \"articles_component_type_idx\", \"columns\": [\"component_type\"]}, {\"name\": \"articles_entity_fk\", \"columns\": [\"entity_id\"]}, {\"name\": \"articles_uq\", \"type\": \"unique\", \"columns\": [\"entity_id\", \"cmp_id\", \"field\", \"component_type\"]}], \"foreignKeys\": [{\"name\": \"articles_entity_fk\", \"columns\": [\"entity_id\"], \"onDelete\": \"CASCADE\", \"referencedTable\": \"articles\", \"referencedColumns\": [\"id\"]}]}, {\"name\": \"articles\", \"columns\": [{\"args\": [{\"primary\": true, \"primaryKey\": true}], \"name\": \"id\", \"type\": \"increments\", \"unsigned\": false, \"defaultTo\": null, \"notNullable\": true}, {\"args\": [], \"name\": \"document_id\", \"type\": \"string\", \"unsigned\": false, \"defaultTo\": null, \"notNullable\": false}, {\"args\": [], \"name\": \"title\", \"type\": \"string\", \"unsigned\": false, \"defaultTo\": null, \"notNullable\": false}, {\"args\": [\"longtext\"], \"name\": \"description\", \"type\": \"text\", \"unsigned\": false, \"defaultTo\": null, \"notNullable\": false}, {\"args\": [], \"name\": \"slug\", \"type\": \"string\", \"unsigned\": false, \"defaultTo\": null, \"notNullable\": false}, {\"args\": [{\"useTz\": false, \"precision\": 6}], \"name\": \"created_at\", \"type\": \"datetime\", \"unsigned\": false, \"defaultTo\": null, \"notNullable\": false}, {\"args\": [{\"useTz\": false, \"precision\": 6}], \"name\": \"updated_at\", \"type\": \"datetime\", \"unsigned\": false, \"defaultTo\": null, \"notNullable\": false}, {\"args\": [{\"useTz\": false, \"precision\": 6}], \"name\": \"published_at\", \"type\": \"datetime\", \"unsigned\": false, \"defaultTo\": null, \"notNullable\": false}, {\"args\": [], \"name\": \"created_by_id\", \"type\": \"integer\", \"unsigned\": true, \"defaultTo\": null, \"notNullable\": false}, {\"args\": [], \"name\": \"updated_by_id\", \"type\": \"integer\", \"unsigned\": true, \"defaultTo\": null, \"notNullable\": false}, {\"args\": [], \"name\": \"locale\", \"type\": \"string\", \"unsigned\": false, \"defaultTo\": null, \"notNullable\": false}], \"indexes\": [{\"name\": \"articles_documents_idx\", \"columns\": [\"document_id\", \"locale\", \"published_at\"]}, {\"name\": \"articles_created_by_id_fk\", \"columns\": [\"created_by_id\"]}, {\"name\": \"articles_updated_by_id_fk\", \"columns\": [\"updated_by_id\"]}], \"foreignKeys\": [{\"name\": \"articles_created_by_id_fk\", \"columns\": [\"created_by_id\"], \"onDelete\": \"SET NULL\", \"referencedTable\": \"admin_users\", \"referencedColumns\": [\"id\"]}, {\"name\": \"articles_updated_by_id_fk\", \"columns\": [\"updated_by_id\"], \"onDelete\": \"SET NULL\", \"referencedTable\": \"admin_users\", \"referencedColumns\": [\"id\"]}]}, {\"name\": \"authors\", \"columns\": [{\"args\": [{\"primary\": true, \"primaryKey\": true}], \"name\": \"id\", \"type\": \"increments\", \"unsigned\": false, \"defaultTo\": null, \"notNullable\": true}, {\"args\": [], \"name\": \"document_id\", \"type\": \"string\", \"unsigned\": false, \"defaultTo\": null, \"notNullable\": false}, {\"args\": [], \"name\": \"name\", \"type\": \"string\", \"unsigned\": false, \"defaultTo\": null, \"notNullable\": false}, {\"args\": [], \"name\": \"email\", \"type\": \"string\", \"unsigned\": false, \"defaultTo\": null, \"notNullable\": false}, {\"args\": [{\"useTz\": false, \"precision\": 6}], \"name\": \"created_at\", \"type\": \"datetime\", \"unsigned\": false, \"defaultTo\": null, \"notNullable\": false}, {\"args\": [{\"useTz\": false, \"precision\": 6}], \"name\": \"updated_at\", \"type\": \"datetime\", \"unsigned\": false, \"defaultTo\": null, \"notNullable\": false}, {\"args\": [{\"useTz\": false, \"precision\": 6}], \"name\": \"published_at\", \"type\": \"datetime\", \"unsigned\": false, \"defaultTo\": null, \"notNullable\": false}, {\"args\": [], \"name\": \"created_by_id\", \"type\": \"integer\", \"unsigned\": true, \"defaultTo\": null, \"notNullable\": false}, {\"args\": [], \"name\": \"updated_by_id\", \"type\": \"integer\", \"unsigned\": true, \"defaultTo\": null, \"notNullable\": false}, {\"args\": [], \"name\": \"locale\", \"type\": \"string\", \"unsigned\": false, \"defaultTo\": null, \"notNullable\": false}], \"indexes\": [{\"name\": \"authors_documents_idx\", \"columns\": [\"document_id\", \"locale\", \"published_at\"]}, {\"name\": \"authors_created_by_id_fk\", \"columns\": [\"created_by_id\"]}, {\"name\": \"authors_updated_by_id_fk\", \"columns\": [\"updated_by_id\"]}], \"foreignKeys\": [{\"name\": \"authors_created_by_id_fk\", \"columns\": [\"created_by_id\"], \"onDelete\": \"SET NULL\", \"referencedTable\": \"admin_users\", \"referencedColumns\": [\"id\"]}, {\"name\": \"authors_updated_by_id_fk\", \"columns\": [\"updated_by_id\"], \"onDelete\": \"SET NULL\", \"referencedTable\": \"admin_users\", \"referencedColumns\": [\"id\"]}]}, {\"name\": \"categories\", \"columns\": [{\"args\": [{\"primary\": true, \"primaryKey\": true}], \"name\": \"id\", \"type\": \"increments\", \"unsigned\": false, \"defaultTo\": null, \"notNullable\": true}, {\"args\": [], \"name\": \"document_id\", \"type\": \"string\", \"unsigned\": false, \"defaultTo\": null, \"notNullable\": false}, {\"args\": [], \"name\": \"name\", \"type\": \"string\", \"unsigned\": false, \"defaultTo\": null, \"notNullable\": false}, {\"args\": [], \"name\": \"slug\", \"type\": \"string\", \"unsigned\": false, \"defaultTo\": null, \"notNullable\": false}, {\"args\": [\"longtext\"], \"name\": \"description\", \"type\": \"text\", \"unsigned\": false, \"defaultTo\": null, \"notNullable\": false}, {\"args\": [{\"useTz\": false, \"precision\": 6}], \"name\": \"created_at\", \"type\": \"datetime\", \"unsigned\": false, \"defaultTo\": null, \"notNullable\": false}, {\"args\": [{\"useTz\": false, \"precision\": 6}], \"name\": \"updated_at\", \"type\": \"datetime\", \"unsigned\": false, \"defaultTo\": null, \"notNullable\": false}, {\"args\": [{\"useTz\": false, \"precision\": 6}], \"name\": \"published_at\", \"type\": \"datetime\", \"unsigned\": false, \"defaultTo\": null, \"notNullable\": false}, {\"args\": [], \"name\": \"created_by_id\", \"type\": \"integer\", \"unsigned\": true, \"defaultTo\": null, \"notNullable\": false}, {\"args\": [], \"name\": \"updated_by_id\", \"type\": \"integer\", \"unsigned\": true, \"defaultTo\": null, \"notNullable\": false}, {\"args\": [], \"name\": \"locale\", \"type\": \"string\", \"unsigned\": false, \"defaultTo\": null, \"notNullable\": false}], \"indexes\": [{\"name\": \"categories_documents_idx\", \"columns\": [\"document_id\", \"locale\", \"published_at\"]}, {\"name\": \"categories_created_by_id_fk\", \"columns\": [\"created_by_id\"]}, {\"name\": \"categories_updated_by_id_fk\", \"columns\": [\"updated_by_id\"]}], \"foreignKeys\": [{\"name\": \"categories_created_by_id_fk\", \"columns\": [\"created_by_id\"], \"onDelete\": \"SET NULL\", \"referencedTable\": \"admin_users\", \"referencedColumns\": [\"id\"]}, {\"name\": \"categories_updated_by_id_fk\", \"columns\": [\"updated_by_id\"], \"onDelete\": \"SET NULL\", \"referencedTable\": \"admin_users\", \"referencedColumns\": [\"id\"]}]}, {\"name\": \"globals_cmps\", \"columns\": [{\"args\": [{\"primary\": true, \"primaryKey\": true}], \"name\": \"id\", \"type\": \"increments\", \"unsigned\": false, \"defaultTo\": null, \"notNullable\": true}, {\"args\": [], \"name\": \"entity_id\", \"type\": \"integer\", \"unsigned\": true, \"defaultTo\": null, \"notNullable\": false}, {\"args\": [], \"name\": \"cmp_id\", \"type\": \"integer\", \"unsigned\": true, \"defaultTo\": null, \"notNullable\": false}, {\"args\": [], \"name\": \"component_type\", \"type\": \"string\", \"unsigned\": false, \"defaultTo\": null, \"notNullable\": false}, {\"args\": [], \"name\": \"field\", \"type\": \"string\", \"unsigned\": false, \"defaultTo\": null, \"notNullable\": false}, {\"args\": [], \"name\": \"order\", \"type\": \"double\", \"unsigned\": true, \"defaultTo\": null, \"notNullable\": false}], \"indexes\": [{\"name\": \"globals_field_idx\", \"columns\": [\"field\"]}, {\"name\": \"globals_component_type_idx\", \"columns\": [\"component_type\"]}, {\"name\": \"globals_entity_fk\", \"columns\": [\"entity_id\"]}, {\"name\": \"globals_uq\", \"type\": \"unique\", \"columns\": [\"entity_id\", \"cmp_id\", \"field\", \"component_type\"]}], \"foreignKeys\": [{\"name\": \"globals_entity_fk\", \"columns\": [\"entity_id\"], \"onDelete\": \"CASCADE\", \"referencedTable\": \"globals\", \"referencedColumns\": [\"id\"]}]}, {\"name\": \"globals\", \"columns\": [{\"args\": [{\"primary\": true, \"primaryKey\": true}], \"name\": \"id\", \"type\": \"increments\", \"unsigned\": false, \"defaultTo\": null, \"notNullable\": true}, {\"args\": [], \"name\": \"document_id\", \"type\": \"string\", \"unsigned\": false, \"defaultTo\": null, \"notNullable\": false}, {\"args\": [], \"name\": \"site_name\", \"type\": \"string\", \"unsigned\": false, \"defaultTo\": null, \"notNullable\": false}, {\"args\": [\"longtext\"], \"name\": \"site_description\", \"type\": \"text\", \"unsigned\": false, \"defaultTo\": null, \"notNullable\": false}, {\"args\": [{\"useTz\": false, \"precision\": 6}], \"name\": \"created_at\", \"type\": \"datetime\", \"unsigned\": false, \"defaultTo\": null, \"notNullable\": false}, {\"args\": [{\"useTz\": false, \"precision\": 6}], \"name\": \"updated_at\", \"type\": \"datetime\", \"unsigned\": false, \"defaultTo\": null, \"notNullable\": false}, {\"args\": [{\"useTz\": false, \"precision\": 6}], \"name\": \"published_at\", \"type\": \"datetime\", \"unsigned\": false, \"defaultTo\": null, \"notNullable\": false}, {\"args\": [], \"name\": \"created_by_id\", \"type\": \"integer\", \"unsigned\": true, \"defaultTo\": null, \"notNullable\": false}, {\"args\": [], \"name\": \"updated_by_id\", \"type\": \"integer\", \"unsigned\": true, \"defaultTo\": null, \"notNullable\": false}, {\"args\": [], \"name\": \"locale\", \"type\": \"string\", \"unsigned\": false, \"defaultTo\": null, \"notNullable\": false}], \"indexes\": [{\"name\": \"globals_documents_idx\", \"columns\": [\"document_id\", \"locale\", \"published_at\"]}, {\"name\": \"globals_created_by_id_fk\", \"columns\": [\"created_by_id\"]}, {\"name\": \"globals_updated_by_id_fk\", \"columns\": [\"updated_by_id\"]}], \"foreignKeys\": [{\"name\": \"globals_created_by_id_fk\", \"columns\": [\"created_by_id\"], \"onDelete\": \"SET NULL\", \"referencedTable\": \"admin_users\", \"referencedColumns\": [\"id\"]}, {\"name\": \"globals_updated_by_id_fk\", \"columns\": [\"updated_by_id\"], \"onDelete\": \"SET NULL\", \"referencedTable\": \"admin_users\", \"referencedColumns\": [\"id\"]}]}, {\"name\": \"admin_permissions\", \"columns\": [{\"args\": [{\"primary\": true, \"primaryKey\": true}], \"name\": \"id\", \"type\": \"increments\", \"unsigned\": false, \"defaultTo\": null, \"notNullable\": true}, {\"args\": [], \"name\": \"document_id\", \"type\": \"string\", \"unsigned\": false, \"defaultTo\": null, \"notNullable\": false}, {\"args\": [], \"name\": \"action\", \"type\": \"string\", \"unsigned\": false, \"defaultTo\": null, \"notNullable\": false}, {\"args\": [], \"name\": \"action_parameters\", \"type\": \"jsonb\", \"unsigned\": false, \"defaultTo\": null, \"notNullable\": false}, {\"args\": [], \"name\": \"subject\", \"type\": \"string\", \"unsigned\": false, \"defaultTo\": null, \"notNullable\": false}, {\"args\": [], \"name\": \"properties\", \"type\": \"jsonb\", \"unsigned\": false, \"defaultTo\": null, \"notNullable\": false}, {\"args\": [], \"name\": \"conditions\", \"type\": \"jsonb\", \"unsigned\": false, \"defaultTo\": null, \"notNullable\": false}, {\"args\": [{\"useTz\": false, \"precision\": 6}], \"name\": \"created_at\", \"type\": \"datetime\", \"unsigned\": false, \"defaultTo\": null, \"notNullable\": false}, {\"args\": [{\"useTz\": false, \"precision\": 6}], \"name\": \"updated_at\", \"type\": \"datetime\", \"unsigned\": false, \"defaultTo\": null, \"notNullable\": false}, {\"args\": [{\"useTz\": false, \"precision\": 6}], \"name\": \"published_at\", \"type\": \"datetime\", \"unsigned\": false, \"defaultTo\": null, \"notNullable\": false}, {\"args\": [], \"name\": \"created_by_id\", \"type\": \"integer\", \"unsigned\": true, \"defaultTo\": null, \"notNullable\": false}, {\"args\": [], \"name\": \"updated_by_id\", \"type\": \"integer\", \"unsigned\": true, \"defaultTo\": null, \"notNullable\": false}, {\"args\": [], \"name\": \"locale\", \"type\": \"string\", \"unsigned\": false, \"defaultTo\": null, \"notNullable\": false}], \"indexes\": [{\"name\": \"admin_permissions_documents_idx\", \"columns\": [\"document_id\", \"locale\", \"published_at\"]}, {\"name\": \"admin_permissions_created_by_id_fk\", \"columns\": [\"created_by_id\"]}, {\"name\": \"admin_permissions_updated_by_id_fk\", \"columns\": [\"updated_by_id\"]}], \"foreignKeys\": [{\"name\": \"admin_permissions_created_by_id_fk\", \"columns\": [\"created_by_id\"], \"onDelete\": \"SET NULL\", \"referencedTable\": \"admin_users\", \"referencedColumns\": [\"id\"]}, {\"name\": \"admin_permissions_updated_by_id_fk\", \"columns\": [\"updated_by_id\"], \"onDelete\": \"SET NULL\", \"referencedTable\": \"admin_users\", \"referencedColumns\": [\"id\"]}]}, {\"name\": \"admin_users\", \"columns\": [{\"args\": [{\"primary\": true, \"primaryKey\": true}], \"name\": \"id\", \"type\": \"increments\", \"unsigned\": false, \"defaultTo\": null, \"notNullable\": true}, {\"args\": [], \"name\": \"document_id\", \"type\": \"string\", \"unsigned\": false, \"defaultTo\": null, \"notNullable\": false}, {\"args\": [], \"name\": \"firstname\", \"type\": \"string\", \"unsigned\": false, \"defaultTo\": null, \"notNullable\": false}, {\"args\": [], \"name\": \"lastname\", \"type\": \"string\", \"unsigned\": false, \"defaultTo\": null, \"notNullable\": false}, {\"args\": [], \"name\": \"username\", \"type\": \"string\", \"unsigned\": false, \"defaultTo\": null, \"notNullable\": false}, {\"args\": [], \"name\": \"email\", \"type\": \"string\", \"unsigned\": false, \"defaultTo\": null, \"notNullable\": false}, {\"args\": [], \"name\": \"password\", \"type\": \"string\", \"unsigned\": false, \"defaultTo\": null, \"notNullable\": false}, {\"args\": [], \"name\": \"reset_password_token\", \"type\": \"string\", \"unsigned\": false, \"defaultTo\": null, \"notNullable\": false}, {\"args\": [], \"name\": \"registration_token\", \"type\": \"string\", \"unsigned\": false, \"defaultTo\": null, \"notNullable\": false}, {\"args\": [], \"name\": \"is_active\", \"type\": \"boolean\", \"unsigned\": false, \"defaultTo\": null, \"notNullable\": false}, {\"args\": [], \"name\": \"blocked\", \"type\": \"boolean\", \"unsigned\": false, \"defaultTo\": null, \"notNullable\": false}, {\"args\": [], \"name\": \"prefered_language\", \"type\": \"string\", \"unsigned\": false, \"defaultTo\": null, \"notNullable\": false}, {\"args\": [{\"useTz\": false, \"precision\": 6}], \"name\": \"created_at\", \"type\": \"datetime\", \"unsigned\": false, \"defaultTo\": null, \"notNullable\": false}, {\"args\": [{\"useTz\": false, \"precision\": 6}], \"name\": \"updated_at\", \"type\": \"datetime\", \"unsigned\": false, \"defaultTo\": null, \"notNullable\": false}, {\"args\": [{\"useTz\": false, \"precision\": 6}], \"name\": \"published_at\", \"type\": \"datetime\", \"unsigned\": false, \"defaultTo\": null, \"notNullable\": false}, {\"args\": [], \"name\": \"created_by_id\", \"type\": \"integer\", \"unsigned\": true, \"defaultTo\": null, \"notNullable\": false}, {\"args\": [], \"name\": \"updated_by_id\", \"type\": \"integer\", \"unsigned\": true, \"defaultTo\": null, \"notNullable\": false}, {\"args\": [], \"name\": \"locale\", \"type\": \"string\", \"unsigned\": false, \"defaultTo\": null, \"notNullable\": false}], \"indexes\": [{\"name\": \"admin_users_documents_idx\", \"columns\": [\"document_id\", \"locale\", \"published_at\"]}, {\"name\": \"admin_users_created_by_id_fk\", \"columns\": [\"created_by_id\"]}, {\"name\": \"admin_users_updated_by_id_fk\", \"columns\": [\"updated_by_id\"]}], \"foreignKeys\": [{\"name\": \"admin_users_created_by_id_fk\", \"columns\": [\"created_by_id\"], \"onDelete\": \"SET NULL\", \"referencedTable\": \"admin_users\", \"referencedColumns\": [\"id\"]}, {\"name\": \"admin_users_updated_by_id_fk\", \"columns\": [\"updated_by_id\"], \"onDelete\": \"SET NULL\", \"referencedTable\": \"admin_users\", \"referencedColumns\": [\"id\"]}]}, {\"name\": \"admin_roles\", \"columns\": [{\"args\": [{\"primary\": true, \"primaryKey\": true}], \"name\": \"id\", \"type\": \"increments\", \"unsigned\": false, \"defaultTo\": null, \"notNullable\": true}, {\"args\": [], \"name\": \"document_id\", \"type\": \"string\", \"unsigned\": false, \"defaultTo\": null, \"notNullable\": false}, {\"args\": [], \"name\": \"name\", \"type\": \"string\", \"unsigned\": false, \"defaultTo\": null, \"notNullable\": false}, {\"args\": [], \"name\": \"code\", \"type\": \"string\", \"unsigned\": false, \"defaultTo\": null, \"notNullable\": false}, {\"args\": [], \"name\": \"description\", \"type\": \"string\", \"unsigned\": false, \"defaultTo\": null, \"notNullable\": false}, {\"args\": [{\"useTz\": false, \"precision\": 6}], \"name\": \"created_at\", \"type\": \"datetime\", \"unsigned\": false, \"defaultTo\": null, \"notNullable\": false}, {\"args\": [{\"useTz\": false, \"precision\": 6}], \"name\": \"updated_at\", \"type\": \"datetime\", \"unsigned\": false, \"defaultTo\": null, \"notNullable\": false}, {\"args\": [{\"useTz\": false, \"precision\": 6}], \"name\": \"published_at\", \"type\": \"datetime\", \"unsigned\": false, \"defaultTo\": null, \"notNullable\": false}, {\"args\": [], \"name\": \"created_by_id\", \"type\": \"integer\", \"unsigned\": true, \"defaultTo\": null, \"notNullable\": false}, {\"args\": [], \"name\": \"updated_by_id\", \"type\": \"integer\", \"unsigned\": true, \"defaultTo\": null, \"notNullable\": false}, {\"args\": [], \"name\": \"locale\", \"type\": \"string\", \"unsigned\": false, \"defaultTo\": null, \"notNullable\": false}], \"indexes\": [{\"name\": \"admin_roles_documents_idx\", \"columns\": [\"document_id\", \"locale\", \"published_at\"]}, {\"name\": \"admin_roles_created_by_id_fk\", \"columns\": [\"created_by_id\"]}, {\"name\": \"admin_roles_updated_by_id_fk\", \"columns\": [\"updated_by_id\"]}], \"foreignKeys\": [{\"name\": \"admin_roles_created_by_id_fk\", \"columns\": [\"created_by_id\"], \"onDelete\": \"SET NULL\", \"referencedTable\": \"admin_users\", \"referencedColumns\": [\"id\"]}, {\"name\": \"admin_roles_updated_by_id_fk\", \"columns\": [\"updated_by_id\"], \"onDelete\": \"SET NULL\", \"referencedTable\": \"admin_users\", \"referencedColumns\": [\"id\"]}]}, {\"name\": \"strapi_api_tokens\", \"columns\": [{\"args\": [{\"primary\": true, \"primaryKey\": true}], \"name\": \"id\", \"type\": \"increments\", \"unsigned\": false, \"defaultTo\": null, \"notNullable\": true}, {\"args\": [], \"name\": \"document_id\", \"type\": \"string\", \"unsigned\": false, \"defaultTo\": null, \"notNullable\": false}, {\"args\": [], \"name\": \"name\", \"type\": \"string\", \"unsigned\": false, \"defaultTo\": null, \"notNullable\": false}, {\"args\": [], \"name\": \"description\", \"type\": \"string\", \"unsigned\": false, \"defaultTo\": null, \"notNullable\": false}, {\"args\": [], \"name\": \"type\", \"type\": \"string\", \"unsigned\": false, \"defaultTo\": null, \"notNullable\": false}, {\"args\": [], \"name\": \"access_key\", \"type\": \"string\", \"unsigned\": false, \"defaultTo\": null, \"notNullable\": false}, {\"args\": [\"longtext\"], \"name\": \"encrypted_key\", \"type\": \"text\", \"unsigned\": false, \"defaultTo\": null, \"notNullable\": false}, {\"args\": [{\"useTz\": false, \"precision\": 6}], \"name\": \"last_used_at\", \"type\": \"datetime\", \"unsigned\": false, \"defaultTo\": null, \"notNullable\": false}, {\"args\": [{\"useTz\": false, \"precision\": 6}], \"name\": \"expires_at\", \"type\": \"datetime\", \"unsigned\": false, \"defaultTo\": null, \"notNullable\": false}, {\"args\": [], \"name\": \"lifespan\", \"type\": \"bigInteger\", \"unsigned\": false, \"defaultTo\": null, \"notNullable\": false}, {\"args\": [{\"useTz\": false, \"precision\": 6}], \"name\": \"created_at\", \"type\": \"datetime\", \"unsigned\": false, \"defaultTo\": null, \"notNullable\": false}, {\"args\": [{\"useTz\": false, \"precision\": 6}], \"name\": \"updated_at\", \"type\": \"datetime\", \"unsigned\": false, \"defaultTo\": null, \"notNullable\": false}, {\"args\": [{\"useTz\": false, \"precision\": 6}], \"name\": \"published_at\", \"type\": \"datetime\", \"unsigned\": false, \"defaultTo\": null, \"notNullable\": false}, {\"args\": [], \"name\": \"created_by_id\", \"type\": \"integer\", \"unsigned\": true, \"defaultTo\": null, \"notNullable\": false}, {\"args\": [], \"name\": \"updated_by_id\", \"type\": \"integer\", \"unsigned\": true, \"defaultTo\": null, \"notNullable\": false}, {\"args\": [], \"name\": \"locale\", \"type\": \"string\", \"unsigned\": false, \"defaultTo\": null, \"notNullable\": false}], \"indexes\": [{\"name\": \"strapi_api_tokens_documents_idx\", \"columns\": [\"document_id\", \"locale\", \"published_at\"]}, {\"name\": \"strapi_api_tokens_created_by_id_fk\", \"columns\": [\"created_by_id\"]}, {\"name\": \"strapi_api_tokens_updated_by_id_fk\", \"columns\": [\"updated_by_id\"]}], \"foreignKeys\": [{\"name\": \"strapi_api_tokens_created_by_id_fk\", \"columns\": [\"created_by_id\"], \"onDelete\": \"SET NULL\", \"referencedTable\": \"admin_users\", \"referencedColumns\": [\"id\"]}, {\"name\": \"strapi_api_tokens_updated_by_id_fk\", \"columns\": [\"updated_by_id\"], \"onDelete\": \"SET NULL\", \"referencedTable\": \"admin_users\", \"referencedColumns\": [\"id\"]}]}, {\"name\": \"strapi_api_token_permissions\", \"columns\": [{\"args\": [{\"primary\": true, \"primaryKey\": true}], \"name\": \"id\", \"type\": \"increments\", \"unsigned\": false, \"defaultTo\": null, \"notNullable\": true}, {\"args\": [], \"name\": \"document_id\", \"type\": \"string\", \"unsigned\": false, \"defaultTo\": null, \"notNullable\": false}, {\"args\": [], \"name\": \"action\", \"type\": \"string\", \"unsigned\": false, \"defaultTo\": null, \"notNullable\": false}, {\"args\": [{\"useTz\": false, \"precision\": 6}], \"name\": \"created_at\", \"type\": \"datetime\", \"unsigned\": false, \"defaultTo\": null, \"notNullable\": false}, {\"args\": [{\"useTz\": false, \"precision\": 6}], \"name\": \"updated_at\", \"type\": \"datetime\", \"unsigned\": false, \"defaultTo\": null, \"notNullable\": false}, {\"args\": [{\"useTz\": false, \"precision\": 6}], \"name\": \"published_at\", \"type\": \"datetime\", \"unsigned\": false, \"defaultTo\": null, \"notNullable\": false}, {\"args\": [], \"name\": \"created_by_id\", \"type\": \"integer\", \"unsigned\": true, \"defaultTo\": null, \"notNullable\": false}, {\"args\": [], \"name\": \"updated_by_id\", \"type\": \"integer\", \"unsigned\": true, \"defaultTo\": null, \"notNullable\": false}, {\"args\": [], \"name\": \"locale\", \"type\": \"string\", \"unsigned\": false, \"defaultTo\": null, \"notNullable\": false}], \"indexes\": [{\"name\": \"strapi_api_token_permissions_documents_idx\", \"columns\": [\"document_id\", \"locale\", \"published_at\"]}, {\"name\": \"strapi_api_token_permissions_created_by_id_fk\", \"columns\": [\"created_by_id\"]}, {\"name\": \"strapi_api_token_permissions_updated_by_id_fk\", \"columns\": [\"updated_by_id\"]}], \"foreignKeys\": [{\"name\": \"strapi_api_token_permissions_created_by_id_fk\", \"columns\": [\"created_by_id\"], \"onDelete\": \"SET NULL\", \"referencedTable\": \"admin_users\", \"referencedColumns\": [\"id\"]}, {\"name\": \"strapi_api_token_permissions_updated_by_id_fk\", \"columns\": [\"updated_by_id\"], \"onDelete\": \"SET NULL\", \"referencedTable\": \"admin_users\", \"referencedColumns\": [\"id\"]}]}, {\"name\": \"strapi_transfer_tokens\", \"columns\": [{\"args\": [{\"primary\": true, \"primaryKey\": true}], \"name\": \"id\", \"type\": \"increments\", \"unsigned\": false, \"defaultTo\": null, \"notNullable\": true}, {\"args\": [], \"name\": \"document_id\", \"type\": \"string\", \"unsigned\": false, \"defaultTo\": null, \"notNullable\": false}, {\"args\": [], \"name\": \"name\", \"type\": \"string\", \"unsigned\": false, \"defaultTo\": null, \"notNullable\": false}, {\"args\": [], \"name\": \"description\", \"type\": \"string\", \"unsigned\": false, \"defaultTo\": null, \"notNullable\": false}, {\"args\": [], \"name\": \"access_key\", \"type\": \"string\", \"unsigned\": false, \"defaultTo\": null, \"notNullable\": false}, {\"args\": [{\"useTz\": false, \"precision\": 6}], \"name\": \"last_used_at\", \"type\": \"datetime\", \"unsigned\": false, \"defaultTo\": null, \"notNullable\": false}, {\"args\": [{\"useTz\": false, \"precision\": 6}], \"name\": \"expires_at\", \"type\": \"datetime\", \"unsigned\": false, \"defaultTo\": null, \"notNullable\": false}, {\"args\": [], \"name\": \"lifespan\", \"type\": \"bigInteger\", \"unsigned\": false, \"defaultTo\": null, \"notNullable\": false}, {\"args\": [{\"useTz\": false, \"precision\": 6}], \"name\": \"created_at\", \"type\": \"datetime\", \"unsigned\": false, \"defaultTo\": null, \"notNullable\": false}, {\"args\": [{\"useTz\": false, \"precision\": 6}], \"name\": \"updated_at\", \"type\": \"datetime\", \"unsigned\": false, \"defaultTo\": null, \"notNullable\": false}, {\"args\": [{\"useTz\": false, \"precision\": 6}], \"name\": \"published_at\", \"type\": \"datetime\", \"unsigned\": false, \"defaultTo\": null, \"notNullable\": false}, {\"args\": [], \"name\": \"created_by_id\", \"type\": \"integer\", \"unsigned\": true, \"defaultTo\": null, \"notNullable\": false}, {\"args\": [], \"name\": \"updated_by_id\", \"type\": \"integer\", \"unsigned\": true, \"defaultTo\": null, \"notNullable\": false}, {\"args\": [], \"name\": \"locale\", \"type\": \"string\", \"unsigned\": false, \"defaultTo\": null, \"notNullable\": false}], \"indexes\": [{\"name\": \"strapi_transfer_tokens_documents_idx\", \"columns\": [\"document_id\", \"locale\", \"published_at\"]}, {\"name\": \"strapi_transfer_tokens_created_by_id_fk\", \"columns\": [\"created_by_id\"]}, {\"name\": \"strapi_transfer_tokens_updated_by_id_fk\", \"columns\": [\"updated_by_id\"]}], \"foreignKeys\": [{\"name\": \"strapi_transfer_tokens_created_by_id_fk\", \"columns\": [\"created_by_id\"], \"onDelete\": \"SET NULL\", \"referencedTable\": \"admin_users\", \"referencedColumns\": [\"id\"]}, {\"name\": \"strapi_transfer_tokens_updated_by_id_fk\", \"columns\": [\"updated_by_id\"], \"onDelete\": \"SET NULL\", \"referencedTable\": \"admin_users\", \"referencedColumns\": [\"id\"]}]}, {\"name\": \"strapi_transfer_token_permissions\", \"columns\": [{\"args\": [{\"primary\": true, \"primaryKey\": true}], \"name\": \"id\", \"type\": \"increments\", \"unsigned\": false, \"defaultTo\": null, \"notNullable\": true}, {\"args\": [], \"name\": \"document_id\", \"type\": \"string\", \"unsigned\": false, \"defaultTo\": null, \"notNullable\": false}, {\"args\": [], \"name\": \"action\", \"type\": \"string\", \"unsigned\": false, \"defaultTo\": null, \"notNullable\": false}, {\"args\": [{\"useTz\": false, \"precision\": 6}], \"name\": \"created_at\", \"type\": \"datetime\", \"unsigned\": false, \"defaultTo\": null, \"notNullable\": false}, {\"args\": [{\"useTz\": false, \"precision\": 6}], \"name\": \"updated_at\", \"type\": \"datetime\", \"unsigned\": false, \"defaultTo\": null, \"notNullable\": false}, {\"args\": [{\"useTz\": false, \"precision\": 6}], \"name\": \"published_at\", \"type\": \"datetime\", \"unsigned\": false, \"defaultTo\": null, \"notNullable\": false}, {\"args\": [], \"name\": \"created_by_id\", \"type\": \"integer\", \"unsigned\": true, \"defaultTo\": null, \"notNullable\": false}, {\"args\": [], \"name\": \"updated_by_id\", \"type\": \"integer\", \"unsigned\": true, \"defaultTo\": null, \"notNullable\": false}, {\"args\": [], \"name\": \"locale\", \"type\": \"string\", \"unsigned\": false, \"defaultTo\": null, \"notNullable\": false}], \"indexes\": [{\"name\": \"strapi_transfer_token_permissions_documents_idx\", \"columns\": [\"document_id\", \"locale\", \"published_at\"]}, {\"name\": \"strapi_transfer_token_permissions_created_by_id_fk\", \"columns\": [\"created_by_id\"]}, {\"name\": \"strapi_transfer_token_permissions_updated_by_id_fk\", \"columns\": [\"updated_by_id\"]}], \"foreignKeys\": [{\"name\": \"strapi_transfer_token_permissions_created_by_id_fk\", \"columns\": [\"created_by_id\"], \"onDelete\": \"SET NULL\", \"referencedTable\": \"admin_users\", \"referencedColumns\": [\"id\"]}, {\"name\": \"strapi_transfer_token_permissions_updated_by_id_fk\", \"columns\": [\"updated_by_id\"], \"onDelete\": \"SET NULL\", \"referencedTable\": \"admin_users\", \"referencedColumns\": [\"id\"]}]}, {\"name\": \"strapi_sessions\", \"columns\": [{\"args\": [{\"primary\": true, \"primaryKey\": true}], \"name\": \"id\", \"type\": \"increments\", \"unsigned\": false, \"defaultTo\": null, \"notNullable\": true}, {\"args\": [], \"name\": \"document_id\", \"type\": \"string\", \"unsigned\": false, \"defaultTo\": null, \"notNullable\": false}, {\"args\": [], \"name\": \"user_id\", \"type\": \"string\", \"unsigned\": false, \"defaultTo\": null, \"notNullable\": false}, {\"args\": [], \"name\": \"session_id\", \"type\": \"string\", \"unsigned\": false, \"defaultTo\": null, \"notNullable\": false}, {\"args\": [], \"name\": \"child_id\", \"type\": \"string\", \"unsigned\": false, \"defaultTo\": null, \"notNullable\": false}, {\"args\": [], \"name\": \"device_id\", \"type\": \"string\", \"unsigned\": false, \"defaultTo\": null, \"notNullable\": false}, {\"args\": [], \"name\": \"origin\", \"type\": \"string\", \"unsigned\": false, \"defaultTo\": null, \"notNullable\": false}, {\"args\": [{\"useTz\": false, \"precision\": 6}], \"name\": \"expires_at\", \"type\": \"datetime\", \"unsigned\": false, \"defaultTo\": null, \"notNullable\": false}, {\"args\": [{\"useTz\": false, \"precision\": 6}], \"name\": \"absolute_expires_at\", \"type\": \"datetime\", \"unsigned\": false, \"defaultTo\": null, \"notNullable\": false}, {\"args\": [], \"name\": \"status\", \"type\": \"string\", \"unsigned\": false, \"defaultTo\": null, \"notNullable\": false}, {\"args\": [], \"name\": \"type\", \"type\": \"string\", \"unsigned\": false, \"defaultTo\": null, \"notNullable\": false}, {\"args\": [{\"useTz\": false, \"precision\": 6}], \"name\": \"created_at\", \"type\": \"datetime\", \"unsigned\": false, \"defaultTo\": null, \"notNullable\": false}, {\"args\": [{\"useTz\": false, \"precision\": 6}], \"name\": \"updated_at\", \"type\": \"datetime\", \"unsigned\": false, \"defaultTo\": null, \"notNullable\": false}, {\"args\": [{\"useTz\": false, \"precision\": 6}], \"name\": \"published_at\", \"type\": \"datetime\", \"unsigned\": false, \"defaultTo\": null, \"notNullable\": false}, {\"args\": [], \"name\": \"created_by_id\", \"type\": \"integer\", \"unsigned\": true, \"defaultTo\": null, \"notNullable\": false}, {\"args\": [], \"name\": \"updated_by_id\", \"type\": \"integer\", \"unsigned\": true, \"defaultTo\": null, \"notNullable\": false}, {\"args\": [], \"name\": \"locale\", \"type\": \"string\", \"unsigned\": false, \"defaultTo\": null, \"notNullable\": false}], \"indexes\": [{\"name\": \"strapi_sessions_documents_idx\", \"columns\": [\"document_id\", \"locale\", \"published_at\"]}, {\"name\": \"strapi_sessions_created_by_id_fk\", \"columns\": [\"created_by_id\"]}, {\"name\": \"strapi_sessions_updated_by_id_fk\", \"columns\": [\"updated_by_id\"]}], \"foreignKeys\": [{\"name\": \"strapi_sessions_created_by_id_fk\", \"columns\": [\"created_by_id\"], \"onDelete\": \"SET NULL\", \"referencedTable\": \"admin_users\", \"referencedColumns\": [\"id\"]}, {\"name\": \"strapi_sessions_updated_by_id_fk\", \"columns\": [\"updated_by_id\"], \"onDelete\": \"SET NULL\", \"referencedTable\": \"admin_users\", \"referencedColumns\": [\"id\"]}]}, {\"name\": \"components_shared_sliders\", \"columns\": [{\"args\": [{\"primary\": true, \"primaryKey\": true}], \"name\": \"id\", \"type\": \"increments\", \"unsigned\": false, \"defaultTo\": null, \"notNullable\": true}], \"indexes\": [], \"foreignKeys\": []}, {\"name\": \"components_shared_seos\", \"columns\": [{\"args\": [{\"primary\": true, \"primaryKey\": true}], \"name\": \"id\", \"type\": \"increments\", \"unsigned\": false, \"defaultTo\": null, \"notNullable\": true}, {\"args\": [], \"name\": \"meta_title\", \"type\": \"string\", \"unsigned\": false, \"defaultTo\": null, \"notNullable\": false}, {\"args\": [\"longtext\"], \"name\": \"meta_description\", \"type\": \"text\", \"unsigned\": false, \"defaultTo\": null, \"notNullable\": false}], \"indexes\": [], \"foreignKeys\": []}, {\"name\": \"components_shared_rich_texts\", \"columns\": [{\"args\": [{\"primary\": true, \"primaryKey\": true}], \"name\": \"id\", \"type\": \"increments\", \"unsigned\": false, \"defaultTo\": null, \"notNullable\": true}, {\"args\": [\"longtext\"], \"name\": \"body\", \"type\": \"text\", \"unsigned\": false, \"defaultTo\": null, \"notNullable\": false}], \"indexes\": [], \"foreignKeys\": []}, {\"name\": \"components_shared_quotes\", \"columns\": [{\"args\": [{\"primary\": true, \"primaryKey\": true}], \"name\": \"id\", \"type\": \"increments\", \"unsigned\": false, \"defaultTo\": null, \"notNullable\": true}, {\"args\": [], \"name\": \"title\", \"type\": \"string\", \"unsigned\": false, \"defaultTo\": null, \"notNullable\": false}, {\"args\": [\"longtext\"], \"name\": \"body\", \"type\": \"text\", \"unsigned\": false, \"defaultTo\": null, \"notNullable\": false}], \"indexes\": [], \"foreignKeys\": []}, {\"name\": \"components_shared_media\", \"columns\": [{\"args\": [{\"primary\": true, \"primaryKey\": true}], \"name\": \"id\", \"type\": \"increments\", \"unsigned\": false, \"defaultTo\": null, \"notNullable\": true}], \"indexes\": [], \"foreignKeys\": []}, {\"name\": \"strapi_core_store_settings\", \"columns\": [{\"args\": [{\"primary\": true, \"primaryKey\": true}], \"name\": \"id\", \"type\": \"increments\", \"unsigned\": false, \"defaultTo\": null, \"notNullable\": true}, {\"args\": [], \"name\": \"key\", \"type\": \"string\", \"unsigned\": false, \"defaultTo\": null, \"notNullable\": false}, {\"args\": [\"longtext\"], \"name\": \"value\", \"type\": \"text\", \"unsigned\": false, \"defaultTo\": null, \"notNullable\": false}, {\"args\": [], \"name\": \"type\", \"type\": \"string\", \"unsigned\": false, \"defaultTo\": null, \"notNullable\": false}, {\"args\": [], \"name\": \"environment\", \"type\": \"string\", \"unsigned\": false, \"defaultTo\": null, \"notNullable\": false}, {\"args\": [], \"name\": \"tag\", \"type\": \"string\", \"unsigned\": false, \"defaultTo\": null, \"notNullable\": false}], \"indexes\": [], \"foreignKeys\": []}, {\"name\": \"strapi_webhooks\", \"columns\": [{\"args\": [{\"primary\": true, \"primaryKey\": true}], \"name\": \"id\", \"type\": \"increments\", \"unsigned\": false, \"defaultTo\": null, \"notNullable\": true}, {\"args\": [], \"name\": \"name\", \"type\": \"string\", \"unsigned\": false, \"defaultTo\": null, \"notNullable\": false}, {\"args\": [\"longtext\"], \"name\": \"url\", \"type\": \"text\", \"unsigned\": false, \"defaultTo\": null, \"notNullable\": false}, {\"args\": [], \"name\": \"headers\", \"type\": \"jsonb\", \"unsigned\": false, \"defaultTo\": null, \"notNullable\": false}, {\"args\": [], \"name\": \"events\", \"type\": \"jsonb\", \"unsigned\": false, \"defaultTo\": null, \"notNullable\": false}, {\"args\": [], \"name\": \"enabled\", \"type\": \"boolean\", \"unsigned\": false, \"defaultTo\": null, \"notNullable\": false}], \"indexes\": [], \"foreignKeys\": []}, {\"name\": \"strapi_history_versions\", \"columns\": [{\"args\": [{\"primary\": true, \"primaryKey\": true}], \"name\": \"id\", \"type\": \"increments\", \"unsigned\": false, \"defaultTo\": null, \"notNullable\": true}, {\"args\": [], \"name\": \"content_type\", \"type\": \"string\", \"unsigned\": false, \"defaultTo\": null, \"notNullable\": true}, {\"args\": [], \"name\": \"related_document_id\", \"type\": \"string\", \"unsigned\": false, \"defaultTo\": null, \"notNullable\": false}, {\"args\": [], \"name\": \"locale\", \"type\": \"string\", \"unsigned\": false, \"defaultTo\": null, \"notNullable\": false}, {\"args\": [], \"name\": \"status\", \"type\": \"string\", \"unsigned\": false, \"defaultTo\": null, \"notNullable\": false}, {\"args\": [], \"name\": \"data\", \"type\": \"jsonb\", \"unsigned\": false, \"defaultTo\": null, \"notNullable\": false}, {\"args\": [], \"name\": \"schema\", \"type\": \"jsonb\", \"unsigned\": false, \"defaultTo\": null, \"notNullable\": false}, {\"args\": [{\"useTz\": false, \"precision\": 6}], \"name\": \"created_at\", \"type\": \"datetime\", \"unsigned\": false, \"defaultTo\": null, \"notNullable\": false}, {\"args\": [], \"name\": \"created_by_id\", \"type\": \"integer\", \"unsigned\": true, \"defaultTo\": null, \"notNullable\": false}], \"indexes\": [{\"name\": \"strapi_history_versions_created_by_id_fk\", \"columns\": [\"created_by_id\"]}], \"foreignKeys\": [{\"name\": \"strapi_history_versions_created_by_id_fk\", \"columns\": [\"created_by_id\"], \"onDelete\": \"SET NULL\", \"referencedTable\": \"admin_users\", \"referencedColumns\": [\"id\"]}]}, {\"name\": \"strapi_ai_localization_jobs\", \"columns\": [{\"args\": [{\"primary\": true, \"primaryKey\": true}], \"name\": \"id\", \"type\": \"increments\", \"unsigned\": false, \"defaultTo\": null, \"notNullable\": true}, {\"args\": [], \"name\": \"content_type\", \"type\": \"string\", \"unsigned\": false, \"defaultTo\": null, \"notNullable\": true}, {\"args\": [], \"name\": \"related_document_id\", \"type\": \"string\", \"unsigned\": false, \"defaultTo\": null, \"notNullable\": true}, {\"args\": [], \"name\": \"source_locale\", \"type\": \"string\", \"unsigned\": false, \"defaultTo\": null, \"notNullable\": true}, {\"args\": [], \"name\": \"target_locales\", \"type\": \"jsonb\", \"unsigned\": false, \"defaultTo\": null, \"notNullable\": true}, {\"args\": [], \"name\": \"status\", \"type\": \"string\", \"unsigned\": false, \"defaultTo\": null, \"notNullable\": true}, {\"args\": [{\"useTz\": false, \"precision\": 6}], \"name\": \"created_at\", \"type\": \"datetime\", \"unsigned\": false, \"defaultTo\": null, \"notNullable\": false}, {\"args\": [{\"useTz\": false, \"precision\": 6}], \"name\": \"updated_at\", \"type\": \"datetime\", \"unsigned\": false, \"defaultTo\": null, \"notNullable\": false}], \"indexes\": [], \"foreignKeys\": []}, {\"name\": \"files_related_mph\", \"columns\": [{\"args\": [{\"primary\": true, \"primaryKey\": true}], \"name\": \"id\", \"type\": \"increments\", \"unsigned\": false, \"defaultTo\": null, \"notNullable\": true}, {\"args\": [], \"name\": \"file_id\", \"type\": \"integer\", \"unsigned\": true, \"defaultTo\": null, \"notNullable\": false}, {\"args\": [], \"name\": \"related_id\", \"type\": \"integer\", \"unsigned\": true, \"defaultTo\": null, \"notNullable\": false}, {\"args\": [], \"name\": \"related_type\", \"type\": \"string\", \"unsigned\": false, \"defaultTo\": null, \"notNullable\": false}, {\"args\": [], \"name\": \"field\", \"type\": \"string\", \"unsigned\": false, \"defaultTo\": null, \"notNullable\": false}, {\"args\": [], \"name\": \"order\", \"type\": \"double\", \"unsigned\": true, \"defaultTo\": null, \"notNullable\": false}], \"indexes\": [{\"name\": \"files_related_mph_fk\", \"columns\": [\"file_id\"]}, {\"name\": \"files_related_mph_oidx\", \"columns\": [\"order\"]}, {\"name\": \"files_related_mph_idix\", \"columns\": [\"related_id\"]}], \"foreignKeys\": [{\"name\": \"files_related_mph_fk\", \"columns\": [\"file_id\"], \"onDelete\": \"CASCADE\", \"referencedTable\": \"files\", \"referencedColumns\": [\"id\"]}]}, {\"name\": \"files_folder_lnk\", \"columns\": [{\"args\": [{\"primary\": true, \"primaryKey\": true}], \"name\": \"id\", \"type\": \"increments\", \"unsigned\": false, \"defaultTo\": null, \"notNullable\": true}, {\"args\": [], \"name\": \"file_id\", \"type\": \"integer\", \"unsigned\": true, \"defaultTo\": null, \"notNullable\": false}, {\"args\": [], \"name\": \"folder_id\", \"type\": \"integer\", \"unsigned\": true, \"defaultTo\": null, \"notNullable\": false}, {\"args\": [], \"name\": \"file_ord\", \"type\": \"double\", \"unsigned\": true, \"defaultTo\": null, \"notNullable\": false}], \"indexes\": [{\"name\": \"files_folder_lnk_fk\", \"columns\": [\"file_id\"]}, {\"name\": \"files_folder_lnk_ifk\", \"columns\": [\"folder_id\"]}, {\"name\": \"files_folder_lnk_uq\", \"type\": \"unique\", \"columns\": [\"file_id\", \"folder_id\"]}, {\"name\": \"files_folder_lnk_oifk\", \"columns\": [\"file_ord\"]}], \"foreignKeys\": [{\"name\": \"files_folder_lnk_fk\", \"columns\": [\"file_id\"], \"onDelete\": \"CASCADE\", \"referencedTable\": \"files\", \"referencedColumns\": [\"id\"]}, {\"name\": \"files_folder_lnk_ifk\", \"columns\": [\"folder_id\"], \"onDelete\": \"CASCADE\", \"referencedTable\": \"upload_folders\", \"referencedColumns\": [\"id\"]}]}, {\"name\": \"upload_folders_parent_lnk\", \"columns\": [{\"args\": [{\"primary\": true, \"primaryKey\": true}], \"name\": \"id\", \"type\": \"increments\", \"unsigned\": false, \"defaultTo\": null, \"notNullable\": true}, {\"args\": [], \"name\": \"folder_id\", \"type\": \"integer\", \"unsigned\": true, \"defaultTo\": null, \"notNullable\": false}, {\"args\": [], \"name\": \"inv_folder_id\", \"type\": \"integer\", \"unsigned\": true, \"defaultTo\": null, \"notNullable\": false}, {\"args\": [], \"name\": \"folder_ord\", \"type\": \"double\", \"unsigned\": true, \"defaultTo\": null, \"notNullable\": false}], \"indexes\": [{\"name\": \"upload_folders_parent_lnk_fk\", \"columns\": [\"folder_id\"]}, {\"name\": \"upload_folders_parent_lnk_ifk\", \"columns\": [\"inv_folder_id\"]}, {\"name\": \"upload_folders_parent_lnk_uq\", \"type\": \"unique\", \"columns\": [\"folder_id\", \"inv_folder_id\"]}, {\"name\": \"upload_folders_parent_lnk_oifk\", \"columns\": [\"folder_ord\"]}], \"foreignKeys\": [{\"name\": \"upload_folders_parent_lnk_fk\", \"columns\": [\"folder_id\"], \"onDelete\": \"CASCADE\", \"referencedTable\": \"upload_folders\", \"referencedColumns\": [\"id\"]}, {\"name\": \"upload_folders_parent_lnk_ifk\", \"columns\": [\"inv_folder_id\"], \"onDelete\": \"CASCADE\", \"referencedTable\": \"upload_folders\", \"referencedColumns\": [\"id\"]}]}, {\"name\": \"strapi_release_actions_release_lnk\", \"columns\": [{\"args\": [{\"primary\": true, \"primaryKey\": true}], \"name\": \"id\", \"type\": \"increments\", \"unsigned\": false, \"defaultTo\": null, \"notNullable\": true}, {\"args\": [], \"name\": \"release_action_id\", \"type\": \"integer\", \"unsigned\": true, \"defaultTo\": null, \"notNullable\": false}, {\"args\": [], \"name\": \"release_id\", \"type\": \"integer\", \"unsigned\": true, \"defaultTo\": null, \"notNullable\": false}, {\"args\": [], \"name\": \"release_action_ord\", \"type\": \"double\", \"unsigned\": true, \"defaultTo\": null, \"notNullable\": false}], \"indexes\": [{\"name\": \"strapi_release_actions_release_lnk_fk\", \"columns\": [\"release_action_id\"]}, {\"name\": \"strapi_release_actions_release_lnk_ifk\", \"columns\": [\"release_id\"]}, {\"name\": \"strapi_release_actions_release_lnk_uq\", \"type\": \"unique\", \"columns\": [\"release_action_id\", \"release_id\"]}, {\"name\": \"strapi_release_actions_release_lnk_oifk\", \"columns\": [\"release_action_ord\"]}], \"foreignKeys\": [{\"name\": \"strapi_release_actions_release_lnk_fk\", \"columns\": [\"release_action_id\"], \"onDelete\": \"CASCADE\", \"referencedTable\": \"strapi_release_actions\", \"referencedColumns\": [\"id\"]}, {\"name\": \"strapi_release_actions_release_lnk_ifk\", \"columns\": [\"release_id\"], \"onDelete\": \"CASCADE\", \"referencedTable\": \"strapi_releases\", \"referencedColumns\": [\"id\"]}]}, {\"name\": \"strapi_workflows_stage_required_to_publish_lnk\", \"columns\": [{\"args\": [{\"primary\": true, \"primaryKey\": true}], \"name\": \"id\", \"type\": \"increments\", \"unsigned\": false, \"defaultTo\": null, \"notNullable\": true}, {\"args\": [], \"name\": \"workflow_id\", \"type\": \"integer\", \"unsigned\": true, \"defaultTo\": null, \"notNullable\": false}, {\"args\": [], \"name\": \"workflow_stage_id\", \"type\": \"integer\", \"unsigned\": true, \"defaultTo\": null, \"notNullable\": false}], \"indexes\": [{\"name\": \"strapi_workflows_stage_required_to_publish_lnk_fk\", \"columns\": [\"workflow_id\"]}, {\"name\": \"strapi_workflows_stage_required_to_publish_lnk_ifk\", \"columns\": [\"workflow_stage_id\"]}, {\"name\": \"strapi_workflows_stage_required_to_publish_lnk_uq\", \"type\": \"unique\", \"columns\": [\"workflow_id\", \"workflow_stage_id\"]}], \"foreignKeys\": [{\"name\": \"strapi_workflows_stage_required_to_publish_lnk_fk\", \"columns\": [\"workflow_id\"], \"onDelete\": \"CASCADE\", \"referencedTable\": \"strapi_workflows\", \"referencedColumns\": [\"id\"]}, {\"name\": \"strapi_workflows_stage_required_to_publish_lnk_ifk\", \"columns\": [\"workflow_stage_id\"], \"onDelete\": \"CASCADE\", \"referencedTable\": \"strapi_workflows_stages\", \"referencedColumns\": [\"id\"]}]}, {\"name\": \"strapi_workflows_stages_workflow_lnk\", \"columns\": [{\"args\": [{\"primary\": true, \"primaryKey\": true}], \"name\": \"id\", \"type\": \"increments\", \"unsigned\": false, \"defaultTo\": null, \"notNullable\": true}, {\"args\": [], \"name\": \"workflow_stage_id\", \"type\": \"integer\", \"unsigned\": true, \"defaultTo\": null, \"notNullable\": false}, {\"args\": [], \"name\": \"workflow_id\", \"type\": \"integer\", \"unsigned\": true, \"defaultTo\": null, \"notNullable\": false}, {\"args\": [], \"name\": \"workflow_stage_ord\", \"type\": \"double\", \"unsigned\": true, \"defaultTo\": null, \"notNullable\": false}], \"indexes\": [{\"name\": \"strapi_workflows_stages_workflow_lnk_fk\", \"columns\": [\"workflow_stage_id\"]}, {\"name\": \"strapi_workflows_stages_workflow_lnk_ifk\", \"columns\": [\"workflow_id\"]}, {\"name\": \"strapi_workflows_stages_workflow_lnk_uq\", \"type\": \"unique\", \"columns\": [\"workflow_stage_id\", \"workflow_id\"]}, {\"name\": \"strapi_workflows_stages_workflow_lnk_oifk\", \"columns\": [\"workflow_stage_ord\"]}], \"foreignKeys\": [{\"name\": \"strapi_workflows_stages_workflow_lnk_fk\", \"columns\": [\"workflow_stage_id\"], \"onDelete\": \"CASCADE\", \"referencedTable\": \"strapi_workflows_stages\", \"referencedColumns\": [\"id\"]}, {\"name\": \"strapi_workflows_stages_workflow_lnk_ifk\", \"columns\": [\"workflow_id\"], \"onDelete\": \"CASCADE\", \"referencedTable\": \"strapi_workflows\", \"referencedColumns\": [\"id\"]}]}, {\"name\": \"strapi_workflows_stages_permissions_lnk\", \"columns\": [{\"args\": [{\"primary\": true, \"primaryKey\": true}], \"name\": \"id\", \"type\": \"increments\", \"unsigned\": false, \"defaultTo\": null, \"notNullable\": true}, {\"args\": [], \"name\": \"workflow_stage_id\", \"type\": \"integer\", \"unsigned\": true, \"defaultTo\": null, \"notNullable\": false}, {\"args\": [], \"name\": \"permission_id\", \"type\": \"integer\", \"unsigned\": true, \"defaultTo\": null, \"notNullable\": false}, {\"args\": [], \"name\": \"permission_ord\", \"type\": \"double\", \"unsigned\": true, \"defaultTo\": null, \"notNullable\": false}], \"indexes\": [{\"name\": \"strapi_workflows_stages_permissions_lnk_fk\", \"columns\": [\"workflow_stage_id\"]}, {\"name\": \"strapi_workflows_stages_permissions_lnk_ifk\", \"columns\": [\"permission_id\"]}, {\"name\": \"strapi_workflows_stages_permissions_lnk_uq\", \"type\": \"unique\", \"columns\": [\"workflow_stage_id\", \"permission_id\"]}, {\"name\": \"strapi_workflows_stages_permissions_lnk_ofk\", \"columns\": [\"permission_ord\"]}], \"foreignKeys\": [{\"name\": \"strapi_workflows_stages_permissions_lnk_fk\", \"columns\": [\"workflow_stage_id\"], \"onDelete\": \"CASCADE\", \"referencedTable\": \"strapi_workflows_stages\", \"referencedColumns\": [\"id\"]}, {\"name\": \"strapi_workflows_stages_permissions_lnk_ifk\", \"columns\": [\"permission_id\"], \"onDelete\": \"CASCADE\", \"referencedTable\": \"admin_permissions\", \"referencedColumns\": [\"id\"]}]}, {\"name\": \"up_permissions_role_lnk\", \"columns\": [{\"args\": [{\"primary\": true, \"primaryKey\": true}], \"name\": \"id\", \"type\": \"increments\", \"unsigned\": false, \"defaultTo\": null, \"notNullable\": true}, {\"args\": [], \"name\": \"permission_id\", \"type\": \"integer\", \"unsigned\": true, \"defaultTo\": null, \"notNullable\": false}, {\"args\": [], \"name\": \"role_id\", \"type\": \"integer\", \"unsigned\": true, \"defaultTo\": null, \"notNullable\": false}, {\"args\": [], \"name\": \"permission_ord\", \"type\": \"double\", \"unsigned\": true, \"defaultTo\": null, \"notNullable\": false}], \"indexes\": [{\"name\": \"up_permissions_role_lnk_fk\", \"columns\": [\"permission_id\"]}, {\"name\": \"up_permissions_role_lnk_ifk\", \"columns\": [\"role_id\"]}, {\"name\": \"up_permissions_role_lnk_uq\", \"type\": \"unique\", \"columns\": [\"permission_id\", \"role_id\"]}, {\"name\": \"up_permissions_role_lnk_oifk\", \"columns\": [\"permission_ord\"]}], \"foreignKeys\": [{\"name\": \"up_permissions_role_lnk_fk\", \"columns\": [\"permission_id\"], \"onDelete\": \"CASCADE\", \"referencedTable\": \"up_permissions\", \"referencedColumns\": [\"id\"]}, {\"name\": \"up_permissions_role_lnk_ifk\", \"columns\": [\"role_id\"], \"onDelete\": \"CASCADE\", \"referencedTable\": \"up_roles\", \"referencedColumns\": [\"id\"]}]}, {\"name\": \"up_users_role_lnk\", \"columns\": [{\"args\": [{\"primary\": true, \"primaryKey\": true}], \"name\": \"id\", \"type\": \"increments\", \"unsigned\": false, \"defaultTo\": null, \"notNullable\": true}, {\"args\": [], \"name\": \"user_id\", \"type\": \"integer\", \"unsigned\": true, \"defaultTo\": null, \"notNullable\": false}, {\"args\": [], \"name\": \"role_id\", \"type\": \"integer\", \"unsigned\": true, \"defaultTo\": null, \"notNullable\": false}, {\"args\": [], \"name\": \"user_ord\", \"type\": \"double\", \"unsigned\": true, \"defaultTo\": null, \"notNullable\": false}], \"indexes\": [{\"name\": \"up_users_role_lnk_fk\", \"columns\": [\"user_id\"]}, {\"name\": \"up_users_role_lnk_ifk\", \"columns\": [\"role_id\"]}, {\"name\": \"up_users_role_lnk_uq\", \"type\": \"unique\", \"columns\": [\"user_id\", \"role_id\"]}, {\"name\": \"up_users_role_lnk_oifk\", \"columns\": [\"user_ord\"]}], \"foreignKeys\": [{\"name\": \"up_users_role_lnk_fk\", \"columns\": [\"user_id\"], \"onDelete\": \"CASCADE\", \"referencedTable\": \"up_users\", \"referencedColumns\": [\"id\"]}, {\"name\": \"up_users_role_lnk_ifk\", \"columns\": [\"role_id\"], \"onDelete\": \"CASCADE\", \"referencedTable\": \"up_roles\", \"referencedColumns\": [\"id\"]}]}, {\"name\": \"achievement_field_defs_achievement_field_value_id_lnk\", \"columns\": [{\"args\": [{\"primary\": true, \"primaryKey\": true}], \"name\": \"id\", \"type\": \"increments\", \"unsigned\": false, \"defaultTo\": null, \"notNullable\": true}, {\"args\": [], \"name\": \"achievement_field_def_id\", \"type\": \"integer\", \"unsigned\": true, \"defaultTo\": null, \"notNullable\": false}, {\"args\": [], \"name\": \"achievement_field_value_id\", \"type\": \"integer\", \"unsigned\": true, \"defaultTo\": null, \"notNullable\": false}], \"indexes\": [{\"name\": \"achievement_field_defs_achievement_field_value_feb9f_fk\", \"columns\": [\"achievement_field_def_id\"]}, {\"name\": \"achievement_field_defs_achievement_field_valuefeb9f_ifk\", \"columns\": [\"achievement_field_value_id\"]}, {\"name\": \"achievement_field_defs_achievement_field_value_feb9f_uq\", \"type\": \"unique\", \"columns\": [\"achievement_field_def_id\", \"achievement_field_value_id\"]}], \"foreignKeys\": [{\"name\": \"achievement_field_defs_achievement_field_value_feb9f_fk\", \"columns\": [\"achievement_field_def_id\"], \"onDelete\": \"CASCADE\", \"referencedTable\": \"achievement_field_defs\", \"referencedColumns\": [\"id\"]}, {\"name\": \"achievement_field_defs_achievement_field_valuefeb9f_ifk\", \"columns\": [\"achievement_field_value_id\"], \"onDelete\": \"CASCADE\", \"referencedTable\": \"achievement_field_values\", \"referencedColumns\": [\"id\"]}]}, {\"name\": \"achievement_field_defs_achievement_type_id_lnk\", \"columns\": [{\"args\": [{\"primary\": true, \"primaryKey\": true}], \"name\": \"id\", \"type\": \"increments\", \"unsigned\": false, \"defaultTo\": null, \"notNullable\": true}, {\"args\": [], \"name\": \"achievement_field_def_id\", \"type\": \"integer\", \"unsigned\": true, \"defaultTo\": null, \"notNullable\": false}, {\"args\": [], \"name\": \"achievement_type_id\", \"type\": \"integer\", \"unsigned\": true, \"defaultTo\": null, \"notNullable\": false}, {\"args\": [], \"name\": \"achievement_field_def_ord\", \"type\": \"double\", \"unsigned\": true, \"defaultTo\": null, \"notNullable\": false}], \"indexes\": [{\"name\": \"achievement_field_defs_achievement_type_id_lnk_fk\", \"columns\": [\"achievement_field_def_id\"]}, {\"name\": \"achievement_field_defs_achievement_type_id_lnk_ifk\", \"columns\": [\"achievement_type_id\"]}, {\"name\": \"achievement_field_defs_achievement_type_id_lnk_uq\", \"type\": \"unique\", \"columns\": [\"achievement_field_def_id\", \"achievement_type_id\"]}, {\"name\": \"achievement_field_defs_achievement_type_id_lnk_oifk\", \"columns\": [\"achievement_field_def_ord\"]}], \"foreignKeys\": [{\"name\": \"achievement_field_defs_achievement_type_id_lnk_fk\", \"columns\": [\"achievement_field_def_id\"], \"onDelete\": \"CASCADE\", \"referencedTable\": \"achievement_field_defs\", \"referencedColumns\": [\"id\"]}, {\"name\": \"achievement_field_defs_achievement_type_id_lnk_ifk\", \"columns\": [\"achievement_type_id\"], \"onDelete\": \"CASCADE\", \"referencedTable\": \"achievement_types\", \"referencedColumns\": [\"id\"]}]}, {\"name\": \"achievement_field_values_achievement_id_lnk\", \"columns\": [{\"args\": [{\"primary\": true, \"primaryKey\": true}], \"name\": \"id\", \"type\": \"increments\", \"unsigned\": false, \"defaultTo\": null, \"notNullable\": true}, {\"args\": [], \"name\": \"achievement_field_value_id\", \"type\": \"integer\", \"unsigned\": true, \"defaultTo\": null, \"notNullable\": false}, {\"args\": [], \"name\": \"achievement_main_id\", \"type\": \"integer\", \"unsigned\": true, \"defaultTo\": null, \"notNullable\": false}, {\"args\": [], \"name\": \"achievement_field_value_ord\", \"type\": \"double\", \"unsigned\": true, \"defaultTo\": null, \"notNullable\": false}], \"indexes\": [{\"name\": \"achievement_field_values_achievement_id_lnk_fk\", \"columns\": [\"achievement_field_value_id\"]}, {\"name\": \"achievement_field_values_achievement_id_lnk_ifk\", \"columns\": [\"achievement_main_id\"]}, {\"name\": \"achievement_field_values_achievement_id_lnk_uq\", \"type\": \"unique\", \"columns\": [\"achievement_field_value_id\", \"achievement_main_id\"]}, {\"name\": \"achievement_field_values_achievement_id_lnk_oifk\", \"columns\": [\"achievement_field_value_ord\"]}], \"foreignKeys\": [{\"name\": \"achievement_field_values_achievement_id_lnk_fk\", \"columns\": [\"achievement_field_value_id\"], \"onDelete\": \"CASCADE\", \"referencedTable\": \"achievement_field_values\", \"referencedColumns\": [\"id\"]}, {\"name\": \"achievement_field_values_achievement_id_lnk_ifk\", \"columns\": [\"achievement_main_id\"], \"onDelete\": \"CASCADE\", \"referencedTable\": \"achievement_mains\", \"referencedColumns\": [\"id\"]}]}, {\"name\": \"achievement_files_achievement_main_id_lnk\", \"columns\": [{\"args\": [{\"primary\": true, \"primaryKey\": true}], \"name\": \"id\", \"type\": \"increments\", \"unsigned\": false, \"defaultTo\": null, \"notNullable\": true}, {\"args\": [], \"name\": \"achievement_file_id\", \"type\": \"integer\", \"unsigned\": true, \"defaultTo\": null, \"notNullable\": false}, {\"args\": [], \"name\": \"achievement_main_id\", \"type\": \"integer\", \"unsigned\": true, \"defaultTo\": null, \"notNullable\": false}, {\"args\": [], \"name\": \"achievement_file_ord\", \"type\": \"double\", \"unsigned\": true, \"defaultTo\": null, \"notNullable\": false}], \"indexes\": [{\"name\": \"achievement_files_achievement_main_id_lnk_fk\", \"columns\": [\"achievement_file_id\"]}, {\"name\": \"achievement_files_achievement_main_id_lnk_ifk\", \"columns\": [\"achievement_main_id\"]}, {\"name\": \"achievement_files_achievement_main_id_lnk_uq\", \"type\": \"unique\", \"columns\": [\"achievement_file_id\", \"achievement_main_id\"]}, {\"name\": \"achievement_files_achievement_main_id_lnk_oifk\", \"columns\": [\"achievement_file_ord\"]}], \"foreignKeys\": [{\"name\": \"achievement_files_achievement_main_id_lnk_fk\", \"columns\": [\"achievement_file_id\"], \"onDelete\": \"CASCADE\", \"referencedTable\": \"achievement_files\", \"referencedColumns\": [\"id\"]}, {\"name\": \"achievement_files_achievement_main_id_lnk_ifk\", \"columns\": [\"achievement_main_id\"], \"onDelete\": \"CASCADE\", \"referencedTable\": \"achievement_mains\", \"referencedColumns\": [\"id\"]}]}, {\"name\": \"achievement_mains_achievement_type_id_lnk\", \"columns\": [{\"args\": [{\"primary\": true, \"primaryKey\": true}], \"name\": \"id\", \"type\": \"increments\", \"unsigned\": false, \"defaultTo\": null, \"notNullable\": true}, {\"args\": [], \"name\": \"achievement_main_id\", \"type\": \"integer\", \"unsigned\": true, \"defaultTo\": null, \"notNullable\": false}, {\"args\": [], \"name\": \"achievement_type_id\", \"type\": \"integer\", \"unsigned\": true, \"defaultTo\": null, \"notNullable\": false}, {\"args\": [], \"name\": \"achievement_main_ord\", \"type\": \"double\", \"unsigned\": true, \"defaultTo\": null, \"notNullable\": false}], \"indexes\": [{\"name\": \"achievement_mains_achievement_type_id_lnk_fk\", \"columns\": [\"achievement_main_id\"]}, {\"name\": \"achievement_mains_achievement_type_id_lnk_ifk\", \"columns\": [\"achievement_type_id\"]}, {\"name\": \"achievement_mains_achievement_type_id_lnk_uq\", \"type\": \"unique\", \"columns\": [\"achievement_main_id\", \"achievement_type_id\"]}, {\"name\": \"achievement_mains_achievement_type_id_lnk_oifk\", \"columns\": [\"achievement_main_ord\"]}], \"foreignKeys\": [{\"name\": \"achievement_mains_achievement_type_id_lnk_fk\", \"columns\": [\"achievement_main_id\"], \"onDelete\": \"CASCADE\", \"referencedTable\": \"achievement_mains\", \"referencedColumns\": [\"id\"]}, {\"name\": \"achievement_mains_achievement_type_id_lnk_ifk\", \"columns\": [\"achievement_type_id\"], \"onDelete\": \"CASCADE\", \"referencedTable\": \"achievement_types\", \"referencedColumns\": [\"id\"]}]}, {\"name\": \"articles_author_lnk\", \"columns\": [{\"args\": [{\"primary\": true, \"primaryKey\": true}], \"name\": \"id\", \"type\": \"increments\", \"unsigned\": false, \"defaultTo\": null, \"notNullable\": true}, {\"args\": [], \"name\": \"article_id\", \"type\": \"integer\", \"unsigned\": true, \"defaultTo\": null, \"notNullable\": false}, {\"args\": [], \"name\": \"author_id\", \"type\": \"integer\", \"unsigned\": true, \"defaultTo\": null, \"notNullable\": false}, {\"args\": [], \"name\": \"article_ord\", \"type\": \"double\", \"unsigned\": true, \"defaultTo\": null, \"notNullable\": false}], \"indexes\": [{\"name\": \"articles_author_lnk_fk\", \"columns\": [\"article_id\"]}, {\"name\": \"articles_author_lnk_ifk\", \"columns\": [\"author_id\"]}, {\"name\": \"articles_author_lnk_uq\", \"type\": \"unique\", \"columns\": [\"article_id\", \"author_id\"]}, {\"name\": \"articles_author_lnk_oifk\", \"columns\": [\"article_ord\"]}], \"foreignKeys\": [{\"name\": \"articles_author_lnk_fk\", \"columns\": [\"article_id\"], \"onDelete\": \"CASCADE\", \"referencedTable\": \"articles\", \"referencedColumns\": [\"id\"]}, {\"name\": \"articles_author_lnk_ifk\", \"columns\": [\"author_id\"], \"onDelete\": \"CASCADE\", \"referencedTable\": \"authors\", \"referencedColumns\": [\"id\"]}]}, {\"name\": \"articles_category_lnk\", \"columns\": [{\"args\": [{\"primary\": true, \"primaryKey\": true}], \"name\": \"id\", \"type\": \"increments\", \"unsigned\": false, \"defaultTo\": null, \"notNullable\": true}, {\"args\": [], \"name\": \"article_id\", \"type\": \"integer\", \"unsigned\": true, \"defaultTo\": null, \"notNullable\": false}, {\"args\": [], \"name\": \"category_id\", \"type\": \"integer\", \"unsigned\": true, \"defaultTo\": null, \"notNullable\": false}, {\"args\": [], \"name\": \"article_ord\", \"type\": \"double\", \"unsigned\": true, \"defaultTo\": null, \"notNullable\": false}], \"indexes\": [{\"name\": \"articles_category_lnk_fk\", \"columns\": [\"article_id\"]}, {\"name\": \"articles_category_lnk_ifk\", \"columns\": [\"category_id\"]}, {\"name\": \"articles_category_lnk_uq\", \"type\": \"unique\", \"columns\": [\"article_id\", \"category_id\"]}, {\"name\": \"articles_category_lnk_oifk\", \"columns\": [\"article_ord\"]}], \"foreignKeys\": [{\"name\": \"articles_category_lnk_fk\", \"columns\": [\"article_id\"], \"onDelete\": \"CASCADE\", \"referencedTable\": \"articles\", \"referencedColumns\": [\"id\"]}, {\"name\": \"articles_category_lnk_ifk\", \"columns\": [\"category_id\"], \"onDelete\": \"CASCADE\", \"referencedTable\": \"categories\", \"referencedColumns\": [\"id\"]}]}, {\"name\": \"admin_permissions_role_lnk\", \"columns\": [{\"args\": [{\"primary\": true, \"primaryKey\": true}], \"name\": \"id\", \"type\": \"increments\", \"unsigned\": false, \"defaultTo\": null, \"notNullable\": true}, {\"args\": [], \"name\": \"permission_id\", \"type\": \"integer\", \"unsigned\": true, \"defaultTo\": null, \"notNullable\": false}, {\"args\": [], \"name\": \"role_id\", \"type\": \"integer\", \"unsigned\": true, \"defaultTo\": null, \"notNullable\": false}, {\"args\": [], \"name\": \"permission_ord\", \"type\": \"double\", \"unsigned\": true, \"defaultTo\": null, \"notNullable\": false}], \"indexes\": [{\"name\": \"admin_permissions_role_lnk_fk\", \"columns\": [\"permission_id\"]}, {\"name\": \"admin_permissions_role_lnk_ifk\", \"columns\": [\"role_id\"]}, {\"name\": \"admin_permissions_role_lnk_uq\", \"type\": \"unique\", \"columns\": [\"permission_id\", \"role_id\"]}, {\"name\": \"admin_permissions_role_lnk_oifk\", \"columns\": [\"permission_ord\"]}], \"foreignKeys\": [{\"name\": \"admin_permissions_role_lnk_fk\", \"columns\": [\"permission_id\"], \"onDelete\": \"CASCADE\", \"referencedTable\": \"admin_permissions\", \"referencedColumns\": [\"id\"]}, {\"name\": \"admin_permissions_role_lnk_ifk\", \"columns\": [\"role_id\"], \"onDelete\": \"CASCADE\", \"referencedTable\": \"admin_roles\", \"referencedColumns\": [\"id\"]}]}, {\"name\": \"admin_users_roles_lnk\", \"columns\": [{\"args\": [{\"primary\": true, \"primaryKey\": true}], \"name\": \"id\", \"type\": \"increments\", \"unsigned\": false, \"defaultTo\": null, \"notNullable\": true}, {\"args\": [], \"name\": \"user_id\", \"type\": \"integer\", \"unsigned\": true, \"defaultTo\": null, \"notNullable\": false}, {\"args\": [], \"name\": \"role_id\", \"type\": \"integer\", \"unsigned\": true, \"defaultTo\": null, \"notNullable\": false}, {\"args\": [], \"name\": \"role_ord\", \"type\": \"double\", \"unsigned\": true, \"defaultTo\": null, \"notNullable\": false}, {\"args\": [], \"name\": \"user_ord\", \"type\": \"double\", \"unsigned\": true, \"defaultTo\": null, \"notNullable\": false}], \"indexes\": [{\"name\": \"admin_users_roles_lnk_fk\", \"columns\": [\"user_id\"]}, {\"name\": \"admin_users_roles_lnk_ifk\", \"columns\": [\"role_id\"]}, {\"name\": \"admin_users_roles_lnk_uq\", \"type\": \"unique\", \"columns\": [\"user_id\", \"role_id\"]}, {\"name\": \"admin_users_roles_lnk_ofk\", \"columns\": [\"role_ord\"]}, {\"name\": \"admin_users_roles_lnk_oifk\", \"columns\": [\"user_ord\"]}], \"foreignKeys\": [{\"name\": \"admin_users_roles_lnk_fk\", \"columns\": [\"user_id\"], \"onDelete\": \"CASCADE\", \"referencedTable\": \"admin_users\", \"referencedColumns\": [\"id\"]}, {\"name\": \"admin_users_roles_lnk_ifk\", \"columns\": [\"role_id\"], \"onDelete\": \"CASCADE\", \"referencedTable\": \"admin_roles\", \"referencedColumns\": [\"id\"]}]}, {\"name\": \"strapi_api_token_permissions_token_lnk\", \"columns\": [{\"args\": [{\"primary\": true, \"primaryKey\": true}], \"name\": \"id\", \"type\": \"increments\", \"unsigned\": false, \"defaultTo\": null, \"notNullable\": true}, {\"args\": [], \"name\": \"api_token_permission_id\", \"type\": \"integer\", \"unsigned\": true, \"defaultTo\": null, \"notNullable\": false}, {\"args\": [], \"name\": \"api_token_id\", \"type\": \"integer\", \"unsigned\": true, \"defaultTo\": null, \"notNullable\": false}, {\"args\": [], \"name\": \"api_token_permission_ord\", \"type\": \"double\", \"unsigned\": true, \"defaultTo\": null, \"notNullable\": false}], \"indexes\": [{\"name\": \"strapi_api_token_permissions_token_lnk_fk\", \"columns\": [\"api_token_permission_id\"]}, {\"name\": \"strapi_api_token_permissions_token_lnk_ifk\", \"columns\": [\"api_token_id\"]}, {\"name\": \"strapi_api_token_permissions_token_lnk_uq\", \"type\": \"unique\", \"columns\": [\"api_token_permission_id\", \"api_token_id\"]}, {\"name\": \"strapi_api_token_permissions_token_lnk_oifk\", \"columns\": [\"api_token_permission_ord\"]}], \"foreignKeys\": [{\"name\": \"strapi_api_token_permissions_token_lnk_fk\", \"columns\": [\"api_token_permission_id\"], \"onDelete\": \"CASCADE\", \"referencedTable\": \"strapi_api_token_permissions\", \"referencedColumns\": [\"id\"]}, {\"name\": \"strapi_api_token_permissions_token_lnk_ifk\", \"columns\": [\"api_token_id\"], \"onDelete\": \"CASCADE\", \"referencedTable\": \"strapi_api_tokens\", \"referencedColumns\": [\"id\"]}]}, {\"name\": \"strapi_transfer_token_permissions_token_lnk\", \"columns\": [{\"args\": [{\"primary\": true, \"primaryKey\": true}], \"name\": \"id\", \"type\": \"increments\", \"unsigned\": false, \"defaultTo\": null, \"notNullable\": true}, {\"args\": [], \"name\": \"transfer_token_permission_id\", \"type\": \"integer\", \"unsigned\": true, \"defaultTo\": null, \"notNullable\": false}, {\"args\": [], \"name\": \"transfer_token_id\", \"type\": \"integer\", \"unsigned\": true, \"defaultTo\": null, \"notNullable\": false}, {\"args\": [], \"name\": \"transfer_token_permission_ord\", \"type\": \"double\", \"unsigned\": true, \"defaultTo\": null, \"notNullable\": false}], \"indexes\": [{\"name\": \"strapi_transfer_token_permissions_token_lnk_fk\", \"columns\": [\"transfer_token_permission_id\"]}, {\"name\": \"strapi_transfer_token_permissions_token_lnk_ifk\", \"columns\": [\"transfer_token_id\"]}, {\"name\": \"strapi_transfer_token_permissions_token_lnk_uq\", \"type\": \"unique\", \"columns\": [\"transfer_token_permission_id\", \"transfer_token_id\"]}, {\"name\": \"strapi_transfer_token_permissions_token_lnk_oifk\", \"columns\": [\"transfer_token_permission_ord\"]}], \"foreignKeys\": [{\"name\": \"strapi_transfer_token_permissions_token_lnk_fk\", \"columns\": [\"transfer_token_permission_id\"], \"onDelete\": \"CASCADE\", \"referencedTable\": \"strapi_transfer_token_permissions\", \"referencedColumns\": [\"id\"]}, {\"name\": \"strapi_transfer_token_permissions_token_lnk_ifk\", \"columns\": [\"transfer_token_id\"], \"onDelete\": \"CASCADE\", \"referencedTable\": \"strapi_transfer_tokens\", \"referencedColumns\": [\"id\"]}]}]}', '2026-01-25 00:00:11', '7107743d3de639c74017f7e71da4abcc5428f0509f20f7b513e0ae216b7b2a56');
COMMIT;

-- ----------------------------
-- Table structure for strapi_history_versions
-- ----------------------------
DROP TABLE IF EXISTS `strapi_history_versions`;
CREATE TABLE `strapi_history_versions` (
  `id` int unsigned NOT NULL AUTO_INCREMENT,
  `content_type` varchar(255) CHARACTER SET utf8mb3 COLLATE utf8mb3_general_ci NOT NULL,
  `related_document_id` varchar(255) CHARACTER SET utf8mb3 COLLATE utf8mb3_general_ci DEFAULT NULL,
  `locale` varchar(255) CHARACTER SET utf8mb3 COLLATE utf8mb3_general_ci DEFAULT NULL,
  `status` varchar(255) CHARACTER SET utf8mb3 COLLATE utf8mb3_general_ci DEFAULT NULL,
  `data` json DEFAULT NULL,
  `schema` json DEFAULT NULL,
  `created_at` datetime(6) DEFAULT NULL,
  `created_by_id` int unsigned DEFAULT NULL,
  PRIMARY KEY (`id`) USING BTREE,
  KEY `strapi_history_versions_created_by_id_fk` (`created_by_id`) USING BTREE,
  CONSTRAINT `strapi_history_versions_created_by_id_fk` FOREIGN KEY (`created_by_id`) REFERENCES `admin_users` (`id`) ON DELETE SET NULL ON UPDATE RESTRICT
) ENGINE=InnoDB AUTO_INCREMENT=19 DEFAULT CHARSET=utf8mb3 ROW_FORMAT=DYNAMIC;

-- ----------------------------
-- Records of strapi_history_versions
-- ----------------------------
BEGIN;
INSERT INTO `strapi_history_versions` (`id`, `content_type`, `related_document_id`, `locale`, `status`, `data`, `schema`, `created_at`, `created_by_id`) VALUES (1, 'api::achievement-type.achievement-type', 'u80hojhjvjojx39frhn7gbq7', NULL, 'published', '{\"id\": 1, \"locale\": null, \"is_delete\": 0, \"type_code\": \"paper\", \"type_name\": \"论文\", \"documentId\": \"u80hojhjvjojx39frhn7gbq7\", \"description\": \"成果物类型为论文\", \"achievement_mains_id\": [], \"achievement_field_defs_id\": []}', '{\"locale\": {\"type\": \"string\", \"private\": true, \"visible\": false, \"writable\": true, \"configurable\": false}, \"is_delete\": {\"max\": 1, \"min\": 0, \"type\": \"integer\", \"default\": 0, \"required\": true}, \"type_code\": {\"type\": \"string\", \"unique\": true, \"required\": true}, \"type_name\": {\"type\": \"string\", \"unique\": true, \"required\": true}, \"description\": {\"type\": \"text\"}, \"localizations\": {\"type\": \"relation\", \"target\": \"api::achievement-type.achievement-type\", \"private\": true, \"visible\": false, \"relation\": \"oneToMany\", \"writable\": false, \"joinColumn\": {\"name\": \"document_id\", \"referencedTable\": \"achievement_types\", \"referencedColumn\": \"document_id\"}, \"configurable\": false, \"unstable_virtual\": true}, \"achievement_mains_id\": {\"type\": \"relation\", \"target\": \"api::achievement-main.achievement-main\", \"mappedBy\": \"achievement_type_id\", \"relation\": \"oneToMany\"}, \"achievement_field_defs_id\": {\"type\": \"relation\", \"target\": \"api::achievement-field-def.achievement-field-def\", \"mappedBy\": \"achievement_type_id\", \"relation\": \"oneToMany\"}}', '2025-12-04 10:28:59.539000', 1);
INSERT INTO `strapi_history_versions` (`id`, `content_type`, `related_document_id`, `locale`, `status`, `data`, `schema`, `created_at`, `created_by_id`) VALUES (2, 'api::achievement-type.achievement-type', 'u80hojhjvjojx39frhn7gbq7', NULL, 'published', '{\"id\": 1, \"locale\": null, \"is_delete\": 0, \"type_code\": \"paper\", \"type_name\": \"论文\", \"documentId\": \"u80hojhjvjojx39frhn7gbq7\", \"description\": \"成果物类型为论文\", \"achievement_mains_id\": [], \"achievement_field_defs_id\": []}', '{\"locale\": {\"type\": \"string\", \"private\": true, \"visible\": false, \"writable\": true, \"configurable\": false}, \"is_delete\": {\"max\": 1, \"min\": 0, \"type\": \"integer\", \"default\": 0, \"required\": true}, \"type_code\": {\"type\": \"string\", \"unique\": true, \"required\": true}, \"type_name\": {\"type\": \"string\", \"unique\": true, \"required\": true}, \"description\": {\"type\": \"text\"}, \"localizations\": {\"type\": \"relation\", \"target\": \"api::achievement-type.achievement-type\", \"private\": true, \"visible\": false, \"relation\": \"oneToMany\", \"writable\": false, \"joinColumn\": {\"name\": \"document_id\", \"referencedTable\": \"achievement_types\", \"referencedColumn\": \"document_id\"}, \"configurable\": false, \"unstable_virtual\": true}, \"achievement_mains_id\": {\"type\": \"relation\", \"target\": \"api::achievement-main.achievement-main\", \"mappedBy\": \"achievement_type_id\", \"relation\": \"oneToMany\"}, \"achievement_field_defs_id\": {\"type\": \"relation\", \"target\": \"api::achievement-field-def.achievement-field-def\", \"mappedBy\": \"achievement_type_id\", \"relation\": \"oneToMany\"}}', '2025-12-04 10:28:59.541000', 1);
INSERT INTO `strapi_history_versions` (`id`, `content_type`, `related_document_id`, `locale`, `status`, `data`, `schema`, `created_at`, `created_by_id`) VALUES (3, 'api::achievement-field-def.achievement-field-def', 'xeh44d8sskr4ruv99pmc04ax', NULL, 'published', '{\"id\": 1, \"locale\": null, \"is_delete\": 0, \"documentId\": \"xeh44d8sskr4ruv99pmc04ax\", \"field_code\": \"paper_name\", \"field_name\": \"论文名称\", \"field_type\": \"text\", \"description\": null, \"is_required\": 0, \"achievement_type_id\": {\"locale\": null, \"documentId\": \"u80hojhjvjojx39frhn7gbq7\", \"publishedAt\": null}, \"achievement_field_value_id\": null}', '{\"locale\": {\"type\": \"string\", \"private\": true, \"visible\": false, \"writable\": true, \"configurable\": false}, \"is_delete\": {\"max\": 1, \"min\": 0, \"type\": \"integer\", \"default\": 0, \"required\": true}, \"field_code\": {\"type\": \"string\", \"required\": true}, \"field_name\": {\"type\": \"string\", \"required\": true}, \"field_type\": {\"type\": \"string\", \"required\": true}, \"description\": {\"type\": \"text\"}, \"is_required\": {\"max\": 1, \"min\": 0, \"type\": \"integer\", \"default\": 1, \"required\": true}, \"localizations\": {\"type\": \"relation\", \"target\": \"api::achievement-field-def.achievement-field-def\", \"private\": true, \"visible\": false, \"relation\": \"oneToMany\", \"writable\": false, \"joinColumn\": {\"name\": \"document_id\", \"referencedTable\": \"achievement_field_defs\", \"referencedColumn\": \"document_id\"}, \"configurable\": false, \"unstable_virtual\": true}, \"achievement_type_id\": {\"type\": \"relation\", \"target\": \"api::achievement-type.achievement-type\", \"relation\": \"manyToOne\", \"inversedBy\": \"achievement_field_defs_id\"}, \"achievement_field_value_id\": {\"type\": \"relation\", \"target\": \"api::achievement-field-value.achievement-field-value\", \"relation\": \"oneToOne\", \"inversedBy\": \"achievement_field_def_id\"}}', '2025-12-04 10:29:56.512000', 1);
INSERT INTO `strapi_history_versions` (`id`, `content_type`, `related_document_id`, `locale`, `status`, `data`, `schema`, `created_at`, `created_by_id`) VALUES (4, 'api::achievement-field-def.achievement-field-def', 'xeh44d8sskr4ruv99pmc04ax', NULL, 'published', '{\"id\": 1, \"locale\": null, \"is_delete\": 0, \"documentId\": \"xeh44d8sskr4ruv99pmc04ax\", \"field_code\": \"paper_name\", \"field_name\": \"论文名称\", \"field_type\": \"text\", \"description\": null, \"is_required\": 0, \"achievement_type_id\": {\"locale\": null, \"documentId\": \"u80hojhjvjojx39frhn7gbq7\", \"publishedAt\": null}, \"achievement_field_value_id\": null}', '{\"locale\": {\"type\": \"string\", \"private\": true, \"visible\": false, \"writable\": true, \"configurable\": false}, \"is_delete\": {\"max\": 1, \"min\": 0, \"type\": \"integer\", \"default\": 0, \"required\": true}, \"field_code\": {\"type\": \"string\", \"required\": true}, \"field_name\": {\"type\": \"string\", \"required\": true}, \"field_type\": {\"type\": \"string\", \"required\": true}, \"description\": {\"type\": \"text\"}, \"is_required\": {\"max\": 1, \"min\": 0, \"type\": \"integer\", \"default\": 1, \"required\": true}, \"localizations\": {\"type\": \"relation\", \"target\": \"api::achievement-field-def.achievement-field-def\", \"private\": true, \"visible\": false, \"relation\": \"oneToMany\", \"writable\": false, \"joinColumn\": {\"name\": \"document_id\", \"referencedTable\": \"achievement_field_defs\", \"referencedColumn\": \"document_id\"}, \"configurable\": false, \"unstable_virtual\": true}, \"achievement_type_id\": {\"type\": \"relation\", \"target\": \"api::achievement-type.achievement-type\", \"relation\": \"manyToOne\", \"inversedBy\": \"achievement_field_defs_id\"}, \"achievement_field_value_id\": {\"type\": \"relation\", \"target\": \"api::achievement-field-value.achievement-field-value\", \"relation\": \"oneToOne\", \"inversedBy\": \"achievement_field_def_id\"}}', '2025-12-04 10:29:56.514000', 1);
INSERT INTO `strapi_history_versions` (`id`, `content_type`, `related_document_id`, `locale`, `status`, `data`, `schema`, `created_at`, `created_by_id`) VALUES (5, 'api::achievement-field-def.achievement-field-def', 'agoears0sqxpnb7b6xbg5q90', NULL, 'published', '{\"id\": 3, \"locale\": null, \"is_delete\": 0, \"documentId\": \"agoears0sqxpnb7b6xbg5q90\", \"field_code\": \"paper_author1\", \"field_name\": \"论文第一作者\", \"field_type\": \"text\", \"description\": \"该篇论文的第一作者\", \"is_required\": 0, \"achievement_type_id\": {\"locale\": null, \"documentId\": \"u80hojhjvjojx39frhn7gbq7\", \"publishedAt\": null}, \"achievement_field_value_id\": null}', '{\"locale\": {\"type\": \"string\", \"private\": true, \"visible\": false, \"writable\": true, \"configurable\": false}, \"is_delete\": {\"max\": 1, \"min\": 0, \"type\": \"integer\", \"default\": 0, \"required\": true}, \"field_code\": {\"type\": \"string\", \"required\": true}, \"field_name\": {\"type\": \"string\", \"required\": true}, \"field_type\": {\"type\": \"string\", \"required\": true}, \"description\": {\"type\": \"text\"}, \"is_required\": {\"max\": 1, \"min\": 0, \"type\": \"integer\", \"default\": 1, \"required\": true}, \"localizations\": {\"type\": \"relation\", \"target\": \"api::achievement-field-def.achievement-field-def\", \"private\": true, \"visible\": false, \"relation\": \"oneToMany\", \"writable\": false, \"joinColumn\": {\"name\": \"document_id\", \"referencedTable\": \"achievement_field_defs\", \"referencedColumn\": \"document_id\"}, \"configurable\": false, \"unstable_virtual\": true}, \"achievement_type_id\": {\"type\": \"relation\", \"target\": \"api::achievement-type.achievement-type\", \"relation\": \"manyToOne\", \"inversedBy\": \"achievement_field_defs_id\"}, \"achievement_field_value_id\": {\"type\": \"relation\", \"target\": \"api::achievement-field-value.achievement-field-value\", \"relation\": \"oneToOne\", \"inversedBy\": \"achievement_field_def_id\"}}', '2025-12-04 10:31:46.673000', 1);
INSERT INTO `strapi_history_versions` (`id`, `content_type`, `related_document_id`, `locale`, `status`, `data`, `schema`, `created_at`, `created_by_id`) VALUES (6, 'api::achievement-field-def.achievement-field-def', 'agoears0sqxpnb7b6xbg5q90', NULL, 'published', '{\"id\": 3, \"locale\": null, \"is_delete\": 0, \"documentId\": \"agoears0sqxpnb7b6xbg5q90\", \"field_code\": \"paper_author1\", \"field_name\": \"论文第一作者\", \"field_type\": \"text\", \"description\": \"该篇论文的第一作者\", \"is_required\": 0, \"achievement_type_id\": {\"locale\": null, \"documentId\": \"u80hojhjvjojx39frhn7gbq7\", \"publishedAt\": null}, \"achievement_field_value_id\": null}', '{\"locale\": {\"type\": \"string\", \"private\": true, \"visible\": false, \"writable\": true, \"configurable\": false}, \"is_delete\": {\"max\": 1, \"min\": 0, \"type\": \"integer\", \"default\": 0, \"required\": true}, \"field_code\": {\"type\": \"string\", \"required\": true}, \"field_name\": {\"type\": \"string\", \"required\": true}, \"field_type\": {\"type\": \"string\", \"required\": true}, \"description\": {\"type\": \"text\"}, \"is_required\": {\"max\": 1, \"min\": 0, \"type\": \"integer\", \"default\": 1, \"required\": true}, \"localizations\": {\"type\": \"relation\", \"target\": \"api::achievement-field-def.achievement-field-def\", \"private\": true, \"visible\": false, \"relation\": \"oneToMany\", \"writable\": false, \"joinColumn\": {\"name\": \"document_id\", \"referencedTable\": \"achievement_field_defs\", \"referencedColumn\": \"document_id\"}, \"configurable\": false, \"unstable_virtual\": true}, \"achievement_type_id\": {\"type\": \"relation\", \"target\": \"api::achievement-type.achievement-type\", \"relation\": \"manyToOne\", \"inversedBy\": \"achievement_field_defs_id\"}, \"achievement_field_value_id\": {\"type\": \"relation\", \"target\": \"api::achievement-field-value.achievement-field-value\", \"relation\": \"oneToOne\", \"inversedBy\": \"achievement_field_def_id\"}}', '2025-12-04 10:31:46.677000', 1);
INSERT INTO `strapi_history_versions` (`id`, `content_type`, `related_document_id`, `locale`, `status`, `data`, `schema`, `created_at`, `created_by_id`) VALUES (7, 'api::achievement-main.achievement-main', 'kashrvfxl0ohti6xt3cp96ug', NULL, 'published', '{\"id\": 1, \"title\": \"深度学习研究论文\", \"locale\": null, \"summary\": \"......................\", \"is_delete\": 0, \"documentId\": \"kashrvfxl0ohti6xt3cp96ug\", \"achievement_status\": \"PENDING\", \"achievement_type_id\": {\"locale\": null, \"documentId\": \"u80hojhjvjojx39frhn7gbq7\", \"publishedAt\": null}, \"achievement_field_value_id\": []}', '{\"title\": {\"type\": \"string\", \"required\": true, \"maxLength\": 255}, \"locale\": {\"type\": \"string\", \"private\": true, \"visible\": false, \"writable\": true, \"configurable\": false}, \"summary\": {\"type\": \"text\"}, \"is_delete\": {\"max\": 1, \"min\": 0, \"type\": \"integer\", \"default\": 0, \"required\": true}, \"localizations\": {\"type\": \"relation\", \"target\": \"api::achievement-main.achievement-main\", \"private\": true, \"visible\": false, \"relation\": \"oneToMany\", \"writable\": false, \"joinColumn\": {\"name\": \"document_id\", \"referencedTable\": \"achievement_mains\", \"referencedColumn\": \"document_id\"}, \"configurable\": false, \"unstable_virtual\": true}, \"achievement_status\": {\"enum\": [\"PENDING\", \"REVIEWING\", \"APPROVED\", \"REJECTED\", \"NEED_MODIFY\"], \"type\": \"enumeration\", \"default\": \"PENDING\", \"required\": true}, \"achievement_type_id\": {\"type\": \"relation\", \"target\": \"api::achievement-type.achievement-type\", \"relation\": \"manyToOne\", \"inversedBy\": \"achievement_mains_id\"}, \"achievement_field_value_id\": {\"type\": \"relation\", \"target\": \"api::achievement-field-value.achievement-field-value\", \"mappedBy\": \"achievement_id\", \"relation\": \"oneToMany\"}}', '2025-12-04 10:34:08.689000', 1);
INSERT INTO `strapi_history_versions` (`id`, `content_type`, `related_document_id`, `locale`, `status`, `data`, `schema`, `created_at`, `created_by_id`) VALUES (8, 'api::achievement-main.achievement-main', 'kashrvfxl0ohti6xt3cp96ug', NULL, 'published', '{\"id\": 1, \"title\": \"深度学习研究论文\", \"locale\": null, \"summary\": \"......................\", \"is_delete\": 0, \"documentId\": \"kashrvfxl0ohti6xt3cp96ug\", \"achievement_status\": \"PENDING\", \"achievement_type_id\": {\"locale\": null, \"documentId\": \"u80hojhjvjojx39frhn7gbq7\", \"publishedAt\": null}, \"achievement_field_value_id\": []}', '{\"title\": {\"type\": \"string\", \"required\": true, \"maxLength\": 255}, \"locale\": {\"type\": \"string\", \"private\": true, \"visible\": false, \"writable\": true, \"configurable\": false}, \"summary\": {\"type\": \"text\"}, \"is_delete\": {\"max\": 1, \"min\": 0, \"type\": \"integer\", \"default\": 0, \"required\": true}, \"localizations\": {\"type\": \"relation\", \"target\": \"api::achievement-main.achievement-main\", \"private\": true, \"visible\": false, \"relation\": \"oneToMany\", \"writable\": false, \"joinColumn\": {\"name\": \"document_id\", \"referencedTable\": \"achievement_mains\", \"referencedColumn\": \"document_id\"}, \"configurable\": false, \"unstable_virtual\": true}, \"achievement_status\": {\"enum\": [\"PENDING\", \"REVIEWING\", \"APPROVED\", \"REJECTED\", \"NEED_MODIFY\"], \"type\": \"enumeration\", \"default\": \"PENDING\", \"required\": true}, \"achievement_type_id\": {\"type\": \"relation\", \"target\": \"api::achievement-type.achievement-type\", \"relation\": \"manyToOne\", \"inversedBy\": \"achievement_mains_id\"}, \"achievement_field_value_id\": {\"type\": \"relation\", \"target\": \"api::achievement-field-value.achievement-field-value\", \"mappedBy\": \"achievement_id\", \"relation\": \"oneToMany\"}}', '2025-12-04 10:34:08.691000', 1);
INSERT INTO `strapi_history_versions` (`id`, `content_type`, `related_document_id`, `locale`, `status`, `data`, `schema`, `created_at`, `created_by_id`) VALUES (9, 'api::achievement-field-value.achievement-field-value', 'f4gfyu5laa8efvxajqpb15ok', NULL, 'published', '{\"id\": 1, \"locale\": null, \"is_delete\": 0, \"date_value\": null, \"documentId\": \"f4gfyu5laa8efvxajqpb15ok\", \"text_value\": \"关于........的学术论文\", \"email_value\": null, \"media_value\": null, \"number_value\": null, \"boolean_value\": null, \"achievement_id\": {\"locale\": null, \"documentId\": \"kashrvfxl0ohti6xt3cp96ug\", \"publishedAt\": null}, \"achievement_field_def_id\": {\"locale\": null, \"documentId\": \"xeh44d8sskr4ruv99pmc04ax\", \"publishedAt\": null}}', '{\"locale\": {\"type\": \"string\", \"private\": true, \"visible\": false, \"writable\": true, \"configurable\": false}, \"is_delete\": {\"max\": 1, \"min\": 0, \"type\": \"integer\", \"default\": 0, \"required\": true}, \"date_value\": {\"type\": \"date\"}, \"text_value\": {\"type\": \"string\"}, \"email_value\": {\"type\": \"email\"}, \"media_value\": {\"type\": \"media\", \"multiple\": true, \"allowedTypes\": [\"images\", \"files\", \"videos\", \"audios\"]}, \"number_value\": {\"type\": \"decimal\"}, \"boolean_value\": {\"type\": \"boolean\"}, \"localizations\": {\"type\": \"relation\", \"target\": \"api::achievement-field-value.achievement-field-value\", \"private\": true, \"visible\": false, \"relation\": \"oneToMany\", \"writable\": false, \"joinColumn\": {\"name\": \"document_id\", \"referencedTable\": \"achievement_field_values\", \"referencedColumn\": \"document_id\"}, \"configurable\": false, \"unstable_virtual\": true}, \"achievement_id\": {\"type\": \"relation\", \"target\": \"api::achievement-main.achievement-main\", \"relation\": \"manyToOne\", \"inversedBy\": \"achievement_field_value_id\"}, \"achievement_field_def_id\": {\"type\": \"relation\", \"target\": \"api::achievement-field-def.achievement-field-def\", \"mappedBy\": \"achievement_field_value_id\", \"relation\": \"oneToOne\"}}', '2025-12-04 10:37:02.689000', 1);
INSERT INTO `strapi_history_versions` (`id`, `content_type`, `related_document_id`, `locale`, `status`, `data`, `schema`, `created_at`, `created_by_id`) VALUES (10, 'api::achievement-field-value.achievement-field-value', 'f4gfyu5laa8efvxajqpb15ok', NULL, 'published', '{\"id\": 1, \"locale\": null, \"is_delete\": 0, \"date_value\": null, \"documentId\": \"f4gfyu5laa8efvxajqpb15ok\", \"text_value\": \"关于........的学术论文\", \"email_value\": null, \"media_value\": null, \"number_value\": null, \"boolean_value\": null, \"achievement_id\": {\"locale\": null, \"documentId\": \"kashrvfxl0ohti6xt3cp96ug\", \"publishedAt\": null}, \"achievement_field_def_id\": {\"locale\": null, \"documentId\": \"xeh44d8sskr4ruv99pmc04ax\", \"publishedAt\": null}}', '{\"locale\": {\"type\": \"string\", \"private\": true, \"visible\": false, \"writable\": true, \"configurable\": false}, \"is_delete\": {\"max\": 1, \"min\": 0, \"type\": \"integer\", \"default\": 0, \"required\": true}, \"date_value\": {\"type\": \"date\"}, \"text_value\": {\"type\": \"string\"}, \"email_value\": {\"type\": \"email\"}, \"media_value\": {\"type\": \"media\", \"multiple\": true, \"allowedTypes\": [\"images\", \"files\", \"videos\", \"audios\"]}, \"number_value\": {\"type\": \"decimal\"}, \"boolean_value\": {\"type\": \"boolean\"}, \"localizations\": {\"type\": \"relation\", \"target\": \"api::achievement-field-value.achievement-field-value\", \"private\": true, \"visible\": false, \"relation\": \"oneToMany\", \"writable\": false, \"joinColumn\": {\"name\": \"document_id\", \"referencedTable\": \"achievement_field_values\", \"referencedColumn\": \"document_id\"}, \"configurable\": false, \"unstable_virtual\": true}, \"achievement_id\": {\"type\": \"relation\", \"target\": \"api::achievement-main.achievement-main\", \"relation\": \"manyToOne\", \"inversedBy\": \"achievement_field_value_id\"}, \"achievement_field_def_id\": {\"type\": \"relation\", \"target\": \"api::achievement-field-def.achievement-field-def\", \"mappedBy\": \"achievement_field_value_id\", \"relation\": \"oneToOne\"}}', '2025-12-04 10:37:02.691000', 1);
INSERT INTO `strapi_history_versions` (`id`, `content_type`, `related_document_id`, `locale`, `status`, `data`, `schema`, `created_at`, `created_by_id`) VALUES (11, 'api::achievement-field-def.achievement-field-def', 'agoears0sqxpnb7b6xbg5q90', NULL, 'modified', '{\"id\": 3, \"locale\": null, \"is_delete\": 0, \"documentId\": \"agoears0sqxpnb7b6xbg5q90\", \"field_code\": \"paper_author1\", \"field_name\": \"论文第一作者\", \"field_type\": \"text\", \"description\": \"该篇论文的第一作者\", \"is_required\": 0, \"achievement_type_id\": {\"locale\": null, \"documentId\": \"u80hojhjvjojx39frhn7gbq7\", \"publishedAt\": null}, \"achievement_field_value_id\": {\"locale\": null, \"documentId\": \"f4gfyu5laa8efvxajqpb15ok\", \"publishedAt\": null}}', '{\"locale\": {\"type\": \"string\", \"private\": true, \"visible\": false, \"writable\": true, \"configurable\": false}, \"is_delete\": {\"max\": 1, \"min\": 0, \"type\": \"integer\", \"default\": 0, \"required\": true}, \"field_code\": {\"type\": \"string\", \"required\": true}, \"field_name\": {\"type\": \"string\", \"required\": true}, \"field_type\": {\"type\": \"string\", \"required\": true}, \"description\": {\"type\": \"text\"}, \"is_required\": {\"max\": 1, \"min\": 0, \"type\": \"integer\", \"default\": 1, \"required\": true}, \"localizations\": {\"type\": \"relation\", \"target\": \"api::achievement-field-def.achievement-field-def\", \"private\": true, \"visible\": false, \"relation\": \"oneToMany\", \"writable\": false, \"joinColumn\": {\"name\": \"document_id\", \"referencedTable\": \"achievement_field_defs\", \"referencedColumn\": \"document_id\"}, \"configurable\": false, \"unstable_virtual\": true}, \"achievement_type_id\": {\"type\": \"relation\", \"target\": \"api::achievement-type.achievement-type\", \"relation\": \"manyToOne\", \"inversedBy\": \"achievement_field_defs_id\"}, \"achievement_field_value_id\": {\"type\": \"relation\", \"target\": \"api::achievement-field-value.achievement-field-value\", \"relation\": \"oneToOne\", \"inversedBy\": \"achievement_field_def_id\"}}', '2025-12-10 15:49:19.421000', 1);
INSERT INTO `strapi_history_versions` (`id`, `content_type`, `related_document_id`, `locale`, `status`, `data`, `schema`, `created_at`, `created_by_id`) VALUES (12, 'api::achievement-field-def.achievement-field-def', 'agoears0sqxpnb7b6xbg5q90', NULL, 'published', '{\"id\": 3, \"locale\": null, \"is_delete\": 0, \"documentId\": \"agoears0sqxpnb7b6xbg5q90\", \"field_code\": \"paper_author1\", \"field_name\": \"论文第一作者\", \"field_type\": \"text\", \"description\": \"该篇论文的第一作者\", \"is_required\": 0, \"achievement_type_id\": {\"locale\": null, \"documentId\": \"u80hojhjvjojx39frhn7gbq7\", \"publishedAt\": null}, \"achievement_field_value_id\": {\"locale\": null, \"documentId\": \"f4gfyu5laa8efvxajqpb15ok\", \"publishedAt\": null}}', '{\"locale\": {\"type\": \"string\", \"private\": true, \"visible\": false, \"writable\": true, \"configurable\": false}, \"is_delete\": {\"max\": 1, \"min\": 0, \"type\": \"integer\", \"default\": 0, \"required\": true}, \"field_code\": {\"type\": \"string\", \"required\": true}, \"field_name\": {\"type\": \"string\", \"required\": true}, \"field_type\": {\"type\": \"string\", \"required\": true}, \"description\": {\"type\": \"text\"}, \"is_required\": {\"max\": 1, \"min\": 0, \"type\": \"integer\", \"default\": 1, \"required\": true}, \"localizations\": {\"type\": \"relation\", \"target\": \"api::achievement-field-def.achievement-field-def\", \"private\": true, \"visible\": false, \"relation\": \"oneToMany\", \"writable\": false, \"joinColumn\": {\"name\": \"document_id\", \"referencedTable\": \"achievement_field_defs\", \"referencedColumn\": \"document_id\"}, \"configurable\": false, \"unstable_virtual\": true}, \"achievement_type_id\": {\"type\": \"relation\", \"target\": \"api::achievement-type.achievement-type\", \"relation\": \"manyToOne\", \"inversedBy\": \"achievement_field_defs_id\"}, \"achievement_field_value_id\": {\"type\": \"relation\", \"target\": \"api::achievement-field-value.achievement-field-value\", \"relation\": \"oneToOne\", \"inversedBy\": \"achievement_field_def_id\"}}', '2025-12-10 15:49:21.767000', 1);
INSERT INTO `strapi_history_versions` (`id`, `content_type`, `related_document_id`, `locale`, `status`, `data`, `schema`, `created_at`, `created_by_id`) VALUES (13, 'api::achievement-field-def.achievement-field-def', 'agoears0sqxpnb7b6xbg5q90', NULL, 'published', '{\"id\": 3, \"locale\": null, \"is_delete\": 0, \"documentId\": \"agoears0sqxpnb7b6xbg5q90\", \"field_code\": \"paper_author1\", \"field_name\": \"论文第一作者\", \"field_type\": \"text\", \"description\": \"该篇论文的第一作者\", \"is_required\": 0, \"achievement_type_id\": {\"locale\": null, \"documentId\": \"u80hojhjvjojx39frhn7gbq7\", \"publishedAt\": null}, \"achievement_field_value_id\": {\"locale\": null, \"documentId\": \"f4gfyu5laa8efvxajqpb15ok\", \"publishedAt\": null}}', '{\"locale\": {\"type\": \"string\", \"private\": true, \"visible\": false, \"writable\": true, \"configurable\": false}, \"is_delete\": {\"max\": 1, \"min\": 0, \"type\": \"integer\", \"default\": 0, \"required\": true}, \"field_code\": {\"type\": \"string\", \"required\": true}, \"field_name\": {\"type\": \"string\", \"required\": true}, \"field_type\": {\"type\": \"string\", \"required\": true}, \"description\": {\"type\": \"text\"}, \"is_required\": {\"max\": 1, \"min\": 0, \"type\": \"integer\", \"default\": 1, \"required\": true}, \"localizations\": {\"type\": \"relation\", \"target\": \"api::achievement-field-def.achievement-field-def\", \"private\": true, \"visible\": false, \"relation\": \"oneToMany\", \"writable\": false, \"joinColumn\": {\"name\": \"document_id\", \"referencedTable\": \"achievement_field_defs\", \"referencedColumn\": \"document_id\"}, \"configurable\": false, \"unstable_virtual\": true}, \"achievement_type_id\": {\"type\": \"relation\", \"target\": \"api::achievement-type.achievement-type\", \"relation\": \"manyToOne\", \"inversedBy\": \"achievement_field_defs_id\"}, \"achievement_field_value_id\": {\"type\": \"relation\", \"target\": \"api::achievement-field-value.achievement-field-value\", \"relation\": \"oneToOne\", \"inversedBy\": \"achievement_field_def_id\"}}', '2025-12-10 15:49:21.772000', 1);
INSERT INTO `strapi_history_versions` (`id`, `content_type`, `related_document_id`, `locale`, `status`, `data`, `schema`, `created_at`, `created_by_id`) VALUES (14, 'api::achievement-field-def.achievement-field-def', 'agoears0sqxpnb7b6xbg5q90', NULL, 'modified', '{\"id\": 3, \"locale\": null, \"is_delete\": 0, \"documentId\": \"agoears0sqxpnb7b6xbg5q90\", \"field_code\": \"paper_author1\", \"field_name\": \"论文第一作者\", \"field_type\": \"text\", \"description\": \"该篇论文的第一作者\", \"is_required\": 0, \"achievement_type_id\": {\"locale\": null, \"documentId\": \"u80hojhjvjojx39frhn7gbq7\", \"publishedAt\": null}, \"achievement_field_value_id\": null}', '{\"locale\": {\"type\": \"string\", \"private\": true, \"visible\": false, \"writable\": true, \"configurable\": false}, \"is_delete\": {\"max\": 1, \"min\": 0, \"type\": \"integer\", \"default\": 0, \"required\": true}, \"field_code\": {\"type\": \"string\", \"required\": true}, \"field_name\": {\"type\": \"string\", \"required\": true}, \"field_type\": {\"type\": \"string\", \"required\": true}, \"description\": {\"type\": \"text\"}, \"is_required\": {\"max\": 1, \"min\": 0, \"type\": \"integer\", \"default\": 1, \"required\": true}, \"localizations\": {\"type\": \"relation\", \"target\": \"api::achievement-field-def.achievement-field-def\", \"private\": true, \"visible\": false, \"relation\": \"oneToMany\", \"writable\": false, \"joinColumn\": {\"name\": \"document_id\", \"referencedTable\": \"achievement_field_defs\", \"referencedColumn\": \"document_id\"}, \"configurable\": false, \"unstable_virtual\": true}, \"achievement_type_id\": {\"type\": \"relation\", \"target\": \"api::achievement-type.achievement-type\", \"relation\": \"manyToOne\", \"inversedBy\": \"achievement_field_defs_id\"}, \"achievement_field_value_id\": {\"type\": \"relation\", \"target\": \"api::achievement-field-value.achievement-field-value\", \"relation\": \"oneToOne\", \"inversedBy\": \"achievement_field_def_id\"}}', '2025-12-10 15:50:06.384000', 1);
INSERT INTO `strapi_history_versions` (`id`, `content_type`, `related_document_id`, `locale`, `status`, `data`, `schema`, `created_at`, `created_by_id`) VALUES (15, 'api::achievement-field-def.achievement-field-def', 'agoears0sqxpnb7b6xbg5q90', NULL, 'published', '{\"id\": 3, \"locale\": null, \"is_delete\": 0, \"documentId\": \"agoears0sqxpnb7b6xbg5q90\", \"field_code\": \"paper_author1\", \"field_name\": \"论文第一作者\", \"field_type\": \"text\", \"description\": \"该篇论文的第一作者\", \"is_required\": 0, \"achievement_type_id\": {\"locale\": null, \"documentId\": \"u80hojhjvjojx39frhn7gbq7\", \"publishedAt\": null}, \"achievement_field_value_id\": null}', '{\"locale\": {\"type\": \"string\", \"private\": true, \"visible\": false, \"writable\": true, \"configurable\": false}, \"is_delete\": {\"max\": 1, \"min\": 0, \"type\": \"integer\", \"default\": 0, \"required\": true}, \"field_code\": {\"type\": \"string\", \"required\": true}, \"field_name\": {\"type\": \"string\", \"required\": true}, \"field_type\": {\"type\": \"string\", \"required\": true}, \"description\": {\"type\": \"text\"}, \"is_required\": {\"max\": 1, \"min\": 0, \"type\": \"integer\", \"default\": 1, \"required\": true}, \"localizations\": {\"type\": \"relation\", \"target\": \"api::achievement-field-def.achievement-field-def\", \"private\": true, \"visible\": false, \"relation\": \"oneToMany\", \"writable\": false, \"joinColumn\": {\"name\": \"document_id\", \"referencedTable\": \"achievement_field_defs\", \"referencedColumn\": \"document_id\"}, \"configurable\": false, \"unstable_virtual\": true}, \"achievement_type_id\": {\"type\": \"relation\", \"target\": \"api::achievement-type.achievement-type\", \"relation\": \"manyToOne\", \"inversedBy\": \"achievement_field_defs_id\"}, \"achievement_field_value_id\": {\"type\": \"relation\", \"target\": \"api::achievement-field-value.achievement-field-value\", \"relation\": \"oneToOne\", \"inversedBy\": \"achievement_field_def_id\"}}', '2025-12-10 15:50:08.155000', 1);
INSERT INTO `strapi_history_versions` (`id`, `content_type`, `related_document_id`, `locale`, `status`, `data`, `schema`, `created_at`, `created_by_id`) VALUES (16, 'api::achievement-field-def.achievement-field-def', 'agoears0sqxpnb7b6xbg5q90', NULL, 'published', '{\"id\": 3, \"locale\": null, \"is_delete\": 0, \"documentId\": \"agoears0sqxpnb7b6xbg5q90\", \"field_code\": \"paper_author1\", \"field_name\": \"论文第一作者\", \"field_type\": \"text\", \"description\": \"该篇论文的第一作者\", \"is_required\": 0, \"achievement_type_id\": {\"locale\": null, \"documentId\": \"u80hojhjvjojx39frhn7gbq7\", \"publishedAt\": null}, \"achievement_field_value_id\": null}', '{\"locale\": {\"type\": \"string\", \"private\": true, \"visible\": false, \"writable\": true, \"configurable\": false}, \"is_delete\": {\"max\": 1, \"min\": 0, \"type\": \"integer\", \"default\": 0, \"required\": true}, \"field_code\": {\"type\": \"string\", \"required\": true}, \"field_name\": {\"type\": \"string\", \"required\": true}, \"field_type\": {\"type\": \"string\", \"required\": true}, \"description\": {\"type\": \"text\"}, \"is_required\": {\"max\": 1, \"min\": 0, \"type\": \"integer\", \"default\": 1, \"required\": true}, \"localizations\": {\"type\": \"relation\", \"target\": \"api::achievement-field-def.achievement-field-def\", \"private\": true, \"visible\": false, \"relation\": \"oneToMany\", \"writable\": false, \"joinColumn\": {\"name\": \"document_id\", \"referencedTable\": \"achievement_field_defs\", \"referencedColumn\": \"document_id\"}, \"configurable\": false, \"unstable_virtual\": true}, \"achievement_type_id\": {\"type\": \"relation\", \"target\": \"api::achievement-type.achievement-type\", \"relation\": \"manyToOne\", \"inversedBy\": \"achievement_field_defs_id\"}, \"achievement_field_value_id\": {\"type\": \"relation\", \"target\": \"api::achievement-field-value.achievement-field-value\", \"relation\": \"oneToOne\", \"inversedBy\": \"achievement_field_def_id\"}}', '2025-12-10 15:50:08.162000', 1);
INSERT INTO `strapi_history_versions` (`id`, `content_type`, `related_document_id`, `locale`, `status`, `data`, `schema`, `created_at`, `created_by_id`) VALUES (17, 'api::achievement-field-def.achievement-field-def', 'xeh44d8sskr4ruv99pmc04ax', NULL, 'published', '{\"id\": 1, \"locale\": null, \"is_delete\": 0, \"documentId\": \"xeh44d8sskr4ruv99pmc04ax\", \"field_code\": \"paper_name\", \"field_name\": \"论文名称\", \"field_type\": \"text\", \"description\": null, \"is_required\": 0, \"achievement_type_id\": {\"locale\": null, \"documentId\": \"u80hojhjvjojx39frhn7gbq7\", \"publishedAt\": null}, \"achievement_field_value_id\": {\"locale\": null, \"documentId\": \"f4gfyu5laa8efvxajqpb15ok\", \"publishedAt\": null}}', '{\"locale\": {\"type\": \"string\", \"private\": true, \"visible\": false, \"writable\": true, \"configurable\": false}, \"is_delete\": {\"max\": 1, \"min\": 0, \"type\": \"integer\", \"default\": 0, \"required\": true}, \"field_code\": {\"type\": \"string\", \"required\": true}, \"field_name\": {\"type\": \"string\", \"required\": true}, \"field_type\": {\"type\": \"string\", \"required\": true}, \"description\": {\"type\": \"text\"}, \"is_required\": {\"max\": 1, \"min\": 0, \"type\": \"integer\", \"default\": 1, \"required\": true}, \"localizations\": {\"type\": \"relation\", \"target\": \"api::achievement-field-def.achievement-field-def\", \"private\": true, \"visible\": false, \"relation\": \"oneToMany\", \"writable\": false, \"joinColumn\": {\"name\": \"document_id\", \"referencedTable\": \"achievement_field_defs\", \"referencedColumn\": \"document_id\"}, \"configurable\": false, \"unstable_virtual\": true}, \"achievement_type_id\": {\"type\": \"relation\", \"target\": \"api::achievement-type.achievement-type\", \"relation\": \"manyToOne\", \"inversedBy\": \"achievement_field_defs_id\"}, \"achievement_field_value_id\": {\"type\": \"relation\", \"target\": \"api::achievement-field-value.achievement-field-value\", \"relation\": \"oneToOne\", \"inversedBy\": \"achievement_field_def_id\"}}', '2025-12-10 15:51:21.750000', 1);
INSERT INTO `strapi_history_versions` (`id`, `content_type`, `related_document_id`, `locale`, `status`, `data`, `schema`, `created_at`, `created_by_id`) VALUES (18, 'api::achievement-field-def.achievement-field-def', 'xeh44d8sskr4ruv99pmc04ax', NULL, 'published', '{\"id\": 1, \"locale\": null, \"is_delete\": 0, \"documentId\": \"xeh44d8sskr4ruv99pmc04ax\", \"field_code\": \"paper_name\", \"field_name\": \"论文名称\", \"field_type\": \"text\", \"description\": null, \"is_required\": 0, \"achievement_type_id\": {\"locale\": null, \"documentId\": \"u80hojhjvjojx39frhn7gbq7\", \"publishedAt\": null}, \"achievement_field_value_id\": {\"locale\": null, \"documentId\": \"f4gfyu5laa8efvxajqpb15ok\", \"publishedAt\": null}}', '{\"locale\": {\"type\": \"string\", \"private\": true, \"visible\": false, \"writable\": true, \"configurable\": false}, \"is_delete\": {\"max\": 1, \"min\": 0, \"type\": \"integer\", \"default\": 0, \"required\": true}, \"field_code\": {\"type\": \"string\", \"required\": true}, \"field_name\": {\"type\": \"string\", \"required\": true}, \"field_type\": {\"type\": \"string\", \"required\": true}, \"description\": {\"type\": \"text\"}, \"is_required\": {\"max\": 1, \"min\": 0, \"type\": \"integer\", \"default\": 1, \"required\": true}, \"localizations\": {\"type\": \"relation\", \"target\": \"api::achievement-field-def.achievement-field-def\", \"private\": true, \"visible\": false, \"relation\": \"oneToMany\", \"writable\": false, \"joinColumn\": {\"name\": \"document_id\", \"referencedTable\": \"achievement_field_defs\", \"referencedColumn\": \"document_id\"}, \"configurable\": false, \"unstable_virtual\": true}, \"achievement_type_id\": {\"type\": \"relation\", \"target\": \"api::achievement-type.achievement-type\", \"relation\": \"manyToOne\", \"inversedBy\": \"achievement_field_defs_id\"}, \"achievement_field_value_id\": {\"type\": \"relation\", \"target\": \"api::achievement-field-value.achievement-field-value\", \"relation\": \"oneToOne\", \"inversedBy\": \"achievement_field_def_id\"}}', '2025-12-10 15:51:21.757000', 1);
COMMIT;

-- ----------------------------
-- Table structure for strapi_migrations
-- ----------------------------
DROP TABLE IF EXISTS `strapi_migrations`;
CREATE TABLE `strapi_migrations` (
  `id` int unsigned NOT NULL AUTO_INCREMENT,
  `name` varchar(255) CHARACTER SET utf8mb3 COLLATE utf8mb3_general_ci DEFAULT NULL,
  `time` datetime DEFAULT NULL,
  PRIMARY KEY (`id`) USING BTREE
) ENGINE=InnoDB DEFAULT CHARSET=utf8mb3 ROW_FORMAT=DYNAMIC;

-- ----------------------------
-- Records of strapi_migrations
-- ----------------------------
BEGIN;
COMMIT;

-- ----------------------------
-- Table structure for strapi_migrations_internal
-- ----------------------------
DROP TABLE IF EXISTS `strapi_migrations_internal`;
CREATE TABLE `strapi_migrations_internal` (
  `id` int unsigned NOT NULL AUTO_INCREMENT,
  `name` varchar(255) CHARACTER SET utf8mb3 COLLATE utf8mb3_general_ci DEFAULT NULL,
  `time` datetime DEFAULT NULL,
  PRIMARY KEY (`id`) USING BTREE
) ENGINE=InnoDB AUTO_INCREMENT=8 DEFAULT CHARSET=utf8mb3 ROW_FORMAT=DYNAMIC;

-- ----------------------------
-- Records of strapi_migrations_internal
-- ----------------------------
BEGIN;
INSERT INTO `strapi_migrations_internal` (`id`, `name`, `time`) VALUES (1, '5.0.0-rename-identifiers-longer-than-max-length', '2025-10-20 14:31:29');
INSERT INTO `strapi_migrations_internal` (`id`, `name`, `time`) VALUES (2, '5.0.0-02-created-document-id', '2025-10-20 14:31:29');
INSERT INTO `strapi_migrations_internal` (`id`, `name`, `time`) VALUES (3, '5.0.0-03-created-locale', '2025-10-20 14:31:30');
INSERT INTO `strapi_migrations_internal` (`id`, `name`, `time`) VALUES (4, '5.0.0-04-created-published-at', '2025-10-20 14:31:30');
INSERT INTO `strapi_migrations_internal` (`id`, `name`, `time`) VALUES (5, '5.0.0-05-drop-slug-fields-index', '2025-10-20 14:31:30');
INSERT INTO `strapi_migrations_internal` (`id`, `name`, `time`) VALUES (6, 'core::5.0.0-discard-drafts', '2025-10-20 14:31:30');
INSERT INTO `strapi_migrations_internal` (`id`, `name`, `time`) VALUES (7, 'content-releases::5.0.0-add-entry-document-id-to-release-actions', '2025-10-20 14:31:30');
COMMIT;

-- ----------------------------
-- Table structure for strapi_release_actions
-- ----------------------------
DROP TABLE IF EXISTS `strapi_release_actions`;
CREATE TABLE `strapi_release_actions` (
  `id` int unsigned NOT NULL AUTO_INCREMENT,
  `document_id` varchar(255) CHARACTER SET utf8mb3 COLLATE utf8mb3_general_ci DEFAULT NULL,
  `type` varchar(255) CHARACTER SET utf8mb3 COLLATE utf8mb3_general_ci DEFAULT NULL,
  `content_type` varchar(255) CHARACTER SET utf8mb3 COLLATE utf8mb3_general_ci DEFAULT NULL,
  `entry_document_id` varchar(255) CHARACTER SET utf8mb3 COLLATE utf8mb3_general_ci DEFAULT NULL,
  `locale` varchar(255) CHARACTER SET utf8mb3 COLLATE utf8mb3_general_ci DEFAULT NULL,
  `is_entry_valid` tinyint(1) DEFAULT NULL,
  `created_at` datetime(6) DEFAULT NULL,
  `updated_at` datetime(6) DEFAULT NULL,
  `published_at` datetime(6) DEFAULT NULL,
  `created_by_id` int unsigned DEFAULT NULL,
  `updated_by_id` int unsigned DEFAULT NULL,
  PRIMARY KEY (`id`) USING BTREE,
  KEY `strapi_release_actions_documents_idx` (`document_id`,`locale`,`published_at`) USING BTREE,
  KEY `strapi_release_actions_created_by_id_fk` (`created_by_id`) USING BTREE,
  KEY `strapi_release_actions_updated_by_id_fk` (`updated_by_id`) USING BTREE,
  CONSTRAINT `strapi_release_actions_created_by_id_fk` FOREIGN KEY (`created_by_id`) REFERENCES `admin_users` (`id`) ON DELETE SET NULL ON UPDATE RESTRICT,
  CONSTRAINT `strapi_release_actions_updated_by_id_fk` FOREIGN KEY (`updated_by_id`) REFERENCES `admin_users` (`id`) ON DELETE SET NULL ON UPDATE RESTRICT
) ENGINE=InnoDB DEFAULT CHARSET=utf8mb3 ROW_FORMAT=DYNAMIC;

-- ----------------------------
-- Records of strapi_release_actions
-- ----------------------------
BEGIN;
COMMIT;

-- ----------------------------
-- Table structure for strapi_release_actions_release_lnk
-- ----------------------------
DROP TABLE IF EXISTS `strapi_release_actions_release_lnk`;
CREATE TABLE `strapi_release_actions_release_lnk` (
  `id` int unsigned NOT NULL AUTO_INCREMENT,
  `release_action_id` int unsigned DEFAULT NULL,
  `release_id` int unsigned DEFAULT NULL,
  `release_action_ord` double unsigned DEFAULT NULL,
  PRIMARY KEY (`id`) USING BTREE,
  UNIQUE KEY `strapi_release_actions_release_lnk_uq` (`release_action_id`,`release_id`) USING BTREE,
  KEY `strapi_release_actions_release_lnk_fk` (`release_action_id`) USING BTREE,
  KEY `strapi_release_actions_release_lnk_ifk` (`release_id`) USING BTREE,
  KEY `strapi_release_actions_release_lnk_oifk` (`release_action_ord`) USING BTREE,
  CONSTRAINT `strapi_release_actions_release_lnk_fk` FOREIGN KEY (`release_action_id`) REFERENCES `strapi_release_actions` (`id`) ON DELETE CASCADE ON UPDATE RESTRICT,
  CONSTRAINT `strapi_release_actions_release_lnk_ifk` FOREIGN KEY (`release_id`) REFERENCES `strapi_releases` (`id`) ON DELETE CASCADE ON UPDATE RESTRICT
) ENGINE=InnoDB DEFAULT CHARSET=utf8mb3 ROW_FORMAT=DYNAMIC;

-- ----------------------------
-- Records of strapi_release_actions_release_lnk
-- ----------------------------
BEGIN;
COMMIT;

-- ----------------------------
-- Table structure for strapi_releases
-- ----------------------------
DROP TABLE IF EXISTS `strapi_releases`;
CREATE TABLE `strapi_releases` (
  `id` int unsigned NOT NULL AUTO_INCREMENT,
  `document_id` varchar(255) CHARACTER SET utf8mb3 COLLATE utf8mb3_general_ci DEFAULT NULL,
  `name` varchar(255) CHARACTER SET utf8mb3 COLLATE utf8mb3_general_ci DEFAULT NULL,
  `released_at` datetime(6) DEFAULT NULL,
  `scheduled_at` datetime(6) DEFAULT NULL,
  `timezone` varchar(255) CHARACTER SET utf8mb3 COLLATE utf8mb3_general_ci DEFAULT NULL,
  `status` varchar(255) CHARACTER SET utf8mb3 COLLATE utf8mb3_general_ci DEFAULT NULL,
  `created_at` datetime(6) DEFAULT NULL,
  `updated_at` datetime(6) DEFAULT NULL,
  `published_at` datetime(6) DEFAULT NULL,
  `created_by_id` int unsigned DEFAULT NULL,
  `updated_by_id` int unsigned DEFAULT NULL,
  `locale` varchar(255) CHARACTER SET utf8mb3 COLLATE utf8mb3_general_ci DEFAULT NULL,
  PRIMARY KEY (`id`) USING BTREE,
  KEY `strapi_releases_documents_idx` (`document_id`,`locale`,`published_at`) USING BTREE,
  KEY `strapi_releases_created_by_id_fk` (`created_by_id`) USING BTREE,
  KEY `strapi_releases_updated_by_id_fk` (`updated_by_id`) USING BTREE,
  CONSTRAINT `strapi_releases_created_by_id_fk` FOREIGN KEY (`created_by_id`) REFERENCES `admin_users` (`id`) ON DELETE SET NULL ON UPDATE RESTRICT,
  CONSTRAINT `strapi_releases_updated_by_id_fk` FOREIGN KEY (`updated_by_id`) REFERENCES `admin_users` (`id`) ON DELETE SET NULL ON UPDATE RESTRICT
) ENGINE=InnoDB DEFAULT CHARSET=utf8mb3 ROW_FORMAT=DYNAMIC;

-- ----------------------------
-- Records of strapi_releases
-- ----------------------------
BEGIN;
COMMIT;

-- ----------------------------
-- Table structure for strapi_sessions
-- ----------------------------
DROP TABLE IF EXISTS `strapi_sessions`;
CREATE TABLE `strapi_sessions` (
  `id` int unsigned NOT NULL AUTO_INCREMENT,
  `document_id` varchar(255) CHARACTER SET utf8mb3 COLLATE utf8mb3_general_ci DEFAULT NULL,
  `user_id` varchar(255) CHARACTER SET utf8mb3 COLLATE utf8mb3_general_ci DEFAULT NULL,
  `session_id` varchar(255) CHARACTER SET utf8mb3 COLLATE utf8mb3_general_ci DEFAULT NULL,
  `child_id` varchar(255) CHARACTER SET utf8mb3 COLLATE utf8mb3_general_ci DEFAULT NULL,
  `device_id` varchar(255) CHARACTER SET utf8mb3 COLLATE utf8mb3_general_ci DEFAULT NULL,
  `origin` varchar(255) CHARACTER SET utf8mb3 COLLATE utf8mb3_general_ci DEFAULT NULL,
  `expires_at` datetime(6) DEFAULT NULL,
  `absolute_expires_at` datetime(6) DEFAULT NULL,
  `status` varchar(255) CHARACTER SET utf8mb3 COLLATE utf8mb3_general_ci DEFAULT NULL,
  `type` varchar(255) CHARACTER SET utf8mb3 COLLATE utf8mb3_general_ci DEFAULT NULL,
  `created_at` datetime(6) DEFAULT NULL,
  `updated_at` datetime(6) DEFAULT NULL,
  `published_at` datetime(6) DEFAULT NULL,
  `created_by_id` int unsigned DEFAULT NULL,
  `updated_by_id` int unsigned DEFAULT NULL,
  `locale` varchar(255) CHARACTER SET utf8mb3 COLLATE utf8mb3_general_ci DEFAULT NULL,
  PRIMARY KEY (`id`) USING BTREE,
  KEY `strapi_sessions_documents_idx` (`document_id`,`locale`,`published_at`) USING BTREE,
  KEY `strapi_sessions_created_by_id_fk` (`created_by_id`) USING BTREE,
  KEY `strapi_sessions_updated_by_id_fk` (`updated_by_id`) USING BTREE,
  CONSTRAINT `strapi_sessions_created_by_id_fk` FOREIGN KEY (`created_by_id`) REFERENCES `admin_users` (`id`) ON DELETE SET NULL ON UPDATE RESTRICT,
  CONSTRAINT `strapi_sessions_updated_by_id_fk` FOREIGN KEY (`updated_by_id`) REFERENCES `admin_users` (`id`) ON DELETE SET NULL ON UPDATE RESTRICT
) ENGINE=InnoDB AUTO_INCREMENT=25 DEFAULT CHARSET=utf8mb3 ROW_FORMAT=DYNAMIC;

-- ----------------------------
-- Records of strapi_sessions
-- ----------------------------
BEGIN;
INSERT INTO `strapi_sessions` (`id`, `document_id`, `user_id`, `session_id`, `child_id`, `device_id`, `origin`, `expires_at`, `absolute_expires_at`, `status`, `type`, `created_at`, `updated_at`, `published_at`, `created_by_id`, `updated_by_id`, `locale`) VALUES (1, 'x24nwsjx439inanjt2j1r3kb', '1', '84b60754851733c4b39c37ba26da9d3a', 'ecba76444c8234a29ee26bb2894caebf', 'e0945217-4521-451e-a727-a92d5d49dcf9', 'admin', '2025-10-20 16:59:24.224000', '2025-11-19 14:59:24.224000', 'rotated', 'session', '2025-10-20 14:59:24.225000', '2025-10-20 15:30:19.284000', '2025-10-20 14:59:24.225000', NULL, NULL, NULL);
INSERT INTO `strapi_sessions` (`id`, `document_id`, `user_id`, `session_id`, `child_id`, `device_id`, `origin`, `expires_at`, `absolute_expires_at`, `status`, `type`, `created_at`, `updated_at`, `published_at`, `created_by_id`, `updated_by_id`, `locale`) VALUES (2, 'hnxj4fjjp8iuj4cvh1ydcz5x', '1', 'ecba76444c8234a29ee26bb2894caebf', NULL, 'e0945217-4521-451e-a727-a92d5d49dcf9', 'admin', '2025-10-20 17:30:19.228000', '2025-11-19 14:59:24.224000', 'active', 'session', '2025-10-20 15:30:19.232000', '2025-10-20 15:30:19.232000', '2025-10-20 15:30:19.245000', NULL, NULL, NULL);
INSERT INTO `strapi_sessions` (`id`, `document_id`, `user_id`, `session_id`, `child_id`, `device_id`, `origin`, `expires_at`, `absolute_expires_at`, `status`, `type`, `created_at`, `updated_at`, `published_at`, `created_by_id`, `updated_by_id`, `locale`) VALUES (3, 'yfc33b5vnmgz62xnmlix36dn', '1', '68125889fad494605290e544977dd553', NULL, 'e0945217-4521-451e-a727-a92d5d49dcf9', 'admin', '2025-11-06 10:29:24.214000', '2025-11-22 10:29:24.214000', 'active', 'refresh', '2025-10-23 10:29:24.214000', '2025-10-23 10:29:24.214000', '2025-10-23 10:29:24.215000', NULL, NULL, NULL);
INSERT INTO `strapi_sessions` (`id`, `document_id`, `user_id`, `session_id`, `child_id`, `device_id`, `origin`, `expires_at`, `absolute_expires_at`, `status`, `type`, `created_at`, `updated_at`, `published_at`, `created_by_id`, `updated_by_id`, `locale`) VALUES (4, 'hmpgddx3cwysf5m1f6wmtq1u', '1', '031af59c7c8936bf9806b81221bb5a9b', NULL, 'e0945217-4521-451e-a727-a92d5d49dcf9', 'admin', '2025-12-01 22:44:01.533000', '2025-12-31 20:44:01.533000', 'active', 'session', '2025-12-01 20:44:01.533000', '2025-12-01 20:44:01.533000', '2025-12-01 20:44:01.534000', NULL, NULL, NULL);
INSERT INTO `strapi_sessions` (`id`, `document_id`, `user_id`, `session_id`, `child_id`, `device_id`, `origin`, `expires_at`, `absolute_expires_at`, `status`, `type`, `created_at`, `updated_at`, `published_at`, `created_by_id`, `updated_by_id`, `locale`) VALUES (5, 'o57jnroih4nfbmder7ws0z2h', '1', 'a7808fe4dc1d1d9c7ddad7d2822179cc', NULL, 'e0945217-4521-451e-a727-a92d5d49dcf9', 'admin', '2025-12-03 16:14:37.801000', '2026-01-02 14:14:37.801000', 'active', 'session', '2025-12-03 14:14:37.801000', '2025-12-03 14:14:37.801000', '2025-12-03 14:14:37.802000', NULL, NULL, NULL);
INSERT INTO `strapi_sessions` (`id`, `document_id`, `user_id`, `session_id`, `child_id`, `device_id`, `origin`, `expires_at`, `absolute_expires_at`, `status`, `type`, `created_at`, `updated_at`, `published_at`, `created_by_id`, `updated_by_id`, `locale`) VALUES (6, 'avmtrcfvn8oq1wala4z9yb0u', '1', '24f0d655756488a0039473f6c30ebac5', NULL, 'e0945217-4521-451e-a727-a92d5d49dcf9', 'admin', '2025-12-03 21:15:00.579000', '2026-01-02 19:15:00.579000', 'active', 'session', '2025-12-03 19:15:00.581000', '2025-12-03 19:15:00.581000', '2025-12-03 19:15:00.588000', NULL, NULL, NULL);
INSERT INTO `strapi_sessions` (`id`, `document_id`, `user_id`, `session_id`, `child_id`, `device_id`, `origin`, `expires_at`, `absolute_expires_at`, `status`, `type`, `created_at`, `updated_at`, `published_at`, `created_by_id`, `updated_by_id`, `locale`) VALUES (7, 'uswtjdz0maynyt6g2mckbnwi', '1', 'df134fafdb1b58144029f72a681c688c', '6b46bfafe279b1633022b9b52839daf1', 'e0945217-4521-451e-a727-a92d5d49dcf9', 'admin', '2025-12-03 23:37:26.373000', '2026-01-02 21:37:26.373000', 'rotated', 'session', '2025-12-03 21:37:26.373000', '2025-12-03 22:11:51.497000', '2025-12-03 21:37:26.374000', NULL, NULL, NULL);
INSERT INTO `strapi_sessions` (`id`, `document_id`, `user_id`, `session_id`, `child_id`, `device_id`, `origin`, `expires_at`, `absolute_expires_at`, `status`, `type`, `created_at`, `updated_at`, `published_at`, `created_by_id`, `updated_by_id`, `locale`) VALUES (8, 'qaxvutdm5yw0wfb8nemw74z1', '1', '6b46bfafe279b1633022b9b52839daf1', '7976d06a3930bd8369984e086922f231', 'e0945217-4521-451e-a727-a92d5d49dcf9', 'admin', '2025-12-04 00:11:51.489000', '2026-01-02 21:37:26.373000', 'rotated', 'session', '2025-12-03 22:11:51.489000', '2025-12-03 22:46:29.867000', '2025-12-03 22:11:51.490000', NULL, NULL, NULL);
INSERT INTO `strapi_sessions` (`id`, `document_id`, `user_id`, `session_id`, `child_id`, `device_id`, `origin`, `expires_at`, `absolute_expires_at`, `status`, `type`, `created_at`, `updated_at`, `published_at`, `created_by_id`, `updated_by_id`, `locale`) VALUES (9, 'z6qn2vr577zu55ycxg91yb9y', '1', '7976d06a3930bd8369984e086922f231', NULL, 'e0945217-4521-451e-a727-a92d5d49dcf9', 'admin', '2025-12-04 00:46:29.847000', '2026-01-02 21:37:26.373000', 'active', 'session', '2025-12-03 22:46:29.847000', '2025-12-03 22:46:29.847000', '2025-12-03 22:46:29.848000', NULL, NULL, NULL);
INSERT INTO `strapi_sessions` (`id`, `document_id`, `user_id`, `session_id`, `child_id`, `device_id`, `origin`, `expires_at`, `absolute_expires_at`, `status`, `type`, `created_at`, `updated_at`, `published_at`, `created_by_id`, `updated_by_id`, `locale`) VALUES (10, 'sdxur50t0quz3x9h3ghf6z7h', '1', '8210d581f93950963523b0c56dde330a', '791b080291f43f09c83641bf1e805d58', 'e0945217-4521-451e-a727-a92d5d49dcf9', 'admin', '2025-12-04 12:08:42.155000', '2026-01-03 10:08:42.155000', 'rotated', 'session', '2025-12-04 10:08:42.155000', '2025-12-04 10:41:50.858000', '2025-12-04 10:08:42.156000', NULL, NULL, NULL);
INSERT INTO `strapi_sessions` (`id`, `document_id`, `user_id`, `session_id`, `child_id`, `device_id`, `origin`, `expires_at`, `absolute_expires_at`, `status`, `type`, `created_at`, `updated_at`, `published_at`, `created_by_id`, `updated_by_id`, `locale`) VALUES (11, 'mc5gw2z7wd1rvrm5zobnt7ln', '1', '791b080291f43f09c83641bf1e805d58', NULL, 'e0945217-4521-451e-a727-a92d5d49dcf9', 'admin', '2025-12-04 12:41:50.850000', '2026-01-03 10:08:42.155000', 'active', 'session', '2025-12-04 10:41:50.851000', '2025-12-04 10:41:50.851000', '2025-12-04 10:41:50.852000', NULL, NULL, NULL);
INSERT INTO `strapi_sessions` (`id`, `document_id`, `user_id`, `session_id`, `child_id`, `device_id`, `origin`, `expires_at`, `absolute_expires_at`, `status`, `type`, `created_at`, `updated_at`, `published_at`, `created_by_id`, `updated_by_id`, `locale`) VALUES (12, 's87y4kweqp9dpf62x4nk6h0n', '1', 'bc8dfa487c678d5e978fdcce1e03ec49', NULL, '9ee61700-3e9f-4bd0-a036-e0cb9eb51815', 'admin', '2025-12-04 15:50:52.526000', '2026-01-03 13:50:52.526000', 'active', 'session', '2025-12-04 13:50:52.526000', '2025-12-04 13:50:52.526000', '2025-12-04 13:50:52.527000', NULL, NULL, NULL);
INSERT INTO `strapi_sessions` (`id`, `document_id`, `user_id`, `session_id`, `child_id`, `device_id`, `origin`, `expires_at`, `absolute_expires_at`, `status`, `type`, `created_at`, `updated_at`, `published_at`, `created_by_id`, `updated_by_id`, `locale`) VALUES (13, 'rrcrwv9udywscaum0lb5lohf', '1', 'eba8ccb1a885b593f06201880d944acf', 'fe50bd1addf7d8ab9ce85f1cac89f231', '9ee61700-3e9f-4bd0-a036-e0cb9eb51815', 'admin', '2025-12-10 16:01:40.976000', '2026-01-09 14:01:40.976000', 'rotated', 'session', '2025-12-10 14:01:40.977000', '2025-12-10 14:33:07.045000', '2025-12-10 14:01:40.978000', NULL, NULL, NULL);
INSERT INTO `strapi_sessions` (`id`, `document_id`, `user_id`, `session_id`, `child_id`, `device_id`, `origin`, `expires_at`, `absolute_expires_at`, `status`, `type`, `created_at`, `updated_at`, `published_at`, `created_by_id`, `updated_by_id`, `locale`) VALUES (14, 'npuuos1is5bp6n4ekqzein37', '1', 'fe50bd1addf7d8ab9ce85f1cac89f231', 'e64b34a0d8ae78a2e86c55d6690542f7', '9ee61700-3e9f-4bd0-a036-e0cb9eb51815', 'admin', '2025-12-10 16:33:07.027000', '2026-01-09 14:01:40.976000', 'rotated', 'session', '2025-12-10 14:33:07.027000', '2025-12-10 15:05:42.195000', '2025-12-10 14:33:07.031000', NULL, NULL, NULL);
INSERT INTO `strapi_sessions` (`id`, `document_id`, `user_id`, `session_id`, `child_id`, `device_id`, `origin`, `expires_at`, `absolute_expires_at`, `status`, `type`, `created_at`, `updated_at`, `published_at`, `created_by_id`, `updated_by_id`, `locale`) VALUES (15, 'xexczbdvlsyi9mird5rl3762', '1', 'e64b34a0d8ae78a2e86c55d6690542f7', 'e1b8f724ac94236ef50dd0bd68c4d05a', '9ee61700-3e9f-4bd0-a036-e0cb9eb51815', 'admin', '2025-12-10 17:05:42.183000', '2026-01-09 14:01:40.976000', 'rotated', 'session', '2025-12-10 15:05:42.183000', '2025-12-10 15:48:21.798000', '2025-12-10 15:05:42.184000', NULL, NULL, NULL);
INSERT INTO `strapi_sessions` (`id`, `document_id`, `user_id`, `session_id`, `child_id`, `device_id`, `origin`, `expires_at`, `absolute_expires_at`, `status`, `type`, `created_at`, `updated_at`, `published_at`, `created_by_id`, `updated_by_id`, `locale`) VALUES (16, 'kabdn6mij0cfyzufko9cbj1t', '1', 'e1b8f724ac94236ef50dd0bd68c4d05a', '0fbfb833e93e65a5fe46ccf6fd23e9d2', '9ee61700-3e9f-4bd0-a036-e0cb9eb51815', 'admin', '2025-12-10 17:48:21.769000', '2026-01-09 14:01:40.976000', 'rotated', 'session', '2025-12-10 15:48:21.770000', '2025-12-10 16:20:27.737000', '2025-12-10 15:48:21.776000', NULL, NULL, NULL);
INSERT INTO `strapi_sessions` (`id`, `document_id`, `user_id`, `session_id`, `child_id`, `device_id`, `origin`, `expires_at`, `absolute_expires_at`, `status`, `type`, `created_at`, `updated_at`, `published_at`, `created_by_id`, `updated_by_id`, `locale`) VALUES (17, 'vv8sdvoprecbdyi2m7bjdvuy', '1', '0fbfb833e93e65a5fe46ccf6fd23e9d2', NULL, '9ee61700-3e9f-4bd0-a036-e0cb9eb51815', 'admin', '2025-12-10 18:20:27.711000', '2026-01-09 14:01:40.976000', 'active', 'session', '2025-12-10 16:20:27.714000', '2025-12-10 16:20:27.714000', '2025-12-10 16:20:27.718000', NULL, NULL, NULL);
INSERT INTO `strapi_sessions` (`id`, `document_id`, `user_id`, `session_id`, `child_id`, `device_id`, `origin`, `expires_at`, `absolute_expires_at`, `status`, `type`, `created_at`, `updated_at`, `published_at`, `created_by_id`, `updated_by_id`, `locale`) VALUES (18, 'crjpxkjky1w5z4y4jy607n3c', '1', 'f17960b4ebe32b9d6cd831c6274647a5', '544836243a7956013103e21f8106514f', '9ee61700-3e9f-4bd0-a036-e0cb9eb51815', 'admin', '2025-12-29 15:01:16.354000', '2026-01-14 15:01:16.354000', 'rotated', 'refresh', '2025-12-15 15:01:16.355000', '2025-12-15 15:32:45.176000', '2025-12-15 15:01:16.357000', NULL, NULL, NULL);
INSERT INTO `strapi_sessions` (`id`, `document_id`, `user_id`, `session_id`, `child_id`, `device_id`, `origin`, `expires_at`, `absolute_expires_at`, `status`, `type`, `created_at`, `updated_at`, `published_at`, `created_by_id`, `updated_by_id`, `locale`) VALUES (19, 'larz2pzjjbwla9pkc3z1tkwv', '1', '544836243a7956013103e21f8106514f', 'd6a34200ebe404c8dd6e91f0ebfab84c', '9ee61700-3e9f-4bd0-a036-e0cb9eb51815', 'admin', '2025-12-29 15:32:45.156000', '2026-01-14 15:01:16.354000', 'rotated', 'refresh', '2025-12-15 15:32:45.156000', '2025-12-15 16:04:49.261000', '2025-12-15 15:32:45.161000', NULL, NULL, NULL);
INSERT INTO `strapi_sessions` (`id`, `document_id`, `user_id`, `session_id`, `child_id`, `device_id`, `origin`, `expires_at`, `absolute_expires_at`, `status`, `type`, `created_at`, `updated_at`, `published_at`, `created_by_id`, `updated_by_id`, `locale`) VALUES (20, 'x2ebwf6gqlca9js1af9u2uiw', '1', 'd6a34200ebe404c8dd6e91f0ebfab84c', NULL, '9ee61700-3e9f-4bd0-a036-e0cb9eb51815', 'admin', '2025-12-29 16:04:49.248000', '2026-01-14 15:01:16.354000', 'active', 'refresh', '2025-12-15 16:04:49.248000', '2025-12-15 16:04:49.248000', '2025-12-15 16:04:49.248000', NULL, NULL, NULL);
INSERT INTO `strapi_sessions` (`id`, `document_id`, `user_id`, `session_id`, `child_id`, `device_id`, `origin`, `expires_at`, `absolute_expires_at`, `status`, `type`, `created_at`, `updated_at`, `published_at`, `created_by_id`, `updated_by_id`, `locale`) VALUES (21, 'vam3fd6x40w6y1q022zdua67', '1', 'ff29dc3bf87a92f3a1fb65932233fca6', NULL, 'ff03232f-3f96-4737-b135-de8fd7714280', 'admin', '2025-12-29 18:40:08.005000', '2026-01-14 18:40:08.005000', 'active', 'refresh', '2025-12-15 18:40:08.005000', '2025-12-15 18:40:08.005000', '2025-12-15 18:40:08.006000', NULL, NULL, NULL);
INSERT INTO `strapi_sessions` (`id`, `document_id`, `user_id`, `session_id`, `child_id`, `device_id`, `origin`, `expires_at`, `absolute_expires_at`, `status`, `type`, `created_at`, `updated_at`, `published_at`, `created_by_id`, `updated_by_id`, `locale`) VALUES (22, 'uxlwxoxgwtjmur7dopwt5g79', '1', '466d02322fa6e20b605f045f047c5a78', NULL, 'ff03232f-3f96-4737-b135-de8fd7714280', 'admin', '2025-12-31 01:43:26.194000', '2026-01-29 23:43:26.194000', 'active', 'session', '2025-12-30 23:43:26.194000', '2025-12-30 23:43:26.194000', '2025-12-30 23:43:26.195000', NULL, NULL, NULL);
INSERT INTO `strapi_sessions` (`id`, `document_id`, `user_id`, `session_id`, `child_id`, `device_id`, `origin`, `expires_at`, `absolute_expires_at`, `status`, `type`, `created_at`, `updated_at`, `published_at`, `created_by_id`, `updated_by_id`, `locale`) VALUES (23, 'bnelnrvrxmdumhi7v9002myi', '1', '6b1a6a335738b66c0476a1c088161b8c', '3fcf71379cc6d378e7c5eb973e30dd6c', 'e0945217-4521-451e-a727-a92d5d49dcf9', 'admin', '2026-01-25 00:44:10.731000', '2026-02-23 22:44:10.731000', 'rotated', 'session', '2026-01-24 22:44:10.731000', '2026-01-24 23:52:12.304000', '2026-01-24 22:44:10.732000', NULL, NULL, NULL);
INSERT INTO `strapi_sessions` (`id`, `document_id`, `user_id`, `session_id`, `child_id`, `device_id`, `origin`, `expires_at`, `absolute_expires_at`, `status`, `type`, `created_at`, `updated_at`, `published_at`, `created_by_id`, `updated_by_id`, `locale`) VALUES (24, 'em8tp7dztuxxiqdngifuhb04', '1', '3fcf71379cc6d378e7c5eb973e30dd6c', NULL, 'e0945217-4521-451e-a727-a92d5d49dcf9', 'admin', '2026-01-25 01:52:12.292000', '2026-02-23 22:44:10.731000', 'active', 'session', '2026-01-24 23:52:12.293000', '2026-01-24 23:52:12.293000', '2026-01-24 23:52:12.294000', NULL, NULL, NULL);
COMMIT;

-- ----------------------------
-- Table structure for strapi_transfer_token_permissions
-- ----------------------------
DROP TABLE IF EXISTS `strapi_transfer_token_permissions`;
CREATE TABLE `strapi_transfer_token_permissions` (
  `id` int unsigned NOT NULL AUTO_INCREMENT,
  `document_id` varchar(255) CHARACTER SET utf8mb3 COLLATE utf8mb3_general_ci DEFAULT NULL,
  `action` varchar(255) CHARACTER SET utf8mb3 COLLATE utf8mb3_general_ci DEFAULT NULL,
  `created_at` datetime(6) DEFAULT NULL,
  `updated_at` datetime(6) DEFAULT NULL,
  `published_at` datetime(6) DEFAULT NULL,
  `created_by_id` int unsigned DEFAULT NULL,
  `updated_by_id` int unsigned DEFAULT NULL,
  `locale` varchar(255) CHARACTER SET utf8mb3 COLLATE utf8mb3_general_ci DEFAULT NULL,
  PRIMARY KEY (`id`) USING BTREE,
  KEY `strapi_transfer_token_permissions_documents_idx` (`document_id`,`locale`,`published_at`) USING BTREE,
  KEY `strapi_transfer_token_permissions_created_by_id_fk` (`created_by_id`) USING BTREE,
  KEY `strapi_transfer_token_permissions_updated_by_id_fk` (`updated_by_id`) USING BTREE,
  CONSTRAINT `strapi_transfer_token_permissions_created_by_id_fk` FOREIGN KEY (`created_by_id`) REFERENCES `admin_users` (`id`) ON DELETE SET NULL ON UPDATE RESTRICT,
  CONSTRAINT `strapi_transfer_token_permissions_updated_by_id_fk` FOREIGN KEY (`updated_by_id`) REFERENCES `admin_users` (`id`) ON DELETE SET NULL ON UPDATE RESTRICT
) ENGINE=InnoDB DEFAULT CHARSET=utf8mb3 ROW_FORMAT=DYNAMIC;

-- ----------------------------
-- Records of strapi_transfer_token_permissions
-- ----------------------------
BEGIN;
COMMIT;

-- ----------------------------
-- Table structure for strapi_transfer_token_permissions_token_lnk
-- ----------------------------
DROP TABLE IF EXISTS `strapi_transfer_token_permissions_token_lnk`;
CREATE TABLE `strapi_transfer_token_permissions_token_lnk` (
  `id` int unsigned NOT NULL AUTO_INCREMENT,
  `transfer_token_permission_id` int unsigned DEFAULT NULL,
  `transfer_token_id` int unsigned DEFAULT NULL,
  `transfer_token_permission_ord` double unsigned DEFAULT NULL,
  PRIMARY KEY (`id`) USING BTREE,
  UNIQUE KEY `strapi_transfer_token_permissions_token_lnk_uq` (`transfer_token_permission_id`,`transfer_token_id`) USING BTREE,
  KEY `strapi_transfer_token_permissions_token_lnk_fk` (`transfer_token_permission_id`) USING BTREE,
  KEY `strapi_transfer_token_permissions_token_lnk_ifk` (`transfer_token_id`) USING BTREE,
  KEY `strapi_transfer_token_permissions_token_lnk_oifk` (`transfer_token_permission_ord`) USING BTREE,
  CONSTRAINT `strapi_transfer_token_permissions_token_lnk_fk` FOREIGN KEY (`transfer_token_permission_id`) REFERENCES `strapi_transfer_token_permissions` (`id`) ON DELETE CASCADE ON UPDATE RESTRICT,
  CONSTRAINT `strapi_transfer_token_permissions_token_lnk_ifk` FOREIGN KEY (`transfer_token_id`) REFERENCES `strapi_transfer_tokens` (`id`) ON DELETE CASCADE ON UPDATE RESTRICT
) ENGINE=InnoDB DEFAULT CHARSET=utf8mb3 ROW_FORMAT=DYNAMIC;

-- ----------------------------
-- Records of strapi_transfer_token_permissions_token_lnk
-- ----------------------------
BEGIN;
COMMIT;

-- ----------------------------
-- Table structure for strapi_transfer_tokens
-- ----------------------------
DROP TABLE IF EXISTS `strapi_transfer_tokens`;
CREATE TABLE `strapi_transfer_tokens` (
  `id` int unsigned NOT NULL AUTO_INCREMENT,
  `document_id` varchar(255) CHARACTER SET utf8mb3 COLLATE utf8mb3_general_ci DEFAULT NULL,
  `name` varchar(255) CHARACTER SET utf8mb3 COLLATE utf8mb3_general_ci DEFAULT NULL,
  `description` varchar(255) CHARACTER SET utf8mb3 COLLATE utf8mb3_general_ci DEFAULT NULL,
  `access_key` varchar(255) CHARACTER SET utf8mb3 COLLATE utf8mb3_general_ci DEFAULT NULL,
  `last_used_at` datetime(6) DEFAULT NULL,
  `expires_at` datetime(6) DEFAULT NULL,
  `lifespan` bigint DEFAULT NULL,
  `created_at` datetime(6) DEFAULT NULL,
  `updated_at` datetime(6) DEFAULT NULL,
  `published_at` datetime(6) DEFAULT NULL,
  `created_by_id` int unsigned DEFAULT NULL,
  `updated_by_id` int unsigned DEFAULT NULL,
  `locale` varchar(255) CHARACTER SET utf8mb3 COLLATE utf8mb3_general_ci DEFAULT NULL,
  PRIMARY KEY (`id`) USING BTREE,
  KEY `strapi_transfer_tokens_documents_idx` (`document_id`,`locale`,`published_at`) USING BTREE,
  KEY `strapi_transfer_tokens_created_by_id_fk` (`created_by_id`) USING BTREE,
  KEY `strapi_transfer_tokens_updated_by_id_fk` (`updated_by_id`) USING BTREE,
  CONSTRAINT `strapi_transfer_tokens_created_by_id_fk` FOREIGN KEY (`created_by_id`) REFERENCES `admin_users` (`id`) ON DELETE SET NULL ON UPDATE RESTRICT,
  CONSTRAINT `strapi_transfer_tokens_updated_by_id_fk` FOREIGN KEY (`updated_by_id`) REFERENCES `admin_users` (`id`) ON DELETE SET NULL ON UPDATE RESTRICT
) ENGINE=InnoDB DEFAULT CHARSET=utf8mb3 ROW_FORMAT=DYNAMIC;

-- ----------------------------
-- Records of strapi_transfer_tokens
-- ----------------------------
BEGIN;
COMMIT;

-- ----------------------------
-- Table structure for strapi_webhooks
-- ----------------------------
DROP TABLE IF EXISTS `strapi_webhooks`;
CREATE TABLE `strapi_webhooks` (
  `id` int unsigned NOT NULL AUTO_INCREMENT,
  `name` varchar(255) CHARACTER SET utf8mb3 COLLATE utf8mb3_general_ci DEFAULT NULL,
  `url` longtext CHARACTER SET utf8mb3 COLLATE utf8mb3_general_ci,
  `headers` json DEFAULT NULL,
  `events` json DEFAULT NULL,
  `enabled` tinyint(1) DEFAULT NULL,
  PRIMARY KEY (`id`) USING BTREE
) ENGINE=InnoDB DEFAULT CHARSET=utf8mb3 ROW_FORMAT=DYNAMIC;

-- ----------------------------
-- Records of strapi_webhooks
-- ----------------------------
BEGIN;
COMMIT;

-- ----------------------------
-- Table structure for strapi_workflows
-- ----------------------------
DROP TABLE IF EXISTS `strapi_workflows`;
CREATE TABLE `strapi_workflows` (
  `id` int unsigned NOT NULL AUTO_INCREMENT,
  `document_id` varchar(255) CHARACTER SET utf8mb3 COLLATE utf8mb3_general_ci DEFAULT NULL,
  `name` varchar(255) CHARACTER SET utf8mb3 COLLATE utf8mb3_general_ci DEFAULT NULL,
  `content_types` json DEFAULT NULL,
  `created_at` datetime(6) DEFAULT NULL,
  `updated_at` datetime(6) DEFAULT NULL,
  `published_at` datetime(6) DEFAULT NULL,
  `created_by_id` int unsigned DEFAULT NULL,
  `updated_by_id` int unsigned DEFAULT NULL,
  `locale` varchar(255) CHARACTER SET utf8mb3 COLLATE utf8mb3_general_ci DEFAULT NULL,
  PRIMARY KEY (`id`) USING BTREE,
  KEY `strapi_workflows_documents_idx` (`document_id`,`locale`,`published_at`) USING BTREE,
  KEY `strapi_workflows_created_by_id_fk` (`created_by_id`) USING BTREE,
  KEY `strapi_workflows_updated_by_id_fk` (`updated_by_id`) USING BTREE,
  CONSTRAINT `strapi_workflows_created_by_id_fk` FOREIGN KEY (`created_by_id`) REFERENCES `admin_users` (`id`) ON DELETE SET NULL ON UPDATE RESTRICT,
  CONSTRAINT `strapi_workflows_updated_by_id_fk` FOREIGN KEY (`updated_by_id`) REFERENCES `admin_users` (`id`) ON DELETE SET NULL ON UPDATE RESTRICT
) ENGINE=InnoDB DEFAULT CHARSET=utf8mb3 ROW_FORMAT=DYNAMIC;

-- ----------------------------
-- Records of strapi_workflows
-- ----------------------------
BEGIN;
COMMIT;

-- ----------------------------
-- Table structure for strapi_workflows_stage_required_to_publish_lnk
-- ----------------------------
DROP TABLE IF EXISTS `strapi_workflows_stage_required_to_publish_lnk`;
CREATE TABLE `strapi_workflows_stage_required_to_publish_lnk` (
  `id` int unsigned NOT NULL AUTO_INCREMENT,
  `workflow_id` int unsigned DEFAULT NULL,
  `workflow_stage_id` int unsigned DEFAULT NULL,
  PRIMARY KEY (`id`) USING BTREE,
  UNIQUE KEY `strapi_workflows_stage_required_to_publish_lnk_uq` (`workflow_id`,`workflow_stage_id`) USING BTREE,
  KEY `strapi_workflows_stage_required_to_publish_lnk_fk` (`workflow_id`) USING BTREE,
  KEY `strapi_workflows_stage_required_to_publish_lnk_ifk` (`workflow_stage_id`) USING BTREE,
  CONSTRAINT `strapi_workflows_stage_required_to_publish_lnk_fk` FOREIGN KEY (`workflow_id`) REFERENCES `strapi_workflows` (`id`) ON DELETE CASCADE ON UPDATE RESTRICT,
  CONSTRAINT `strapi_workflows_stage_required_to_publish_lnk_ifk` FOREIGN KEY (`workflow_stage_id`) REFERENCES `strapi_workflows_stages` (`id`) ON DELETE CASCADE ON UPDATE RESTRICT
) ENGINE=InnoDB DEFAULT CHARSET=utf8mb3 ROW_FORMAT=DYNAMIC;

-- ----------------------------
-- Records of strapi_workflows_stage_required_to_publish_lnk
-- ----------------------------
BEGIN;
COMMIT;

-- ----------------------------
-- Table structure for strapi_workflows_stages
-- ----------------------------
DROP TABLE IF EXISTS `strapi_workflows_stages`;
CREATE TABLE `strapi_workflows_stages` (
  `id` int unsigned NOT NULL AUTO_INCREMENT,
  `document_id` varchar(255) CHARACTER SET utf8mb3 COLLATE utf8mb3_general_ci DEFAULT NULL,
  `name` varchar(255) CHARACTER SET utf8mb3 COLLATE utf8mb3_general_ci DEFAULT NULL,
  `color` varchar(255) CHARACTER SET utf8mb3 COLLATE utf8mb3_general_ci DEFAULT NULL,
  `created_at` datetime(6) DEFAULT NULL,
  `updated_at` datetime(6) DEFAULT NULL,
  `published_at` datetime(6) DEFAULT NULL,
  `created_by_id` int unsigned DEFAULT NULL,
  `updated_by_id` int unsigned DEFAULT NULL,
  `locale` varchar(255) CHARACTER SET utf8mb3 COLLATE utf8mb3_general_ci DEFAULT NULL,
  PRIMARY KEY (`id`) USING BTREE,
  KEY `strapi_workflows_stages_documents_idx` (`document_id`,`locale`,`published_at`) USING BTREE,
  KEY `strapi_workflows_stages_created_by_id_fk` (`created_by_id`) USING BTREE,
  KEY `strapi_workflows_stages_updated_by_id_fk` (`updated_by_id`) USING BTREE,
  CONSTRAINT `strapi_workflows_stages_created_by_id_fk` FOREIGN KEY (`created_by_id`) REFERENCES `admin_users` (`id`) ON DELETE SET NULL ON UPDATE RESTRICT,
  CONSTRAINT `strapi_workflows_stages_updated_by_id_fk` FOREIGN KEY (`updated_by_id`) REFERENCES `admin_users` (`id`) ON DELETE SET NULL ON UPDATE RESTRICT
) ENGINE=InnoDB DEFAULT CHARSET=utf8mb3 ROW_FORMAT=DYNAMIC;

-- ----------------------------
-- Records of strapi_workflows_stages
-- ----------------------------
BEGIN;
COMMIT;

-- ----------------------------
-- Table structure for strapi_workflows_stages_permissions_lnk
-- ----------------------------
DROP TABLE IF EXISTS `strapi_workflows_stages_permissions_lnk`;
CREATE TABLE `strapi_workflows_stages_permissions_lnk` (
  `id` int unsigned NOT NULL AUTO_INCREMENT,
  `workflow_stage_id` int unsigned DEFAULT NULL,
  `permission_id` int unsigned DEFAULT NULL,
  `permission_ord` double unsigned DEFAULT NULL,
  PRIMARY KEY (`id`) USING BTREE,
  UNIQUE KEY `strapi_workflows_stages_permissions_lnk_uq` (`workflow_stage_id`,`permission_id`) USING BTREE,
  KEY `strapi_workflows_stages_permissions_lnk_fk` (`workflow_stage_id`) USING BTREE,
  KEY `strapi_workflows_stages_permissions_lnk_ifk` (`permission_id`) USING BTREE,
  KEY `strapi_workflows_stages_permissions_lnk_ofk` (`permission_ord`) USING BTREE,
  CONSTRAINT `strapi_workflows_stages_permissions_lnk_fk` FOREIGN KEY (`workflow_stage_id`) REFERENCES `strapi_workflows_stages` (`id`) ON DELETE CASCADE ON UPDATE RESTRICT,
  CONSTRAINT `strapi_workflows_stages_permissions_lnk_ifk` FOREIGN KEY (`permission_id`) REFERENCES `admin_permissions` (`id`) ON DELETE CASCADE ON UPDATE RESTRICT
) ENGINE=InnoDB DEFAULT CHARSET=utf8mb3 ROW_FORMAT=DYNAMIC;

-- ----------------------------
-- Records of strapi_workflows_stages_permissions_lnk
-- ----------------------------
BEGIN;
COMMIT;

-- ----------------------------
-- Table structure for strapi_workflows_stages_workflow_lnk
-- ----------------------------
DROP TABLE IF EXISTS `strapi_workflows_stages_workflow_lnk`;
CREATE TABLE `strapi_workflows_stages_workflow_lnk` (
  `id` int unsigned NOT NULL AUTO_INCREMENT,
  `workflow_stage_id` int unsigned DEFAULT NULL,
  `workflow_id` int unsigned DEFAULT NULL,
  `workflow_stage_ord` double unsigned DEFAULT NULL,
  PRIMARY KEY (`id`) USING BTREE,
  UNIQUE KEY `strapi_workflows_stages_workflow_lnk_uq` (`workflow_stage_id`,`workflow_id`) USING BTREE,
  KEY `strapi_workflows_stages_workflow_lnk_fk` (`workflow_stage_id`) USING BTREE,
  KEY `strapi_workflows_stages_workflow_lnk_ifk` (`workflow_id`) USING BTREE,
  KEY `strapi_workflows_stages_workflow_lnk_oifk` (`workflow_stage_ord`) USING BTREE,
  CONSTRAINT `strapi_workflows_stages_workflow_lnk_fk` FOREIGN KEY (`workflow_stage_id`) REFERENCES `strapi_workflows_stages` (`id`) ON DELETE CASCADE ON UPDATE RESTRICT,
  CONSTRAINT `strapi_workflows_stages_workflow_lnk_ifk` FOREIGN KEY (`workflow_id`) REFERENCES `strapi_workflows` (`id`) ON DELETE CASCADE ON UPDATE RESTRICT
) ENGINE=InnoDB DEFAULT CHARSET=utf8mb3 ROW_FORMAT=DYNAMIC;

-- ----------------------------
-- Records of strapi_workflows_stages_workflow_lnk
-- ----------------------------
BEGIN;
COMMIT;

-- ----------------------------
-- Table structure for up_permissions
-- ----------------------------
DROP TABLE IF EXISTS `up_permissions`;
CREATE TABLE `up_permissions` (
  `id` int unsigned NOT NULL AUTO_INCREMENT,
  `document_id` varchar(255) CHARACTER SET utf8mb3 COLLATE utf8mb3_general_ci DEFAULT NULL,
  `action` varchar(255) CHARACTER SET utf8mb3 COLLATE utf8mb3_general_ci DEFAULT NULL,
  `created_at` datetime(6) DEFAULT NULL,
  `updated_at` datetime(6) DEFAULT NULL,
  `published_at` datetime(6) DEFAULT NULL,
  `created_by_id` int unsigned DEFAULT NULL,
  `updated_by_id` int unsigned DEFAULT NULL,
  `locale` varchar(255) CHARACTER SET utf8mb3 COLLATE utf8mb3_general_ci DEFAULT NULL,
  PRIMARY KEY (`id`) USING BTREE,
  KEY `up_permissions_documents_idx` (`document_id`,`locale`,`published_at`) USING BTREE,
  KEY `up_permissions_created_by_id_fk` (`created_by_id`) USING BTREE,
  KEY `up_permissions_updated_by_id_fk` (`updated_by_id`) USING BTREE,
  CONSTRAINT `up_permissions_created_by_id_fk` FOREIGN KEY (`created_by_id`) REFERENCES `admin_users` (`id`) ON DELETE SET NULL ON UPDATE RESTRICT,
  CONSTRAINT `up_permissions_updated_by_id_fk` FOREIGN KEY (`updated_by_id`) REFERENCES `admin_users` (`id`) ON DELETE SET NULL ON UPDATE RESTRICT
) ENGINE=InnoDB AUTO_INCREMENT=30 DEFAULT CHARSET=utf8mb3 ROW_FORMAT=DYNAMIC;

-- ----------------------------
-- Records of up_permissions
-- ----------------------------
BEGIN;
INSERT INTO `up_permissions` (`id`, `document_id`, `action`, `created_at`, `updated_at`, `published_at`, `created_by_id`, `updated_by_id`, `locale`) VALUES (1, 'p7gw8lelxcssvq080zwhhy5j', 'plugin::users-permissions.user.me', '2025-10-20 14:31:34.463000', '2025-10-20 14:31:34.463000', '2025-10-20 14:31:34.464000', NULL, NULL, NULL);
INSERT INTO `up_permissions` (`id`, `document_id`, `action`, `created_at`, `updated_at`, `published_at`, `created_by_id`, `updated_by_id`, `locale`) VALUES (2, 'q5hnfh61bh2vmg6bhvkshczi', 'plugin::users-permissions.auth.changePassword', '2025-10-20 14:31:34.463000', '2025-10-20 14:31:34.463000', '2025-10-20 14:31:34.464000', NULL, NULL, NULL);
INSERT INTO `up_permissions` (`id`, `document_id`, `action`, `created_at`, `updated_at`, `published_at`, `created_by_id`, `updated_by_id`, `locale`) VALUES (3, 'na51teebncfqib16httur3sv', 'plugin::users-permissions.auth.callback', '2025-10-20 14:31:34.473000', '2025-10-20 14:31:34.473000', '2025-10-20 14:31:34.473000', NULL, NULL, NULL);
INSERT INTO `up_permissions` (`id`, `document_id`, `action`, `created_at`, `updated_at`, `published_at`, `created_by_id`, `updated_by_id`, `locale`) VALUES (4, 'xgpr7scmuatpxk4n7t2j98qx', 'plugin::users-permissions.auth.connect', '2025-10-20 14:31:34.473000', '2025-10-20 14:31:34.473000', '2025-10-20 14:31:34.473000', NULL, NULL, NULL);
INSERT INTO `up_permissions` (`id`, `document_id`, `action`, `created_at`, `updated_at`, `published_at`, `created_by_id`, `updated_by_id`, `locale`) VALUES (5, 's1zbj3wm0oe1g5b591y0p3w9', 'plugin::users-permissions.auth.forgotPassword', '2025-10-20 14:31:34.473000', '2025-10-20 14:31:34.473000', '2025-10-20 14:31:34.473000', NULL, NULL, NULL);
INSERT INTO `up_permissions` (`id`, `document_id`, `action`, `created_at`, `updated_at`, `published_at`, `created_by_id`, `updated_by_id`, `locale`) VALUES (6, 'wgf8xridx9uapgkoi2ra0hs9', 'plugin::users-permissions.auth.resetPassword', '2025-10-20 14:31:34.473000', '2025-10-20 14:31:34.473000', '2025-10-20 14:31:34.473000', NULL, NULL, NULL);
INSERT INTO `up_permissions` (`id`, `document_id`, `action`, `created_at`, `updated_at`, `published_at`, `created_by_id`, `updated_by_id`, `locale`) VALUES (7, 'f7slnfyql2vxm4wskasyhwtw', 'plugin::users-permissions.auth.register', '2025-10-20 14:31:34.473000', '2025-10-20 14:31:34.473000', '2025-10-20 14:31:34.473000', NULL, NULL, NULL);
INSERT INTO `up_permissions` (`id`, `document_id`, `action`, `created_at`, `updated_at`, `published_at`, `created_by_id`, `updated_by_id`, `locale`) VALUES (8, 'wqvcj9ap8v9wuv7m1b2s6kqt', 'plugin::users-permissions.auth.emailConfirmation', '2025-10-20 14:31:34.473000', '2025-10-20 14:31:34.473000', '2025-10-20 14:31:34.473000', NULL, NULL, NULL);
INSERT INTO `up_permissions` (`id`, `document_id`, `action`, `created_at`, `updated_at`, `published_at`, `created_by_id`, `updated_by_id`, `locale`) VALUES (9, 'qyhh39q3zxulfv882mwxmipq', 'plugin::users-permissions.auth.sendEmailConfirmation', '2025-10-20 14:31:34.473000', '2025-10-20 14:31:34.473000', '2025-10-20 14:31:34.473000', NULL, NULL, NULL);
INSERT INTO `up_permissions` (`id`, `document_id`, `action`, `created_at`, `updated_at`, `published_at`, `created_by_id`, `updated_by_id`, `locale`) VALUES (10, 'b0l3m8dzoom74eoglb304ia4', 'api::achievement-field-def.achievement-field-def.find', '2025-12-03 22:59:30.980000', '2025-12-03 22:59:30.980000', '2025-12-03 22:59:30.981000', NULL, NULL, NULL);
INSERT INTO `up_permissions` (`id`, `document_id`, `action`, `created_at`, `updated_at`, `published_at`, `created_by_id`, `updated_by_id`, `locale`) VALUES (11, 'prj5n8femsqca6z09temxkk7', 'api::achievement-field-def.achievement-field-def.findOne', '2025-12-03 22:59:30.980000', '2025-12-03 22:59:30.980000', '2025-12-03 22:59:30.981000', NULL, NULL, NULL);
INSERT INTO `up_permissions` (`id`, `document_id`, `action`, `created_at`, `updated_at`, `published_at`, `created_by_id`, `updated_by_id`, `locale`) VALUES (12, 'uklz9vbctjpm13rei3d599mx', 'api::achievement-field-def.achievement-field-def.create', '2025-12-03 22:59:30.980000', '2025-12-03 22:59:30.980000', '2025-12-03 22:59:30.981000', NULL, NULL, NULL);
INSERT INTO `up_permissions` (`id`, `document_id`, `action`, `created_at`, `updated_at`, `published_at`, `created_by_id`, `updated_by_id`, `locale`) VALUES (13, 'mfp719kgi2xrlnl7vso4ykk6', 'api::achievement-field-def.achievement-field-def.update', '2025-12-03 22:59:30.980000', '2025-12-03 22:59:30.980000', '2025-12-03 22:59:30.982000', NULL, NULL, NULL);
INSERT INTO `up_permissions` (`id`, `document_id`, `action`, `created_at`, `updated_at`, `published_at`, `created_by_id`, `updated_by_id`, `locale`) VALUES (14, 'ysc4ndg89h9slgz25lbofkqf', 'api::achievement-field-def.achievement-field-def.delete', '2025-12-03 22:59:30.980000', '2025-12-03 22:59:30.980000', '2025-12-03 22:59:30.982000', NULL, NULL, NULL);
INSERT INTO `up_permissions` (`id`, `document_id`, `action`, `created_at`, `updated_at`, `published_at`, `created_by_id`, `updated_by_id`, `locale`) VALUES (15, 'oaut8xxdwja10q7u3fupf6pl', 'api::achievement-field-value.achievement-field-value.find', '2025-12-03 22:59:30.980000', '2025-12-03 22:59:30.980000', '2025-12-03 22:59:30.982000', NULL, NULL, NULL);
INSERT INTO `up_permissions` (`id`, `document_id`, `action`, `created_at`, `updated_at`, `published_at`, `created_by_id`, `updated_by_id`, `locale`) VALUES (16, 'f2s0fi2lb781kb9yebbe33sg', 'api::achievement-field-value.achievement-field-value.findOne', '2025-12-03 22:59:30.980000', '2025-12-03 22:59:30.980000', '2025-12-03 22:59:30.983000', NULL, NULL, NULL);
INSERT INTO `up_permissions` (`id`, `document_id`, `action`, `created_at`, `updated_at`, `published_at`, `created_by_id`, `updated_by_id`, `locale`) VALUES (17, 'tzbogf3yno8saa3yrc6jbst9', 'api::achievement-field-value.achievement-field-value.create', '2025-12-03 22:59:30.980000', '2025-12-03 22:59:30.980000', '2025-12-03 22:59:30.983000', NULL, NULL, NULL);
INSERT INTO `up_permissions` (`id`, `document_id`, `action`, `created_at`, `updated_at`, `published_at`, `created_by_id`, `updated_by_id`, `locale`) VALUES (18, 'um364zj3gabhb8phtvg11nfy', 'api::achievement-field-value.achievement-field-value.update', '2025-12-03 22:59:30.980000', '2025-12-03 22:59:30.980000', '2025-12-03 22:59:30.984000', NULL, NULL, NULL);
INSERT INTO `up_permissions` (`id`, `document_id`, `action`, `created_at`, `updated_at`, `published_at`, `created_by_id`, `updated_by_id`, `locale`) VALUES (19, 'p0m8sxlz8xzt5ourejx1e74x', 'api::achievement-field-value.achievement-field-value.delete', '2025-12-03 22:59:30.980000', '2025-12-03 22:59:30.980000', '2025-12-03 22:59:30.985000', NULL, NULL, NULL);
INSERT INTO `up_permissions` (`id`, `document_id`, `action`, `created_at`, `updated_at`, `published_at`, `created_by_id`, `updated_by_id`, `locale`) VALUES (20, 'eq0yaa7goqt030tepotk36ua', 'api::achievement-main.achievement-main.find', '2025-12-03 22:59:30.980000', '2025-12-03 22:59:30.980000', '2025-12-03 22:59:30.985000', NULL, NULL, NULL);
INSERT INTO `up_permissions` (`id`, `document_id`, `action`, `created_at`, `updated_at`, `published_at`, `created_by_id`, `updated_by_id`, `locale`) VALUES (21, 'wv7eyjcwptczye6z8gu85lvv', 'api::achievement-main.achievement-main.findOne', '2025-12-03 22:59:30.980000', '2025-12-03 22:59:30.980000', '2025-12-03 22:59:30.986000', NULL, NULL, NULL);
INSERT INTO `up_permissions` (`id`, `document_id`, `action`, `created_at`, `updated_at`, `published_at`, `created_by_id`, `updated_by_id`, `locale`) VALUES (22, 'prkr4e3pogvwh8rkschlt4ec', 'api::achievement-main.achievement-main.create', '2025-12-03 22:59:30.980000', '2025-12-03 22:59:30.980000', '2025-12-03 22:59:30.986000', NULL, NULL, NULL);
INSERT INTO `up_permissions` (`id`, `document_id`, `action`, `created_at`, `updated_at`, `published_at`, `created_by_id`, `updated_by_id`, `locale`) VALUES (23, 'o7p75rw6uvbidtgqfbib3v5g', 'api::achievement-main.achievement-main.update', '2025-12-03 22:59:30.980000', '2025-12-03 22:59:30.980000', '2025-12-03 22:59:30.986000', NULL, NULL, NULL);
INSERT INTO `up_permissions` (`id`, `document_id`, `action`, `created_at`, `updated_at`, `published_at`, `created_by_id`, `updated_by_id`, `locale`) VALUES (24, 'ljpgtudndnk035m2973fl5ng', 'api::achievement-main.achievement-main.delete', '2025-12-03 22:59:30.980000', '2025-12-03 22:59:30.980000', '2025-12-03 22:59:30.986000', NULL, NULL, NULL);
INSERT INTO `up_permissions` (`id`, `document_id`, `action`, `created_at`, `updated_at`, `published_at`, `created_by_id`, `updated_by_id`, `locale`) VALUES (25, 'tzi3n5hbxkg4fc98cvo0dlgo', 'api::achievement-type.achievement-type.find', '2025-12-03 22:59:30.980000', '2025-12-03 22:59:30.980000', '2025-12-03 22:59:30.987000', NULL, NULL, NULL);
INSERT INTO `up_permissions` (`id`, `document_id`, `action`, `created_at`, `updated_at`, `published_at`, `created_by_id`, `updated_by_id`, `locale`) VALUES (26, 'w5aarswdowdxq0oqv3vdx8ta', 'api::achievement-type.achievement-type.findOne', '2025-12-03 22:59:30.980000', '2025-12-03 22:59:30.980000', '2025-12-03 22:59:30.987000', NULL, NULL, NULL);
INSERT INTO `up_permissions` (`id`, `document_id`, `action`, `created_at`, `updated_at`, `published_at`, `created_by_id`, `updated_by_id`, `locale`) VALUES (27, 'ae7gkj75rc2rpl2qm7zmepuw', 'api::achievement-type.achievement-type.create', '2025-12-03 22:59:30.980000', '2025-12-03 22:59:30.980000', '2025-12-03 22:59:30.987000', NULL, NULL, NULL);
INSERT INTO `up_permissions` (`id`, `document_id`, `action`, `created_at`, `updated_at`, `published_at`, `created_by_id`, `updated_by_id`, `locale`) VALUES (28, 'tejee2k8d6zq16es9eexu036', 'api::achievement-type.achievement-type.update', '2025-12-03 22:59:30.980000', '2025-12-03 22:59:30.980000', '2025-12-03 22:59:30.989000', NULL, NULL, NULL);
INSERT INTO `up_permissions` (`id`, `document_id`, `action`, `created_at`, `updated_at`, `published_at`, `created_by_id`, `updated_by_id`, `locale`) VALUES (29, 'q76f9voyzwx1c1prpsnsjaig', 'api::achievement-type.achievement-type.delete', '2025-12-03 22:59:30.980000', '2025-12-03 22:59:30.980000', '2025-12-03 22:59:30.989000', NULL, NULL, NULL);
COMMIT;

-- ----------------------------
-- Table structure for up_permissions_role_lnk
-- ----------------------------
DROP TABLE IF EXISTS `up_permissions_role_lnk`;
CREATE TABLE `up_permissions_role_lnk` (
  `id` int unsigned NOT NULL AUTO_INCREMENT,
  `permission_id` int unsigned DEFAULT NULL,
  `role_id` int unsigned DEFAULT NULL,
  `permission_ord` double unsigned DEFAULT NULL,
  PRIMARY KEY (`id`) USING BTREE,
  UNIQUE KEY `up_permissions_role_lnk_uq` (`permission_id`,`role_id`) USING BTREE,
  KEY `up_permissions_role_lnk_fk` (`permission_id`) USING BTREE,
  KEY `up_permissions_role_lnk_ifk` (`role_id`) USING BTREE,
  KEY `up_permissions_role_lnk_oifk` (`permission_ord`) USING BTREE,
  CONSTRAINT `up_permissions_role_lnk_fk` FOREIGN KEY (`permission_id`) REFERENCES `up_permissions` (`id`) ON DELETE CASCADE ON UPDATE RESTRICT,
  CONSTRAINT `up_permissions_role_lnk_ifk` FOREIGN KEY (`role_id`) REFERENCES `up_roles` (`id`) ON DELETE CASCADE ON UPDATE RESTRICT
) ENGINE=InnoDB AUTO_INCREMENT=30 DEFAULT CHARSET=utf8mb3 ROW_FORMAT=DYNAMIC;

-- ----------------------------
-- Records of up_permissions_role_lnk
-- ----------------------------
BEGIN;
INSERT INTO `up_permissions_role_lnk` (`id`, `permission_id`, `role_id`, `permission_ord`) VALUES (1, 1, 1, 1);
INSERT INTO `up_permissions_role_lnk` (`id`, `permission_id`, `role_id`, `permission_ord`) VALUES (2, 2, 1, 1);
INSERT INTO `up_permissions_role_lnk` (`id`, `permission_id`, `role_id`, `permission_ord`) VALUES (3, 3, 2, 1);
INSERT INTO `up_permissions_role_lnk` (`id`, `permission_id`, `role_id`, `permission_ord`) VALUES (4, 8, 2, 1);
INSERT INTO `up_permissions_role_lnk` (`id`, `permission_id`, `role_id`, `permission_ord`) VALUES (5, 6, 2, 1);
INSERT INTO `up_permissions_role_lnk` (`id`, `permission_id`, `role_id`, `permission_ord`) VALUES (6, 5, 2, 1);
INSERT INTO `up_permissions_role_lnk` (`id`, `permission_id`, `role_id`, `permission_ord`) VALUES (7, 9, 2, 1);
INSERT INTO `up_permissions_role_lnk` (`id`, `permission_id`, `role_id`, `permission_ord`) VALUES (8, 7, 2, 1);
INSERT INTO `up_permissions_role_lnk` (`id`, `permission_id`, `role_id`, `permission_ord`) VALUES (9, 4, 2, 1);
INSERT INTO `up_permissions_role_lnk` (`id`, `permission_id`, `role_id`, `permission_ord`) VALUES (10, 13, 2, 2);
INSERT INTO `up_permissions_role_lnk` (`id`, `permission_id`, `role_id`, `permission_ord`) VALUES (11, 12, 2, 2);
INSERT INTO `up_permissions_role_lnk` (`id`, `permission_id`, `role_id`, `permission_ord`) VALUES (12, 10, 2, 2);
INSERT INTO `up_permissions_role_lnk` (`id`, `permission_id`, `role_id`, `permission_ord`) VALUES (13, 14, 2, 2);
INSERT INTO `up_permissions_role_lnk` (`id`, `permission_id`, `role_id`, `permission_ord`) VALUES (14, 11, 2, 2);
INSERT INTO `up_permissions_role_lnk` (`id`, `permission_id`, `role_id`, `permission_ord`) VALUES (15, 15, 2, 2);
INSERT INTO `up_permissions_role_lnk` (`id`, `permission_id`, `role_id`, `permission_ord`) VALUES (16, 17, 2, 2);
INSERT INTO `up_permissions_role_lnk` (`id`, `permission_id`, `role_id`, `permission_ord`) VALUES (17, 16, 2, 2);
INSERT INTO `up_permissions_role_lnk` (`id`, `permission_id`, `role_id`, `permission_ord`) VALUES (18, 18, 2, 3);
INSERT INTO `up_permissions_role_lnk` (`id`, `permission_id`, `role_id`, `permission_ord`) VALUES (19, 19, 2, 3);
INSERT INTO `up_permissions_role_lnk` (`id`, `permission_id`, `role_id`, `permission_ord`) VALUES (20, 20, 2, 3);
INSERT INTO `up_permissions_role_lnk` (`id`, `permission_id`, `role_id`, `permission_ord`) VALUES (21, 21, 2, 3);
INSERT INTO `up_permissions_role_lnk` (`id`, `permission_id`, `role_id`, `permission_ord`) VALUES (22, 23, 2, 3);
INSERT INTO `up_permissions_role_lnk` (`id`, `permission_id`, `role_id`, `permission_ord`) VALUES (23, 22, 2, 3);
INSERT INTO `up_permissions_role_lnk` (`id`, `permission_id`, `role_id`, `permission_ord`) VALUES (24, 24, 2, 4);
INSERT INTO `up_permissions_role_lnk` (`id`, `permission_id`, `role_id`, `permission_ord`) VALUES (25, 25, 2, 4);
INSERT INTO `up_permissions_role_lnk` (`id`, `permission_id`, `role_id`, `permission_ord`) VALUES (26, 26, 2, 4);
INSERT INTO `up_permissions_role_lnk` (`id`, `permission_id`, `role_id`, `permission_ord`) VALUES (27, 27, 2, 4);
INSERT INTO `up_permissions_role_lnk` (`id`, `permission_id`, `role_id`, `permission_ord`) VALUES (28, 28, 2, 4);
INSERT INTO `up_permissions_role_lnk` (`id`, `permission_id`, `role_id`, `permission_ord`) VALUES (29, 29, 2, 4);
COMMIT;

-- ----------------------------
-- Table structure for up_roles
-- ----------------------------
DROP TABLE IF EXISTS `up_roles`;
CREATE TABLE `up_roles` (
  `id` int unsigned NOT NULL AUTO_INCREMENT,
  `document_id` varchar(255) CHARACTER SET utf8mb3 COLLATE utf8mb3_general_ci DEFAULT NULL,
  `name` varchar(255) CHARACTER SET utf8mb3 COLLATE utf8mb3_general_ci DEFAULT NULL,
  `description` varchar(255) CHARACTER SET utf8mb3 COLLATE utf8mb3_general_ci DEFAULT NULL,
  `type` varchar(255) CHARACTER SET utf8mb3 COLLATE utf8mb3_general_ci DEFAULT NULL,
  `created_at` datetime(6) DEFAULT NULL,
  `updated_at` datetime(6) DEFAULT NULL,
  `published_at` datetime(6) DEFAULT NULL,
  `created_by_id` int unsigned DEFAULT NULL,
  `updated_by_id` int unsigned DEFAULT NULL,
  `locale` varchar(255) CHARACTER SET utf8mb3 COLLATE utf8mb3_general_ci DEFAULT NULL,
  PRIMARY KEY (`id`) USING BTREE,
  KEY `up_roles_documents_idx` (`document_id`,`locale`,`published_at`) USING BTREE,
  KEY `up_roles_created_by_id_fk` (`created_by_id`) USING BTREE,
  KEY `up_roles_updated_by_id_fk` (`updated_by_id`) USING BTREE,
  CONSTRAINT `up_roles_created_by_id_fk` FOREIGN KEY (`created_by_id`) REFERENCES `admin_users` (`id`) ON DELETE SET NULL ON UPDATE RESTRICT,
  CONSTRAINT `up_roles_updated_by_id_fk` FOREIGN KEY (`updated_by_id`) REFERENCES `admin_users` (`id`) ON DELETE SET NULL ON UPDATE RESTRICT
) ENGINE=InnoDB AUTO_INCREMENT=6 DEFAULT CHARSET=utf8mb3 ROW_FORMAT=DYNAMIC;

-- ----------------------------
-- Records of up_roles
-- ----------------------------
BEGIN;
INSERT INTO `up_roles` (`id`, `document_id`, `name`, `description`, `type`, `created_at`, `updated_at`, `published_at`, `created_by_id`, `updated_by_id`, `locale`) VALUES (1, 'g24zz2etk71kfd5hqe4mvkx2', 'Authenticated', 'Default role given to authenticated user.', 'authenticated', '2025-10-20 14:31:34.450000', '2025-10-20 14:31:34.450000', '2025-10-20 14:31:34.451000', NULL, NULL, NULL);
INSERT INTO `up_roles` (`id`, `document_id`, `name`, `description`, `type`, `created_at`, `updated_at`, `published_at`, `created_by_id`, `updated_by_id`, `locale`) VALUES (2, 'f91mykwxa19mz68io65xfmv1', 'Public', 'Default role given to unauthenticated user.', 'public', '2025-10-20 14:31:34.455000', '2025-12-04 10:42:04.328000', '2025-10-20 14:31:34.455000', NULL, NULL, NULL);
INSERT INTO `up_roles` (`id`, `document_id`, `name`, `description`, `type`, `created_at`, `updated_at`, `published_at`, `created_by_id`, `updated_by_id`, `locale`) VALUES (3, 'expert_role_doc_id_001', 'Expert', '专家角色，负责审核科研成果', 'expert', '2026-01-27 14:55:09.858807', '2026-01-27 14:55:09.858807', '2026-01-27 14:55:09.858807', NULL, NULL, NULL);
INSERT INTO `up_roles` (`id`, `document_id`, `name`, `description`, `type`, `created_at`, `updated_at`, `published_at`, `created_by_id`, `updated_by_id`, `locale`) VALUES (4, 'admin_role_doc_id_002', 'Administrator', '管理员角色，负责成果分配、用户管理等', 'administrator', '2026-01-27 14:55:09.864950', '2026-01-27 14:55:09.864950', '2026-01-27 14:55:09.864950', NULL, NULL, NULL);
INSERT INTO `up_roles` (`id`, `document_id`, `name`, `description`, `type`, `created_at`, `updated_at`, `published_at`, `created_by_id`, `updated_by_id`, `locale`) VALUES (5, 'researcher_role_doc_id_003', 'Researcher', '科研工作者角色，负责提交科研成果', 'researcher', '2026-01-27 14:55:09.866056', '2026-01-27 14:55:09.866056', '2026-01-27 14:55:09.866056', NULL, NULL, NULL);
COMMIT;

-- ----------------------------
-- Table structure for up_users
-- ----------------------------
DROP TABLE IF EXISTS `up_users`;
CREATE TABLE `up_users` (
  `id` int unsigned NOT NULL AUTO_INCREMENT,
  `document_id` varchar(255) CHARACTER SET utf8mb3 COLLATE utf8mb3_general_ci DEFAULT NULL,
  `username` varchar(255) CHARACTER SET utf8mb3 COLLATE utf8mb3_general_ci DEFAULT NULL,
  `email` varchar(255) CHARACTER SET utf8mb3 COLLATE utf8mb3_general_ci DEFAULT NULL,
  `provider` varchar(255) CHARACTER SET utf8mb3 COLLATE utf8mb3_general_ci DEFAULT NULL,
  `password` varchar(255) CHARACTER SET utf8mb3 COLLATE utf8mb3_general_ci DEFAULT NULL,
  `reset_password_token` varchar(255) CHARACTER SET utf8mb3 COLLATE utf8mb3_general_ci DEFAULT NULL,
  `confirmation_token` varchar(255) CHARACTER SET utf8mb3 COLLATE utf8mb3_general_ci DEFAULT NULL,
  `confirmed` tinyint(1) DEFAULT NULL,
  `blocked` tinyint(1) DEFAULT NULL,
  `created_at` datetime(6) DEFAULT NULL,
  `updated_at` datetime(6) DEFAULT NULL,
  `published_at` datetime(6) DEFAULT NULL,
  `created_by_id` int unsigned DEFAULT NULL,
  `updated_by_id` int unsigned DEFAULT NULL,
  `locale` varchar(255) CHARACTER SET utf8mb3 COLLATE utf8mb3_general_ci DEFAULT NULL,
  PRIMARY KEY (`id`) USING BTREE,
  KEY `up_users_documents_idx` (`document_id`,`locale`,`published_at`) USING BTREE,
  KEY `up_users_created_by_id_fk` (`created_by_id`) USING BTREE,
  KEY `up_users_updated_by_id_fk` (`updated_by_id`) USING BTREE,
  CONSTRAINT `up_users_created_by_id_fk` FOREIGN KEY (`created_by_id`) REFERENCES `admin_users` (`id`) ON DELETE SET NULL ON UPDATE RESTRICT,
  CONSTRAINT `up_users_updated_by_id_fk` FOREIGN KEY (`updated_by_id`) REFERENCES `admin_users` (`id`) ON DELETE SET NULL ON UPDATE RESTRICT
) ENGINE=InnoDB AUTO_INCREMENT=19 DEFAULT CHARSET=utf8mb3 ROW_FORMAT=DYNAMIC;

-- ----------------------------
-- Records of up_users
-- ----------------------------
BEGIN;
INSERT INTO `up_users` (`id`, `document_id`, `username`, `email`, `provider`, `password`, `reset_password_token`, `confirmation_token`, `confirmed`, `blocked`, `created_at`, `updated_at`, `published_at`, `created_by_id`, `updated_by_id`, `locale`) VALUES (1, 'user_researcher01', 'researcher01', 'researcher01@edu.cn', 'local', '$2a$10$N9qo8uLOickgx2ZMRZoMyeIjZAgcfl7p92ldGxad68LJZdL17lhWy', NULL, NULL, 1, 0, '2026-01-27 14:55:09.878281', '2026-01-27 14:55:09.878281', '2026-01-27 14:55:09.878281', NULL, NULL, NULL);
INSERT INTO `up_users` (`id`, `document_id`, `username`, `email`, `provider`, `password`, `reset_password_token`, `confirmation_token`, `confirmed`, `blocked`, `created_at`, `updated_at`, `published_at`, `created_by_id`, `updated_by_id`, `locale`) VALUES (2, 'user_researcher02', 'researcher02', 'researcher02@edu.cn', 'local', '$2a$10$N9qo8uLOickgx2ZMRZoMyeIjZAgcfl7p92ldGxad68LJZdL17lhWy', NULL, NULL, 1, 0, '2026-01-27 14:55:09.879260', '2026-01-27 14:55:09.879260', '2026-01-27 14:55:09.879260', NULL, NULL, NULL);
INSERT INTO `up_users` (`id`, `document_id`, `username`, `email`, `provider`, `password`, `reset_password_token`, `confirmation_token`, `confirmed`, `blocked`, `created_at`, `updated_at`, `published_at`, `created_by_id`, `updated_by_id`, `locale`) VALUES (3, 'user_researcher03', 'researcher03', 'researcher03@edu.cn', 'local', '$2a$10$N9qo8uLOickgx2ZMRZoMyeIjZAgcfl7p92ldGxad68LJZdL17lhWy', NULL, NULL, 1, 0, '2026-01-27 14:55:09.880114', '2026-01-27 14:55:09.880114', '2026-01-27 14:55:09.880114', NULL, NULL, NULL);
INSERT INTO `up_users` (`id`, `document_id`, `username`, `email`, `provider`, `password`, `reset_password_token`, `confirmation_token`, `confirmed`, `blocked`, `created_at`, `updated_at`, `published_at`, `created_by_id`, `updated_by_id`, `locale`) VALUES (4, 'user_researcher04', 'researcher04', 'researcher04@edu.cn', 'local', '$2a$10$N9qo8uLOickgx2ZMRZoMyeIjZAgcfl7p92ldGxad68LJZdL17lhWy', NULL, NULL, 1, 0, '2026-01-27 14:55:09.880903', '2026-01-27 14:55:09.880903', '2026-01-27 14:55:09.880903', NULL, NULL, NULL);
INSERT INTO `up_users` (`id`, `document_id`, `username`, `email`, `provider`, `password`, `reset_password_token`, `confirmation_token`, `confirmed`, `blocked`, `created_at`, `updated_at`, `published_at`, `created_by_id`, `updated_by_id`, `locale`) VALUES (5, 'user_researcher05', 'researcher05', 'researcher05@edu.cn', 'local', '$2a$10$N9qo8uLOickgx2ZMRZoMyeIjZAgcfl7p92ldGxad68LJZdL17lhWy', NULL, NULL, 1, 0, '2026-01-27 14:55:09.881698', '2026-01-27 14:55:09.881698', '2026-01-27 14:55:09.881698', NULL, NULL, NULL);
INSERT INTO `up_users` (`id`, `document_id`, `username`, `email`, `provider`, `password`, `reset_password_token`, `confirmation_token`, `confirmed`, `blocked`, `created_at`, `updated_at`, `published_at`, `created_by_id`, `updated_by_id`, `locale`) VALUES (6, 'user_researcher06', 'researcher06', 'researcher06@edu.cn', 'local', '$2a$10$N9qo8uLOickgx2ZMRZoMyeIjZAgcfl7p92ldGxad68LJZdL17lhWy', NULL, NULL, 1, 0, '2026-01-27 14:55:09.881991', '2026-01-27 14:55:09.881991', '2026-01-27 14:55:09.881991', NULL, NULL, NULL);
INSERT INTO `up_users` (`id`, `document_id`, `username`, `email`, `provider`, `password`, `reset_password_token`, `confirmation_token`, `confirmed`, `blocked`, `created_at`, `updated_at`, `published_at`, `created_by_id`, `updated_by_id`, `locale`) VALUES (7, 'user_researcher07', 'researcher07', 'researcher07@edu.cn', 'local', '$2a$10$N9qo8uLOickgx2ZMRZoMyeIjZAgcfl7p92ldGxad68LJZdL17lhWy', NULL, NULL, 1, 0, '2026-01-27 14:55:09.882216', '2026-01-27 14:55:09.882216', '2026-01-27 14:55:09.882216', NULL, NULL, NULL);
INSERT INTO `up_users` (`id`, `document_id`, `username`, `email`, `provider`, `password`, `reset_password_token`, `confirmation_token`, `confirmed`, `blocked`, `created_at`, `updated_at`, `published_at`, `created_by_id`, `updated_by_id`, `locale`) VALUES (8, 'user_researcher08', 'researcher08', 'researcher08@edu.cn', 'local', '$2a$10$N9qo8uLOickgx2ZMRZoMyeIjZAgcfl7p92ldGxad68LJZdL17lhWy', NULL, NULL, 1, 0, '2026-01-27 14:55:09.882435', '2026-01-27 14:55:09.882435', '2026-01-27 14:55:09.882435', NULL, NULL, NULL);
INSERT INTO `up_users` (`id`, `document_id`, `username`, `email`, `provider`, `password`, `reset_password_token`, `confirmation_token`, `confirmed`, `blocked`, `created_at`, `updated_at`, `published_at`, `created_by_id`, `updated_by_id`, `locale`) VALUES (9, 'user_researcher09', 'researcher09', 'researcher09@edu.cn', 'local', '$2a$10$N9qo8uLOickgx2ZMRZoMyeIjZAgcfl7p92ldGxad68LJZdL17lhWy', NULL, NULL, 1, 0, '2026-01-27 14:55:09.882616', '2026-01-27 14:55:09.882616', '2026-01-27 14:55:09.882616', NULL, NULL, NULL);
INSERT INTO `up_users` (`id`, `document_id`, `username`, `email`, `provider`, `password`, `reset_password_token`, `confirmation_token`, `confirmed`, `blocked`, `created_at`, `updated_at`, `published_at`, `created_by_id`, `updated_by_id`, `locale`) VALUES (10, 'user_researcher10', 'researcher10', 'researcher10@edu.cn', 'local', '$2a$10$N9qo8uLOickgx2ZMRZoMyeIjZAgcfl7p92ldGxad68LJZdL17lhWy', NULL, NULL, 1, 0, '2026-01-27 14:55:09.883018', '2026-01-27 14:55:09.883018', '2026-01-27 14:55:09.883018', NULL, NULL, NULL);
INSERT INTO `up_users` (`id`, `document_id`, `username`, `email`, `provider`, `password`, `reset_password_token`, `confirmation_token`, `confirmed`, `blocked`, `created_at`, `updated_at`, `published_at`, `created_by_id`, `updated_by_id`, `locale`) VALUES (11, 'user_expert01', 'expert01', 'expert01@edu.cn', 'local', '$2a$10$N9qo8uLOickgx2ZMRZoMyeIjZAgcfl7p92ldGxad68LJZdL17lhWy', NULL, NULL, 1, 0, '2026-01-27 14:55:09.883465', '2026-01-27 14:55:09.883465', '2026-01-27 14:55:09.883465', NULL, NULL, NULL);
INSERT INTO `up_users` (`id`, `document_id`, `username`, `email`, `provider`, `password`, `reset_password_token`, `confirmation_token`, `confirmed`, `blocked`, `created_at`, `updated_at`, `published_at`, `created_by_id`, `updated_by_id`, `locale`) VALUES (12, 'user_expert02', 'expert02', 'expert02@edu.cn', 'local', '$2a$10$N9qo8uLOickgx2ZMRZoMyeIjZAgcfl7p92ldGxad68LJZdL17lhWy', NULL, NULL, 1, 0, '2026-01-27 14:55:09.883662', '2026-01-27 14:55:09.883662', '2026-01-27 14:55:09.883662', NULL, NULL, NULL);
INSERT INTO `up_users` (`id`, `document_id`, `username`, `email`, `provider`, `password`, `reset_password_token`, `confirmation_token`, `confirmed`, `blocked`, `created_at`, `updated_at`, `published_at`, `created_by_id`, `updated_by_id`, `locale`) VALUES (13, 'user_expert03', 'expert03', 'expert03@edu.cn', 'local', '$2a$10$N9qo8uLOickgx2ZMRZoMyeIjZAgcfl7p92ldGxad68LJZdL17lhWy', NULL, NULL, 1, 0, '2026-01-27 14:55:09.883910', '2026-01-27 14:55:09.883910', '2026-01-27 14:55:09.883910', NULL, NULL, NULL);
INSERT INTO `up_users` (`id`, `document_id`, `username`, `email`, `provider`, `password`, `reset_password_token`, `confirmation_token`, `confirmed`, `blocked`, `created_at`, `updated_at`, `published_at`, `created_by_id`, `updated_by_id`, `locale`) VALUES (14, 'user_expert04', 'expert04', 'expert04@edu.cn', 'local', '$2a$10$N9qo8uLOickgx2ZMRZoMyeIjZAgcfl7p92ldGxad68LJZdL17lhWy', NULL, NULL, 1, 0, '2026-01-27 14:55:09.884116', '2026-01-27 14:55:09.884116', '2026-01-27 14:55:09.884116', NULL, NULL, NULL);
INSERT INTO `up_users` (`id`, `document_id`, `username`, `email`, `provider`, `password`, `reset_password_token`, `confirmation_token`, `confirmed`, `blocked`, `created_at`, `updated_at`, `published_at`, `created_by_id`, `updated_by_id`, `locale`) VALUES (15, 'user_expert05', 'expert05', 'expert05@edu.cn', 'local', '$2a$10$N9qo8uLOickgx2ZMRZoMyeIjZAgcfl7p92ldGxad68LJZdL17lhWy', NULL, NULL, 1, 0, '2026-01-27 14:55:09.884317', '2026-01-27 14:55:09.884317', '2026-01-27 14:55:09.884317', NULL, NULL, NULL);
INSERT INTO `up_users` (`id`, `document_id`, `username`, `email`, `provider`, `password`, `reset_password_token`, `confirmation_token`, `confirmed`, `blocked`, `created_at`, `updated_at`, `published_at`, `created_by_id`, `updated_by_id`, `locale`) VALUES (16, 'user_admin01', 'admin01', 'admin01@edu.cn', 'local', '$2a$10$N9qo8uLOickgx2ZMRZoMyeIjZAgcfl7p92ldGxad68LJZdL17lhWy', NULL, NULL, 1, 0, '2026-01-27 14:55:09.884507', '2026-01-27 14:55:09.884507', '2026-01-27 14:55:09.884507', NULL, NULL, NULL);
INSERT INTO `up_users` (`id`, `document_id`, `username`, `email`, `provider`, `password`, `reset_password_token`, `confirmation_token`, `confirmed`, `blocked`, `created_at`, `updated_at`, `published_at`, `created_by_id`, `updated_by_id`, `locale`) VALUES (17, 'user_admin02', 'admin02', 'admin02@edu.cn', 'local', '$2a$10$N9qo8uLOickgx2ZMRZoMyeIjZAgcfl7p92ldGxad68LJZdL17lhWy', NULL, NULL, 1, 0, '2026-01-27 14:55:09.884704', '2026-01-27 14:55:09.884704', '2026-01-27 14:55:09.884704', NULL, NULL, NULL);
INSERT INTO `up_users` (`id`, `document_id`, `username`, `email`, `provider`, `password`, `reset_password_token`, `confirmation_token`, `confirmed`, `blocked`, `created_at`, `updated_at`, `published_at`, `created_by_id`, `updated_by_id`, `locale`) VALUES (18, 'user_admin03', 'admin03', 'admin03@edu.cn', 'local', '$2a$10$N9qo8uLOickgx2ZMRZoMyeIjZAgcfl7p92ldGxad68LJZdL17lhWy', NULL, NULL, 1, 0, '2026-01-27 14:55:09.885040', '2026-01-27 14:55:09.885040', '2026-01-27 14:55:09.885040', NULL, NULL, NULL);
COMMIT;

-- ----------------------------
-- Table structure for up_users_role_lnk
-- ----------------------------
DROP TABLE IF EXISTS `up_users_role_lnk`;
CREATE TABLE `up_users_role_lnk` (
  `id` int unsigned NOT NULL AUTO_INCREMENT,
  `user_id` int unsigned DEFAULT NULL,
  `role_id` int unsigned DEFAULT NULL,
  `user_ord` double unsigned DEFAULT NULL,
  PRIMARY KEY (`id`) USING BTREE,
  UNIQUE KEY `up_users_role_lnk_uq` (`user_id`,`role_id`) USING BTREE,
  KEY `up_users_role_lnk_fk` (`user_id`) USING BTREE,
  KEY `up_users_role_lnk_ifk` (`role_id`) USING BTREE,
  KEY `up_users_role_lnk_oifk` (`user_ord`) USING BTREE,
  CONSTRAINT `up_users_role_lnk_fk` FOREIGN KEY (`user_id`) REFERENCES `up_users` (`id`) ON DELETE CASCADE ON UPDATE RESTRICT,
  CONSTRAINT `up_users_role_lnk_ifk` FOREIGN KEY (`role_id`) REFERENCES `up_roles` (`id`) ON DELETE CASCADE ON UPDATE RESTRICT
) ENGINE=InnoDB AUTO_INCREMENT=19 DEFAULT CHARSET=utf8mb3 ROW_FORMAT=DYNAMIC;

-- ----------------------------
-- Records of up_users_role_lnk
-- ----------------------------
BEGIN;
INSERT INTO `up_users_role_lnk` (`id`, `user_id`, `role_id`, `user_ord`) VALUES (1, 1, 5, 1);
INSERT INTO `up_users_role_lnk` (`id`, `user_id`, `role_id`, `user_ord`) VALUES (2, 2, 5, 1);
INSERT INTO `up_users_role_lnk` (`id`, `user_id`, `role_id`, `user_ord`) VALUES (3, 3, 5, 1);
INSERT INTO `up_users_role_lnk` (`id`, `user_id`, `role_id`, `user_ord`) VALUES (4, 4, 5, 1);
INSERT INTO `up_users_role_lnk` (`id`, `user_id`, `role_id`, `user_ord`) VALUES (5, 5, 5, 1);
INSERT INTO `up_users_role_lnk` (`id`, `user_id`, `role_id`, `user_ord`) VALUES (6, 6, 5, 1);
INSERT INTO `up_users_role_lnk` (`id`, `user_id`, `role_id`, `user_ord`) VALUES (7, 7, 5, 1);
INSERT INTO `up_users_role_lnk` (`id`, `user_id`, `role_id`, `user_ord`) VALUES (8, 8, 5, 1);
INSERT INTO `up_users_role_lnk` (`id`, `user_id`, `role_id`, `user_ord`) VALUES (9, 9, 5, 1);
INSERT INTO `up_users_role_lnk` (`id`, `user_id`, `role_id`, `user_ord`) VALUES (10, 10, 5, 1);
INSERT INTO `up_users_role_lnk` (`id`, `user_id`, `role_id`, `user_ord`) VALUES (11, 11, 3, 1);
INSERT INTO `up_users_role_lnk` (`id`, `user_id`, `role_id`, `user_ord`) VALUES (12, 12, 3, 1);
INSERT INTO `up_users_role_lnk` (`id`, `user_id`, `role_id`, `user_ord`) VALUES (13, 13, 3, 1);
INSERT INTO `up_users_role_lnk` (`id`, `user_id`, `role_id`, `user_ord`) VALUES (14, 14, 3, 1);
INSERT INTO `up_users_role_lnk` (`id`, `user_id`, `role_id`, `user_ord`) VALUES (15, 15, 3, 1);
INSERT INTO `up_users_role_lnk` (`id`, `user_id`, `role_id`, `user_ord`) VALUES (16, 16, 4, 1);
INSERT INTO `up_users_role_lnk` (`id`, `user_id`, `role_id`, `user_ord`) VALUES (17, 17, 4, 1);
INSERT INTO `up_users_role_lnk` (`id`, `user_id`, `role_id`, `user_ord`) VALUES (18, 18, 4, 1);
COMMIT;

-- ----------------------------
-- Table structure for upload_folders
-- ----------------------------
DROP TABLE IF EXISTS `upload_folders`;
CREATE TABLE `upload_folders` (
  `id` int unsigned NOT NULL AUTO_INCREMENT,
  `document_id` varchar(255) CHARACTER SET utf8mb3 COLLATE utf8mb3_general_ci DEFAULT NULL,
  `name` varchar(255) CHARACTER SET utf8mb3 COLLATE utf8mb3_general_ci DEFAULT NULL,
  `path_id` int DEFAULT NULL,
  `path` varchar(255) CHARACTER SET utf8mb3 COLLATE utf8mb3_general_ci DEFAULT NULL,
  `created_at` datetime(6) DEFAULT NULL,
  `updated_at` datetime(6) DEFAULT NULL,
  `published_at` datetime(6) DEFAULT NULL,
  `created_by_id` int unsigned DEFAULT NULL,
  `updated_by_id` int unsigned DEFAULT NULL,
  `locale` varchar(255) CHARACTER SET utf8mb3 COLLATE utf8mb3_general_ci DEFAULT NULL,
  PRIMARY KEY (`id`) USING BTREE,
  UNIQUE KEY `upload_folders_path_id_index` (`path_id`) USING BTREE,
  UNIQUE KEY `upload_folders_path_index` (`path`) USING BTREE,
  KEY `upload_folders_documents_idx` (`document_id`,`locale`,`published_at`) USING BTREE,
  KEY `upload_folders_created_by_id_fk` (`created_by_id`) USING BTREE,
  KEY `upload_folders_updated_by_id_fk` (`updated_by_id`) USING BTREE,
  CONSTRAINT `upload_folders_created_by_id_fk` FOREIGN KEY (`created_by_id`) REFERENCES `admin_users` (`id`) ON DELETE SET NULL ON UPDATE RESTRICT,
  CONSTRAINT `upload_folders_updated_by_id_fk` FOREIGN KEY (`updated_by_id`) REFERENCES `admin_users` (`id`) ON DELETE SET NULL ON UPDATE RESTRICT
) ENGINE=InnoDB AUTO_INCREMENT=2 DEFAULT CHARSET=utf8mb3 ROW_FORMAT=DYNAMIC;

-- ----------------------------
-- Records of upload_folders
-- ----------------------------
BEGIN;
INSERT INTO `upload_folders` (`id`, `document_id`, `name`, `path_id`, `path`, `created_at`, `updated_at`, `published_at`, `created_by_id`, `updated_by_id`, `locale`) VALUES (1, 'hnwgi2v1c93ka46smuqppvpz', 'API Uploads', 1, '/1', '2026-01-24 22:59:38.052000', '2026-01-24 22:59:38.052000', '2026-01-24 22:59:38.053000', NULL, NULL, NULL);
COMMIT;

-- ----------------------------
-- Table structure for upload_folders_parent_lnk
-- ----------------------------
DROP TABLE IF EXISTS `upload_folders_parent_lnk`;
CREATE TABLE `upload_folders_parent_lnk` (
  `id` int unsigned NOT NULL AUTO_INCREMENT,
  `folder_id` int unsigned DEFAULT NULL,
  `inv_folder_id` int unsigned DEFAULT NULL,
  `folder_ord` double unsigned DEFAULT NULL,
  PRIMARY KEY (`id`) USING BTREE,
  UNIQUE KEY `upload_folders_parent_lnk_uq` (`folder_id`,`inv_folder_id`) USING BTREE,
  KEY `upload_folders_parent_lnk_fk` (`folder_id`) USING BTREE,
  KEY `upload_folders_parent_lnk_ifk` (`inv_folder_id`) USING BTREE,
  KEY `upload_folders_parent_lnk_oifk` (`folder_ord`) USING BTREE,
  CONSTRAINT `upload_folders_parent_lnk_fk` FOREIGN KEY (`folder_id`) REFERENCES `upload_folders` (`id`) ON DELETE CASCADE ON UPDATE RESTRICT,
  CONSTRAINT `upload_folders_parent_lnk_ifk` FOREIGN KEY (`inv_folder_id`) REFERENCES `upload_folders` (`id`) ON DELETE CASCADE ON UPDATE RESTRICT
) ENGINE=InnoDB DEFAULT CHARSET=utf8mb3 ROW_FORMAT=DYNAMIC;

-- ----------------------------
-- Records of upload_folders_parent_lnk
-- ----------------------------
BEGIN;
COMMIT;

-- ----------------------------
-- View structure for interim_results_view
-- ----------------------------
DROP VIEW IF EXISTS `interim_results_view`;
CREATE ALGORITHM = UNDEFINED SQL SECURITY DEFINER VIEW `interim_results_view` AS select `ps`.`submission_id` AS `id`,`ps`.`submission_id` AS `source_ref`,`ps`.`application_id` AS `project_id`,`ps`.`project_name` AS `project_name`,concat('PROC',lpad(`ps`.`application_id`,6,'0')) AS `project_code`,(case `ps`.`submission_stage` when 'application' then '申报阶段' when 'review' then '评审阶段' when 'execution' then '执行阶段' else `ps`.`submission_stage` end) AS `project_phase`,coalesce(`ps`.`project_description`,`ps`.`project_name`) AS `name`,(case `ps`.`submission_type` when 'proposal' then 'application' when 'application_attachment' then 'other' else 'other' end) AS `type`,(case `ps`.`submission_type` when 'proposal' then '申报书' when 'application_attachment' then '其他附件' else '其他' end) AS `type_label`,`ps`.`project_description` AS `description`,coalesce(`ps`.`uploader_name`,`ps`.`applicant_name`) AS `submitter`,`ps`.`work_unit` AS `submitter_dept`,`ps`.`upload_time` AS `submitted_at`,`ps`.`sync_time` AS `synced_at`,'process_system' AS `source`,concat('http://process.example.com/submissions/',`ps`.`submission_id`) AS `source_url`,(case `ps`.`category_level` when '重点' then json_array('重点项目',coalesce(`ps`.`project_field`,'')) when '一般' then json_array('一般项目',coalesce(`ps`.`project_field`,'')) else json_array(coalesce(`ps`.`project_field`,'')) end) AS `tags`,'synced' AS `status`,json_merge_preserve(json_array(json_object('id',`ps`.`proposal_file_id`,'name',`ps`.`proposal_file_name`,'url',`ps`.`proposal_file_url`,'size',`ps`.`proposal_file_size`,'ext',substring_index(`ps`.`proposal_file_name`,'.',-(1)),'category','proposal')),coalesce(`ps`.`other_attachments_json`,json_array())) AS `attachments_json`,year(`ps`.`upload_time`) AS `upload_year`,`ps`.`category_level` AS `category_level`,`ps`.`project_field` AS `project_field` from `process_submissions` `ps` where (`ps`.`del_flag` = '0') union all select `dc`.`submission_id` AS `id`,`dc`.`submission_id` AS `source_ref`,`dc`.`application_id` AS `project_id`,`dc`.`project_name` AS `project_name`,concat('PROC',lpad(`dc`.`application_id`,6,'0')) AS `project_code`,'合同阶段' AS `project_phase`,concat(`dc`.`project_name`,'合同模板') AS `name`,'contract_template' AS `type`,'合同模板' AS `type_label`,`dc`.`contract_template_file_name` AS `description`,`dc`.`applicant_name` AS `submitter`,NULL AS `submitter_dept`,`dc`.`upload_time` AS `submitted_at`,NULL AS `synced_at`,'contract_template' AS `source`,NULL AS `source_url`,json_array('合同模板') AS `tags`,'synced' AS `status`,(case when (`dc`.`contract_template_file_id` is not null) then json_array(json_object('id',`dc`.`contract_template_file_id`,'name',`dc`.`contract_template_file_name`,'url',`dc`.`contract_template_file_url`,'size',`dc`.`contract_template_file_size`,'ext',substring_index(`dc`.`contract_template_file_name`,'.',-(1)),'category','contract_template')) else json_array() end) AS `attachments_json`,year(`dc`.`upload_time`) AS `upload_year`,NULL AS `category_level`,NULL AS `project_field` from `project_submission_demo_contract` `dc` where (`dc`.`del_flag` = '0') union all select `sc`.`submission_id` AS `id`,`sc`.`submission_id` AS `source_ref`,`sc`.`application_id` AS `project_id`,`sc`.`project_name` AS `project_name`,concat('PROC',lpad(`sc`.`application_id`,6,'0')) AS `project_code`,'合同阶段' AS `project_phase`,concat(`sc`.`project_name`,'已签署合同') AS `name`,'signed_contract' AS `type`,'已签署合同' AS `type_label`,`sc`.`contract_remarks` AS `description`,`sc`.`applicant_name` AS `submitter`,NULL AS `submitter_dept`,`sc`.`upload_time` AS `submitted_at`,NULL AS `synced_at`,'signed_contract' AS `source`,NULL AS `source_url`,json_array('已签署合同') AS `tags`,'synced' AS `status`,(case when (`sc`.`signed_contract_file_id` is not null) then json_array(json_object('id',`sc`.`signed_contract_file_id`,'name',`sc`.`signed_contract_file_name`,'url',`sc`.`signed_contract_file_url`,'size',`sc`.`signed_contract_file_size`,'ext',substring_index(`sc`.`signed_contract_file_name`,'.',-(1)),'category','signed_contract')) else json_array() end) AS `attachments_json`,year(`sc`.`upload_time`) AS `upload_year`,NULL AS `category_level`,NULL AS `project_field` from `project_submission_contract` `sc` where (`sc`.`del_flag` = '0') union all select `dr`.`submission_id` AS `id`,`dr`.`submission_id` AS `source_ref`,`dr`.`application_id` AS `project_id`,`dr`.`project_name` AS `project_name`,concat('PROC',lpad(`dr`.`application_id`,6,'0')) AS `project_code`,'验收阶段' AS `project_phase`,coalesce(`dr`.`check_title`,'成果物报告') AS `name`,'deliverable_report' AS `type`,'成果物报告' AS `type_label`,coalesce(`dr`.`deliverable_description`,`dr`.`major_achievements`,`dr`.`project_progress`,`dr`.`check_content`) AS `description`,`dr`.`applicant_name` AS `submitter`,NULL AS `submitter_dept`,`dr`.`upload_time` AS `submitted_at`,NULL AS `synced_at`,'deliverable_report' AS `source`,NULL AS `source_url`,json_array('成果物报告',(case when (`dr`.`check_round` = 0) then '最终验收' else concat('第',`dr`.`check_round`,'次验收') end)) AS `tags`,'synced' AS `status`,json_merge_preserve((case when (`dr`.`deliverable_file_id` is not null) then json_array(json_object('id',`dr`.`deliverable_file_id`,'name',`dr`.`deliverable_file_name`,'url',`dr`.`deliverable_file_url`,'size',`dr`.`deliverable_file_size`,'ext',substring_index(`dr`.`deliverable_file_name`,'.',-(1)),'category','deliverable')) else json_array() end),(case when (`dr`.`inspection_report_file_id` is not null) then json_array(json_object('id',`dr`.`inspection_report_file_id`,'name',`dr`.`inspection_report_file_name`,'url',`dr`.`inspection_report_file_url`,'size',`dr`.`inspection_report_file_size`,'ext',substring_index(`dr`.`inspection_report_file_name`,'.',-(1)),'category','inspection_report')) else json_array() end)) AS `attachments_json`,year(`dr`.`upload_time`) AS `upload_year`,NULL AS `category_level`,NULL AS `project_field` from `project_submission_deliverable` `dr` where (`dr`.`del_flag` = '0');

-- ----------------------------
-- View structure for v_achievement_details
-- ----------------------------
DROP VIEW IF EXISTS `v_achievement_details`;
CREATE ALGORITHM = UNDEFINED SQL SECURITY DEFINER VIEW `v_achievement_details` AS select `am`.`id` AS `id`,`am`.`document_id` AS `document_id`,`am`.`title` AS `title`,`am`.`summary` AS `summary`,`am`.`achievement_status` AS `achievement_status`,`am`.`visibility_range` AS `visibility_range`,`am`.`creator_id` AS `creator_id`,`am`.`creator_name` AS `creator_name`,`am`.`creator_dept` AS `creator_dept`,`am`.`reviewer_id` AS `reviewer_id`,`am`.`reviewer_name` AS `reviewer_name`,`am`.`review_comment` AS `review_comment`,`am`.`reviewed_at` AS `reviewed_at`,`am`.`created_at` AS `created_at`,`am`.`updated_at` AS `updated_at`,`am`.`published_at` AS `published_at`,`at`.`type_name` AS `type_name`,`at`.`type_code` AS `type_code`,`at`.`document_id` AS `type_doc_id` from ((`achievement_mains` `am` left join `achievement_mains_achievement_type_id_lnk` `aml` on((`am`.`id` = `aml`.`achievement_main_id`))) left join `achievement_types` `at` on((`aml`.`achievement_type_id` = `at`.`id`))) where ((`am`.`is_delete` = 0) and (`am`.`published_at` is not null));

-- ----------------------------
-- View structure for v_review_backlog
-- ----------------------------
DROP VIEW IF EXISTS `v_review_backlog`;
CREATE ALGORITHM = UNDEFINED SQL SECURITY DEFINER VIEW `v_review_backlog` AS select `ara`.`id` AS `assignment_id`,`ara`.`achievement_doc_id` AS `achievement_doc_id`,`ara`.`reviewer_id` AS `reviewer_id`,`ara`.`reviewer_name` AS `reviewer_name`,`ara`.`assigned_at` AS `assigned_at`,`ara`.`status` AS `assignment_status`,`am`.`id` AS `achievement_id`,`am`.`title` AS `title`,`am`.`achievement_status` AS `achievement_status`,`am`.`creator_name` AS `creator_name`,`am`.`created_at` AS `created_at`,`at`.`type_name` AS `type_name` from (((`achievement_reviewer_assignments` `ara` join `achievement_mains` `am` on((`ara`.`achievement_id` = `am`.`id`))) left join `achievement_mains_achievement_type_id_lnk` `aml` on((`am`.`id` = `aml`.`achievement_main_id`))) left join `achievement_types` `at` on((`aml`.`achievement_type_id` = `at`.`id`))) where ((`ara`.`is_delete` = 0) and (`ara`.`status` = 'pending') and (`am`.`is_delete` = 0) and (`am`.`published_at` is not null));

-- ----------------------------
-- Procedure structure for safe_add_column
-- ----------------------------
DROP PROCEDURE IF EXISTS `safe_add_column`;
delimiter ;;
CREATE PROCEDURE `safe_add_column`(IN p_table_name VARCHAR(64),
    IN p_column_name VARCHAR(64),
    IN p_column_definition TEXT)
BEGIN
    DECLARE column_exists INT DEFAULT 0;
    
    -- 检查列是否存在
    SELECT COUNT(*) INTO column_exists
    FROM INFORMATION_SCHEMA.COLUMNS
    WHERE TABLE_SCHEMA = DATABASE()
      AND TABLE_NAME = p_table_name
      AND COLUMN_NAME = p_column_name;
    
    -- 如果不存在则添加
    IF column_exists = 0 THEN
        SET @sql = CONCAT('ALTER TABLE `', p_table_name, '` ADD COLUMN `', p_column_name, '` ', p_column_definition);
        PREPARE stmt FROM @sql;
        EXECUTE stmt;
        DEALLOCATE PREPARE stmt;
        SELECT CONCAT('✅ 已添加字段: ', p_table_name, '.', p_column_name) AS message;
    ELSE
        SELECT CONCAT('⚠️ 字段已存在，跳过: ', p_table_name, '.', p_column_name) AS message;
    END IF;
END
;;
delimiter ;

-- ----------------------------
-- Procedure structure for safe_add_index
-- ----------------------------
DROP PROCEDURE IF EXISTS `safe_add_index`;
delimiter ;;
CREATE PROCEDURE `safe_add_index`(IN p_table_name VARCHAR(64),
    IN p_index_name VARCHAR(64),
    IN p_index_definition TEXT)
BEGIN
    DECLARE index_exists INT DEFAULT 0;
    
    -- 检查索引是否存在
    SELECT COUNT(*) INTO index_exists
    FROM INFORMATION_SCHEMA.STATISTICS
    WHERE TABLE_SCHEMA = DATABASE()
      AND TABLE_NAME = p_table_name
      AND INDEX_NAME = p_index_name;
    
    -- 如果不存在则添加
    IF index_exists = 0 THEN
        SET @sql = CONCAT('ALTER TABLE `', p_table_name, '` ADD INDEX `', p_index_name, '` ', p_index_definition);
        PREPARE stmt FROM @sql;
        EXECUTE stmt;
        DEALLOCATE PREPARE stmt;
        SELECT CONCAT('✅ 已添加索引: ', p_table_name, '.', p_index_name) AS message;
    ELSE
        SELECT CONCAT('⚠️ 索引已存在，跳过: ', p_table_name, '.', p_index_name) AS message;
    END IF;
END
;;
delimiter ;

-- ----------------------------
-- Procedure structure for safe_create_table
-- ----------------------------
DROP PROCEDURE IF EXISTS `safe_create_table`;
delimiter ;;
CREATE PROCEDURE `safe_create_table`(IN p_table_name VARCHAR(64),
    IN p_table_definition TEXT)
BEGIN
    DECLARE table_exists INT DEFAULT 0;
    
    -- 检查表是否存在
    SELECT COUNT(*) INTO table_exists
    FROM INFORMATION_SCHEMA.TABLES
    WHERE TABLE_SCHEMA = DATABASE()
      AND TABLE_NAME = p_table_name;
    
    -- 如果不存在则创建
    IF table_exists = 0 THEN
        SET @sql = p_table_definition;
        PREPARE stmt FROM @sql;
        EXECUTE stmt;
        DEALLOCATE PREPARE stmt;
        SELECT CONCAT('✅ 已创建表: ', p_table_name) AS message;
    ELSE
        SELECT CONCAT('⚠️ 表已存在，跳过: ', p_table_name) AS message;
    END IF;
END
;;
delimiter ;

SET FOREIGN_KEY_CHECKS = 1;
