/*
 Navicat Premium Data Transfer

 Source Server         : javaweb
 Source Server Type    : MySQL
 Source Server Version : 80040 (8.0.40)
 Source Host           : localhost:3306
 Source Schema         : strapi

 Target Server Type    : MySQL
 Target Server Version : 80040 (8.0.40)
 File Encoding         : 65001

 Date: 06/02/2026 18:52:11
*/

SET NAMES utf8mb4;
SET FOREIGN_KEY_CHECKS = 0;

-- ----------------------------
-- Table structure for abouts
-- ----------------------------
DROP TABLE IF EXISTS `abouts`;
CREATE TABLE `abouts`  (
  `id` int UNSIGNED NOT NULL AUTO_INCREMENT,
  `document_id` varchar(255) CHARACTER SET utf8mb3 COLLATE utf8mb3_general_ci NULL DEFAULT NULL,
  `title` varchar(255) CHARACTER SET utf8mb3 COLLATE utf8mb3_general_ci NULL DEFAULT NULL,
  `created_at` datetime(6) NULL DEFAULT NULL,
  `updated_at` datetime(6) NULL DEFAULT NULL,
  `published_at` datetime(6) NULL DEFAULT NULL,
  `created_by_id` int UNSIGNED NULL DEFAULT NULL,
  `updated_by_id` int UNSIGNED NULL DEFAULT NULL,
  `locale` varchar(255) CHARACTER SET utf8mb3 COLLATE utf8mb3_general_ci NULL DEFAULT NULL,
  PRIMARY KEY (`id`) USING BTREE,
  INDEX `abouts_documents_idx`(`document_id` ASC, `locale` ASC, `published_at` ASC) USING BTREE,
  INDEX `abouts_created_by_id_fk`(`created_by_id` ASC) USING BTREE,
  INDEX `abouts_updated_by_id_fk`(`updated_by_id` ASC) USING BTREE,
  CONSTRAINT `abouts_created_by_id_fk` FOREIGN KEY (`created_by_id`) REFERENCES `admin_users` (`id`) ON DELETE SET NULL ON UPDATE RESTRICT,
  CONSTRAINT `abouts_updated_by_id_fk` FOREIGN KEY (`updated_by_id`) REFERENCES `admin_users` (`id`) ON DELETE SET NULL ON UPDATE RESTRICT
) ENGINE = InnoDB AUTO_INCREMENT = 1 CHARACTER SET = utf8mb3 COLLATE = utf8mb3_general_ci ROW_FORMAT = DYNAMIC;

-- ----------------------------
-- Records of abouts
-- ----------------------------

-- ----------------------------
-- Table structure for abouts_cmps
-- ----------------------------
DROP TABLE IF EXISTS `abouts_cmps`;
CREATE TABLE `abouts_cmps`  (
  `id` int UNSIGNED NOT NULL AUTO_INCREMENT,
  `entity_id` int UNSIGNED NULL DEFAULT NULL,
  `cmp_id` int UNSIGNED NULL DEFAULT NULL,
  `component_type` varchar(255) CHARACTER SET utf8mb3 COLLATE utf8mb3_general_ci NULL DEFAULT NULL,
  `field` varchar(255) CHARACTER SET utf8mb3 COLLATE utf8mb3_general_ci NULL DEFAULT NULL,
  `order` double UNSIGNED NULL DEFAULT NULL,
  PRIMARY KEY (`id`) USING BTREE,
  UNIQUE INDEX `abouts_uq`(`entity_id` ASC, `cmp_id` ASC, `field` ASC, `component_type` ASC) USING BTREE,
  INDEX `abouts_field_idx`(`field` ASC) USING BTREE,
  INDEX `abouts_component_type_idx`(`component_type` ASC) USING BTREE,
  INDEX `abouts_entity_fk`(`entity_id` ASC) USING BTREE,
  CONSTRAINT `abouts_entity_fk` FOREIGN KEY (`entity_id`) REFERENCES `abouts` (`id`) ON DELETE CASCADE ON UPDATE RESTRICT
) ENGINE = InnoDB AUTO_INCREMENT = 1 CHARACTER SET = utf8mb3 COLLATE = utf8mb3_general_ci ROW_FORMAT = DYNAMIC;

-- ----------------------------
-- Records of abouts_cmps
-- ----------------------------

-- ----------------------------
-- Table structure for achievement_access_requests
-- ----------------------------
DROP TABLE IF EXISTS `achievement_access_requests`;
CREATE TABLE `achievement_access_requests`  (
  `id` int UNSIGNED NOT NULL AUTO_INCREMENT,
  `document_id` varchar(255) CHARACTER SET utf8mb4 COLLATE utf8mb4_unicode_ci NULL DEFAULT NULL COMMENT 'Strapi文档ID',
  `achievement_id` int UNSIGNED NOT NULL COMMENT '成果ID',
  `achievement_doc_id` varchar(255) CHARACTER SET utf8mb4 COLLATE utf8mb4_unicode_ci NOT NULL COMMENT '成果documentId',
  `achievement_title` varchar(500) CHARACTER SET utf8mb4 COLLATE utf8mb4_unicode_ci NULL DEFAULT NULL COMMENT '成果标题',
  `requester_id` int UNSIGNED NOT NULL COMMENT '申请人ID',
  `requester_name` varchar(255) CHARACTER SET utf8mb4 COLLATE utf8mb4_unicode_ci NOT NULL COMMENT '申请人姓名',
  `reason` text CHARACTER SET utf8mb4 COLLATE utf8mb4_unicode_ci NULL COMMENT '申请理由',
  `status` varchar(50) CHARACTER SET utf8mb4 COLLATE utf8mb4_unicode_ci NULL DEFAULT 'pending' COMMENT '状态：pending/approved/rejected',
  `reviewer_id` int UNSIGNED NULL DEFAULT NULL COMMENT '审批人ID',
  `reviewer_name` varchar(255) CHARACTER SET utf8mb4 COLLATE utf8mb4_unicode_ci NULL DEFAULT NULL COMMENT '审批人姓名',
  `review_comment` text CHARACTER SET utf8mb4 COLLATE utf8mb4_unicode_ci NULL COMMENT '审批意见',
  `reviewed_at` datetime(6) NULL DEFAULT NULL COMMENT '审批时间',
  `created_at` datetime(6) NULL DEFAULT NULL,
  `updated_at` datetime(6) NULL DEFAULT NULL,
  `published_at` datetime(6) NULL DEFAULT NULL,
  `created_by_id` int UNSIGNED NULL DEFAULT NULL,
  `updated_by_id` int UNSIGNED NULL DEFAULT NULL,
  `locale` varchar(255) CHARACTER SET utf8mb4 COLLATE utf8mb4_unicode_ci NULL DEFAULT NULL,
  `is_delete` int NULL DEFAULT 0 COMMENT '软删除标记',
  PRIMARY KEY (`id`) USING BTREE,
  INDEX `idx_achievement_id`(`achievement_id` ASC) USING BTREE,
  INDEX `idx_achievement_doc_id`(`achievement_doc_id` ASC) USING BTREE,
  INDEX `idx_requester_id`(`requester_id` ASC) USING BTREE,
  INDEX `idx_reviewer_id`(`reviewer_id` ASC) USING BTREE,
  INDEX `idx_status`(`status` ASC) USING BTREE,
  INDEX `idx_created_at`(`created_at` ASC) USING BTREE,
  INDEX `achievement_access_requests_documents_idx`(`document_id` ASC, `locale` ASC, `published_at` ASC) USING BTREE,
  INDEX `achievement_access_requests_created_by_id_fk`(`created_by_id` ASC) USING BTREE,
  INDEX `achievement_access_requests_updated_by_id_fk`(`updated_by_id` ASC) USING BTREE,
  CONSTRAINT `achievement_access_requests_achievement_fk` FOREIGN KEY (`achievement_id`) REFERENCES `achievement_mains` (`id`) ON DELETE CASCADE ON UPDATE RESTRICT,
  CONSTRAINT `achievement_access_requests_created_by_id_fk` FOREIGN KEY (`created_by_id`) REFERENCES `admin_users` (`id`) ON DELETE SET NULL ON UPDATE RESTRICT,
  CONSTRAINT `achievement_access_requests_updated_by_id_fk` FOREIGN KEY (`updated_by_id`) REFERENCES `admin_users` (`id`) ON DELETE SET NULL ON UPDATE RESTRICT
) ENGINE = InnoDB AUTO_INCREMENT = 1 CHARACTER SET = utf8mb4 COLLATE = utf8mb4_unicode_ci COMMENT = '成果访问权限申请表' ROW_FORMAT = DYNAMIC;

-- ----------------------------
-- Records of achievement_access_requests
-- ----------------------------

-- ----------------------------
-- Table structure for achievement_field_defs
-- ----------------------------
DROP TABLE IF EXISTS `achievement_field_defs`;
CREATE TABLE `achievement_field_defs`  (
  `id` int UNSIGNED NOT NULL AUTO_INCREMENT,
  `document_id` varchar(255) CHARACTER SET utf8mb3 COLLATE utf8mb3_general_ci NULL DEFAULT NULL,
  `field_code` varchar(255) CHARACTER SET utf8mb3 COLLATE utf8mb3_general_ci NULL DEFAULT NULL,
  `field_name` varchar(255) CHARACTER SET utf8mb3 COLLATE utf8mb3_general_ci NULL DEFAULT NULL,
  `field_type` varchar(255) CHARACTER SET utf8mb3 COLLATE utf8mb3_general_ci NULL DEFAULT NULL,
  `is_required` int NULL DEFAULT NULL,
  `description` longtext CHARACTER SET utf8mb3 COLLATE utf8mb3_general_ci NULL,
  `is_delete` int NULL DEFAULT NULL,
  `created_at` datetime(6) NULL DEFAULT NULL,
  `updated_at` datetime(6) NULL DEFAULT NULL,
  `published_at` datetime(6) NULL DEFAULT NULL,
  `created_by_id` int UNSIGNED NULL DEFAULT NULL,
  `updated_by_id` int UNSIGNED NULL DEFAULT NULL,
  `locale` varchar(255) CHARACTER SET utf8mb3 COLLATE utf8mb3_general_ci NULL DEFAULT NULL,
  PRIMARY KEY (`id`) USING BTREE,
  INDEX `achievement_field_defs_documents_idx`(`document_id` ASC, `locale` ASC, `published_at` ASC) USING BTREE,
  INDEX `achievement_field_defs_created_by_id_fk`(`created_by_id` ASC) USING BTREE,
  INDEX `achievement_field_defs_updated_by_id_fk`(`updated_by_id` ASC) USING BTREE,
  CONSTRAINT `achievement_field_defs_created_by_id_fk` FOREIGN KEY (`created_by_id`) REFERENCES `admin_users` (`id`) ON DELETE SET NULL ON UPDATE RESTRICT,
  CONSTRAINT `achievement_field_defs_updated_by_id_fk` FOREIGN KEY (`updated_by_id`) REFERENCES `admin_users` (`id`) ON DELETE SET NULL ON UPDATE RESTRICT
) ENGINE = InnoDB AUTO_INCREMENT = 102 CHARACTER SET = utf8mb3 COLLATE = utf8mb3_general_ci ROW_FORMAT = DYNAMIC;

-- ----------------------------
-- Records of achievement_field_defs
-- ----------------------------
INSERT INTO `achievement_field_defs` VALUES (1, 'xeh44d8sskr4ruv99pmc04ax', 'paper_name', '论文标题', 'text', 0, NULL, 1, '2025-12-04 10:29:56.459000', '2025-12-17 10:21:20.396000', NULL, 1, 1, NULL);
INSERT INTO `achievement_field_defs` VALUES (3, 'agoears0sqxpnb7b6xbg5q90', 'paper_author1', '论文第一作者', 'text', 0, '该篇论文的第一作者', 1, '2025-12-04 10:31:46.626000', '2025-12-17 10:21:21.864000', NULL, 1, 1, NULL);
INSERT INTO `achievement_field_defs` VALUES (10, 'pvkaohfls50qc5765f0wknn4', 'paper_num', '论文编号', 'NUMBER', 0, '论文的编号', 1, '2025-12-15 16:01:38.053000', '2025-12-15 16:02:13.890000', NULL, NULL, NULL, NULL);
INSERT INTO `achievement_field_defs` VALUES (14, 'pvkaohfls50qc5765f0wknn4', 'paper_num', '论文编号', 'NUMBER', 0, '论文的编号', 1, '2025-12-15 16:01:38.053000', '2025-12-15 16:02:13.890000', '2025-12-15 16:02:13.907000', NULL, NULL, NULL);
INSERT INTO `achievement_field_defs` VALUES (15, 'tvyofsrepdfkf4tjl962sd20', 'patent_name', '专利名称', 'TEXT', 1, '', 0, '2025-12-17 10:09:44.097000', '2025-12-17 13:34:34.102000', NULL, NULL, NULL, NULL);
INSERT INTO `achievement_field_defs` VALUES (16, 'ogsllv48p2c7q2ek8knom54a', 'app_no', '申请号', 'TEXT', 1, '', 0, '2025-12-17 10:09:44.098000', '2025-12-17 13:34:34.137000', NULL, NULL, NULL, NULL);
INSERT INTO `achievement_field_defs` VALUES (17, 'lcye0vn6zsvlvfqzcxty2dzz', 'patent_type', '专利类型', 'TEXT', 1, '', 0, '2025-12-17 10:09:44.112000', '2025-12-17 13:34:34.099000', NULL, NULL, NULL, NULL);
INSERT INTO `achievement_field_defs` VALUES (18, 'ohf8uqmvv82ye1kwdnffz95u', 'app_date', '申请日期', 'DATE', 1, '', 0, '2025-12-17 10:09:44.117000', '2025-12-17 13:34:34.139000', NULL, NULL, NULL, NULL);
INSERT INTO `achievement_field_defs` VALUES (19, 'zku203vxmnvz7tl1coqswnqd', 'patentee', '专利权人', 'TEXT', 1, '', 0, '2025-12-17 10:09:44.118000', '2025-12-17 13:34:34.145000', NULL, NULL, NULL, NULL);
INSERT INTO `achievement_field_defs` VALUES (20, 'm9691t9kps8xqje70fg2kqm2', 'inventors', '发明人列表', 'JSON', 1, '', 0, '2025-12-17 10:09:44.121000', '2025-12-17 13:34:34.138000', NULL, NULL, NULL, NULL);
INSERT INTO `achievement_field_defs` VALUES (33, 'xeh44d8sskr4ruv99pmc04ax', 'paper_name', '论文标题', 'text', 0, NULL, 1, '2025-12-04 10:29:56.459000', '2025-12-17 10:21:20.396000', '2025-12-17 10:21:20.413000', 1, 1, NULL);
INSERT INTO `achievement_field_defs` VALUES (34, 'agoears0sqxpnb7b6xbg5q90', 'paper_author1', '论文第一作者', 'text', 0, '该篇论文的第一作者', 1, '2025-12-04 10:31:46.626000', '2025-12-17 10:21:21.864000', '2025-12-17 10:21:21.880000', 1, 1, NULL);
INSERT INTO `achievement_field_defs` VALUES (35, 'm2cwsx9abymzetqvb1acgbur', 'title', '论文标题', 'TEXT', 1, '', 0, '2025-12-17 10:24:12.960000', '2025-12-17 10:24:12.960000', NULL, NULL, NULL, NULL);
INSERT INTO `achievement_field_defs` VALUES (36, 'r6wq5klerdki8gtzouhmgtf7', 'pub_venue', '发表刊物/会议', 'TEXT', 0, '', 0, '2025-12-17 10:24:12.964000', '2025-12-17 10:24:12.964000', NULL, NULL, NULL, NULL);
INSERT INTO `achievement_field_defs` VALUES (37, 'lszq4zdpalkvj89lgnm6mvkz', 'pub_date', '发表日期', 'TEXT', 1, '', 0, '2025-12-17 10:24:12.978000', '2025-12-17 10:24:12.978000', NULL, NULL, NULL, NULL);
INSERT INTO `achievement_field_defs` VALUES (38, 'o22uqqk5f6lwz8tk11mzut0g', 'authors_list', '作者列表', 'TEXT', 0, '', 0, '2025-12-17 10:24:12.979000', '2025-12-17 10:24:12.979000', NULL, NULL, NULL, NULL);
INSERT INTO `achievement_field_defs` VALUES (39, 'm2cwsx9abymzetqvb1acgbur', 'title', '论文标题', 'TEXT', 1, '', 0, '2025-12-17 10:24:12.960000', '2025-12-17 10:24:12.960000', '2025-12-17 10:24:12.974000', NULL, NULL, NULL);
INSERT INTO `achievement_field_defs` VALUES (40, 'r6wq5klerdki8gtzouhmgtf7', 'pub_venue', '发表刊物/会议', 'TEXT', 0, '', 0, '2025-12-17 10:24:12.964000', '2025-12-17 10:24:12.964000', '2025-12-17 10:24:12.981000', NULL, NULL, NULL);
INSERT INTO `achievement_field_defs` VALUES (41, 'o22uqqk5f6lwz8tk11mzut0g', 'authors_list', '作者列表', 'TEXT', 0, '', 0, '2025-12-17 10:24:12.979000', '2025-12-17 10:24:12.979000', '2025-12-17 10:24:13.013000', NULL, NULL, NULL);
INSERT INTO `achievement_field_defs` VALUES (42, 'lszq4zdpalkvj89lgnm6mvkz', 'pub_date', '发表日期', 'TEXT', 1, '', 0, '2025-12-17 10:24:12.978000', '2025-12-17 10:24:12.978000', '2025-12-17 10:24:13.035000', NULL, NULL, NULL);
INSERT INTO `achievement_field_defs` VALUES (43, 'lcye0vn6zsvlvfqzcxty2dzz', 'patent_type', '专利类型', 'TEXT', 1, '', 0, '2025-12-17 10:09:44.112000', '2025-12-17 13:34:34.099000', '2025-12-17 13:34:34.149000', NULL, NULL, NULL);
INSERT INTO `achievement_field_defs` VALUES (44, 'tvyofsrepdfkf4tjl962sd20', 'patent_name', '专利名称', 'TEXT', 1, '', 0, '2025-12-17 10:09:44.097000', '2025-12-17 13:34:34.102000', '2025-12-17 13:34:34.148000', NULL, NULL, NULL);
INSERT INTO `achievement_field_defs` VALUES (45, 'ohf8uqmvv82ye1kwdnffz95u', 'app_date', '申请日期', 'DATE', 1, '', 0, '2025-12-17 10:09:44.117000', '2025-12-17 13:34:34.139000', '2025-12-17 13:34:34.162000', NULL, NULL, NULL);
INSERT INTO `achievement_field_defs` VALUES (46, 'ogsllv48p2c7q2ek8knom54a', 'app_no', '申请号', 'TEXT', 1, '', 0, '2025-12-17 10:09:44.098000', '2025-12-17 13:34:34.137000', '2025-12-17 13:34:34.165000', NULL, NULL, NULL);
INSERT INTO `achievement_field_defs` VALUES (47, 'm9691t9kps8xqje70fg2kqm2', 'inventors', '发明人列表', 'JSON', 1, '', 0, '2025-12-17 10:09:44.121000', '2025-12-17 13:34:34.138000', '2025-12-17 13:34:34.162000', NULL, NULL, NULL);
INSERT INTO `achievement_field_defs` VALUES (48, 'zku203vxmnvz7tl1coqswnqd', 'patentee', '专利权人', 'TEXT', 1, '', 0, '2025-12-17 10:09:44.118000', '2025-12-17 13:34:34.145000', '2025-12-17 13:34:34.178000', NULL, NULL, NULL);
INSERT INTO `achievement_field_defs` VALUES (49, 'rwsmn5wxoibhp4q91ptrjqlh', 'ID', '编号', 'TEXT', 0, '', 0, '2025-12-17 15:07:31.406000', '2025-12-17 15:07:31.406000', NULL, NULL, NULL, NULL);
INSERT INTO `achievement_field_defs` VALUES (50, 'rwsmn5wxoibhp4q91ptrjqlh', 'ID', '编号', 'TEXT', 0, '', 0, '2025-12-17 15:07:31.406000', '2025-12-17 15:07:31.406000', '2025-12-17 15:07:31.416000', NULL, NULL, NULL);
INSERT INTO `achievement_field_defs` VALUES (51, 'mj4m2g87zgr70f0bk65izm11', '', '研究领域', 'TEXT', 0, '', 0, '2026-02-04 21:08:41.369000', '2026-02-04 21:08:41.369000', NULL, NULL, NULL, NULL);
INSERT INTO `achievement_field_defs` VALUES (52, 'cc18qxy9gpynwf1fbpelr6r7', '', '论文发布日期', 'DATE', 0, '', 0, '2026-02-04 21:08:41.370000', '2026-02-04 21:08:41.370000', NULL, NULL, NULL, NULL);
INSERT INTO `achievement_field_defs` VALUES (53, 'lq6rtv0gu11ffg9cicao9o1p', '', '论文名称', 'TEXT', 0, '', 0, '2026-02-04 21:08:41.383000', '2026-02-04 21:08:41.383000', NULL, NULL, NULL, NULL);
INSERT INTO `achievement_field_defs` VALUES (54, 'mj4m2g87zgr70f0bk65izm11', '', '研究领域', 'TEXT', 0, '', 0, '2026-02-04 21:08:41.369000', '2026-02-04 21:08:41.369000', '2026-02-04 21:08:41.405000', NULL, NULL, NULL);
INSERT INTO `achievement_field_defs` VALUES (55, 'cc18qxy9gpynwf1fbpelr6r7', '', '论文发布日期', 'DATE', 0, '', 0, '2026-02-04 21:08:41.370000', '2026-02-04 21:08:41.370000', '2026-02-04 21:08:41.407000', NULL, NULL, NULL);
INSERT INTO `achievement_field_defs` VALUES (56, 'lq6rtv0gu11ffg9cicao9o1p', '', '论文名称', 'TEXT', 0, '', 0, '2026-02-04 21:08:41.383000', '2026-02-04 21:08:41.383000', '2026-02-04 21:08:41.422000', NULL, NULL, NULL);
INSERT INTO `achievement_field_defs` VALUES (57, 'bi4x09bfx90v9w34v6skqelt', 'paper_scope', '论文范围', 'TEXT', 0, '', 0, '2026-02-04 21:17:00.629000', '2026-02-06 16:18:15.523000', NULL, NULL, NULL, NULL);
INSERT INTO `achievement_field_defs` VALUES (58, 'y70epkhruqfxr5y5ny3o9m3h', 'paper_date', '发布日期', 'DATE', 0, '', 0, '2026-02-04 21:17:00.629000', '2026-02-06 16:18:15.541000', NULL, NULL, NULL, NULL);
INSERT INTO `achievement_field_defs` VALUES (59, 'e6r6aq5b4zlh5op12nfem3ea', 'paper_titile', '论文标题', 'TEXT', 0, '', 0, '2026-02-04 21:17:00.639000', '2026-02-06 16:18:15.549000', NULL, NULL, NULL, NULL);
INSERT INTO `achievement_field_defs` VALUES (63, 'dxztyy4mnhza30prx2s2bgxk', 'paper_test', '测试字段', 'TEXT', 0, '', 0, '2026-02-06 16:16:28.827000', '2026-02-06 16:18:15.560000', NULL, NULL, NULL, NULL);
INSERT INTO `achievement_field_defs` VALUES (68, 'qq48k6bgj5q28m6bz8yw8apx', 'paper_test', '测试字段', 'TEXT', 0, '', 1, '2026-02-06 16:18:15.547000', '2026-02-06 16:18:26.539000', NULL, NULL, NULL, NULL);
INSERT INTO `achievement_field_defs` VALUES (69, 'bi4x09bfx90v9w34v6skqelt', 'paper_scope', '论文范围', 'TEXT', 0, '', 0, '2026-02-04 21:17:00.629000', '2026-02-06 16:18:15.523000', '2026-02-06 16:18:15.586000', NULL, NULL, NULL);
INSERT INTO `achievement_field_defs` VALUES (71, 'y70epkhruqfxr5y5ny3o9m3h', 'paper_date', '发布日期', 'DATE', 0, '', 0, '2026-02-04 21:17:00.629000', '2026-02-06 16:18:15.541000', '2026-02-06 16:18:15.596000', NULL, NULL, NULL);
INSERT INTO `achievement_field_defs` VALUES (72, 'dxztyy4mnhza30prx2s2bgxk', 'paper_test', '测试字段', 'TEXT', 0, '', 0, '2026-02-06 16:16:28.827000', '2026-02-06 16:18:15.560000', '2026-02-06 16:18:15.608000', NULL, NULL, NULL);
INSERT INTO `achievement_field_defs` VALUES (73, 'e6r6aq5b4zlh5op12nfem3ea', 'paper_titile', '论文标题', 'TEXT', 0, '', 0, '2026-02-04 21:17:00.639000', '2026-02-06 16:18:15.549000', '2026-02-06 16:18:15.610000', NULL, NULL, NULL);
INSERT INTO `achievement_field_defs` VALUES (74, 'qq48k6bgj5q28m6bz8yw8apx', 'paper_test', '测试字段', 'TEXT', 0, '', 1, '2026-02-06 16:18:15.547000', '2026-02-06 16:18:26.539000', '2026-02-06 16:18:26.549000', NULL, NULL, NULL);
INSERT INTO `achievement_field_defs` VALUES (75, 'nun9jd2lbfopost1uy4zcjie', 'start_time', '开始时间', 'DATETIME', 0, '', 0, '2026-02-06 18:33:07.929000', '2026-02-06 18:34:16.363000', NULL, NULL, NULL, NULL);
INSERT INTO `achievement_field_defs` VALUES (76, 'cdyl9utnhbeaqdx7fbx7unvs', 'collection_name', '征集主题名称', 'RICHTEXT', 0, '', 0, '2026-02-06 18:33:07.923000', '2026-02-06 18:34:16.376000', NULL, NULL, NULL, NULL);
INSERT INTO `achievement_field_defs` VALUES (77, 'fnwg22uoafyhu3nuce1hla9l', 'description', '征集描述', 'TEXT', 0, '', 0, '2026-02-06 18:33:07.946000', '2026-02-06 18:34:16.367000', NULL, NULL, NULL, NULL);
INSERT INTO `achievement_field_defs` VALUES (81, 'qpf41oq5kjxtaendmljx8szi', 'time', '测试时间', 'DATE', 0, '', 0, '2026-02-06 18:34:16.377000', '2026-02-06 18:34:16.377000', NULL, NULL, NULL, NULL);
INSERT INTO `achievement_field_defs` VALUES (82, 'nun9jd2lbfopost1uy4zcjie', 'start_time', '开始时间', 'DATETIME', 0, '', 0, '2026-02-06 18:33:07.929000', '2026-02-06 18:34:16.363000', '2026-02-06 18:34:16.403000', NULL, NULL, NULL);
INSERT INTO `achievement_field_defs` VALUES (83, 'fnwg22uoafyhu3nuce1hla9l', 'description', '征集描述', 'TEXT', 0, '', 0, '2026-02-06 18:33:07.946000', '2026-02-06 18:34:16.367000', '2026-02-06 18:34:16.406000', NULL, NULL, NULL);
INSERT INTO `achievement_field_defs` VALUES (84, 'qpf41oq5kjxtaendmljx8szi', 'time', '测试时间', 'DATE', 0, '', 0, '2026-02-06 18:34:16.377000', '2026-02-06 18:34:16.377000', '2026-02-06 18:34:16.416000', NULL, NULL, NULL);
INSERT INTO `achievement_field_defs` VALUES (85, 'cdyl9utnhbeaqdx7fbx7unvs', 'collection_name', '征集主题名称', 'RICHTEXT', 0, '', 0, '2026-02-06 18:33:07.923000', '2026-02-06 18:34:16.376000', '2026-02-06 18:34:16.417000', NULL, NULL, NULL);
INSERT INTO `achievement_field_defs` VALUES (86, 'imkpel8zbxa0lv59g1rxaf30', 'research_period', '研究周期（月', 'NUMBER', 0, '', 0, '2026-02-06 18:36:01.877000', '2026-02-06 18:36:01.877000', NULL, NULL, NULL, NULL);
INSERT INTO `achievement_field_defs` VALUES (87, 'gow06ed931p8t48wdr95l64u', 'project_field', '项目所属领域', 'RICHTEXT', 0, '', 0, '2026-02-06 18:36:01.887000', '2026-02-06 18:36:01.887000', NULL, NULL, NULL, NULL);
INSERT INTO `achievement_field_defs` VALUES (88, 'ux6q9svg5ac7dcymrnxao7sp', 'project_name', '项目名称', 'RICHTEXT', 0, '', 0, '2026-02-06 18:36:01.896000', '2026-02-06 18:36:01.896000', NULL, NULL, NULL, NULL);
INSERT INTO `achievement_field_defs` VALUES (89, 'zdavs1crh278itm19ykp6ne0', 'project_description', '项目描述', 'TEXT', 0, '', 0, '2026-02-06 18:36:01.904000', '2026-02-06 18:36:01.904000', NULL, NULL, NULL, NULL);
INSERT INTO `achievement_field_defs` VALUES (90, 'qkarp9pk7hqtmu8462p39pys', 'expected_achievement', '项目预期成果', 'TEXT', 0, '', 0, '2026-02-06 18:36:01.907000', '2026-02-06 18:36:01.907000', NULL, NULL, NULL, NULL);
INSERT INTO `achievement_field_defs` VALUES (91, 'imkpel8zbxa0lv59g1rxaf30', 'research_period', '研究周期（月', 'NUMBER', 0, '', 0, '2026-02-06 18:36:01.877000', '2026-02-06 18:36:01.877000', '2026-02-06 18:36:01.931000', NULL, NULL, NULL);
INSERT INTO `achievement_field_defs` VALUES (92, 'gow06ed931p8t48wdr95l64u', 'project_field', '项目所属领域', 'RICHTEXT', 0, '', 0, '2026-02-06 18:36:01.887000', '2026-02-06 18:36:01.887000', '2026-02-06 18:36:01.934000', NULL, NULL, NULL);
INSERT INTO `achievement_field_defs` VALUES (93, 'ux6q9svg5ac7dcymrnxao7sp', 'project_name', '项目名称', 'RICHTEXT', 0, '', 0, '2026-02-06 18:36:01.896000', '2026-02-06 18:36:01.896000', '2026-02-06 18:36:01.937000', NULL, NULL, NULL);
INSERT INTO `achievement_field_defs` VALUES (94, 'zdavs1crh278itm19ykp6ne0', 'project_description', '项目描述', 'TEXT', 0, '', 0, '2026-02-06 18:36:01.904000', '2026-02-06 18:36:01.904000', '2026-02-06 18:36:01.947000', NULL, NULL, NULL);
INSERT INTO `achievement_field_defs` VALUES (95, 'qkarp9pk7hqtmu8462p39pys', 'expected_achievement', '项目预期成果', 'TEXT', 0, '', 0, '2026-02-06 18:36:01.907000', '2026-02-06 18:36:01.907000', '2026-02-06 18:36:01.953000', NULL, NULL, NULL);
INSERT INTO `achievement_field_defs` VALUES (96, 'f3r24jzpl9xty2m3288mozi0', 'contract_remark', '合同备注', 'RICHTEXT', 0, '', 0, '2026-02-06 18:36:43.763000', '2026-02-06 18:36:43.763000', NULL, NULL, NULL, NULL);
INSERT INTO `achievement_field_defs` VALUES (97, 'f3r24jzpl9xty2m3288mozi0', 'contract_remark', '合同备注', 'RICHTEXT', 0, '', 0, '2026-02-06 18:36:43.763000', '2026-02-06 18:36:43.763000', '2026-02-06 18:36:43.772000', NULL, NULL, NULL);
INSERT INTO `achievement_field_defs` VALUES (98, 'mkpxyim07x1zsrhegoelak1t', 'request', '报告填写要求', 'RICHTEXT', 0, '', 0, '2026-02-06 18:46:46.211000', '2026-02-06 18:46:46.211000', NULL, NULL, NULL, NULL);
INSERT INTO `achievement_field_defs` VALUES (99, 'mkpxyim07x1zsrhegoelak1t', 'request', '报告填写要求', 'RICHTEXT', 0, '', 0, '2026-02-06 18:46:46.211000', '2026-02-06 18:46:46.211000', '2026-02-06 18:46:46.219000', NULL, NULL, NULL);
INSERT INTO `achievement_field_defs` VALUES (100, 'y958vucqueg7blqxwu971q2z', 'contract_remark', '合同备注', 'RICHTEXT', 0, '', 0, '2026-02-06 18:47:54.694000', '2026-02-06 18:47:54.694000', NULL, NULL, NULL, NULL);
INSERT INTO `achievement_field_defs` VALUES (101, 'y958vucqueg7blqxwu971q2z', 'contract_remark', '合同备注', 'RICHTEXT', 0, '', 0, '2026-02-06 18:47:54.694000', '2026-02-06 18:47:54.694000', '2026-02-06 18:47:54.700000', NULL, NULL, NULL);

-- ----------------------------
-- Table structure for achievement_field_defs_achievement_field_value_id_lnk
-- ----------------------------
DROP TABLE IF EXISTS `achievement_field_defs_achievement_field_value_id_lnk`;
CREATE TABLE `achievement_field_defs_achievement_field_value_id_lnk`  (
  `id` int UNSIGNED NOT NULL AUTO_INCREMENT,
  `achievement_field_def_id` int UNSIGNED NULL DEFAULT NULL,
  `achievement_field_value_id` int UNSIGNED NULL DEFAULT NULL,
  PRIMARY KEY (`id`) USING BTREE,
  UNIQUE INDEX `achievement_field_defs_achievement_field_value_feb9f_uq`(`achievement_field_def_id` ASC, `achievement_field_value_id` ASC) USING BTREE,
  INDEX `achievement_field_defs_achievement_field_value_feb9f_fk`(`achievement_field_def_id` ASC) USING BTREE,
  INDEX `achievement_field_defs_achievement_field_valuefeb9f_ifk`(`achievement_field_value_id` ASC) USING BTREE,
  CONSTRAINT `achievement_field_defs_achievement_field_value_feb9f_fk` FOREIGN KEY (`achievement_field_def_id`) REFERENCES `achievement_field_defs` (`id`) ON DELETE CASCADE ON UPDATE RESTRICT,
  CONSTRAINT `achievement_field_defs_achievement_field_valuefeb9f_ifk` FOREIGN KEY (`achievement_field_value_id`) REFERENCES `achievement_field_values` (`id`) ON DELETE CASCADE ON UPDATE RESTRICT
) ENGINE = InnoDB AUTO_INCREMENT = 83 CHARACTER SET = utf8mb3 COLLATE = utf8mb3_general_ci ROW_FORMAT = DYNAMIC;

-- ----------------------------
-- Records of achievement_field_defs_achievement_field_value_id_lnk
-- ----------------------------
INSERT INTO `achievement_field_defs_achievement_field_value_id_lnk` VALUES (5, 1, 1);
INSERT INTO `achievement_field_defs_achievement_field_value_id_lnk` VALUES (65, 15, 57);
INSERT INTO `achievement_field_defs_achievement_field_value_id_lnk` VALUES (37, 16, 29);
INSERT INTO `achievement_field_defs_achievement_field_value_id_lnk` VALUES (67, 17, 59);
INSERT INTO `achievement_field_defs_achievement_field_value_id_lnk` VALUES (23, 18, 15);
INSERT INTO `achievement_field_defs_achievement_field_value_id_lnk` VALUES (29, 19, 21);
INSERT INTO `achievement_field_defs_achievement_field_value_id_lnk` VALUES (27, 20, 19);
INSERT INTO `achievement_field_defs_achievement_field_value_id_lnk` VALUES (10, 33, 2);
INSERT INTO `achievement_field_defs_achievement_field_value_id_lnk` VALUES (75, 35, 67);
INSERT INTO `achievement_field_defs_achievement_field_value_id_lnk` VALUES (77, 36, 69);
INSERT INTO `achievement_field_defs_achievement_field_value_id_lnk` VALUES (73, 37, 65);
INSERT INTO `achievement_field_defs_achievement_field_value_id_lnk` VALUES (79, 38, 71);
INSERT INTO `achievement_field_defs_achievement_field_value_id_lnk` VALUES (76, 39, 68);
INSERT INTO `achievement_field_defs_achievement_field_value_id_lnk` VALUES (78, 40, 70);
INSERT INTO `achievement_field_defs_achievement_field_value_id_lnk` VALUES (80, 41, 72);
INSERT INTO `achievement_field_defs_achievement_field_value_id_lnk` VALUES (74, 42, 66);
INSERT INTO `achievement_field_defs_achievement_field_value_id_lnk` VALUES (68, 43, 60);
INSERT INTO `achievement_field_defs_achievement_field_value_id_lnk` VALUES (66, 44, 58);
INSERT INTO `achievement_field_defs_achievement_field_value_id_lnk` VALUES (24, 45, 16);
INSERT INTO `achievement_field_defs_achievement_field_value_id_lnk` VALUES (38, 46, 30);
INSERT INTO `achievement_field_defs_achievement_field_value_id_lnk` VALUES (28, 47, 20);
INSERT INTO `achievement_field_defs_achievement_field_value_id_lnk` VALUES (30, 48, 22);
INSERT INTO `achievement_field_defs_achievement_field_value_id_lnk` VALUES (35, 49, 27);
INSERT INTO `achievement_field_defs_achievement_field_value_id_lnk` VALUES (36, 50, 28);
INSERT INTO `achievement_field_defs_achievement_field_value_id_lnk` VALUES (81, 51, 73);
INSERT INTO `achievement_field_defs_achievement_field_value_id_lnk` VALUES (82, 54, 74);

-- ----------------------------
-- Table structure for achievement_field_defs_achievement_type_id_lnk
-- ----------------------------
DROP TABLE IF EXISTS `achievement_field_defs_achievement_type_id_lnk`;
CREATE TABLE `achievement_field_defs_achievement_type_id_lnk`  (
  `id` int UNSIGNED NOT NULL AUTO_INCREMENT,
  `achievement_field_def_id` int UNSIGNED NULL DEFAULT NULL,
  `achievement_type_id` int UNSIGNED NULL DEFAULT NULL,
  `achievement_field_def_ord` double UNSIGNED NULL DEFAULT NULL,
  PRIMARY KEY (`id`) USING BTREE,
  UNIQUE INDEX `achievement_field_defs_achievement_type_id_lnk_uq`(`achievement_field_def_id` ASC, `achievement_type_id` ASC) USING BTREE,
  INDEX `achievement_field_defs_achievement_type_id_lnk_fk`(`achievement_field_def_id` ASC) USING BTREE,
  INDEX `achievement_field_defs_achievement_type_id_lnk_ifk`(`achievement_type_id` ASC) USING BTREE,
  INDEX `achievement_field_defs_achievement_type_id_lnk_oifk`(`achievement_field_def_ord` ASC) USING BTREE,
  CONSTRAINT `achievement_field_defs_achievement_type_id_lnk_fk` FOREIGN KEY (`achievement_field_def_id`) REFERENCES `achievement_field_defs` (`id`) ON DELETE CASCADE ON UPDATE RESTRICT,
  CONSTRAINT `achievement_field_defs_achievement_type_id_lnk_ifk` FOREIGN KEY (`achievement_type_id`) REFERENCES `achievement_types` (`id`) ON DELETE CASCADE ON UPDATE RESTRICT
) ENGINE = InnoDB AUTO_INCREMENT = 151 CHARACTER SET = utf8mb3 COLLATE = utf8mb3_general_ci ROW_FORMAT = DYNAMIC;

-- ----------------------------
-- Records of achievement_field_defs_achievement_type_id_lnk
-- ----------------------------
INSERT INTO `achievement_field_defs_achievement_type_id_lnk` VALUES (1, 1, 1, 1);
INSERT INTO `achievement_field_defs_achievement_type_id_lnk` VALUES (3, 3, 1, 2);
INSERT INTO `achievement_field_defs_achievement_type_id_lnk` VALUES (10, 10, 1, 3);
INSERT INTO `achievement_field_defs_achievement_type_id_lnk` VALUES (20, 14, 6, 3);
INSERT INTO `achievement_field_defs_achievement_type_id_lnk` VALUES (21, 16, 4, 1);
INSERT INTO `achievement_field_defs_achievement_type_id_lnk` VALUES (22, 15, 4, 1);
INSERT INTO `achievement_field_defs_achievement_type_id_lnk` VALUES (23, 18, 4, 1);
INSERT INTO `achievement_field_defs_achievement_type_id_lnk` VALUES (24, 17, 4, 1);
INSERT INTO `achievement_field_defs_achievement_type_id_lnk` VALUES (25, 19, 4, 1);
INSERT INTO `achievement_field_defs_achievement_type_id_lnk` VALUES (26, 20, 4, 1);
INSERT INTO `achievement_field_defs_achievement_type_id_lnk` VALUES (39, 33, 6, 1);
INSERT INTO `achievement_field_defs_achievement_type_id_lnk` VALUES (40, 34, 6, 2);
INSERT INTO `achievement_field_defs_achievement_type_id_lnk` VALUES (41, 35, 1, 4);
INSERT INTO `achievement_field_defs_achievement_type_id_lnk` VALUES (42, 36, 1, 4);
INSERT INTO `achievement_field_defs_achievement_type_id_lnk` VALUES (43, 38, 1, 4);
INSERT INTO `achievement_field_defs_achievement_type_id_lnk` VALUES (44, 39, 6, 4);
INSERT INTO `achievement_field_defs_achievement_type_id_lnk` VALUES (45, 37, 1, 4);
INSERT INTO `achievement_field_defs_achievement_type_id_lnk` VALUES (46, 40, 6, 4);
INSERT INTO `achievement_field_defs_achievement_type_id_lnk` VALUES (47, 41, 6, 4);
INSERT INTO `achievement_field_defs_achievement_type_id_lnk` VALUES (48, 42, 6, 4);
INSERT INTO `achievement_field_defs_achievement_type_id_lnk` VALUES (49, 44, 5, 1);
INSERT INTO `achievement_field_defs_achievement_type_id_lnk` VALUES (50, 43, 5, 1);
INSERT INTO `achievement_field_defs_achievement_type_id_lnk` VALUES (51, 45, 5, 1);
INSERT INTO `achievement_field_defs_achievement_type_id_lnk` VALUES (52, 46, 5, 1);
INSERT INTO `achievement_field_defs_achievement_type_id_lnk` VALUES (53, 47, 5, 1);
INSERT INTO `achievement_field_defs_achievement_type_id_lnk` VALUES (54, 48, 5, 1);
INSERT INTO `achievement_field_defs_achievement_type_id_lnk` VALUES (55, 49, 9, 1);
INSERT INTO `achievement_field_defs_achievement_type_id_lnk` VALUES (56, 50, 10, 1);
INSERT INTO `achievement_field_defs_achievement_type_id_lnk` VALUES (57, 51, 11, 1);
INSERT INTO `achievement_field_defs_achievement_type_id_lnk` VALUES (58, 52, 11, 1);
INSERT INTO `achievement_field_defs_achievement_type_id_lnk` VALUES (59, 53, 11, 1);
INSERT INTO `achievement_field_defs_achievement_type_id_lnk` VALUES (66, 57, 15, 1);
INSERT INTO `achievement_field_defs_achievement_type_id_lnk` VALUES (67, 58, 15, 1);
INSERT INTO `achievement_field_defs_achievement_type_id_lnk` VALUES (68, 59, 15, 1);
INSERT INTO `achievement_field_defs_achievement_type_id_lnk` VALUES (93, 54, 29, 1);
INSERT INTO `achievement_field_defs_achievement_type_id_lnk` VALUES (94, 55, 29, 2);
INSERT INTO `achievement_field_defs_achievement_type_id_lnk` VALUES (95, 56, 29, 3);
INSERT INTO `achievement_field_defs_achievement_type_id_lnk` VALUES (99, 63, 15, 2);
INSERT INTO `achievement_field_defs_achievement_type_id_lnk` VALUES (108, 68, 15, 3);
INSERT INTO `achievement_field_defs_achievement_type_id_lnk` VALUES (109, 69, 31, 1);
INSERT INTO `achievement_field_defs_achievement_type_id_lnk` VALUES (111, 71, 31, 2);
INSERT INTO `achievement_field_defs_achievement_type_id_lnk` VALUES (112, 72, 31, 4);
INSERT INTO `achievement_field_defs_achievement_type_id_lnk` VALUES (113, 73, 31, 3);
INSERT INTO `achievement_field_defs_achievement_type_id_lnk` VALUES (114, 74, 31, 5);
INSERT INTO `achievement_field_defs_achievement_type_id_lnk` VALUES (115, 75, 32, 1);
INSERT INTO `achievement_field_defs_achievement_type_id_lnk` VALUES (116, 76, 32, 1);
INSERT INTO `achievement_field_defs_achievement_type_id_lnk` VALUES (117, 77, 32, 1);
INSERT INTO `achievement_field_defs_achievement_type_id_lnk` VALUES (121, 81, 32, 2);
INSERT INTO `achievement_field_defs_achievement_type_id_lnk` VALUES (126, 86, 34, 1);
INSERT INTO `achievement_field_defs_achievement_type_id_lnk` VALUES (127, 87, 34, 1);
INSERT INTO `achievement_field_defs_achievement_type_id_lnk` VALUES (128, 88, 34, 1);
INSERT INTO `achievement_field_defs_achievement_type_id_lnk` VALUES (129, 89, 34, 1);
INSERT INTO `achievement_field_defs_achievement_type_id_lnk` VALUES (130, 90, 34, 1);
INSERT INTO `achievement_field_defs_achievement_type_id_lnk` VALUES (136, 82, 36, 1);
INSERT INTO `achievement_field_defs_achievement_type_id_lnk` VALUES (137, 85, 36, 2);
INSERT INTO `achievement_field_defs_achievement_type_id_lnk` VALUES (138, 83, 36, 3);
INSERT INTO `achievement_field_defs_achievement_type_id_lnk` VALUES (139, 84, 36, 4);
INSERT INTO `achievement_field_defs_achievement_type_id_lnk` VALUES (140, 91, 37, 1);
INSERT INTO `achievement_field_defs_achievement_type_id_lnk` VALUES (141, 92, 37, 2);
INSERT INTO `achievement_field_defs_achievement_type_id_lnk` VALUES (142, 93, 37, 3);
INSERT INTO `achievement_field_defs_achievement_type_id_lnk` VALUES (143, 94, 37, 4);
INSERT INTO `achievement_field_defs_achievement_type_id_lnk` VALUES (144, 95, 37, 5);
INSERT INTO `achievement_field_defs_achievement_type_id_lnk` VALUES (145, 96, 38, 1);
INSERT INTO `achievement_field_defs_achievement_type_id_lnk` VALUES (146, 97, 39, 1);
INSERT INTO `achievement_field_defs_achievement_type_id_lnk` VALUES (147, 98, 40, 1);
INSERT INTO `achievement_field_defs_achievement_type_id_lnk` VALUES (148, 99, 41, 1);
INSERT INTO `achievement_field_defs_achievement_type_id_lnk` VALUES (149, 100, 42, 1);
INSERT INTO `achievement_field_defs_achievement_type_id_lnk` VALUES (150, 101, 43, 1);

-- ----------------------------
-- Table structure for achievement_field_values
-- ----------------------------
DROP TABLE IF EXISTS `achievement_field_values`;
CREATE TABLE `achievement_field_values`  (
  `id` int UNSIGNED NOT NULL AUTO_INCREMENT,
  `document_id` varchar(255) CHARACTER SET utf8mb3 COLLATE utf8mb3_general_ci NULL DEFAULT NULL,
  `created_at` datetime(6) NULL DEFAULT NULL,
  `updated_at` datetime(6) NULL DEFAULT NULL,
  `published_at` datetime(6) NULL DEFAULT NULL,
  `created_by_id` int UNSIGNED NULL DEFAULT NULL,
  `updated_by_id` int UNSIGNED NULL DEFAULT NULL,
  `locale` varchar(255) CHARACTER SET utf8mb3 COLLATE utf8mb3_general_ci NULL DEFAULT NULL,
  `text_value` varchar(255) CHARACTER SET utf8mb3 COLLATE utf8mb3_general_ci NULL DEFAULT NULL,
  `boolean_value` tinyint(1) NULL DEFAULT NULL,
  `number_value` decimal(10, 2) NULL DEFAULT NULL,
  `date_value` date NULL DEFAULT NULL,
  `email_value` varchar(255) CHARACTER SET utf8mb3 COLLATE utf8mb3_general_ci NULL DEFAULT NULL,
  `is_delete` int NULL DEFAULT NULL,
  `datetime_value` datetime(6) NULL DEFAULT NULL,
  PRIMARY KEY (`id`) USING BTREE,
  INDEX `achievement_field_values_documents_idx`(`document_id` ASC, `locale` ASC, `published_at` ASC) USING BTREE,
  INDEX `achievement_field_values_created_by_id_fk`(`created_by_id` ASC) USING BTREE,
  INDEX `achievement_field_values_updated_by_id_fk`(`updated_by_id` ASC) USING BTREE,
  CONSTRAINT `achievement_field_values_created_by_id_fk` FOREIGN KEY (`created_by_id`) REFERENCES `admin_users` (`id`) ON DELETE SET NULL ON UPDATE RESTRICT,
  CONSTRAINT `achievement_field_values_updated_by_id_fk` FOREIGN KEY (`updated_by_id`) REFERENCES `admin_users` (`id`) ON DELETE SET NULL ON UPDATE RESTRICT
) ENGINE = InnoDB AUTO_INCREMENT = 75 CHARACTER SET = utf8mb3 COLLATE = utf8mb3_general_ci ROW_FORMAT = DYNAMIC;

-- ----------------------------
-- Records of achievement_field_values
-- ----------------------------
INSERT INTO `achievement_field_values` VALUES (1, 'f4gfyu5laa8efvxajqpb15ok', '2025-12-04 10:37:02.618000', '2025-12-04 10:37:02.618000', NULL, 1, 1, NULL, '关于........的学术论文', NULL, NULL, NULL, NULL, 0, NULL);
INSERT INTO `achievement_field_values` VALUES (2, 'f4gfyu5laa8efvxajqpb15ok', '2025-12-04 10:37:02.618000', '2025-12-04 10:37:02.618000', '2025-12-04 10:37:02.657000', 1, 1, NULL, '关于........的学术论文', NULL, NULL, NULL, NULL, 0, NULL);
INSERT INTO `achievement_field_values` VALUES (3, 'ydrgsvmumnlb8e8ofot1vdds', '2026-01-24 22:44:54.419000', '2026-01-24 22:44:54.419000', NULL, NULL, NULL, NULL, '测试1', NULL, NULL, NULL, NULL, 0, NULL);
INSERT INTO `achievement_field_values` VALUES (4, 'ydrgsvmumnlb8e8ofot1vdds', '2026-01-24 22:44:54.419000', '2026-01-24 22:44:54.419000', '2026-01-24 22:44:54.433000', NULL, NULL, NULL, '测试1', NULL, NULL, NULL, NULL, 0, NULL);
INSERT INTO `achievement_field_values` VALUES (5, 'en6ed5fap4lm8qneq5klqpkn', '2026-01-24 22:44:54.472000', '2026-01-24 22:44:54.472000', NULL, NULL, NULL, NULL, '测试1', NULL, NULL, NULL, NULL, 0, NULL);
INSERT INTO `achievement_field_values` VALUES (6, 'en6ed5fap4lm8qneq5klqpkn', '2026-01-24 22:44:54.472000', '2026-01-24 22:44:54.472000', '2026-01-24 22:44:54.482000', NULL, NULL, NULL, '测试1', NULL, NULL, NULL, NULL, 0, NULL);
INSERT INTO `achievement_field_values` VALUES (7, 'l8fdnf9sppsogztq2o9lpv6v', '2026-01-24 22:44:54.517000', '2026-01-24 22:44:54.517000', NULL, NULL, NULL, NULL, '测试1', NULL, NULL, NULL, NULL, 0, NULL);
INSERT INTO `achievement_field_values` VALUES (8, 'l8fdnf9sppsogztq2o9lpv6v', '2026-01-24 22:44:54.517000', '2026-01-24 22:44:54.517000', '2026-01-24 22:44:54.526000', NULL, NULL, NULL, '测试1', NULL, NULL, NULL, NULL, 0, NULL);
INSERT INTO `achievement_field_values` VALUES (9, 'c0qmbc7atxzhqkntxejqkvjc', '2026-01-24 22:44:54.558000', '2026-01-24 22:44:54.558000', NULL, NULL, NULL, NULL, '测试日期1', NULL, NULL, NULL, NULL, 0, NULL);
INSERT INTO `achievement_field_values` VALUES (10, 'c0qmbc7atxzhqkntxejqkvjc', '2026-01-24 22:44:54.558000', '2026-01-24 22:44:54.558000', '2026-01-24 22:44:54.566000', NULL, NULL, NULL, '测试日期1', NULL, NULL, NULL, NULL, 0, NULL);
INSERT INTO `achievement_field_values` VALUES (11, 'pypsidl7jg2iwxltgg8c8t05', '2026-01-24 22:59:38.395000', '2026-01-24 22:59:38.395000', NULL, NULL, NULL, NULL, '测试专利2', NULL, NULL, NULL, NULL, 0, NULL);
INSERT INTO `achievement_field_values` VALUES (12, 'pypsidl7jg2iwxltgg8c8t05', '2026-01-24 22:59:38.395000', '2026-01-24 22:59:38.395000', '2026-01-24 22:59:38.416000', NULL, NULL, NULL, '测试专利2', NULL, NULL, NULL, NULL, 0, NULL);
INSERT INTO `achievement_field_values` VALUES (13, 'evo5a3f0kszlizdkhb57zbec', '2026-01-24 22:59:38.484000', '2026-01-24 22:59:38.484000', NULL, NULL, NULL, NULL, '测试专利2', NULL, NULL, NULL, NULL, 0, NULL);
INSERT INTO `achievement_field_values` VALUES (14, 'evo5a3f0kszlizdkhb57zbec', '2026-01-24 22:59:38.484000', '2026-01-24 22:59:38.484000', '2026-01-24 22:59:38.498000', NULL, NULL, NULL, '测试专利2', NULL, NULL, NULL, NULL, 0, NULL);
INSERT INTO `achievement_field_values` VALUES (15, 'mglc9fd163hokdghujy6qdge', '2026-01-24 22:59:38.541000', '2026-01-24 22:59:38.541000', NULL, NULL, NULL, NULL, NULL, NULL, NULL, '2026-01-24', NULL, 0, NULL);
INSERT INTO `achievement_field_values` VALUES (16, 'mglc9fd163hokdghujy6qdge', '2026-01-24 22:59:38.541000', '2026-01-24 22:59:38.541000', '2026-01-24 22:59:38.556000', NULL, NULL, NULL, NULL, NULL, NULL, '2026-01-24', NULL, 0, NULL);
INSERT INTO `achievement_field_values` VALUES (17, 'vvq9v8t7un0kth018hm0rx3v', '2026-01-24 22:59:38.591000', '2026-01-24 22:59:38.591000', NULL, NULL, NULL, NULL, '123', NULL, NULL, NULL, NULL, 0, NULL);
INSERT INTO `achievement_field_values` VALUES (18, 'vvq9v8t7un0kth018hm0rx3v', '2026-01-24 22:59:38.591000', '2026-01-24 22:59:38.591000', '2026-01-24 22:59:38.601000', NULL, NULL, NULL, '123', NULL, NULL, NULL, NULL, 0, NULL);
INSERT INTO `achievement_field_values` VALUES (19, 'kawqg0wrfcan2qk5ohez2i6r', '2026-01-24 22:59:38.648000', '2026-01-24 22:59:38.648000', NULL, NULL, NULL, NULL, 'ZZQ', NULL, NULL, NULL, NULL, 0, NULL);
INSERT INTO `achievement_field_values` VALUES (20, 'kawqg0wrfcan2qk5ohez2i6r', '2026-01-24 22:59:38.648000', '2026-01-24 22:59:38.648000', '2026-01-24 22:59:38.659000', NULL, NULL, NULL, 'ZZQ', NULL, NULL, NULL, NULL, 0, NULL);
INSERT INTO `achievement_field_values` VALUES (21, 'u72znvmes16cwqhcanmlo2zc', '2026-01-24 22:59:38.707000', '2026-01-24 22:59:38.707000', NULL, NULL, NULL, NULL, 'ZZQ', NULL, NULL, NULL, NULL, 0, NULL);
INSERT INTO `achievement_field_values` VALUES (22, 'u72znvmes16cwqhcanmlo2zc', '2026-01-24 22:59:38.707000', '2026-01-24 22:59:38.707000', '2026-01-24 22:59:38.721000', NULL, NULL, NULL, 'ZZQ', NULL, NULL, NULL, NULL, 0, NULL);
INSERT INTO `achievement_field_values` VALUES (23, 'f267osxmvm3zss2mdekf2hdl', '2026-01-24 23:57:47.562000', '2026-01-24 23:57:47.562000', NULL, NULL, NULL, NULL, '1', NULL, NULL, NULL, NULL, 0, NULL);
INSERT INTO `achievement_field_values` VALUES (24, 'f267osxmvm3zss2mdekf2hdl', '2026-01-24 23:57:47.562000', '2026-01-24 23:57:47.562000', '2026-01-24 23:57:47.578000', NULL, NULL, NULL, '1', NULL, NULL, NULL, NULL, 0, NULL);
INSERT INTO `achievement_field_values` VALUES (25, 'kw5uorw5t00fr5qp7usb2x7j', '2026-01-25 00:01:12.116000', '2026-01-25 00:01:12.116000', NULL, NULL, NULL, NULL, '1', NULL, NULL, NULL, NULL, 0, NULL);
INSERT INTO `achievement_field_values` VALUES (26, 'kw5uorw5t00fr5qp7usb2x7j', '2026-01-25 00:01:12.116000', '2026-01-25 00:01:12.116000', '2026-01-25 00:01:12.132000', NULL, NULL, NULL, '1', NULL, NULL, NULL, NULL, 0, NULL);
INSERT INTO `achievement_field_values` VALUES (27, 'si6yde61gfdbrkyiwc0apv2t', '2026-01-25 00:01:50.832000', '2026-01-25 00:01:50.832000', NULL, NULL, NULL, NULL, '1', NULL, NULL, NULL, NULL, 0, NULL);
INSERT INTO `achievement_field_values` VALUES (28, 'si6yde61gfdbrkyiwc0apv2t', '2026-01-25 00:01:50.832000', '2026-01-25 00:01:50.832000', '2026-01-25 00:01:50.842000', NULL, NULL, NULL, '1', NULL, NULL, NULL, NULL, 0, NULL);
INSERT INTO `achievement_field_values` VALUES (29, 'vzs8itoqyzarn0nubnhmslci', '2026-02-04 13:42:09.981000', '2026-02-04 13:42:09.981000', NULL, NULL, NULL, NULL, '123455', NULL, NULL, NULL, NULL, 0, NULL);
INSERT INTO `achievement_field_values` VALUES (30, 'vzs8itoqyzarn0nubnhmslci', '2026-02-04 13:42:09.981000', '2026-02-04 13:42:09.981000', '2026-02-04 13:42:10.001000', NULL, NULL, NULL, '123455', NULL, NULL, NULL, NULL, 0, NULL);
INSERT INTO `achievement_field_values` VALUES (31, 'jq6jzgdnbfgbjmxet9bn3i6i', '2026-02-04 14:00:26.178000', '2026-02-04 14:00:26.178000', NULL, NULL, NULL, NULL, '测试专利附件', NULL, NULL, NULL, NULL, 0, NULL);
INSERT INTO `achievement_field_values` VALUES (32, 'jq6jzgdnbfgbjmxet9bn3i6i', '2026-02-04 14:00:26.178000', '2026-02-04 14:00:26.178000', '2026-02-04 14:00:26.193000', NULL, NULL, NULL, '测试专利附件', NULL, NULL, NULL, NULL, 0, NULL);
INSERT INTO `achievement_field_values` VALUES (33, 'flryyaoiyjh2553k0r3p4hle', '2026-02-04 14:00:44.715000', '2026-02-04 14:00:44.715000', NULL, NULL, NULL, NULL, '测试专利附件', NULL, NULL, NULL, NULL, 0, NULL);
INSERT INTO `achievement_field_values` VALUES (34, 'flryyaoiyjh2553k0r3p4hle', '2026-02-04 14:00:44.715000', '2026-02-04 14:00:44.715000', '2026-02-04 14:00:44.730000', NULL, NULL, NULL, '测试专利附件', NULL, NULL, NULL, NULL, 0, NULL);
INSERT INTO `achievement_field_values` VALUES (35, 'jgi12hds11cqjkipb4e1cmhn', '2026-02-04 14:19:25.644000', '2026-02-04 14:19:25.644000', NULL, NULL, NULL, NULL, '测试专利附件', NULL, NULL, NULL, NULL, 0, NULL);
INSERT INTO `achievement_field_values` VALUES (36, 'jgi12hds11cqjkipb4e1cmhn', '2026-02-04 14:19:25.644000', '2026-02-04 14:19:25.644000', '2026-02-04 14:19:25.656000', NULL, NULL, NULL, '测试专利附件', NULL, NULL, NULL, NULL, 0, NULL);
INSERT INTO `achievement_field_values` VALUES (37, 'jnh97nwgqbg58vmhqosmxwll', '2026-02-04 14:21:11.675000', '2026-02-04 14:21:11.675000', NULL, NULL, NULL, NULL, '测试专利附件', NULL, NULL, NULL, NULL, 0, NULL);
INSERT INTO `achievement_field_values` VALUES (38, 'jnh97nwgqbg58vmhqosmxwll', '2026-02-04 14:21:11.675000', '2026-02-04 14:21:11.675000', '2026-02-04 14:21:11.704000', NULL, NULL, NULL, '测试专利附件', NULL, NULL, NULL, NULL, 0, NULL);
INSERT INTO `achievement_field_values` VALUES (39, 'e7jwvrrpwja7ivrtlg4eyyrh', '2026-02-04 14:42:32.939000', '2026-02-04 14:42:32.939000', NULL, NULL, NULL, NULL, '测试专利附件', NULL, NULL, NULL, NULL, 0, NULL);
INSERT INTO `achievement_field_values` VALUES (40, 'e7jwvrrpwja7ivrtlg4eyyrh', '2026-02-04 14:42:32.939000', '2026-02-04 14:42:32.939000', '2026-02-04 14:42:32.958000', NULL, NULL, NULL, '测试专利附件', NULL, NULL, NULL, NULL, 0, NULL);
INSERT INTO `achievement_field_values` VALUES (41, 'phunnv21uplwpmydj560ja8z', '2026-02-04 14:50:50.766000', '2026-02-04 14:50:50.766000', NULL, NULL, NULL, NULL, '测试专利附件', NULL, NULL, NULL, NULL, 0, NULL);
INSERT INTO `achievement_field_values` VALUES (42, 'phunnv21uplwpmydj560ja8z', '2026-02-04 14:50:50.766000', '2026-02-04 14:50:50.766000', '2026-02-04 14:50:50.779000', NULL, NULL, NULL, '测试专利附件', NULL, NULL, NULL, NULL, 0, NULL);
INSERT INTO `achievement_field_values` VALUES (43, 'tnihckjbljggjjo8t4tbj7p7', '2026-02-04 14:53:16.740000', '2026-02-04 14:53:16.740000', NULL, NULL, NULL, NULL, '测试专利附件', NULL, NULL, NULL, NULL, 0, NULL);
INSERT INTO `achievement_field_values` VALUES (44, 'tnihckjbljggjjo8t4tbj7p7', '2026-02-04 14:53:16.740000', '2026-02-04 14:53:16.740000', '2026-02-04 14:53:16.749000', NULL, NULL, NULL, '测试专利附件', NULL, NULL, NULL, NULL, 0, NULL);
INSERT INTO `achievement_field_values` VALUES (45, 'p7j2s8krcemxe6ja9zex4k01', '2026-02-04 14:53:45.627000', '2026-02-04 14:53:45.627000', NULL, NULL, NULL, NULL, '测试专利附件', NULL, NULL, NULL, NULL, 0, NULL);
INSERT INTO `achievement_field_values` VALUES (46, 'p7j2s8krcemxe6ja9zex4k01', '2026-02-04 14:53:45.627000', '2026-02-04 14:53:45.627000', '2026-02-04 14:53:45.637000', NULL, NULL, NULL, '测试专利附件', NULL, NULL, NULL, NULL, 0, NULL);
INSERT INTO `achievement_field_values` VALUES (47, 'we5fo19l5h2pgxxkv7d6w0yr', '2026-02-04 14:55:03.098000', '2026-02-04 14:55:03.098000', NULL, NULL, NULL, NULL, '测试专利附件', NULL, NULL, NULL, NULL, 0, NULL);
INSERT INTO `achievement_field_values` VALUES (48, 'we5fo19l5h2pgxxkv7d6w0yr', '2026-02-04 14:55:03.098000', '2026-02-04 14:55:03.098000', '2026-02-04 14:55:03.106000', NULL, NULL, NULL, '测试专利附件', NULL, NULL, NULL, NULL, 0, NULL);
INSERT INTO `achievement_field_values` VALUES (49, 'zdn70z76o7vvxrurokf29kef', '2026-02-04 14:57:32.738000', '2026-02-04 14:57:32.738000', NULL, NULL, NULL, NULL, '测试专利附件', NULL, NULL, NULL, NULL, 0, NULL);
INSERT INTO `achievement_field_values` VALUES (50, 'zdn70z76o7vvxrurokf29kef', '2026-02-04 14:57:32.738000', '2026-02-04 14:57:32.738000', '2026-02-04 14:57:32.749000', NULL, NULL, NULL, '测试专利附件', NULL, NULL, NULL, NULL, 0, NULL);
INSERT INTO `achievement_field_values` VALUES (51, 'xe24jf90m9lhcd6rakk59qee', '2026-02-04 14:58:26.047000', '2026-02-04 14:58:26.047000', NULL, NULL, NULL, NULL, '测试专利附件', NULL, NULL, NULL, NULL, 0, NULL);
INSERT INTO `achievement_field_values` VALUES (52, 'xe24jf90m9lhcd6rakk59qee', '2026-02-04 14:58:26.047000', '2026-02-04 14:58:26.047000', '2026-02-04 14:58:26.054000', NULL, NULL, NULL, '测试专利附件', NULL, NULL, NULL, NULL, 0, NULL);
INSERT INTO `achievement_field_values` VALUES (53, 'vrnhrkzha73i7he7bua7m4wn', '2026-02-04 14:59:20.428000', '2026-02-04 14:59:20.428000', NULL, NULL, NULL, NULL, '测试专利附件', NULL, NULL, NULL, NULL, 0, NULL);
INSERT INTO `achievement_field_values` VALUES (54, 'vrnhrkzha73i7he7bua7m4wn', '2026-02-04 14:59:20.428000', '2026-02-04 14:59:20.428000', '2026-02-04 14:59:20.437000', NULL, NULL, NULL, '测试专利附件', NULL, NULL, NULL, NULL, 0, NULL);
INSERT INTO `achievement_field_values` VALUES (55, 'o1bhr4pu8fu3v8zc3bf6mba8', '2026-02-04 15:08:47.795000', '2026-02-04 15:08:47.795000', NULL, NULL, NULL, NULL, '测试专利附件', NULL, NULL, NULL, NULL, 0, NULL);
INSERT INTO `achievement_field_values` VALUES (56, 'o1bhr4pu8fu3v8zc3bf6mba8', '2026-02-04 15:08:47.795000', '2026-02-04 15:08:47.795000', '2026-02-04 15:08:47.807000', NULL, NULL, NULL, '测试专利附件', NULL, NULL, NULL, NULL, 0, NULL);
INSERT INTO `achievement_field_values` VALUES (57, 'v27deweznqt043e23zquzxx7', '2026-02-04 15:39:53.595000', '2026-02-04 15:39:53.595000', NULL, NULL, NULL, NULL, '测试专利附件', NULL, NULL, NULL, NULL, 0, NULL);
INSERT INTO `achievement_field_values` VALUES (58, 'v27deweznqt043e23zquzxx7', '2026-02-04 15:39:53.595000', '2026-02-04 15:39:53.595000', '2026-02-04 15:39:53.606000', NULL, NULL, NULL, '测试专利附件', NULL, NULL, NULL, NULL, 0, NULL);
INSERT INTO `achievement_field_values` VALUES (59, 'uz0i46ao6sxscbtslyok6z0w', '2026-02-04 15:39:53.640000', '2026-02-04 15:39:53.640000', NULL, NULL, NULL, NULL, '测试专利1', NULL, NULL, NULL, NULL, 0, NULL);
INSERT INTO `achievement_field_values` VALUES (60, 'uz0i46ao6sxscbtslyok6z0w', '2026-02-04 15:39:53.640000', '2026-02-04 15:39:53.640000', '2026-02-04 15:39:53.649000', NULL, NULL, NULL, '测试专利1', NULL, NULL, NULL, NULL, 0, NULL);
INSERT INTO `achievement_field_values` VALUES (61, 'c4qiiuak1vhjv7thr3jt96df', '2026-02-04 20:35:32.159000', '2026-02-04 20:35:32.159000', NULL, NULL, NULL, NULL, '测试论文标题', NULL, NULL, NULL, NULL, 0, NULL);
INSERT INTO `achievement_field_values` VALUES (62, 'c4qiiuak1vhjv7thr3jt96df', '2026-02-04 20:35:32.159000', '2026-02-04 20:35:32.159000', '2026-02-04 20:35:32.177000', NULL, NULL, NULL, '测试论文标题', NULL, NULL, NULL, NULL, 0, NULL);
INSERT INTO `achievement_field_values` VALUES (63, 'q08xor4ntrid9lyiq3vdmbju', '2026-02-04 20:35:32.228000', '2026-02-04 20:35:32.228000', NULL, NULL, NULL, NULL, '朱子齐1号、朱子齐2号', NULL, NULL, NULL, NULL, 0, NULL);
INSERT INTO `achievement_field_values` VALUES (64, 'q08xor4ntrid9lyiq3vdmbju', '2026-02-04 20:35:32.228000', '2026-02-04 20:35:32.228000', '2026-02-04 20:35:32.243000', NULL, NULL, NULL, '朱子齐1号、朱子齐2号', NULL, NULL, NULL, NULL, 0, NULL);
INSERT INTO `achievement_field_values` VALUES (65, 'ceehry4o2b6mmzw82urnb9x8', '2026-02-04 20:35:32.280000', '2026-02-04 20:35:32.280000', NULL, NULL, NULL, NULL, '2026年2月4日', NULL, NULL, NULL, NULL, 0, NULL);
INSERT INTO `achievement_field_values` VALUES (66, 'ceehry4o2b6mmzw82urnb9x8', '2026-02-04 20:35:32.280000', '2026-02-04 20:35:32.280000', '2026-02-04 20:35:32.287000', NULL, NULL, NULL, '2026年2月4日', NULL, NULL, NULL, NULL, 0, NULL);
INSERT INTO `achievement_field_values` VALUES (67, 'pdc7n9ixfz2jn277vyd6ijk5', '2026-02-04 20:52:17.378000', '2026-02-04 20:52:17.378000', NULL, NULL, NULL, NULL, '论文标题', NULL, NULL, NULL, NULL, 0, NULL);
INSERT INTO `achievement_field_values` VALUES (68, 'pdc7n9ixfz2jn277vyd6ijk5', '2026-02-04 20:52:17.378000', '2026-02-04 20:52:17.378000', '2026-02-04 20:52:17.410000', NULL, NULL, NULL, '论文标题', NULL, NULL, NULL, NULL, 0, NULL);
INSERT INTO `achievement_field_values` VALUES (69, 'ovnu2eub21bmucvosboy1wbk', '2026-02-04 20:52:17.458000', '2026-02-04 20:52:17.458000', NULL, NULL, NULL, NULL, '刊物1', NULL, NULL, NULL, NULL, 0, NULL);
INSERT INTO `achievement_field_values` VALUES (70, 'ovnu2eub21bmucvosboy1wbk', '2026-02-04 20:52:17.458000', '2026-02-04 20:52:17.458000', '2026-02-04 20:52:17.472000', NULL, NULL, NULL, '刊物1', NULL, NULL, NULL, NULL, 0, NULL);
INSERT INTO `achievement_field_values` VALUES (71, 'vwamlgp574sphhp1nv5eam7k', '2026-02-04 20:52:17.508000', '2026-02-04 20:52:17.508000', NULL, NULL, NULL, NULL, '朱子齐', NULL, NULL, NULL, NULL, 0, NULL);
INSERT INTO `achievement_field_values` VALUES (72, 'vwamlgp574sphhp1nv5eam7k', '2026-02-04 20:52:17.508000', '2026-02-04 20:52:17.508000', '2026-02-04 20:52:17.517000', NULL, NULL, NULL, '朱子齐', NULL, NULL, NULL, NULL, 0, NULL);
INSERT INTO `achievement_field_values` VALUES (73, 'agvd5lateft9fzf7pu9gua2e', '2026-02-04 21:13:10.829000', '2026-02-04 21:13:10.829000', NULL, NULL, NULL, NULL, '测试研究领域', NULL, NULL, NULL, NULL, 0, NULL);
INSERT INTO `achievement_field_values` VALUES (74, 'agvd5lateft9fzf7pu9gua2e', '2026-02-04 21:13:10.829000', '2026-02-04 21:13:10.829000', '2026-02-04 21:13:10.849000', NULL, NULL, NULL, '测试研究领域', NULL, NULL, NULL, NULL, 0, NULL);

-- ----------------------------
-- Table structure for achievement_field_values_achievement_id_lnk
-- ----------------------------
DROP TABLE IF EXISTS `achievement_field_values_achievement_id_lnk`;
CREATE TABLE `achievement_field_values_achievement_id_lnk`  (
  `id` int UNSIGNED NOT NULL AUTO_INCREMENT,
  `achievement_field_value_id` int UNSIGNED NULL DEFAULT NULL,
  `achievement_main_id` int UNSIGNED NULL DEFAULT NULL,
  `achievement_field_value_ord` double UNSIGNED NULL DEFAULT NULL,
  PRIMARY KEY (`id`) USING BTREE,
  UNIQUE INDEX `achievement_field_values_achievement_id_lnk_uq`(`achievement_field_value_id` ASC, `achievement_main_id` ASC) USING BTREE,
  INDEX `achievement_field_values_achievement_id_lnk_fk`(`achievement_field_value_id` ASC) USING BTREE,
  INDEX `achievement_field_values_achievement_id_lnk_ifk`(`achievement_main_id` ASC) USING BTREE,
  INDEX `achievement_field_values_achievement_id_lnk_oifk`(`achievement_field_value_ord` ASC) USING BTREE,
  CONSTRAINT `achievement_field_values_achievement_id_lnk_fk` FOREIGN KEY (`achievement_field_value_id`) REFERENCES `achievement_field_values` (`id`) ON DELETE CASCADE ON UPDATE RESTRICT,
  CONSTRAINT `achievement_field_values_achievement_id_lnk_ifk` FOREIGN KEY (`achievement_main_id`) REFERENCES `achievement_mains` (`id`) ON DELETE CASCADE ON UPDATE RESTRICT
) ENGINE = InnoDB AUTO_INCREMENT = 167 CHARACTER SET = utf8mb3 COLLATE = utf8mb3_general_ci ROW_FORMAT = DYNAMIC;

-- ----------------------------
-- Records of achievement_field_values_achievement_id_lnk
-- ----------------------------
INSERT INTO `achievement_field_values_achievement_id_lnk` VALUES (1, 1, 1, 1);
INSERT INTO `achievement_field_values_achievement_id_lnk` VALUES (2, 2, 2, 1);
INSERT INTO `achievement_field_values_achievement_id_lnk` VALUES (3, 3, 5, 1);
INSERT INTO `achievement_field_values_achievement_id_lnk` VALUES (4, 4, 6, 1);
INSERT INTO `achievement_field_values_achievement_id_lnk` VALUES (5, 5, 5, 2);
INSERT INTO `achievement_field_values_achievement_id_lnk` VALUES (6, 6, 6, 2);
INSERT INTO `achievement_field_values_achievement_id_lnk` VALUES (7, 7, 5, 3);
INSERT INTO `achievement_field_values_achievement_id_lnk` VALUES (8, 8, 6, 3);
INSERT INTO `achievement_field_values_achievement_id_lnk` VALUES (9, 9, 5, 4);
INSERT INTO `achievement_field_values_achievement_id_lnk` VALUES (10, 10, 6, 4);
INSERT INTO `achievement_field_values_achievement_id_lnk` VALUES (11, 11, 7, 1);
INSERT INTO `achievement_field_values_achievement_id_lnk` VALUES (12, 12, 8, 1);
INSERT INTO `achievement_field_values_achievement_id_lnk` VALUES (13, 13, 7, 2);
INSERT INTO `achievement_field_values_achievement_id_lnk` VALUES (14, 14, 8, 2);
INSERT INTO `achievement_field_values_achievement_id_lnk` VALUES (15, 15, 7, 3);
INSERT INTO `achievement_field_values_achievement_id_lnk` VALUES (16, 16, 8, 3);
INSERT INTO `achievement_field_values_achievement_id_lnk` VALUES (17, 17, 7, 4);
INSERT INTO `achievement_field_values_achievement_id_lnk` VALUES (18, 18, 8, 4);
INSERT INTO `achievement_field_values_achievement_id_lnk` VALUES (19, 19, 7, 5);
INSERT INTO `achievement_field_values_achievement_id_lnk` VALUES (20, 20, 8, 5);
INSERT INTO `achievement_field_values_achievement_id_lnk` VALUES (21, 21, 7, 6);
INSERT INTO `achievement_field_values_achievement_id_lnk` VALUES (22, 22, 8, 6);
INSERT INTO `achievement_field_values_achievement_id_lnk` VALUES (30, 29, 37, 1);
INSERT INTO `achievement_field_values_achievement_id_lnk` VALUES (31, 30, 43, 1);
INSERT INTO `achievement_field_values_achievement_id_lnk` VALUES (32, 31, 44, 1);
INSERT INTO `achievement_field_values_achievement_id_lnk` VALUES (35, 33, 44, 2);
INSERT INTO `achievement_field_values_achievement_id_lnk` VALUES (39, 35, 44, 3);
INSERT INTO `achievement_field_values_achievement_id_lnk` VALUES (44, 37, 44, 4);
INSERT INTO `achievement_field_values_achievement_id_lnk` VALUES (50, 39, 44, 5);
INSERT INTO `achievement_field_values_achievement_id_lnk` VALUES (57, 41, 44, 6);
INSERT INTO `achievement_field_values_achievement_id_lnk` VALUES (65, 43, 44, 7);
INSERT INTO `achievement_field_values_achievement_id_lnk` VALUES (74, 45, 44, 8);
INSERT INTO `achievement_field_values_achievement_id_lnk` VALUES (84, 47, 44, 9);
INSERT INTO `achievement_field_values_achievement_id_lnk` VALUES (95, 49, 44, 10);
INSERT INTO `achievement_field_values_achievement_id_lnk` VALUES (107, 51, 44, 11);
INSERT INTO `achievement_field_values_achievement_id_lnk` VALUES (120, 53, 44, 12);
INSERT INTO `achievement_field_values_achievement_id_lnk` VALUES (134, 55, 44, 13);
INSERT INTO `achievement_field_values_achievement_id_lnk` VALUES (136, 32, 58, 1);
INSERT INTO `achievement_field_values_achievement_id_lnk` VALUES (137, 34, 58, 2);
INSERT INTO `achievement_field_values_achievement_id_lnk` VALUES (138, 36, 58, 3);
INSERT INTO `achievement_field_values_achievement_id_lnk` VALUES (139, 38, 58, 4);
INSERT INTO `achievement_field_values_achievement_id_lnk` VALUES (140, 40, 58, 5);
INSERT INTO `achievement_field_values_achievement_id_lnk` VALUES (141, 42, 58, 6);
INSERT INTO `achievement_field_values_achievement_id_lnk` VALUES (142, 44, 58, 7);
INSERT INTO `achievement_field_values_achievement_id_lnk` VALUES (143, 46, 58, 8);
INSERT INTO `achievement_field_values_achievement_id_lnk` VALUES (144, 48, 58, 9);
INSERT INTO `achievement_field_values_achievement_id_lnk` VALUES (145, 50, 58, 10);
INSERT INTO `achievement_field_values_achievement_id_lnk` VALUES (146, 52, 58, 11);
INSERT INTO `achievement_field_values_achievement_id_lnk` VALUES (147, 54, 58, 12);
INSERT INTO `achievement_field_values_achievement_id_lnk` VALUES (148, 56, 58, 13);
INSERT INTO `achievement_field_values_achievement_id_lnk` VALUES (149, 57, 44, 14);
INSERT INTO `achievement_field_values_achievement_id_lnk` VALUES (150, 58, 58, 14);
INSERT INTO `achievement_field_values_achievement_id_lnk` VALUES (151, 59, 44, 15);
INSERT INTO `achievement_field_values_achievement_id_lnk` VALUES (152, 60, 58, 15);
INSERT INTO `achievement_field_values_achievement_id_lnk` VALUES (153, 61, 59, 1);
INSERT INTO `achievement_field_values_achievement_id_lnk` VALUES (154, 62, 60, 1);
INSERT INTO `achievement_field_values_achievement_id_lnk` VALUES (155, 63, 59, 2);
INSERT INTO `achievement_field_values_achievement_id_lnk` VALUES (156, 64, 60, 2);
INSERT INTO `achievement_field_values_achievement_id_lnk` VALUES (157, 65, 59, 3);
INSERT INTO `achievement_field_values_achievement_id_lnk` VALUES (158, 66, 60, 3);
INSERT INTO `achievement_field_values_achievement_id_lnk` VALUES (159, 67, 61, 1);
INSERT INTO `achievement_field_values_achievement_id_lnk` VALUES (160, 68, 62, 1);
INSERT INTO `achievement_field_values_achievement_id_lnk` VALUES (161, 69, 61, 2);
INSERT INTO `achievement_field_values_achievement_id_lnk` VALUES (162, 70, 62, 2);
INSERT INTO `achievement_field_values_achievement_id_lnk` VALUES (163, 71, 61, 3);
INSERT INTO `achievement_field_values_achievement_id_lnk` VALUES (164, 72, 62, 3);
INSERT INTO `achievement_field_values_achievement_id_lnk` VALUES (165, 73, 63, 1);
INSERT INTO `achievement_field_values_achievement_id_lnk` VALUES (166, 74, 64, 1);

-- ----------------------------
-- Table structure for achievement_files
-- ----------------------------
DROP TABLE IF EXISTS `achievement_files`;
CREATE TABLE `achievement_files`  (
  `id` int UNSIGNED NOT NULL AUTO_INCREMENT,
  `document_id` varchar(255) CHARACTER SET utf8mb4 COLLATE utf8mb4_0900_ai_ci NULL DEFAULT NULL,
  `is_delete` int NULL DEFAULT NULL,
  `created_at` datetime(6) NULL DEFAULT NULL,
  `updated_at` datetime(6) NULL DEFAULT NULL,
  `published_at` datetime(6) NULL DEFAULT NULL,
  `created_by_id` int UNSIGNED NULL DEFAULT NULL,
  `updated_by_id` int UNSIGNED NULL DEFAULT NULL,
  `locale` varchar(255) CHARACTER SET utf8mb4 COLLATE utf8mb4_0900_ai_ci NULL DEFAULT NULL,
  PRIMARY KEY (`id`) USING BTREE,
  INDEX `achievement_files_documents_idx`(`document_id` ASC, `locale` ASC, `published_at` ASC) USING BTREE,
  INDEX `achievement_files_created_by_id_fk`(`created_by_id` ASC) USING BTREE,
  INDEX `achievement_files_updated_by_id_fk`(`updated_by_id` ASC) USING BTREE,
  CONSTRAINT `achievement_files_created_by_id_fk` FOREIGN KEY (`created_by_id`) REFERENCES `admin_users` (`id`) ON DELETE SET NULL ON UPDATE RESTRICT,
  CONSTRAINT `achievement_files_updated_by_id_fk` FOREIGN KEY (`updated_by_id`) REFERENCES `admin_users` (`id`) ON DELETE SET NULL ON UPDATE RESTRICT
) ENGINE = InnoDB AUTO_INCREMENT = 29 CHARACTER SET = utf8mb4 COLLATE = utf8mb4_0900_ai_ci ROW_FORMAT = DYNAMIC;

-- ----------------------------
-- Records of achievement_files
-- ----------------------------
INSERT INTO `achievement_files` VALUES (1, 'i4umk289y7d33r8v4759349r', 0, '2026-01-24 22:59:38.767000', '2026-01-24 22:59:38.767000', NULL, NULL, NULL, NULL);
INSERT INTO `achievement_files` VALUES (2, 'i4umk289y7d33r8v4759349r', 0, '2026-01-24 22:59:38.767000', '2026-01-24 22:59:38.767000', '2026-01-24 22:59:38.780000', NULL, NULL, NULL);
INSERT INTO `achievement_files` VALUES (3, 'bo34zpycogf59aig68poz15k', 0, '2026-01-30 11:38:30.942000', '2026-01-30 11:38:30.942000', NULL, NULL, NULL, NULL);
INSERT INTO `achievement_files` VALUES (4, 'bo34zpycogf59aig68poz15k', 0, '2026-01-30 11:38:30.942000', '2026-01-30 11:38:30.942000', '2026-01-30 11:38:30.947000', NULL, NULL, NULL);
INSERT INTO `achievement_files` VALUES (5, 'grxajxhxgx1gglu6n6nhksh2', 0, '2026-01-30 11:39:11.883000', '2026-01-30 11:39:11.883000', NULL, NULL, NULL, NULL);
INSERT INTO `achievement_files` VALUES (6, 'grxajxhxgx1gglu6n6nhksh2', 0, '2026-01-30 11:39:11.883000', '2026-01-30 11:39:11.883000', '2026-01-30 11:39:11.890000', NULL, NULL, NULL);
INSERT INTO `achievement_files` VALUES (7, 'wqirfcb7mshmyg4aflfqi5we', 0, '2026-01-30 12:53:46.439000', '2026-01-30 12:53:46.439000', NULL, NULL, NULL, NULL);
INSERT INTO `achievement_files` VALUES (8, 'wqirfcb7mshmyg4aflfqi5we', 0, '2026-01-30 12:53:46.439000', '2026-01-30 12:53:46.439000', '2026-01-30 12:53:46.444000', NULL, NULL, NULL);
INSERT INTO `achievement_files` VALUES (9, 'q0x5k23ro3wvqktrrnkxok57', 0, '2026-01-30 13:05:44.018000', '2026-01-30 13:05:44.018000', NULL, NULL, NULL, NULL);
INSERT INTO `achievement_files` VALUES (10, 'q0x5k23ro3wvqktrrnkxok57', 0, '2026-01-30 13:05:44.018000', '2026-01-30 13:05:44.018000', '2026-01-30 13:05:44.025000', NULL, NULL, NULL);
INSERT INTO `achievement_files` VALUES (11, 'a3ukpnzg56h9mzfc7vycteeq', 0, '2026-01-30 13:06:14.974000', '2026-01-30 13:06:14.974000', NULL, NULL, NULL, NULL);
INSERT INTO `achievement_files` VALUES (12, 'a3ukpnzg56h9mzfc7vycteeq', 0, '2026-01-30 13:06:14.974000', '2026-01-30 13:06:14.974000', '2026-01-30 13:06:14.979000', NULL, NULL, NULL);
INSERT INTO `achievement_files` VALUES (13, 'v9trtrb7j961f72zmy55mk92', 0, '2026-01-30 13:15:22.405000', '2026-01-30 13:15:22.405000', NULL, NULL, NULL, NULL);
INSERT INTO `achievement_files` VALUES (14, 'v9trtrb7j961f72zmy55mk92', 0, '2026-01-30 13:15:22.405000', '2026-01-30 13:15:22.405000', '2026-01-30 13:15:22.413000', NULL, NULL, NULL);
INSERT INTO `achievement_files` VALUES (15, 'gmzjw532a5m4aj4fw123q6vc', 0, '2026-02-04 13:42:10.050000', '2026-02-04 13:42:10.050000', NULL, NULL, NULL, NULL);
INSERT INTO `achievement_files` VALUES (16, 'gmzjw532a5m4aj4fw123q6vc', 0, '2026-02-04 13:42:10.050000', '2026-02-04 13:42:10.050000', '2026-02-04 13:42:10.063000', NULL, NULL, NULL);
INSERT INTO `achievement_files` VALUES (17, 'aipm65rkaqjy80e8y24qand7', 1, '2026-02-04 14:00:26.239000', '2026-02-04 15:39:53.694000', NULL, NULL, NULL, NULL);
INSERT INTO `achievement_files` VALUES (19, 'gfmep9zy38cdxyrphuqyqef8', 1, '2026-02-04 14:00:44.767000', '2026-02-04 15:39:53.728000', NULL, NULL, NULL, NULL);
INSERT INTO `achievement_files` VALUES (21, 'aipm65rkaqjy80e8y24qand7', 1, '2026-02-04 14:00:26.239000', '2026-02-04 15:39:53.694000', '2026-02-04 15:39:53.701000', NULL, NULL, NULL);
INSERT INTO `achievement_files` VALUES (22, 'gfmep9zy38cdxyrphuqyqef8', 1, '2026-02-04 14:00:44.767000', '2026-02-04 15:39:53.728000', '2026-02-04 15:39:53.736000', NULL, NULL, NULL);
INSERT INTO `achievement_files` VALUES (23, 'vnfbouzwq3h9z1062moiqp56', 0, '2026-02-04 15:39:53.761000', '2026-02-04 15:39:53.761000', NULL, NULL, NULL, NULL);
INSERT INTO `achievement_files` VALUES (24, 'vnfbouzwq3h9z1062moiqp56', 0, '2026-02-04 15:39:53.761000', '2026-02-04 15:39:53.761000', '2026-02-04 15:39:53.767000', NULL, NULL, NULL);
INSERT INTO `achievement_files` VALUES (25, 'q6tgl1dexmvabboyjktsnfxh', 0, '2026-02-04 20:35:32.318000', '2026-02-04 20:35:32.318000', NULL, NULL, NULL, NULL);
INSERT INTO `achievement_files` VALUES (26, 'q6tgl1dexmvabboyjktsnfxh', 0, '2026-02-04 20:35:32.318000', '2026-02-04 20:35:32.318000', '2026-02-04 20:35:32.330000', NULL, NULL, NULL);
INSERT INTO `achievement_files` VALUES (27, 'mgmemckvqrnjaqumyfm4o545', 0, '2026-02-04 20:52:17.554000', '2026-02-04 20:52:17.554000', NULL, NULL, NULL, NULL);
INSERT INTO `achievement_files` VALUES (28, 'mgmemckvqrnjaqumyfm4o545', 0, '2026-02-04 20:52:17.554000', '2026-02-04 20:52:17.554000', '2026-02-04 20:52:17.568000', NULL, NULL, NULL);

-- ----------------------------
-- Table structure for achievement_files_achievement_main_id_lnk
-- ----------------------------
DROP TABLE IF EXISTS `achievement_files_achievement_main_id_lnk`;
CREATE TABLE `achievement_files_achievement_main_id_lnk`  (
  `id` int UNSIGNED NOT NULL AUTO_INCREMENT,
  `achievement_file_id` int UNSIGNED NULL DEFAULT NULL,
  `achievement_main_id` int UNSIGNED NULL DEFAULT NULL,
  `achievement_file_ord` double UNSIGNED NULL DEFAULT NULL,
  PRIMARY KEY (`id`) USING BTREE,
  UNIQUE INDEX `achievement_files_achievement_main_id_lnk_uq`(`achievement_file_id` ASC, `achievement_main_id` ASC) USING BTREE,
  INDEX `achievement_files_achievement_main_id_lnk_fk`(`achievement_file_id` ASC) USING BTREE,
  INDEX `achievement_files_achievement_main_id_lnk_ifk`(`achievement_main_id` ASC) USING BTREE,
  INDEX `achievement_files_achievement_main_id_lnk_oifk`(`achievement_file_ord` ASC) USING BTREE,
  CONSTRAINT `achievement_files_achievement_main_id_lnk_fk` FOREIGN KEY (`achievement_file_id`) REFERENCES `achievement_files` (`id`) ON DELETE CASCADE ON UPDATE RESTRICT,
  CONSTRAINT `achievement_files_achievement_main_id_lnk_ifk` FOREIGN KEY (`achievement_main_id`) REFERENCES `achievement_mains` (`id`) ON DELETE CASCADE ON UPDATE RESTRICT
) ENGINE = InnoDB AUTO_INCREMENT = 55 CHARACTER SET = utf8mb4 COLLATE = utf8mb4_0900_ai_ci ROW_FORMAT = DYNAMIC;

-- ----------------------------
-- Records of achievement_files_achievement_main_id_lnk
-- ----------------------------
INSERT INTO `achievement_files_achievement_main_id_lnk` VALUES (1, 1, 7, 1);
INSERT INTO `achievement_files_achievement_main_id_lnk` VALUES (2, 2, 8, 1);
INSERT INTO `achievement_files_achievement_main_id_lnk` VALUES (3, 3, 29, 1);
INSERT INTO `achievement_files_achievement_main_id_lnk` VALUES (4, 4, 30, 1);
INSERT INTO `achievement_files_achievement_main_id_lnk` VALUES (5, 5, 31, 1);
INSERT INTO `achievement_files_achievement_main_id_lnk` VALUES (6, 6, 32, 1);
INSERT INTO `achievement_files_achievement_main_id_lnk` VALUES (7, 7, 33, 1);
INSERT INTO `achievement_files_achievement_main_id_lnk` VALUES (8, 8, 34, 1);
INSERT INTO `achievement_files_achievement_main_id_lnk` VALUES (9, 9, 35, 1);
INSERT INTO `achievement_files_achievement_main_id_lnk` VALUES (10, 10, 36, 1);
INSERT INTO `achievement_files_achievement_main_id_lnk` VALUES (11, 11, 37, 1);
INSERT INTO `achievement_files_achievement_main_id_lnk` VALUES (13, 13, 39, 1);
INSERT INTO `achievement_files_achievement_main_id_lnk` VALUES (14, 14, 40, 1);
INSERT INTO `achievement_files_achievement_main_id_lnk` VALUES (15, 12, 43, 1);
INSERT INTO `achievement_files_achievement_main_id_lnk` VALUES (16, 15, 37, 2);
INSERT INTO `achievement_files_achievement_main_id_lnk` VALUES (17, 16, 43, 2);
INSERT INTO `achievement_files_achievement_main_id_lnk` VALUES (18, 17, 44, 1);
INSERT INTO `achievement_files_achievement_main_id_lnk` VALUES (21, 19, 44, 2);
INSERT INTO `achievement_files_achievement_main_id_lnk` VALUES (47, 21, 58, 1);
INSERT INTO `achievement_files_achievement_main_id_lnk` VALUES (48, 22, 58, 2);
INSERT INTO `achievement_files_achievement_main_id_lnk` VALUES (49, 23, 44, 3);
INSERT INTO `achievement_files_achievement_main_id_lnk` VALUES (50, 24, 58, 3);
INSERT INTO `achievement_files_achievement_main_id_lnk` VALUES (51, 25, 59, 1);
INSERT INTO `achievement_files_achievement_main_id_lnk` VALUES (52, 26, 60, 1);
INSERT INTO `achievement_files_achievement_main_id_lnk` VALUES (53, 27, 61, 1);
INSERT INTO `achievement_files_achievement_main_id_lnk` VALUES (54, 28, 62, 1);

-- ----------------------------
-- Table structure for achievement_mains
-- ----------------------------
DROP TABLE IF EXISTS `achievement_mains`;
CREATE TABLE `achievement_mains`  (
  `id` int UNSIGNED NOT NULL AUTO_INCREMENT,
  `document_id` varchar(255) CHARACTER SET utf8mb3 COLLATE utf8mb3_general_ci NULL DEFAULT NULL,
  `created_at` datetime(6) NULL DEFAULT NULL,
  `updated_at` datetime(6) NULL DEFAULT NULL,
  `published_at` datetime(6) NULL DEFAULT NULL,
  `created_by_id` int UNSIGNED NULL DEFAULT NULL,
  `updated_by_id` int UNSIGNED NULL DEFAULT NULL,
  `locale` varchar(255) CHARACTER SET utf8mb3 COLLATE utf8mb3_general_ci NULL DEFAULT NULL,
  `title` varchar(255) CHARACTER SET utf8mb3 COLLATE utf8mb3_general_ci NULL DEFAULT NULL,
  `achievement_status` varchar(255) CHARACTER SET utf8mb3 COLLATE utf8mb3_general_ci NULL DEFAULT NULL,
  `summary` longtext CHARACTER SET utf8mb3 COLLATE utf8mb3_general_ci NULL,
  `is_delete` int NULL DEFAULT NULL,
  `creator_id` int UNSIGNED NULL DEFAULT NULL COMMENT '创建者用户ID（业务用户）',
  `creator_name` varchar(255) CHARACTER SET utf8mb4 COLLATE utf8mb4_unicode_ci NULL DEFAULT NULL COMMENT '创建者姓名',
  `creator_dept` varchar(255) CHARACTER SET utf8mb4 COLLATE utf8mb4_unicode_ci NULL DEFAULT NULL COMMENT '创建者部门',
  `reviewer_id` int UNSIGNED NULL DEFAULT NULL COMMENT '当前审核人ID',
  `reviewer_name` varchar(255) CHARACTER SET utf8mb4 COLLATE utf8mb4_unicode_ci NULL DEFAULT NULL COMMENT '当前审核人姓名',
  `review_comment` text CHARACTER SET utf8mb4 COLLATE utf8mb4_unicode_ci NULL COMMENT '最新审核意见',
  `reviewed_at` datetime(6) NULL DEFAULT NULL COMMENT '最新审核时间',
  `visibility_range` varchar(255) CHARACTER SET utf8mb3 COLLATE utf8mb3_general_ci NULL DEFAULT NULL,
  `year` varchar(255) CHARACTER SET utf8mb3 COLLATE utf8mb3_general_ci NULL DEFAULT NULL,
  `authors` json NULL,
  `keywords` json NULL,
  `project_code` varchar(255) CHARACTER SET utf8mb3 COLLATE utf8mb3_general_ci NULL DEFAULT NULL,
  `project_name` varchar(255) CHARACTER SET utf8mb3 COLLATE utf8mb3_general_ci NULL DEFAULT NULL,
  `created_by_user_id` varchar(255) CHARACTER SET utf8mb3 COLLATE utf8mb3_general_ci NULL DEFAULT NULL,
  PRIMARY KEY (`id`) USING BTREE,
  INDEX `achievement_mains_documents_idx`(`document_id` ASC, `locale` ASC, `published_at` ASC) USING BTREE,
  INDEX `achievement_mains_created_by_id_fk`(`created_by_id` ASC) USING BTREE,
  INDEX `achievement_mains_updated_by_id_fk`(`updated_by_id` ASC) USING BTREE,
  INDEX `idx_creator_id`(`creator_id` ASC) USING BTREE,
  INDEX `idx_reviewer_id`(`reviewer_id` ASC) USING BTREE,
  INDEX `idx_achievement_status`(`achievement_status` ASC) USING BTREE,
  INDEX `idx_created_at`(`created_at` ASC) USING BTREE,
  INDEX `idx_reviewed_at`(`reviewed_at` ASC) USING BTREE,
  CONSTRAINT `achievement_mains_created_by_id_fk` FOREIGN KEY (`created_by_id`) REFERENCES `admin_users` (`id`) ON DELETE SET NULL ON UPDATE RESTRICT,
  CONSTRAINT `achievement_mains_updated_by_id_fk` FOREIGN KEY (`updated_by_id`) REFERENCES `admin_users` (`id`) ON DELETE SET NULL ON UPDATE RESTRICT
) ENGINE = InnoDB AUTO_INCREMENT = 65 CHARACTER SET = utf8mb3 COLLATE = utf8mb3_general_ci ROW_FORMAT = DYNAMIC;

-- ----------------------------
-- Records of achievement_mains
-- ----------------------------
INSERT INTO `achievement_mains` VALUES (1, 'kashrvfxl0ohti6xt3cp96ug', '2025-12-04 10:34:08.634000', '2026-01-28 19:34:54.449159', NULL, 1, 1, NULL, '深度学习研究论文', 'APPROVED', '......................', 0, NULL, NULL, NULL, 14, '周专家', '审核通过', '2026-01-28 19:34:54.449159', 'public', '2025', NULL, NULL, NULL, NULL, '1');
INSERT INTO `achievement_mains` VALUES (2, 'kashrvfxl0ohti6xt3cp96ug', '2025-12-04 10:34:08.634000', '2026-01-28 19:34:54.449159', '2025-12-04 10:34:08.657000', 1, 1, NULL, '深度学习研究论文', 'APPROVED', '......................', 0, NULL, NULL, NULL, 14, '周专家', '审核通过', '2026-01-28 19:34:54.449159', 'public', '2025', NULL, NULL, NULL, NULL, '1');
INSERT INTO `achievement_mains` VALUES (3, 'opxiij4215mf75921u2dm51f', '2026-01-23 13:44:48.861000', '2026-01-24 23:02:04.145114', NULL, 1, NULL, NULL, '你好', 'APPROVED', '', 0, NULL, NULL, NULL, 2, '李四', '测试审核意见1', '2026-01-24 23:02:04.145114', 'private', '2026', '[\"赵六\"]', '[]', '', '', NULL);
INSERT INTO `achievement_mains` VALUES (4, 'opxiij4215mf75921u2dm51f', '2026-01-23 13:44:48.861000', '2026-01-24 23:02:04.145114', '2026-01-23 13:44:48.887000', 1, NULL, NULL, '你好', 'APPROVED', '', 0, NULL, NULL, NULL, 2, '李四', '测试审核意见1', '2026-01-24 23:02:04.145114', 'private', '2026', '[\"赵六\"]', '[]', '', '', NULL);
INSERT INTO `achievement_mains` VALUES (5, 'o22djouldwpsvipvexg7ftxx', '2026-01-24 22:44:54.330000', '2026-01-24 23:02:26.557990', NULL, 1, NULL, NULL, '测试论文1', 'REJECTED', '测试1', 0, NULL, NULL, NULL, 2, '李四', '测试审核意见2', '2026-01-24 23:02:26.557990', 'public', '2020', '[\"张三\"]', '[\"1\"]', '', '', '1');
INSERT INTO `achievement_mains` VALUES (6, 'o22djouldwpsvipvexg7ftxx', '2026-01-24 22:44:54.330000', '2026-01-24 23:02:26.557990', '2026-01-24 22:44:54.349000', 1, NULL, NULL, '测试论文1', 'REJECTED', '测试1', 0, NULL, NULL, NULL, 2, '李四', '测试审核意见2', '2026-01-24 23:02:26.557990', 'public', '2020', '[\"张三\"]', '[\"1\"]', '', '', '1');
INSERT INTO `achievement_mains` VALUES (7, 'v6auvuouaqa44eqlt75w0vl3', '2026-01-24 22:59:38.290000', '2026-01-24 23:02:34.467706', NULL, 1, NULL, NULL, '测试专利2', 'APPROVED', '测试专利摘要2', 0, NULL, NULL, NULL, 2, '李四', '测试审核意见3', '2026-01-24 23:02:34.467706', 'public', '2020', '[\"张三\"]', '[\"测试2\"]', '', '', '1');
INSERT INTO `achievement_mains` VALUES (8, 'v6auvuouaqa44eqlt75w0vl3', '2026-01-24 22:59:38.290000', '2026-01-24 23:02:34.467706', '2026-01-24 22:59:38.317000', 1, NULL, NULL, '测试专利2', 'APPROVED', '测试专利摘要2', 0, NULL, NULL, NULL, 2, '李四', '测试审核意见3', '2026-01-24 23:02:34.467706', 'public', '2020', '[\"张三\"]', '[\"测试2\"]', '', '', '1');
INSERT INTO `achievement_mains` VALUES (9, 'j3dzvdhhpwt679rv7bjqsoay', '2026-01-24 23:29:26.455000', '2026-01-24 23:29:26.455000', NULL, 1, NULL, NULL, '测试软著1', 'PENDING', '1', 0, NULL, NULL, NULL, NULL, NULL, NULL, NULL, 'public', '2026', '[\"张三\"]', '[]', '', '', '1');
INSERT INTO `achievement_mains` VALUES (10, 'j3dzvdhhpwt679rv7bjqsoay', '2026-01-24 23:29:26.455000', '2026-01-24 23:29:26.455000', '2026-01-24 23:29:26.485000', 1, NULL, NULL, '测试软著1', 'PENDING', '1', 0, NULL, NULL, NULL, NULL, NULL, NULL, NULL, 'public', '2026', '[\"张三\"]', '[]', '', '', '1');
INSERT INTO `achievement_mains` VALUES (11, 'mtdv93itlhbc6nxpv34u16zk', '2026-01-24 23:32:14.809000', '2026-01-24 23:32:14.809000', NULL, 1, NULL, NULL, '测试软著2', 'PENDING', '1', 0, NULL, NULL, NULL, NULL, NULL, NULL, NULL, 'public', '2026', '[\"张三\"]', '[]', '', '', '1');
INSERT INTO `achievement_mains` VALUES (12, 'mtdv93itlhbc6nxpv34u16zk', '2026-01-24 23:32:14.809000', '2026-01-24 23:32:14.809000', '2026-01-24 23:32:14.819000', 1, NULL, NULL, '测试软著2', 'PENDING', '1', 0, NULL, NULL, NULL, NULL, NULL, NULL, NULL, 'public', '2026', '[\"张三\"]', '[]', '', '', '1');
INSERT INTO `achievement_mains` VALUES (20, 'ahxl48skmrfviwtjn28t4ioe', '2026-01-25 00:16:45.873000', '2026-01-28 19:33:09.944706', NULL, NULL, NULL, NULL, '1', 'APPROVED', '', 0, NULL, NULL, NULL, 14, '周专家', '审核通过', '2026-01-28 19:33:09.944706', 'public', '2026', '[\"张三\"]', '[]', '', '', '1');
INSERT INTO `achievement_mains` VALUES (21, 'ahxl48skmrfviwtjn28t4ioe', '2026-01-25 00:16:45.873000', '2026-01-28 19:33:09.944706', '2026-01-25 00:16:45.886000', NULL, NULL, NULL, '1', 'APPROVED', '', 0, NULL, NULL, NULL, 14, '周专家', '审核通过', '2026-01-28 19:33:09.944706', 'public', '2026', '[\"张三\"]', '[]', '', '', '1');
INSERT INTO `achievement_mains` VALUES (22, 'etods7u8oe8q7cdk8tsuqqxx', '2026-01-25 00:28:05.746000', '2026-01-26 15:51:37.059526', NULL, NULL, NULL, NULL, '2', 'APPROVED', '', 0, NULL, NULL, NULL, 2, '李四', '测试正确', '2026-01-26 15:51:37.059285', 'public', '2026', '[\"张三\"]', '[]', '', '', '1');
INSERT INTO `achievement_mains` VALUES (23, 'etods7u8oe8q7cdk8tsuqqxx', '2026-01-25 00:28:05.746000', '2026-01-26 15:51:37.059526', '2026-01-25 00:28:05.777000', NULL, NULL, NULL, '2', 'APPROVED', '', 0, NULL, NULL, NULL, 2, '李四', '测试正确', '2026-01-26 15:51:37.059285', 'public', '2026', '[\"张三\"]', '[]', '', '', '1');
INSERT INTO `achievement_mains` VALUES (24, 'oqp9y26v60c8bjsar4vy5xud', '2026-01-28 15:11:53.795000', '2026-01-28 19:33:40.835458', NULL, NULL, NULL, NULL, '测试专利1.28', 'APPROVED', '', 0, NULL, NULL, NULL, 2, '李四', '审核通过', '2026-01-28 19:33:40.835458', 'public', '2026', '[\"张三\"]', '[\"1.28\"]', '', '', '1');
INSERT INTO `achievement_mains` VALUES (25, 'oqp9y26v60c8bjsar4vy5xud', '2026-01-28 15:11:53.795000', '2026-01-28 19:33:40.835458', '2026-01-28 15:11:53.835000', NULL, NULL, NULL, '测试专利1.28', 'APPROVED', '', 0, NULL, NULL, NULL, 2, '李四', '审核通过', '2026-01-28 19:33:40.835458', 'public', '2026', '[\"张三\"]', '[\"1.28\"]', '', '', '1');
INSERT INTO `achievement_mains` VALUES (26, 'l9ve08lojwwo03wp1zbtfk31', '2026-01-28 18:01:57.790000', '2026-01-28 19:39:27.338483', NULL, NULL, NULL, NULL, '李研究院测试成果物1', 'APPROVED', '测试摘要', 0, NULL, NULL, NULL, 14, '周专家', '通过', '2026-01-28 19:39:27.338483', 'public', '2026', '[\"李研究员\"]', '[\"测试关键词1\"]', '', '', '7');
INSERT INTO `achievement_mains` VALUES (28, 'l9ve08lojwwo03wp1zbtfk31', '2026-01-28 18:01:57.790000', '2026-01-28 19:39:27.338483', '2026-01-28 19:38:00.243000', NULL, NULL, NULL, '李研究院测试成果物1', 'APPROVED', '测试摘要', 0, NULL, NULL, NULL, 14, '周专家', '通过', '2026-01-28 19:39:27.338483', 'public', '2026', '[\"李研究员\"]', '[\"测试关键词1\"]', '', '', '7');
INSERT INTO `achievement_mains` VALUES (29, 's41vtgewvc88yyj5udf6vgyv', '2026-01-30 11:38:30.881000', '2026-01-30 11:38:30.881000', NULL, NULL, NULL, NULL, 'wujunhao', 'PENDING', '', 0, NULL, NULL, NULL, NULL, NULL, NULL, NULL, 'private', '2026', '[\"赵六\"]', '[]', '', '', '4');
INSERT INTO `achievement_mains` VALUES (30, 's41vtgewvc88yyj5udf6vgyv', '2026-01-30 11:38:30.881000', '2026-01-30 11:38:30.881000', '2026-01-30 11:38:30.905000', NULL, NULL, NULL, 'wujunhao', 'PENDING', '', 0, NULL, NULL, NULL, NULL, NULL, NULL, NULL, 'private', '2026', '[\"赵六\"]', '[]', '', '', '4');
INSERT INTO `achievement_mains` VALUES (31, 'itfxu865jjrg81u94lh5cm12', '2026-01-30 11:39:11.849000', '2026-01-30 11:39:11.849000', NULL, NULL, NULL, NULL, '吴俊豪的列表', 'PENDING', '', 0, NULL, NULL, NULL, NULL, NULL, NULL, NULL, 'private', '2026', '[\"赵六\"]', '[]', 'TEST-2024-001', '后端直连测试项目-A (来自Java)', '4');
INSERT INTO `achievement_mains` VALUES (32, 'itfxu865jjrg81u94lh5cm12', '2026-01-30 11:39:11.849000', '2026-01-30 11:39:11.849000', '2026-01-30 11:39:11.857000', NULL, NULL, NULL, '吴俊豪的列表', 'PENDING', '', 0, NULL, NULL, NULL, NULL, NULL, NULL, NULL, 'private', '2026', '[\"赵六\"]', '[]', 'TEST-2024-001', '后端直连测试项目-A (来自Java)', '4');
INSERT INTO `achievement_mains` VALUES (33, 'qc5q7c13zlbz9ounocqnn2s4', '2026-01-30 12:53:46.398000', '2026-01-30 12:53:46.398000', NULL, NULL, NULL, NULL, '下载测试', 'PENDING', '', 0, NULL, NULL, NULL, NULL, NULL, NULL, NULL, 'private', '2026', '[\"赵六\"]', '[]', 'TEST-2024-001', '后端直连测试项目-A (来自Java)', '4');
INSERT INTO `achievement_mains` VALUES (34, 'qc5q7c13zlbz9ounocqnn2s4', '2026-01-30 12:53:46.398000', '2026-01-30 12:53:46.398000', '2026-01-30 12:53:46.410000', NULL, NULL, NULL, '下载测试', 'PENDING', '', 0, NULL, NULL, NULL, NULL, NULL, NULL, NULL, 'private', '2026', '[\"赵六\"]', '[]', 'TEST-2024-001', '后端直连测试项目-A (来自Java)', '4');
INSERT INTO `achievement_mains` VALUES (35, 'kw1gd3vemtbf32luw7c09imw', '2026-01-30 13:05:43.937000', '2026-01-30 13:05:43.937000', NULL, NULL, NULL, NULL, '论文测试', 'PENDING', '', 0, NULL, NULL, NULL, NULL, NULL, NULL, NULL, 'private', '2026', '[\"赵六\"]', '[]', '', '', '4');
INSERT INTO `achievement_mains` VALUES (36, 'kw1gd3vemtbf32luw7c09imw', '2026-01-30 13:05:43.937000', '2026-01-30 13:05:43.937000', '2026-01-30 13:05:43.966000', NULL, NULL, NULL, '论文测试', 'PENDING', '', 0, NULL, NULL, NULL, NULL, NULL, NULL, NULL, 'private', '2026', '[\"赵六\"]', '[]', '', '', '4');
INSERT INTO `achievement_mains` VALUES (37, 'ci8obj435xic1s7wvsam8jw4', '2026-01-30 13:06:14.932000', '2026-02-04 13:42:09.844000', NULL, NULL, NULL, NULL, '下载附件', 'PENDING', '', 0, NULL, NULL, NULL, NULL, NULL, NULL, NULL, 'private', '2026', '[\"赵六\"]', '[]', '', '', '4');
INSERT INTO `achievement_mains` VALUES (39, 'hqrz3n736ocm9fm60xcy9uv8', '2026-01-30 13:15:22.379000', '2026-01-30 13:15:22.379000', NULL, NULL, NULL, NULL, 'check', 'PENDING', '', 0, NULL, NULL, NULL, NULL, NULL, NULL, NULL, 'private', '2026', '[\"赵六\"]', '[]', '', '', '4');
INSERT INTO `achievement_mains` VALUES (40, 'hqrz3n736ocm9fm60xcy9uv8', '2026-01-30 13:15:22.379000', '2026-01-30 13:15:22.379000', '2026-01-30 13:15:22.386000', NULL, NULL, NULL, 'check', 'PENDING', '', 0, NULL, NULL, NULL, NULL, NULL, NULL, NULL, 'private', '2026', '[\"赵六\"]', '[]', '', '', '4');
INSERT INTO `achievement_mains` VALUES (41, 'olfgait4x6m263inf9twwg7u', '2026-02-03 16:08:50.677000', '2026-02-03 17:29:24.552812', NULL, NULL, NULL, NULL, '单点登录测试', 'APPROVED', '', 0, NULL, NULL, NULL, 6, '专家 1', '审核通过', '2026-02-03 17:29:24.552812', 'public', '2026', '[\"test user1\"]', '[]', '', '', '7');
INSERT INTO `achievement_mains` VALUES (42, 'olfgait4x6m263inf9twwg7u', '2026-02-03 16:08:50.677000', '2026-02-03 17:29:24.552812', '2026-02-03 16:08:50.723000', NULL, NULL, NULL, '单点登录测试', 'APPROVED', '', 0, NULL, NULL, NULL, 6, '专家 1', '审核通过', '2026-02-03 17:29:24.552812', 'public', '2026', '[\"test user1\"]', '[]', '', '', '7');
INSERT INTO `achievement_mains` VALUES (43, 'ci8obj435xic1s7wvsam8jw4', '2026-01-30 13:06:14.932000', '2026-02-04 13:42:09.844000', '2026-02-04 13:42:09.908000', NULL, NULL, NULL, '下载附件', 'PENDING', '', 0, NULL, NULL, NULL, NULL, NULL, NULL, NULL, 'private', '2026', '[\"赵六\"]', '[]', '', '', '4');
INSERT INTO `achievement_mains` VALUES (44, 'x703ko6n2ddh9cradb4pnjz8', '2026-02-04 14:00:26.101000', '2026-02-04 15:50:58.447980', NULL, NULL, NULL, NULL, '测试专利附件', 'UNDER_REVIEW', '测试专利附件', 0, NULL, NULL, NULL, 6, '专家 1', NULL, NULL, 'public', '2026', '[\"test user1\"]', '[]', '', '', '7');
INSERT INTO `achievement_mains` VALUES (58, 'x703ko6n2ddh9cradb4pnjz8', '2026-02-04 14:00:26.101000', '2026-02-04 15:50:58.447980', '2026-02-04 15:39:53.484000', NULL, NULL, NULL, '测试专利附件', 'UNDER_REVIEW', '测试专利附件', 0, NULL, NULL, NULL, 6, '专家 1', NULL, NULL, 'public', '2026', '[\"test user1\"]', '[]', '', '', '7');
INSERT INTO `achievement_mains` VALUES (59, 'tfb9w1n6jvlltmc32wllimgb', '2026-02-04 20:35:32.024000', '2026-02-04 20:36:02.650083', NULL, NULL, NULL, NULL, '测试论文2.4', 'UNDER_REVIEW', '测试摘要', 0, NULL, NULL, NULL, 6, '专家 1', NULL, NULL, 'public', '2026', '[\"test user1\", \"朱子齐\", \"吴俊豪\"]', '[\"测试关键词\"]', '', '', '7');
INSERT INTO `achievement_mains` VALUES (60, 'tfb9w1n6jvlltmc32wllimgb', '2026-02-04 20:35:32.024000', '2026-02-04 20:36:02.650083', '2026-02-04 20:35:32.063000', NULL, NULL, NULL, '测试论文2.4', 'UNDER_REVIEW', '测试摘要', 0, NULL, NULL, NULL, 6, '专家 1', NULL, NULL, 'public', '2026', '[\"test user1\", \"朱子齐\", \"吴俊豪\"]', '[\"测试关键词\"]', '', '', '7');
INSERT INTO `achievement_mains` VALUES (61, 'p2ddfjd8sjcs5s3gpchrljmw', '2026-02-04 20:52:17.244000', '2026-02-04 21:02:12.036538', NULL, NULL, NULL, NULL, '测试论文标题', 'APPROVED', '测试论文摘要', 0, NULL, NULL, NULL, 6, '专家 1', '审核通过', '2026-02-04 21:02:12.036538', 'public', '2026', '[\"test user1\", \"朱子齐\"]', '[\"测试关键词\", \"测试关键词2\"]', '', '', '7');
INSERT INTO `achievement_mains` VALUES (62, 'p2ddfjd8sjcs5s3gpchrljmw', '2026-02-04 20:52:17.244000', '2026-02-04 21:02:12.036538', '2026-02-04 20:52:17.289000', NULL, NULL, NULL, '测试论文标题', 'APPROVED', '测试论文摘要', 0, NULL, NULL, NULL, 6, '专家 1', '审核通过', '2026-02-04 21:02:12.036538', 'public', '2026', '[\"test user1\", \"朱子齐\"]', '[\"测试关键词\", \"测试关键词2\"]', '', '', '7');
INSERT INTO `achievement_mains` VALUES (63, 'xs8amsg1qrrb4jum3rsrwhvi', '2026-02-04 21:13:10.740000', '2026-02-04 21:13:10.740000', NULL, NULL, NULL, NULL, '测试论文2', 'PENDING', '测试论文摘要。。。。。。。。。。。。。。。。。。。。。。。。。。。。。。。。。。。。。。。。。。。。。。。。。', 0, NULL, NULL, NULL, NULL, NULL, NULL, NULL, 'public', '2026', '[\"test user1\", \"朱子齐\"]', '[]', '', '', '7');
INSERT INTO `achievement_mains` VALUES (64, 'xs8amsg1qrrb4jum3rsrwhvi', '2026-02-04 21:13:10.740000', '2026-02-04 21:13:10.740000', '2026-02-04 21:13:10.760000', NULL, NULL, NULL, '测试论文2', 'PENDING', '测试论文摘要。。。。。。。。。。。。。。。。。。。。。。。。。。。。。。。。。。。。。。。。。。。。。。。。。', 0, NULL, NULL, NULL, NULL, NULL, NULL, NULL, 'public', '2026', '[\"test user1\", \"朱子齐\"]', '[]', '', '', '7');

-- ----------------------------
-- Table structure for achievement_mains_achievement_type_id_lnk
-- ----------------------------
DROP TABLE IF EXISTS `achievement_mains_achievement_type_id_lnk`;
CREATE TABLE `achievement_mains_achievement_type_id_lnk`  (
  `id` int UNSIGNED NOT NULL AUTO_INCREMENT,
  `achievement_main_id` int UNSIGNED NULL DEFAULT NULL,
  `achievement_type_id` int UNSIGNED NULL DEFAULT NULL,
  `achievement_main_ord` double UNSIGNED NULL DEFAULT NULL,
  PRIMARY KEY (`id`) USING BTREE,
  UNIQUE INDEX `achievement_mains_achievement_type_id_lnk_uq`(`achievement_main_id` ASC, `achievement_type_id` ASC) USING BTREE,
  INDEX `achievement_mains_achievement_type_id_lnk_fk`(`achievement_main_id` ASC) USING BTREE,
  INDEX `achievement_mains_achievement_type_id_lnk_ifk`(`achievement_type_id` ASC) USING BTREE,
  INDEX `achievement_mains_achievement_type_id_lnk_oifk`(`achievement_main_ord` ASC) USING BTREE,
  CONSTRAINT `achievement_mains_achievement_type_id_lnk_fk` FOREIGN KEY (`achievement_main_id`) REFERENCES `achievement_mains` (`id`) ON DELETE CASCADE ON UPDATE RESTRICT,
  CONSTRAINT `achievement_mains_achievement_type_id_lnk_ifk` FOREIGN KEY (`achievement_type_id`) REFERENCES `achievement_types` (`id`) ON DELETE CASCADE ON UPDATE RESTRICT
) ENGINE = InnoDB AUTO_INCREMENT = 89 CHARACTER SET = utf8mb3 COLLATE = utf8mb3_general_ci ROW_FORMAT = DYNAMIC;

-- ----------------------------
-- Records of achievement_mains_achievement_type_id_lnk
-- ----------------------------
INSERT INTO `achievement_mains_achievement_type_id_lnk` VALUES (1, 1, 1, 1);
INSERT INTO `achievement_mains_achievement_type_id_lnk` VALUES (4, 2, 6, 1);
INSERT INTO `achievement_mains_achievement_type_id_lnk` VALUES (5, 3, 4, 1);
INSERT INTO `achievement_mains_achievement_type_id_lnk` VALUES (6, 4, 5, 1);
INSERT INTO `achievement_mains_achievement_type_id_lnk` VALUES (7, 5, 1, 2);
INSERT INTO `achievement_mains_achievement_type_id_lnk` VALUES (8, 6, 6, 2);
INSERT INTO `achievement_mains_achievement_type_id_lnk` VALUES (9, 7, 4, 2);
INSERT INTO `achievement_mains_achievement_type_id_lnk` VALUES (10, 8, 5, 2);
INSERT INTO `achievement_mains_achievement_type_id_lnk` VALUES (11, 9, 7, 1);
INSERT INTO `achievement_mains_achievement_type_id_lnk` VALUES (12, 10, 8, 1);
INSERT INTO `achievement_mains_achievement_type_id_lnk` VALUES (13, 11, 7, 2);
INSERT INTO `achievement_mains_achievement_type_id_lnk` VALUES (14, 12, 8, 2);
INSERT INTO `achievement_mains_achievement_type_id_lnk` VALUES (23, 20, 9, 1);
INSERT INTO `achievement_mains_achievement_type_id_lnk` VALUES (24, 21, 10, 1);
INSERT INTO `achievement_mains_achievement_type_id_lnk` VALUES (25, 22, 9, 2);
INSERT INTO `achievement_mains_achievement_type_id_lnk` VALUES (26, 23, 10, 2);
INSERT INTO `achievement_mains_achievement_type_id_lnk` VALUES (27, 24, 4, 3);
INSERT INTO `achievement_mains_achievement_type_id_lnk` VALUES (28, 25, 5, 3);
INSERT INTO `achievement_mains_achievement_type_id_lnk` VALUES (29, 26, 4, 4);
INSERT INTO `achievement_mains_achievement_type_id_lnk` VALUES (32, 28, 5, 4);
INSERT INTO `achievement_mains_achievement_type_id_lnk` VALUES (33, 29, 1, 3);
INSERT INTO `achievement_mains_achievement_type_id_lnk` VALUES (34, 30, 6, 3);
INSERT INTO `achievement_mains_achievement_type_id_lnk` VALUES (35, 31, 4, 5);
INSERT INTO `achievement_mains_achievement_type_id_lnk` VALUES (36, 32, 5, 5);
INSERT INTO `achievement_mains_achievement_type_id_lnk` VALUES (37, 33, 1, 4);
INSERT INTO `achievement_mains_achievement_type_id_lnk` VALUES (38, 34, 6, 4);
INSERT INTO `achievement_mains_achievement_type_id_lnk` VALUES (39, 35, 1, 5);
INSERT INTO `achievement_mains_achievement_type_id_lnk` VALUES (40, 36, 6, 5);
INSERT INTO `achievement_mains_achievement_type_id_lnk` VALUES (41, 37, 4, 6);
INSERT INTO `achievement_mains_achievement_type_id_lnk` VALUES (43, 39, 4, 7);
INSERT INTO `achievement_mains_achievement_type_id_lnk` VALUES (44, 40, 5, 7);
INSERT INTO `achievement_mains_achievement_type_id_lnk` VALUES (45, 41, 7, 3);
INSERT INTO `achievement_mains_achievement_type_id_lnk` VALUES (46, 42, 8, 3);
INSERT INTO `achievement_mains_achievement_type_id_lnk` VALUES (48, 43, 5, 6);
INSERT INTO `achievement_mains_achievement_type_id_lnk` VALUES (49, 44, 4, 8);
INSERT INTO `achievement_mains_achievement_type_id_lnk` VALUES (76, 58, 5, 8);
INSERT INTO `achievement_mains_achievement_type_id_lnk` VALUES (77, 59, 1, 6);
INSERT INTO `achievement_mains_achievement_type_id_lnk` VALUES (78, 60, 6, 6);
INSERT INTO `achievement_mains_achievement_type_id_lnk` VALUES (79, 61, 1, 7);
INSERT INTO `achievement_mains_achievement_type_id_lnk` VALUES (80, 62, 6, 7);
INSERT INTO `achievement_mains_achievement_type_id_lnk` VALUES (81, 63, 11, 1);
INSERT INTO `achievement_mains_achievement_type_id_lnk` VALUES (88, 64, 29, 1);

-- ----------------------------
-- Table structure for achievement_reviewer_assignments
-- ----------------------------
DROP TABLE IF EXISTS `achievement_reviewer_assignments`;
CREATE TABLE `achievement_reviewer_assignments`  (
  `id` int UNSIGNED NOT NULL AUTO_INCREMENT,
  `document_id` varchar(255) CHARACTER SET utf8mb4 COLLATE utf8mb4_unicode_ci NULL DEFAULT NULL COMMENT 'Strapi文档ID',
  `achievement_id` int UNSIGNED NOT NULL COMMENT '成果ID',
  `achievement_doc_id` varchar(255) CHARACTER SET utf8mb4 COLLATE utf8mb4_unicode_ci NOT NULL COMMENT '成果documentId',
  `reviewer_id` int UNSIGNED NOT NULL COMMENT '审核人ID',
  `reviewer_name` varchar(255) CHARACTER SET utf8mb4 COLLATE utf8mb4_unicode_ci NOT NULL COMMENT '审核人姓名',
  `assigned_by_id` int UNSIGNED NULL DEFAULT NULL COMMENT '分配人ID',
  `assigned_by_name` varchar(255) CHARACTER SET utf8mb4 COLLATE utf8mb4_unicode_ci NULL DEFAULT NULL COMMENT '分配人姓名',
  `status` varchar(50) CHARACTER SET utf8mb4 COLLATE utf8mb4_unicode_ci NULL DEFAULT 'pending' COMMENT '状态：pending/completed/cancelled',
  `assigned_at` datetime(6) NULL DEFAULT NULL COMMENT '分配时间',
  `completed_at` datetime(6) NULL DEFAULT NULL COMMENT '完成时间',
  `created_at` datetime(6) NULL DEFAULT NULL,
  `updated_at` datetime(6) NULL DEFAULT NULL,
  `published_at` datetime(6) NULL DEFAULT NULL,
  `created_by_id` int UNSIGNED NULL DEFAULT NULL,
  `updated_by_id` int UNSIGNED NULL DEFAULT NULL,
  `locale` varchar(255) CHARACTER SET utf8mb4 COLLATE utf8mb4_unicode_ci NULL DEFAULT NULL,
  `is_delete` int NULL DEFAULT 0 COMMENT '软删除标记',
  PRIMARY KEY (`id`) USING BTREE,
  INDEX `idx_achievement_id`(`achievement_id` ASC) USING BTREE,
  INDEX `idx_achievement_doc_id`(`achievement_doc_id` ASC) USING BTREE,
  INDEX `idx_reviewer_id`(`reviewer_id` ASC) USING BTREE,
  INDEX `idx_assigned_by_id`(`assigned_by_id` ASC) USING BTREE,
  INDEX `idx_status`(`status` ASC) USING BTREE,
  INDEX `idx_assigned_at`(`assigned_at` ASC) USING BTREE,
  INDEX `achievement_reviewer_assignments_documents_idx`(`document_id` ASC, `locale` ASC, `published_at` ASC) USING BTREE,
  INDEX `achievement_reviewer_assignments_created_by_id_fk`(`created_by_id` ASC) USING BTREE,
  INDEX `achievement_reviewer_assignments_updated_by_id_fk`(`updated_by_id` ASC) USING BTREE,
  CONSTRAINT `achievement_reviewer_assignments_achievement_fk` FOREIGN KEY (`achievement_id`) REFERENCES `achievement_mains` (`id`) ON DELETE CASCADE ON UPDATE RESTRICT,
  CONSTRAINT `achievement_reviewer_assignments_created_by_id_fk` FOREIGN KEY (`created_by_id`) REFERENCES `admin_users` (`id`) ON DELETE SET NULL ON UPDATE RESTRICT,
  CONSTRAINT `achievement_reviewer_assignments_updated_by_id_fk` FOREIGN KEY (`updated_by_id`) REFERENCES `admin_users` (`id`) ON DELETE SET NULL ON UPDATE RESTRICT
) ENGINE = InnoDB AUTO_INCREMENT = 16 CHARACTER SET = utf8mb4 COLLATE = utf8mb4_unicode_ci COMMENT = '成果审核人分配表' ROW_FORMAT = DYNAMIC;

-- ----------------------------
-- Records of achievement_reviewer_assignments
-- ----------------------------
INSERT INTO `achievement_reviewer_assignments` VALUES (1, NULL, 6, 'o22djouldwpsvipvexg7ftxx', 2, '李四', 4, '赵六', 'completed', '2026-01-24 22:56:53.293268', '2026-01-24 23:02:26.559804', '2026-01-24 22:56:53.293268', '2026-01-24 23:02:26.559804', NULL, NULL, NULL, NULL, 0);
INSERT INTO `achievement_reviewer_assignments` VALUES (2, NULL, 4, 'opxiij4215mf75921u2dm51f', 2, '李四', 4, '赵六', 'completed', '2026-01-24 22:57:02.982791', '2026-01-24 23:02:04.148221', '2026-01-24 22:57:02.982791', '2026-01-24 23:02:04.148221', NULL, NULL, NULL, NULL, 0);
INSERT INTO `achievement_reviewer_assignments` VALUES (3, NULL, 8, 'v6auvuouaqa44eqlt75w0vl3', 2, '李四', 4, '赵六', 'completed', '2026-01-24 23:00:00.881117', '2026-01-24 23:02:34.469711', '2026-01-24 23:00:00.881117', '2026-01-24 23:02:34.469711', NULL, NULL, NULL, NULL, 0);
INSERT INTO `achievement_reviewer_assignments` VALUES (4, NULL, 23, 'etods7u8oe8q7cdk8tsuqqxx', 2, '李四', 4, '赵六', 'completed', '2026-01-26 15:51:19.567142', '2026-01-26 15:51:37.064438', '2026-01-26 15:51:19.567142', '2026-01-26 15:51:37.064438', NULL, NULL, NULL, NULL, 0);
INSERT INTO `achievement_reviewer_assignments` VALUES (6, NULL, 25, 'oqp9y26v60c8bjsar4vy5xud', 2, '李四', 4, '赵六', 'completed', '2026-01-28 19:32:35.822257', '2026-01-28 19:33:40.837461', '2026-01-28 19:32:35.822257', '2026-01-28 19:33:40.837461', NULL, NULL, NULL, NULL, 0);
INSERT INTO `achievement_reviewer_assignments` VALUES (7, NULL, 21, 'ahxl48skmrfviwtjn28t4ioe', 14, '周专家', 4, '赵六', 'completed', '2026-01-28 19:32:58.533270', '2026-01-28 19:33:09.947803', '2026-01-28 19:32:58.533270', '2026-01-28 19:33:09.947803', NULL, NULL, NULL, NULL, 0);
INSERT INTO `achievement_reviewer_assignments` VALUES (8, NULL, 21, 'ahxl48skmrfviwtjn28t4ioe', 2, '李四', 4, '赵六', 'pending', '2026-01-28 19:32:58.533270', NULL, '2026-01-28 19:32:58.533270', '2026-01-28 19:32:58.533270', NULL, NULL, NULL, NULL, 0);
INSERT INTO `achievement_reviewer_assignments` VALUES (9, NULL, 2, 'kashrvfxl0ohti6xt3cp96ug', 14, '周专家', 4, '赵六', 'completed', '2026-01-28 19:34:34.651974', '2026-01-28 19:34:54.452453', '2026-01-28 19:34:34.651974', '2026-01-28 19:34:54.452453', NULL, NULL, NULL, NULL, 0);
INSERT INTO `achievement_reviewer_assignments` VALUES (10, NULL, 2, 'kashrvfxl0ohti6xt3cp96ug', 2, '李四', 4, '赵六', 'pending', '2026-01-28 19:34:34.651974', NULL, '2026-01-28 19:34:34.651974', '2026-01-28 19:34:34.651974', NULL, NULL, NULL, NULL, 0);
INSERT INTO `achievement_reviewer_assignments` VALUES (11, NULL, 28, 'l9ve08lojwwo03wp1zbtfk31', 14, '周专家', 4, '赵六', 'completed', '2026-01-28 19:38:11.414551', '2026-01-28 19:39:27.340607', '2026-01-28 19:38:11.414551', '2026-01-28 19:39:27.340607', NULL, NULL, NULL, NULL, 0);
INSERT INTO `achievement_reviewer_assignments` VALUES (12, NULL, 42, 'olfgait4x6m263inf9twwg7u', 6, '专家 1', 5, '科研 管理员', 'completed', '2026-02-03 16:50:39.270039', '2026-02-03 17:29:24.578999', '2026-02-03 16:50:39.270039', '2026-02-03 17:29:24.578999', NULL, NULL, NULL, NULL, 0);
INSERT INTO `achievement_reviewer_assignments` VALUES (13, NULL, 58, 'x703ko6n2ddh9cradb4pnjz8', 6, '专家 1', 5, '科研 管理员', 'pending', '2026-02-04 15:50:58.447980', NULL, '2026-02-04 15:50:58.447980', '2026-02-04 15:50:58.447980', NULL, NULL, NULL, NULL, 0);
INSERT INTO `achievement_reviewer_assignments` VALUES (14, NULL, 60, 'tfb9w1n6jvlltmc32wllimgb', 6, '专家 1', 5, '科研 管理员', 'pending', '2026-02-04 20:36:02.650083', NULL, '2026-02-04 20:36:02.650083', '2026-02-04 20:36:02.650083', NULL, NULL, NULL, NULL, 0);
INSERT INTO `achievement_reviewer_assignments` VALUES (15, NULL, 62, 'p2ddfjd8sjcs5s3gpchrljmw', 6, '专家 1', 5, '科研 管理员', 'completed', '2026-02-04 21:00:13.724956', '2026-02-04 21:02:12.038645', '2026-02-04 21:00:13.724956', '2026-02-04 21:02:12.038645', NULL, NULL, NULL, NULL, 0);

-- ----------------------------
-- Table structure for achievement_reviews
-- ----------------------------
DROP TABLE IF EXISTS `achievement_reviews`;
CREATE TABLE `achievement_reviews`  (
  `id` int UNSIGNED NOT NULL AUTO_INCREMENT,
  `document_id` varchar(255) CHARACTER SET utf8mb4 COLLATE utf8mb4_unicode_ci NULL DEFAULT NULL COMMENT 'Strapi文档ID',
  `achievement_id` int UNSIGNED NOT NULL COMMENT '成果ID',
  `achievement_doc_id` varchar(255) CHARACTER SET utf8mb4 COLLATE utf8mb4_unicode_ci NOT NULL COMMENT '成果documentId',
  `reviewer_id` int UNSIGNED NOT NULL COMMENT '审核人ID',
  `reviewer_name` varchar(255) CHARACTER SET utf8mb4 COLLATE utf8mb4_unicode_ci NOT NULL COMMENT '审核人姓名',
  `action` varchar(50) CHARACTER SET utf8mb4 COLLATE utf8mb4_unicode_ci NOT NULL COMMENT '审核动作：approve/reject/request_changes',
  `comment` text CHARACTER SET utf8mb4 COLLATE utf8mb4_unicode_ci NULL COMMENT '审核意见',
  `previous_status` varchar(50) CHARACTER SET utf8mb4 COLLATE utf8mb4_unicode_ci NULL DEFAULT NULL COMMENT '审核前状态',
  `new_status` varchar(50) CHARACTER SET utf8mb4 COLLATE utf8mb4_unicode_ci NULL DEFAULT NULL COMMENT '审核后状态',
  `created_at` datetime(6) NULL DEFAULT NULL,
  `updated_at` datetime(6) NULL DEFAULT NULL,
  `published_at` datetime(6) NULL DEFAULT NULL,
  `created_by_id` int UNSIGNED NULL DEFAULT NULL,
  `updated_by_id` int UNSIGNED NULL DEFAULT NULL,
  `locale` varchar(255) CHARACTER SET utf8mb4 COLLATE utf8mb4_unicode_ci NULL DEFAULT NULL,
  `is_delete` int NULL DEFAULT 0 COMMENT '软删除标记',
  PRIMARY KEY (`id`) USING BTREE,
  INDEX `idx_achievement_id`(`achievement_id` ASC) USING BTREE,
  INDEX `idx_achievement_doc_id`(`achievement_doc_id` ASC) USING BTREE,
  INDEX `idx_reviewer_id`(`reviewer_id` ASC) USING BTREE,
  INDEX `idx_action`(`action` ASC) USING BTREE,
  INDEX `idx_created_at`(`created_at` ASC) USING BTREE,
  INDEX `achievement_reviews_documents_idx`(`document_id` ASC, `locale` ASC, `published_at` ASC) USING BTREE,
  INDEX `achievement_reviews_created_by_id_fk`(`created_by_id` ASC) USING BTREE,
  INDEX `achievement_reviews_updated_by_id_fk`(`updated_by_id` ASC) USING BTREE,
  CONSTRAINT `achievement_reviews_achievement_fk` FOREIGN KEY (`achievement_id`) REFERENCES `achievement_mains` (`id`) ON DELETE CASCADE ON UPDATE RESTRICT,
  CONSTRAINT `achievement_reviews_created_by_id_fk` FOREIGN KEY (`created_by_id`) REFERENCES `admin_users` (`id`) ON DELETE SET NULL ON UPDATE RESTRICT,
  CONSTRAINT `achievement_reviews_updated_by_id_fk` FOREIGN KEY (`updated_by_id`) REFERENCES `admin_users` (`id`) ON DELETE SET NULL ON UPDATE RESTRICT
) ENGINE = InnoDB AUTO_INCREMENT = 12 CHARACTER SET = utf8mb4 COLLATE = utf8mb4_unicode_ci COMMENT = '成果审核记录表' ROW_FORMAT = DYNAMIC;

-- ----------------------------
-- Records of achievement_reviews
-- ----------------------------
INSERT INTO `achievement_reviews` VALUES (1, NULL, 4, 'opxiij4215mf75921u2dm51f', 2, '李四', 'approve', '测试审核意见1', 'UNDER_REVIEW', 'APPROVED', '2026-01-24 23:02:04.148221', '2026-01-24 23:02:04.148221', NULL, NULL, NULL, NULL, 0);
INSERT INTO `achievement_reviews` VALUES (2, NULL, 6, 'o22djouldwpsvipvexg7ftxx', 2, '李四', 'reject', '测试审核意见2', 'UNDER_REVIEW', 'REJECTED', '2026-01-24 23:02:26.559804', '2026-01-24 23:02:26.559804', NULL, NULL, NULL, NULL, 0);
INSERT INTO `achievement_reviews` VALUES (3, NULL, 8, 'v6auvuouaqa44eqlt75w0vl3', 2, '李四', 'approve', '测试审核意见3', 'UNDER_REVIEW', 'APPROVED', '2026-01-24 23:02:34.469711', '2026-01-24 23:02:34.469711', NULL, NULL, NULL, NULL, 0);
INSERT INTO `achievement_reviews` VALUES (4, NULL, 23, 'etods7u8oe8q7cdk8tsuqqxx', 2, '李四', 'approve', '测试正确', 'UNDER_REVIEW', 'APPROVED', '2026-01-26 15:51:37.064438', '2026-01-26 15:51:37.064438', NULL, NULL, NULL, NULL, 0);
INSERT INTO `achievement_reviews` VALUES (5, NULL, 21, 'ahxl48skmrfviwtjn28t4ioe', 14, '周专家', 'approve', '审核通过', 'UNDER_REVIEW', 'APPROVED', '2026-01-28 19:33:09.947803', '2026-01-28 19:33:09.947803', NULL, NULL, NULL, NULL, 0);
INSERT INTO `achievement_reviews` VALUES (6, NULL, 25, 'oqp9y26v60c8bjsar4vy5xud', 2, '李四', 'approve', '审核通过', 'UNDER_REVIEW', 'APPROVED', '2026-01-28 19:33:40.837461', '2026-01-28 19:33:40.837461', NULL, NULL, NULL, NULL, 0);
INSERT INTO `achievement_reviews` VALUES (8, NULL, 2, 'kashrvfxl0ohti6xt3cp96ug', 14, '周专家', 'approve', '审核通过', 'UNDER_REVIEW', 'APPROVED', '2026-01-28 19:34:54.452453', '2026-01-28 19:34:54.452453', NULL, NULL, NULL, NULL, 0);
INSERT INTO `achievement_reviews` VALUES (9, NULL, 28, 'l9ve08lojwwo03wp1zbtfk31', 14, '周专家', 'approve', '通过', 'UNDER_REVIEW', 'APPROVED', '2026-01-28 19:39:27.340607', '2026-01-28 19:39:27.340607', NULL, NULL, NULL, NULL, 0);
INSERT INTO `achievement_reviews` VALUES (10, NULL, 42, 'olfgait4x6m263inf9twwg7u', 6, '专家 1', 'approve', '审核通过', 'UNDER_REVIEW', 'APPROVED', '2026-02-03 17:29:24.578999', '2026-02-03 17:29:24.578999', NULL, NULL, NULL, NULL, 0);
INSERT INTO `achievement_reviews` VALUES (11, NULL, 62, 'p2ddfjd8sjcs5s3gpchrljmw', 6, '专家 1', 'approve', '审核通过', 'UNDER_REVIEW', 'APPROVED', '2026-02-04 21:02:12.038645', '2026-02-04 21:02:12.038645', NULL, NULL, NULL, NULL, 0);

-- ----------------------------
-- Table structure for achievement_types
-- ----------------------------
DROP TABLE IF EXISTS `achievement_types`;
CREATE TABLE `achievement_types`  (
  `id` int UNSIGNED NOT NULL AUTO_INCREMENT,
  `document_id` varchar(255) CHARACTER SET utf8mb3 COLLATE utf8mb3_general_ci NULL DEFAULT NULL,
  `type_code` varchar(255) CHARACTER SET utf8mb3 COLLATE utf8mb3_general_ci NULL DEFAULT NULL,
  `type_name` varchar(255) CHARACTER SET utf8mb3 COLLATE utf8mb3_general_ci NULL DEFAULT NULL,
  `description` longtext CHARACTER SET utf8mb3 COLLATE utf8mb3_general_ci NULL,
  `is_delete` int NULL DEFAULT NULL,
  `created_at` datetime(6) NULL DEFAULT NULL,
  `updated_at` datetime(6) NULL DEFAULT NULL,
  `published_at` datetime(6) NULL DEFAULT NULL,
  `created_by_id` int UNSIGNED NULL DEFAULT NULL,
  `updated_by_id` int UNSIGNED NULL DEFAULT NULL,
  `locale` varchar(255) CHARACTER SET utf8mb3 COLLATE utf8mb3_general_ci NULL DEFAULT NULL,
  `enabled` tinyint(1) NULL DEFAULT NULL,
  PRIMARY KEY (`id`) USING BTREE,
  INDEX `achievement_types_documents_idx`(`document_id` ASC, `locale` ASC, `published_at` ASC) USING BTREE,
  INDEX `achievement_types_created_by_id_fk`(`created_by_id` ASC) USING BTREE,
  INDEX `achievement_types_updated_by_id_fk`(`updated_by_id` ASC) USING BTREE,
  CONSTRAINT `achievement_types_created_by_id_fk` FOREIGN KEY (`created_by_id`) REFERENCES `admin_users` (`id`) ON DELETE SET NULL ON UPDATE RESTRICT,
  CONSTRAINT `achievement_types_updated_by_id_fk` FOREIGN KEY (`updated_by_id`) REFERENCES `admin_users` (`id`) ON DELETE SET NULL ON UPDATE RESTRICT
) ENGINE = InnoDB AUTO_INCREMENT = 44 CHARACTER SET = utf8mb3 COLLATE = utf8mb3_general_ci ROW_FORMAT = DYNAMIC;

-- ----------------------------
-- Records of achievement_types
-- ----------------------------
INSERT INTO `achievement_types` VALUES (1, 'u80hojhjvjojx39frhn7gbq7', 'paper', '论文', '成果物类型为论文', 0, '2025-12-04 10:28:59.479000', '2025-12-15 16:12:08.119000', NULL, 1, 1, NULL, 1);
INSERT INTO `achievement_types` VALUES (4, 'zysf1nlb6fub137uqjaift9z', 'patent', '专利', '专利', 0, '2025-12-15 16:09:53.721000', '2025-12-15 16:09:53.721000', NULL, NULL, NULL, NULL, 1);
INSERT INTO `achievement_types` VALUES (5, 'zysf1nlb6fub137uqjaift9z', 'patent', '专利', '专利', 0, '2025-12-15 16:09:53.721000', '2025-12-15 16:09:53.721000', '2025-12-15 16:09:53.732000', NULL, NULL, NULL, 1);
INSERT INTO `achievement_types` VALUES (6, 'u80hojhjvjojx39frhn7gbq7', 'paper', '论文', '成果物类型为论文', 0, '2025-12-04 10:28:59.479000', '2025-12-15 16:12:08.119000', '2025-12-15 16:12:08.134000', 1, 1, NULL, 1);
INSERT INTO `achievement_types` VALUES (7, 'x1hravjqxvajn73enmc9qnnb', 'software', '软件著作权', '', 0, '2025-12-15 21:11:02.607000', '2025-12-15 21:11:02.607000', NULL, NULL, NULL, NULL, 1);
INSERT INTO `achievement_types` VALUES (8, 'x1hravjqxvajn73enmc9qnnb', 'software', '软件著作权', '', 0, '2025-12-15 21:11:02.607000', '2025-12-15 21:11:02.607000', '2025-12-15 21:11:02.626000', NULL, NULL, NULL, 1);
INSERT INTO `achievement_types` VALUES (9, 'oeq8cq37b7o456j2ss5j1np0', 'dataset', '数据集', '', 0, '2025-12-17 15:07:09.359000', '2025-12-17 15:07:09.359000', NULL, NULL, NULL, NULL, 1);
INSERT INTO `achievement_types` VALUES (10, 'oeq8cq37b7o456j2ss5j1np0', 'dataset', '数据集', '', 0, '2025-12-17 15:07:09.359000', '2025-12-17 15:07:09.359000', '2025-12-17 15:07:09.390000', NULL, NULL, NULL, 1);
INSERT INTO `achievement_types` VALUES (11, 'lfldrzogm1k7zcihztka01xx', 'testpaper', '测试论文类型', '1', 0, '2026-02-04 21:06:12.514000', '2026-02-06 16:14:34.338000', NULL, NULL, NULL, NULL, 0);
INSERT INTO `achievement_types` VALUES (15, 'heoejaqot2qcmw2g24rx3gwa', 'testpaper1', '测试论文', '1\n', 0, '2026-02-04 21:14:15.730000', '2026-02-06 16:16:38.080000', NULL, NULL, NULL, NULL, 1);
INSERT INTO `achievement_types` VALUES (26, 'ddu0ujyoelrz5120gi6dcfno', 'paper2', '测试论文2', '', 0, '2026-02-06 16:05:28.551000', '2026-02-06 16:05:38.334000', NULL, NULL, NULL, NULL, 0);
INSERT INTO `achievement_types` VALUES (28, 'ddu0ujyoelrz5120gi6dcfno', 'paper2', '测试论文2', '', 0, '2026-02-06 16:05:28.551000', '2026-02-06 16:05:38.334000', '2026-02-06 16:05:38.349000', NULL, NULL, NULL, 0);
INSERT INTO `achievement_types` VALUES (29, 'lfldrzogm1k7zcihztka01xx', 'testpaper', '测试论文类型', '1', 0, '2026-02-04 21:06:12.514000', '2026-02-06 16:14:34.338000', '2026-02-06 16:14:34.367000', NULL, NULL, NULL, 0);
INSERT INTO `achievement_types` VALUES (31, 'heoejaqot2qcmw2g24rx3gwa', 'testpaper1', '测试论文', '1\n', 0, '2026-02-04 21:14:15.730000', '2026-02-06 16:16:38.080000', '2026-02-06 16:16:38.092000', NULL, NULL, NULL, 1);
INSERT INTO `achievement_types` VALUES (32, 'ae1oykt16fl3joongamze8wk', 'collection_attachment', '征集附件', '过程成果', 0, '2026-02-06 18:23:29.540000', '2026-02-06 18:36:12.791000', NULL, NULL, NULL, NULL, 1);
INSERT INTO `achievement_types` VALUES (34, 't1a3koovy5h3nbals0oj3r43', 'proposal_file', '申报书', '过程成果\n', 0, '2026-02-06 18:35:03.377000', '2026-02-06 18:36:20.219000', NULL, NULL, NULL, NULL, 1);
INSERT INTO `achievement_types` VALUES (36, 'ae1oykt16fl3joongamze8wk', 'collection_attachment', '征集附件', '过程成果', 0, '2026-02-06 18:23:29.540000', '2026-02-06 18:36:12.791000', '2026-02-06 18:36:12.809000', NULL, NULL, NULL, 1);
INSERT INTO `achievement_types` VALUES (37, 't1a3koovy5h3nbals0oj3r43', 'proposal_file', '申报书', '过程成果\n', 0, '2026-02-06 18:35:03.377000', '2026-02-06 18:36:20.219000', '2026-02-06 18:36:20.233000', NULL, NULL, NULL, 1);
INSERT INTO `achievement_types` VALUES (38, 'e289rdbeb3j1xgmtpp3a4u7i', 'contract_template', '合同模板', '过程成果', 0, '2026-02-06 18:36:31.355000', '2026-02-06 18:36:31.355000', NULL, NULL, NULL, NULL, 1);
INSERT INTO `achievement_types` VALUES (39, 'e289rdbeb3j1xgmtpp3a4u7i', 'contract_template', '合同模板', '过程成果', 0, '2026-02-06 18:36:31.355000', '2026-02-06 18:36:31.355000', '2026-02-06 18:36:31.363000', NULL, NULL, NULL, 1);
INSERT INTO `achievement_types` VALUES (40, 'go0s6wlm3j99w4g5h6yj8bi7', 'deliverable_report', '成果物报告 ', '过程成果', 0, '2026-02-06 18:43:00.955000', '2026-02-06 18:43:00.955000', NULL, NULL, NULL, NULL, 1);
INSERT INTO `achievement_types` VALUES (41, 'go0s6wlm3j99w4g5h6yj8bi7', 'deliverable_report', '成果物报告 ', '过程成果', 0, '2026-02-06 18:43:00.955000', '2026-02-06 18:43:00.955000', '2026-02-06 18:43:00.966000', NULL, NULL, NULL, 1);
INSERT INTO `achievement_types` VALUES (42, 't5q2umnh51td35kuw04mv9iv', 'signed_contract', '已签署合同', '过程成果', 0, '2026-02-06 18:47:30.087000', '2026-02-06 18:47:30.087000', NULL, NULL, NULL, NULL, 1);
INSERT INTO `achievement_types` VALUES (43, 't5q2umnh51td35kuw04mv9iv', 'signed_contract', '已签署合同', '过程成果', 0, '2026-02-06 18:47:30.087000', '2026-02-06 18:47:30.087000', '2026-02-06 18:47:30.093000', NULL, NULL, NULL, 1);

-- ----------------------------
-- Table structure for admin_permissions
-- ----------------------------
DROP TABLE IF EXISTS `admin_permissions`;
CREATE TABLE `admin_permissions`  (
  `id` int UNSIGNED NOT NULL AUTO_INCREMENT,
  `document_id` varchar(255) CHARACTER SET utf8mb3 COLLATE utf8mb3_general_ci NULL DEFAULT NULL,
  `action` varchar(255) CHARACTER SET utf8mb3 COLLATE utf8mb3_general_ci NULL DEFAULT NULL,
  `action_parameters` json NULL,
  `subject` varchar(255) CHARACTER SET utf8mb3 COLLATE utf8mb3_general_ci NULL DEFAULT NULL,
  `properties` json NULL,
  `conditions` json NULL,
  `created_at` datetime(6) NULL DEFAULT NULL,
  `updated_at` datetime(6) NULL DEFAULT NULL,
  `published_at` datetime(6) NULL DEFAULT NULL,
  `created_by_id` int UNSIGNED NULL DEFAULT NULL,
  `updated_by_id` int UNSIGNED NULL DEFAULT NULL,
  `locale` varchar(255) CHARACTER SET utf8mb3 COLLATE utf8mb3_general_ci NULL DEFAULT NULL,
  PRIMARY KEY (`id`) USING BTREE,
  INDEX `admin_permissions_documents_idx`(`document_id` ASC, `locale` ASC, `published_at` ASC) USING BTREE,
  INDEX `admin_permissions_created_by_id_fk`(`created_by_id` ASC) USING BTREE,
  INDEX `admin_permissions_updated_by_id_fk`(`updated_by_id` ASC) USING BTREE,
  CONSTRAINT `admin_permissions_created_by_id_fk` FOREIGN KEY (`created_by_id`) REFERENCES `admin_users` (`id`) ON DELETE SET NULL ON UPDATE RESTRICT,
  CONSTRAINT `admin_permissions_updated_by_id_fk` FOREIGN KEY (`updated_by_id`) REFERENCES `admin_users` (`id`) ON DELETE SET NULL ON UPDATE RESTRICT
) ENGINE = InnoDB AUTO_INCREMENT = 221 CHARACTER SET = utf8mb3 COLLATE = utf8mb3_general_ci ROW_FORMAT = DYNAMIC;

-- ----------------------------
-- Records of admin_permissions
-- ----------------------------
INSERT INTO `admin_permissions` VALUES (1, 't40s05bow0a5b4ukofuh0z10', 'plugin::content-manager.explorer.create', '{}', 'api::about.about', '{\"fields\": [\"title\", \"blocks\"]}', '[]', '2025-10-20 14:31:34.529000', '2025-10-20 14:31:34.529000', '2025-10-20 14:31:34.530000', NULL, NULL, NULL);
INSERT INTO `admin_permissions` VALUES (2, 'lcn7ntmr57hdetza1zu5edao', 'plugin::content-manager.explorer.create', '{}', 'api::article.article', '{\"fields\": [\"title\", \"description\", \"slug\", \"cover\", \"author\", \"category\", \"blocks\"]}', '[]', '2025-10-20 14:31:34.537000', '2025-10-20 14:31:34.537000', '2025-10-20 14:31:34.537000', NULL, NULL, NULL);
INSERT INTO `admin_permissions` VALUES (3, 'xmi8wr5ycnnbo967l38ylirl', 'plugin::content-manager.explorer.create', '{}', 'api::author.author', '{\"fields\": [\"name\", \"avatar\", \"email\", \"articles\"]}', '[]', '2025-10-20 14:31:34.544000', '2025-10-20 14:31:34.544000', '2025-10-20 14:31:34.544000', NULL, NULL, NULL);
INSERT INTO `admin_permissions` VALUES (4, 'k0lpknplahqwj05adlt965sg', 'plugin::content-manager.explorer.create', '{}', 'api::category.category', '{\"fields\": [\"name\", \"slug\", \"articles\", \"description\"]}', '[]', '2025-10-20 14:31:34.550000', '2025-10-20 14:31:34.550000', '2025-10-20 14:31:34.550000', NULL, NULL, NULL);
INSERT INTO `admin_permissions` VALUES (5, 'kyoqgygwcqava05s4670uix7', 'plugin::content-manager.explorer.create', '{}', 'api::global.global', '{\"fields\": [\"siteName\", \"favicon\", \"siteDescription\", \"defaultSeo.metaTitle\", \"defaultSeo.metaDescription\", \"defaultSeo.shareImage\"]}', '[]', '2025-10-20 14:31:34.556000', '2025-10-20 14:31:34.556000', '2025-10-20 14:31:34.556000', NULL, NULL, NULL);
INSERT INTO `admin_permissions` VALUES (6, 'q8uw207cr5p64oyyjezjpn4l', 'plugin::content-manager.explorer.read', '{}', 'api::about.about', '{\"fields\": [\"title\", \"blocks\"]}', '[]', '2025-10-20 14:31:34.562000', '2025-10-20 14:31:34.562000', '2025-10-20 14:31:34.563000', NULL, NULL, NULL);
INSERT INTO `admin_permissions` VALUES (7, 'dbpb0w6f74rzlqqr6v5xjmqk', 'plugin::content-manager.explorer.read', '{}', 'api::article.article', '{\"fields\": [\"title\", \"description\", \"slug\", \"cover\", \"author\", \"category\", \"blocks\"]}', '[]', '2025-10-20 14:31:34.568000', '2025-10-20 14:31:34.568000', '2025-10-20 14:31:34.568000', NULL, NULL, NULL);
INSERT INTO `admin_permissions` VALUES (8, 'a8925ipz7eox7g5y1v35u066', 'plugin::content-manager.explorer.read', '{}', 'api::author.author', '{\"fields\": [\"name\", \"avatar\", \"email\", \"articles\"]}', '[]', '2025-10-20 14:31:34.574000', '2025-10-20 14:31:34.574000', '2025-10-20 14:31:34.574000', NULL, NULL, NULL);
INSERT INTO `admin_permissions` VALUES (9, 'fkqcom6nrposwfufa6fodm3y', 'plugin::content-manager.explorer.read', '{}', 'api::category.category', '{\"fields\": [\"name\", \"slug\", \"articles\", \"description\"]}', '[]', '2025-10-20 14:31:34.580000', '2025-10-20 14:31:34.580000', '2025-10-20 14:31:34.580000', NULL, NULL, NULL);
INSERT INTO `admin_permissions` VALUES (10, 'oslqlwf5v4vprlyug9ush1mx', 'plugin::content-manager.explorer.read', '{}', 'api::global.global', '{\"fields\": [\"siteName\", \"favicon\", \"siteDescription\", \"defaultSeo.metaTitle\", \"defaultSeo.metaDescription\", \"defaultSeo.shareImage\"]}', '[]', '2025-10-20 14:31:34.585000', '2025-10-20 14:31:34.585000', '2025-10-20 14:31:34.585000', NULL, NULL, NULL);
INSERT INTO `admin_permissions` VALUES (11, 'w758ix52i8nw94jt1ues6ql5', 'plugin::content-manager.explorer.update', '{}', 'api::about.about', '{\"fields\": [\"title\", \"blocks\"]}', '[]', '2025-10-20 14:31:34.590000', '2025-10-20 14:31:34.590000', '2025-10-20 14:31:34.590000', NULL, NULL, NULL);
INSERT INTO `admin_permissions` VALUES (12, 'htuxncbpn2r22itxuj1uanja', 'plugin::content-manager.explorer.update', '{}', 'api::article.article', '{\"fields\": [\"title\", \"description\", \"slug\", \"cover\", \"author\", \"category\", \"blocks\"]}', '[]', '2025-10-20 14:31:34.595000', '2025-10-20 14:31:34.595000', '2025-10-20 14:31:34.595000', NULL, NULL, NULL);
INSERT INTO `admin_permissions` VALUES (13, 'nro9r9xux2937s366yzw2q8j', 'plugin::content-manager.explorer.update', '{}', 'api::author.author', '{\"fields\": [\"name\", \"avatar\", \"email\", \"articles\"]}', '[]', '2025-10-20 14:31:34.600000', '2025-10-20 14:31:34.600000', '2025-10-20 14:31:34.600000', NULL, NULL, NULL);
INSERT INTO `admin_permissions` VALUES (14, 'h5x8gjyq9dnemoi76touum2i', 'plugin::content-manager.explorer.update', '{}', 'api::category.category', '{\"fields\": [\"name\", \"slug\", \"articles\", \"description\"]}', '[]', '2025-10-20 14:31:34.607000', '2025-10-20 14:31:34.607000', '2025-10-20 14:31:34.607000', NULL, NULL, NULL);
INSERT INTO `admin_permissions` VALUES (15, 'svo89mf1twky7xva7d4na14t', 'plugin::content-manager.explorer.update', '{}', 'api::global.global', '{\"fields\": [\"siteName\", \"favicon\", \"siteDescription\", \"defaultSeo.metaTitle\", \"defaultSeo.metaDescription\", \"defaultSeo.shareImage\"]}', '[]', '2025-10-20 14:31:34.612000', '2025-10-20 14:31:34.612000', '2025-10-20 14:31:34.612000', NULL, NULL, NULL);
INSERT INTO `admin_permissions` VALUES (16, 'ghwviny3dgqz32q9e364135r', 'plugin::content-manager.explorer.delete', '{}', 'api::about.about', '{}', '[]', '2025-10-20 14:31:34.618000', '2025-10-20 14:31:34.618000', '2025-10-20 14:31:34.619000', NULL, NULL, NULL);
INSERT INTO `admin_permissions` VALUES (17, 'xp9ho5qkdhaxi0hw5mz9zf4g', 'plugin::content-manager.explorer.delete', '{}', 'api::article.article', '{}', '[]', '2025-10-20 14:31:34.625000', '2025-10-20 14:31:34.625000', '2025-10-20 14:31:34.625000', NULL, NULL, NULL);
INSERT INTO `admin_permissions` VALUES (18, 'uu5lm0glv9w0a5ai0kxljxpg', 'plugin::content-manager.explorer.delete', '{}', 'api::author.author', '{}', '[]', '2025-10-20 14:31:34.630000', '2025-10-20 14:31:34.630000', '2025-10-20 14:31:34.630000', NULL, NULL, NULL);
INSERT INTO `admin_permissions` VALUES (19, 'y3e1ov2vugymdzlm3sbad7co', 'plugin::content-manager.explorer.delete', '{}', 'api::category.category', '{}', '[]', '2025-10-20 14:31:34.636000', '2025-10-20 14:31:34.636000', '2025-10-20 14:31:34.636000', NULL, NULL, NULL);
INSERT INTO `admin_permissions` VALUES (20, 'w0wurjgthgvfrf2zqqrxe00v', 'plugin::content-manager.explorer.delete', '{}', 'api::global.global', '{}', '[]', '2025-10-20 14:31:34.642000', '2025-10-20 14:31:34.642000', '2025-10-20 14:31:34.643000', NULL, NULL, NULL);
INSERT INTO `admin_permissions` VALUES (21, 'uex68wk60of6y8fu2z43e5e5', 'plugin::content-manager.explorer.publish', '{}', 'api::about.about', '{}', '[]', '2025-10-20 14:31:34.648000', '2025-10-20 14:31:34.648000', '2025-10-20 14:31:34.648000', NULL, NULL, NULL);
INSERT INTO `admin_permissions` VALUES (22, 'j2eamzsa89otddsnlldxco36', 'plugin::content-manager.explorer.publish', '{}', 'api::article.article', '{}', '[]', '2025-10-20 14:31:34.653000', '2025-10-20 14:31:34.653000', '2025-10-20 14:31:34.653000', NULL, NULL, NULL);
INSERT INTO `admin_permissions` VALUES (23, 'ki2cee4gyt2r9f2xgvh0plr5', 'plugin::content-manager.explorer.publish', '{}', 'api::author.author', '{}', '[]', '2025-10-20 14:31:34.658000', '2025-10-20 14:31:34.658000', '2025-10-20 14:31:34.658000', NULL, NULL, NULL);
INSERT INTO `admin_permissions` VALUES (24, 'dvzebo03jmqirydu7z006aki', 'plugin::content-manager.explorer.publish', '{}', 'api::category.category', '{}', '[]', '2025-10-20 14:31:34.663000', '2025-10-20 14:31:34.663000', '2025-10-20 14:31:34.664000', NULL, NULL, NULL);
INSERT INTO `admin_permissions` VALUES (25, 'vrixvwszzycxpbxsc9suxfih', 'plugin::content-manager.explorer.publish', '{}', 'api::global.global', '{}', '[]', '2025-10-20 14:31:34.668000', '2025-10-20 14:31:34.668000', '2025-10-20 14:31:34.668000', NULL, NULL, NULL);
INSERT INTO `admin_permissions` VALUES (26, 'rm9lpiv5c3abemjsgp8xpo82', 'plugin::upload.read', '{}', NULL, '{}', '[]', '2025-10-20 14:31:34.674000', '2025-10-20 14:31:34.674000', '2025-10-20 14:31:34.674000', NULL, NULL, NULL);
INSERT INTO `admin_permissions` VALUES (27, 's2xba3ki5mz8exp4hqm0nknx', 'plugin::upload.configure-view', '{}', NULL, '{}', '[]', '2025-10-20 14:31:34.680000', '2025-10-20 14:31:34.680000', '2025-10-20 14:31:34.680000', NULL, NULL, NULL);
INSERT INTO `admin_permissions` VALUES (28, 'r67899tijf3yisu87k6t4ghr', 'plugin::upload.assets.create', '{}', NULL, '{}', '[]', '2025-10-20 14:31:34.686000', '2025-10-20 14:31:34.686000', '2025-10-20 14:31:34.686000', NULL, NULL, NULL);
INSERT INTO `admin_permissions` VALUES (29, 'pdmh9nx40s3oeis16s41al23', 'plugin::upload.assets.update', '{}', NULL, '{}', '[]', '2025-10-20 14:31:34.691000', '2025-10-20 14:31:34.691000', '2025-10-20 14:31:34.691000', NULL, NULL, NULL);
INSERT INTO `admin_permissions` VALUES (30, 'dp55yn0xosp5byegm7xxrzk6', 'plugin::upload.assets.download', '{}', NULL, '{}', '[]', '2025-10-20 14:31:34.696000', '2025-10-20 14:31:34.696000', '2025-10-20 14:31:34.696000', NULL, NULL, NULL);
INSERT INTO `admin_permissions` VALUES (31, 'bamc1ivqlen8zp6pphpmyz6x', 'plugin::upload.assets.copy-link', '{}', NULL, '{}', '[]', '2025-10-20 14:31:34.701000', '2025-10-20 14:31:34.701000', '2025-10-20 14:31:34.701000', NULL, NULL, NULL);
INSERT INTO `admin_permissions` VALUES (32, 'q0o4slo985iwfpv842e9ltda', 'plugin::content-manager.explorer.create', '{}', 'api::about.about', '{\"fields\": [\"title\", \"blocks\"]}', '[\"admin::is-creator\"]', '2025-10-20 14:31:34.706000', '2025-10-20 14:31:34.706000', '2025-10-20 14:31:34.706000', NULL, NULL, NULL);
INSERT INTO `admin_permissions` VALUES (33, 'rl01x6soic63e23c8qudmage', 'plugin::content-manager.explorer.create', '{}', 'api::article.article', '{\"fields\": [\"title\", \"description\", \"slug\", \"cover\", \"author\", \"category\", \"blocks\"]}', '[\"admin::is-creator\"]', '2025-10-20 14:31:34.711000', '2025-10-20 14:31:34.711000', '2025-10-20 14:31:34.711000', NULL, NULL, NULL);
INSERT INTO `admin_permissions` VALUES (34, 'bqq9caxd93bh7hyvow2l3dxv', 'plugin::content-manager.explorer.create', '{}', 'api::author.author', '{\"fields\": [\"name\", \"avatar\", \"email\", \"articles\"]}', '[\"admin::is-creator\"]', '2025-10-20 14:31:34.716000', '2025-10-20 14:31:34.716000', '2025-10-20 14:31:34.716000', NULL, NULL, NULL);
INSERT INTO `admin_permissions` VALUES (35, 'c2dywhxcrw58xtirtl7r8d5s', 'plugin::content-manager.explorer.create', '{}', 'api::category.category', '{\"fields\": [\"name\", \"slug\", \"articles\", \"description\"]}', '[\"admin::is-creator\"]', '2025-10-20 14:31:34.720000', '2025-10-20 14:31:34.720000', '2025-10-20 14:31:34.720000', NULL, NULL, NULL);
INSERT INTO `admin_permissions` VALUES (36, 'h5v3vmarlb708azpf8cej3nw', 'plugin::content-manager.explorer.create', '{}', 'api::global.global', '{\"fields\": [\"siteName\", \"favicon\", \"siteDescription\", \"defaultSeo.metaTitle\", \"defaultSeo.metaDescription\", \"defaultSeo.shareImage\"]}', '[\"admin::is-creator\"]', '2025-10-20 14:31:34.725000', '2025-10-20 14:31:34.725000', '2025-10-20 14:31:34.725000', NULL, NULL, NULL);
INSERT INTO `admin_permissions` VALUES (37, 'ir10z92a0bffkt4raqyrnkv9', 'plugin::content-manager.explorer.read', '{}', 'api::about.about', '{\"fields\": [\"title\", \"blocks\"]}', '[\"admin::is-creator\"]', '2025-10-20 14:31:34.731000', '2025-10-20 14:31:34.731000', '2025-10-20 14:31:34.731000', NULL, NULL, NULL);
INSERT INTO `admin_permissions` VALUES (38, 'mar5nitury2kxjyfiuo6kxww', 'plugin::content-manager.explorer.read', '{}', 'api::article.article', '{\"fields\": [\"title\", \"description\", \"slug\", \"cover\", \"author\", \"category\", \"blocks\"]}', '[\"admin::is-creator\"]', '2025-10-20 14:31:34.737000', '2025-10-20 14:31:34.737000', '2025-10-20 14:31:34.737000', NULL, NULL, NULL);
INSERT INTO `admin_permissions` VALUES (39, 'p2jflortmcjde2e1vhgeju71', 'plugin::content-manager.explorer.read', '{}', 'api::author.author', '{\"fields\": [\"name\", \"avatar\", \"email\", \"articles\"]}', '[\"admin::is-creator\"]', '2025-10-20 14:31:34.742000', '2025-10-20 14:31:34.742000', '2025-10-20 14:31:34.742000', NULL, NULL, NULL);
INSERT INTO `admin_permissions` VALUES (40, 't9vqpo1kjbfashkg7y7inql9', 'plugin::content-manager.explorer.read', '{}', 'api::category.category', '{\"fields\": [\"name\", \"slug\", \"articles\", \"description\"]}', '[\"admin::is-creator\"]', '2025-10-20 14:31:34.748000', '2025-10-20 14:31:34.748000', '2025-10-20 14:31:34.748000', NULL, NULL, NULL);
INSERT INTO `admin_permissions` VALUES (41, 'rnm3kwlki10tys5ok6g892hi', 'plugin::content-manager.explorer.read', '{}', 'api::global.global', '{\"fields\": [\"siteName\", \"favicon\", \"siteDescription\", \"defaultSeo.metaTitle\", \"defaultSeo.metaDescription\", \"defaultSeo.shareImage\"]}', '[\"admin::is-creator\"]', '2025-10-20 14:31:34.754000', '2025-10-20 14:31:34.754000', '2025-10-20 14:31:34.754000', NULL, NULL, NULL);
INSERT INTO `admin_permissions` VALUES (42, 'qxz2kjv1tmlbrflkk8ouopl5', 'plugin::content-manager.explorer.update', '{}', 'api::about.about', '{\"fields\": [\"title\", \"blocks\"]}', '[\"admin::is-creator\"]', '2025-10-20 14:31:34.758000', '2025-10-20 14:31:34.758000', '2025-10-20 14:31:34.758000', NULL, NULL, NULL);
INSERT INTO `admin_permissions` VALUES (43, 'siugb440ynvf8g3foyzidrw2', 'plugin::content-manager.explorer.update', '{}', 'api::article.article', '{\"fields\": [\"title\", \"description\", \"slug\", \"cover\", \"author\", \"category\", \"blocks\"]}', '[\"admin::is-creator\"]', '2025-10-20 14:31:34.763000', '2025-10-20 14:31:34.763000', '2025-10-20 14:31:34.763000', NULL, NULL, NULL);
INSERT INTO `admin_permissions` VALUES (44, 'rkqxylfl847jvqfoqemdqsj5', 'plugin::content-manager.explorer.update', '{}', 'api::author.author', '{\"fields\": [\"name\", \"avatar\", \"email\", \"articles\"]}', '[\"admin::is-creator\"]', '2025-10-20 14:31:34.768000', '2025-10-20 14:31:34.768000', '2025-10-20 14:31:34.768000', NULL, NULL, NULL);
INSERT INTO `admin_permissions` VALUES (45, 's55ifbntdtnyko0yz2cud724', 'plugin::content-manager.explorer.update', '{}', 'api::category.category', '{\"fields\": [\"name\", \"slug\", \"articles\", \"description\"]}', '[\"admin::is-creator\"]', '2025-10-20 14:31:34.773000', '2025-10-20 14:31:34.773000', '2025-10-20 14:31:34.774000', NULL, NULL, NULL);
INSERT INTO `admin_permissions` VALUES (46, 'euriz67c3zqak6rlf4xoix9g', 'plugin::content-manager.explorer.update', '{}', 'api::global.global', '{\"fields\": [\"siteName\", \"favicon\", \"siteDescription\", \"defaultSeo.metaTitle\", \"defaultSeo.metaDescription\", \"defaultSeo.shareImage\"]}', '[\"admin::is-creator\"]', '2025-10-20 14:31:34.779000', '2025-10-20 14:31:34.779000', '2025-10-20 14:31:34.779000', NULL, NULL, NULL);
INSERT INTO `admin_permissions` VALUES (47, 'dnc0t1o849ue42b8vxj4hfkq', 'plugin::content-manager.explorer.delete', '{}', 'api::about.about', '{}', '[\"admin::is-creator\"]', '2025-10-20 14:31:34.783000', '2025-10-20 14:31:34.783000', '2025-10-20 14:31:34.783000', NULL, NULL, NULL);
INSERT INTO `admin_permissions` VALUES (48, 'sfl7msnw9748t58viks2myty', 'plugin::content-manager.explorer.delete', '{}', 'api::article.article', '{}', '[\"admin::is-creator\"]', '2025-10-20 14:31:34.788000', '2025-10-20 14:31:34.788000', '2025-10-20 14:31:34.788000', NULL, NULL, NULL);
INSERT INTO `admin_permissions` VALUES (49, 'gs6cdo0tl3d8bx4wfi183edr', 'plugin::content-manager.explorer.delete', '{}', 'api::author.author', '{}', '[\"admin::is-creator\"]', '2025-10-20 14:31:34.793000', '2025-10-20 14:31:34.793000', '2025-10-20 14:31:34.793000', NULL, NULL, NULL);
INSERT INTO `admin_permissions` VALUES (50, 'w0rp9xje42uo6772fkz4quh7', 'plugin::content-manager.explorer.delete', '{}', 'api::category.category', '{}', '[\"admin::is-creator\"]', '2025-10-20 14:31:34.799000', '2025-10-20 14:31:34.799000', '2025-10-20 14:31:34.799000', NULL, NULL, NULL);
INSERT INTO `admin_permissions` VALUES (51, 'lgyq47kuf08hsvdfygelyai3', 'plugin::content-manager.explorer.delete', '{}', 'api::global.global', '{}', '[\"admin::is-creator\"]', '2025-10-20 14:31:34.803000', '2025-10-20 14:31:34.803000', '2025-10-20 14:31:34.803000', NULL, NULL, NULL);
INSERT INTO `admin_permissions` VALUES (52, 'uwuvoabd3ewwwfiobe3j89l5', 'plugin::upload.read', '{}', NULL, '{}', '[\"admin::is-creator\"]', '2025-10-20 14:31:34.808000', '2025-10-20 14:31:34.808000', '2025-10-20 14:31:34.808000', NULL, NULL, NULL);
INSERT INTO `admin_permissions` VALUES (53, 'es0f3uhtm8p4k9do3r8xpmuk', 'plugin::upload.configure-view', '{}', NULL, '{}', '[]', '2025-10-20 14:31:34.812000', '2025-10-20 14:31:34.812000', '2025-10-20 14:31:34.813000', NULL, NULL, NULL);
INSERT INTO `admin_permissions` VALUES (54, 'ttb4tyd64k5szuox8pysof5f', 'plugin::upload.assets.create', '{}', NULL, '{}', '[]', '2025-10-20 14:31:34.818000', '2025-10-20 14:31:34.818000', '2025-10-20 14:31:34.819000', NULL, NULL, NULL);
INSERT INTO `admin_permissions` VALUES (55, 'y0cyhwwegihtj8r3bncq42sr', 'plugin::upload.assets.update', '{}', NULL, '{}', '[\"admin::is-creator\"]', '2025-10-20 14:31:34.823000', '2025-10-20 14:31:34.823000', '2025-10-20 14:31:34.823000', NULL, NULL, NULL);
INSERT INTO `admin_permissions` VALUES (56, 'ljjuuv4jmem25cgko1tlnrz8', 'plugin::upload.assets.download', '{}', NULL, '{}', '[]', '2025-10-20 14:31:34.830000', '2025-10-20 14:31:34.830000', '2025-10-20 14:31:34.830000', NULL, NULL, NULL);
INSERT INTO `admin_permissions` VALUES (57, 'qe5cnuv16g5ie90u0qu250bg', 'plugin::upload.assets.copy-link', '{}', NULL, '{}', '[]', '2025-10-20 14:31:34.837000', '2025-10-20 14:31:34.837000', '2025-10-20 14:31:34.837000', NULL, NULL, NULL);
INSERT INTO `admin_permissions` VALUES (58, 't83cg80l14fic5du82mk1ckg', 'plugin::content-manager.explorer.create', '{}', 'plugin::users-permissions.user', '{\"fields\": [\"username\", \"email\", \"provider\", \"password\", \"resetPasswordToken\", \"confirmationToken\", \"confirmed\", \"blocked\", \"role\"]}', '[]', '2025-10-20 14:31:34.860000', '2025-10-20 14:31:34.860000', '2025-10-20 14:31:34.861000', NULL, NULL, NULL);
INSERT INTO `admin_permissions` VALUES (59, 'dgkzwhtxtekpj2tb9ckgrdbl', 'plugin::content-manager.explorer.create', '{}', 'api::about.about', '{\"fields\": [\"title\", \"blocks\"]}', '[]', '2025-10-20 14:31:34.870000', '2025-10-20 14:31:34.870000', '2025-10-20 14:31:34.870000', NULL, NULL, NULL);
INSERT INTO `admin_permissions` VALUES (60, 'zfu9f5r67rz4c71dg2toizwg', 'plugin::content-manager.explorer.create', '{}', 'api::article.article', '{\"fields\": [\"title\", \"description\", \"slug\", \"cover\", \"author\", \"category\", \"blocks\"]}', '[]', '2025-10-20 14:31:34.878000', '2025-10-20 14:31:34.878000', '2025-10-20 14:31:34.878000', NULL, NULL, NULL);
INSERT INTO `admin_permissions` VALUES (61, 'pn8oignnnh4aqa9fklpn3x9h', 'plugin::content-manager.explorer.create', '{}', 'api::author.author', '{\"fields\": [\"name\", \"avatar\", \"email\", \"articles\"]}', '[]', '2025-10-20 14:31:34.883000', '2025-10-20 14:31:34.883000', '2025-10-20 14:31:34.883000', NULL, NULL, NULL);
INSERT INTO `admin_permissions` VALUES (62, 'm5crh9hgdysbvch7iwxvpn4o', 'plugin::content-manager.explorer.create', '{}', 'api::category.category', '{\"fields\": [\"name\", \"slug\", \"articles\", \"description\"]}', '[]', '2025-10-20 14:31:34.888000', '2025-10-20 14:31:34.888000', '2025-10-20 14:31:34.888000', NULL, NULL, NULL);
INSERT INTO `admin_permissions` VALUES (63, 'cyito332uwjx3le1jfzt31z6', 'plugin::content-manager.explorer.create', '{}', 'api::global.global', '{\"fields\": [\"siteName\", \"favicon\", \"siteDescription\", \"defaultSeo.metaTitle\", \"defaultSeo.metaDescription\", \"defaultSeo.shareImage\"]}', '[]', '2025-10-20 14:31:34.893000', '2025-10-20 14:31:34.893000', '2025-10-20 14:31:34.893000', NULL, NULL, NULL);
INSERT INTO `admin_permissions` VALUES (64, 'oiiz0mp23lql91q82vfnn7f4', 'plugin::content-manager.explorer.read', '{}', 'plugin::users-permissions.user', '{\"fields\": [\"username\", \"email\", \"provider\", \"password\", \"resetPasswordToken\", \"confirmationToken\", \"confirmed\", \"blocked\", \"role\"]}', '[]', '2025-10-20 14:31:34.898000', '2025-10-20 14:31:34.898000', '2025-10-20 14:31:34.898000', NULL, NULL, NULL);
INSERT INTO `admin_permissions` VALUES (65, 's29xcylz6g60fpyfqr3bp97j', 'plugin::content-manager.explorer.read', '{}', 'api::about.about', '{\"fields\": [\"title\", \"blocks\"]}', '[]', '2025-10-20 14:31:34.903000', '2025-10-20 14:31:34.903000', '2025-10-20 14:31:34.903000', NULL, NULL, NULL);
INSERT INTO `admin_permissions` VALUES (66, 'mkbytjc8ls3fofx8ldhmh86a', 'plugin::content-manager.explorer.read', '{}', 'api::article.article', '{\"fields\": [\"title\", \"description\", \"slug\", \"cover\", \"author\", \"category\", \"blocks\"]}', '[]', '2025-10-20 14:31:34.908000', '2025-10-20 14:31:34.908000', '2025-10-20 14:31:34.908000', NULL, NULL, NULL);
INSERT INTO `admin_permissions` VALUES (67, 'ccwpufnjip2pmwxk14o0y17q', 'plugin::content-manager.explorer.read', '{}', 'api::author.author', '{\"fields\": [\"name\", \"avatar\", \"email\", \"articles\"]}', '[]', '2025-10-20 14:31:34.913000', '2025-10-20 14:31:34.913000', '2025-10-20 14:31:34.913000', NULL, NULL, NULL);
INSERT INTO `admin_permissions` VALUES (68, 'fn6ruikl76h1gminp7r1rd85', 'plugin::content-manager.explorer.read', '{}', 'api::category.category', '{\"fields\": [\"name\", \"slug\", \"articles\", \"description\"]}', '[]', '2025-10-20 14:31:34.919000', '2025-10-20 14:31:34.919000', '2025-10-20 14:31:34.919000', NULL, NULL, NULL);
INSERT INTO `admin_permissions` VALUES (69, 'aaeucjqo2oxv8y9bwgt7ynyo', 'plugin::content-manager.explorer.read', '{}', 'api::global.global', '{\"fields\": [\"siteName\", \"favicon\", \"siteDescription\", \"defaultSeo.metaTitle\", \"defaultSeo.metaDescription\", \"defaultSeo.shareImage\"]}', '[]', '2025-10-20 14:31:34.924000', '2025-10-20 14:31:34.924000', '2025-10-20 14:31:34.924000', NULL, NULL, NULL);
INSERT INTO `admin_permissions` VALUES (70, 'xknxztytoqu6nkckjxxg4ph9', 'plugin::content-manager.explorer.update', '{}', 'plugin::users-permissions.user', '{\"fields\": [\"username\", \"email\", \"provider\", \"password\", \"resetPasswordToken\", \"confirmationToken\", \"confirmed\", \"blocked\", \"role\"]}', '[]', '2025-10-20 14:31:34.929000', '2025-10-20 14:31:34.929000', '2025-10-20 14:31:34.929000', NULL, NULL, NULL);
INSERT INTO `admin_permissions` VALUES (71, 'yuqfocrco1zpd0yp4pexh1ao', 'plugin::content-manager.explorer.update', '{}', 'api::about.about', '{\"fields\": [\"title\", \"blocks\"]}', '[]', '2025-10-20 14:31:34.935000', '2025-10-20 14:31:34.935000', '2025-10-20 14:31:34.935000', NULL, NULL, NULL);
INSERT INTO `admin_permissions` VALUES (72, 'eez390tqztclpl4s2ilm853c', 'plugin::content-manager.explorer.update', '{}', 'api::article.article', '{\"fields\": [\"title\", \"description\", \"slug\", \"cover\", \"author\", \"category\", \"blocks\"]}', '[]', '2025-10-20 14:31:34.940000', '2025-10-20 14:31:34.940000', '2025-10-20 14:31:34.940000', NULL, NULL, NULL);
INSERT INTO `admin_permissions` VALUES (73, 'nl6lln6kydrofooso4df6a4j', 'plugin::content-manager.explorer.update', '{}', 'api::author.author', '{\"fields\": [\"name\", \"avatar\", \"email\", \"articles\"]}', '[]', '2025-10-20 14:31:34.945000', '2025-10-20 14:31:34.945000', '2025-10-20 14:31:34.945000', NULL, NULL, NULL);
INSERT INTO `admin_permissions` VALUES (74, 'un1m7lkpphf9y55xrpx6onlu', 'plugin::content-manager.explorer.update', '{}', 'api::category.category', '{\"fields\": [\"name\", \"slug\", \"articles\", \"description\"]}', '[]', '2025-10-20 14:31:34.951000', '2025-10-20 14:31:34.951000', '2025-10-20 14:31:34.951000', NULL, NULL, NULL);
INSERT INTO `admin_permissions` VALUES (75, 'nqrvth82tvd78bt4daw330a6', 'plugin::content-manager.explorer.update', '{}', 'api::global.global', '{\"fields\": [\"siteName\", \"favicon\", \"siteDescription\", \"defaultSeo.metaTitle\", \"defaultSeo.metaDescription\", \"defaultSeo.shareImage\"]}', '[]', '2025-10-20 14:31:34.957000', '2025-10-20 14:31:34.957000', '2025-10-20 14:31:34.957000', NULL, NULL, NULL);
INSERT INTO `admin_permissions` VALUES (76, 'xgbw8lq2rfwbu3w9svhwm67n', 'plugin::content-manager.explorer.delete', '{}', 'plugin::users-permissions.user', '{}', '[]', '2025-10-20 14:31:34.965000', '2025-10-20 14:31:34.965000', '2025-10-20 14:31:34.965000', NULL, NULL, NULL);
INSERT INTO `admin_permissions` VALUES (77, 'qo2gyqra5sdvvwspqs1pvw2s', 'plugin::content-manager.explorer.delete', '{}', 'api::about.about', '{}', '[]', '2025-10-20 14:31:34.970000', '2025-10-20 14:31:34.970000', '2025-10-20 14:31:34.970000', NULL, NULL, NULL);
INSERT INTO `admin_permissions` VALUES (78, 'mtr9ix90yn56sg304s9h55qo', 'plugin::content-manager.explorer.delete', '{}', 'api::article.article', '{}', '[]', '2025-10-20 14:31:34.975000', '2025-10-20 14:31:34.975000', '2025-10-20 14:31:34.975000', NULL, NULL, NULL);
INSERT INTO `admin_permissions` VALUES (79, 'hdqlz3zric45tuqdh62yk498', 'plugin::content-manager.explorer.delete', '{}', 'api::author.author', '{}', '[]', '2025-10-20 14:31:34.980000', '2025-10-20 14:31:34.980000', '2025-10-20 14:31:34.980000', NULL, NULL, NULL);
INSERT INTO `admin_permissions` VALUES (80, 'y5tq0eawcaz8atbkxmvojno8', 'plugin::content-manager.explorer.delete', '{}', 'api::category.category', '{}', '[]', '2025-10-20 14:31:34.984000', '2025-10-20 14:31:34.984000', '2025-10-20 14:31:34.985000', NULL, NULL, NULL);
INSERT INTO `admin_permissions` VALUES (81, 'rr4ockyffbk0sddxd8thajcw', 'plugin::content-manager.explorer.delete', '{}', 'api::global.global', '{}', '[]', '2025-10-20 14:31:34.989000', '2025-10-20 14:31:34.989000', '2025-10-20 14:31:34.989000', NULL, NULL, NULL);
INSERT INTO `admin_permissions` VALUES (82, 'u9lov08a9hkaw9j8sipv518u', 'plugin::content-manager.explorer.publish', '{}', 'plugin::users-permissions.user', '{}', '[]', '2025-10-20 14:31:34.996000', '2025-10-20 14:31:34.996000', '2025-10-20 14:31:34.996000', NULL, NULL, NULL);
INSERT INTO `admin_permissions` VALUES (83, 'r3wh5pwvg593lvo9v6xnkn79', 'plugin::content-manager.explorer.publish', '{}', 'api::about.about', '{}', '[]', '2025-10-20 14:31:35.001000', '2025-10-20 14:31:35.001000', '2025-10-20 14:31:35.002000', NULL, NULL, NULL);
INSERT INTO `admin_permissions` VALUES (84, 'mzsnywixaa8gd2dx2w0yeo9t', 'plugin::content-manager.explorer.publish', '{}', 'api::article.article', '{}', '[]', '2025-10-20 14:31:35.007000', '2025-10-20 14:31:35.007000', '2025-10-20 14:31:35.007000', NULL, NULL, NULL);
INSERT INTO `admin_permissions` VALUES (85, 'z6b4g63ommmnkn106urvjvfp', 'plugin::content-manager.explorer.publish', '{}', 'api::author.author', '{}', '[]', '2025-10-20 14:31:35.013000', '2025-10-20 14:31:35.013000', '2025-10-20 14:31:35.013000', NULL, NULL, NULL);
INSERT INTO `admin_permissions` VALUES (86, 'xan6k0bivnrt5k24fc45rvql', 'plugin::content-manager.explorer.publish', '{}', 'api::category.category', '{}', '[]', '2025-10-20 14:31:35.019000', '2025-10-20 14:31:35.019000', '2025-10-20 14:31:35.019000', NULL, NULL, NULL);
INSERT INTO `admin_permissions` VALUES (87, 'nhe780l5uyj6hwruwh7z9y8l', 'plugin::content-manager.explorer.publish', '{}', 'api::global.global', '{}', '[]', '2025-10-20 14:31:35.024000', '2025-10-20 14:31:35.024000', '2025-10-20 14:31:35.024000', NULL, NULL, NULL);
INSERT INTO `admin_permissions` VALUES (97, 'qosve2akjztu6lh0uq1ytsdq', 'plugin::content-manager.single-types.configure-view', '{}', NULL, '{}', '[]', '2025-10-20 14:31:35.084000', '2025-10-20 14:31:35.084000', '2025-10-20 14:31:35.085000', NULL, NULL, NULL);
INSERT INTO `admin_permissions` VALUES (98, 'x6ge04x1jar4s27q4obr1mqh', 'plugin::content-manager.collection-types.configure-view', '{}', NULL, '{}', '[]', '2025-10-20 14:31:35.090000', '2025-10-20 14:31:35.090000', '2025-10-20 14:31:35.091000', NULL, NULL, NULL);
INSERT INTO `admin_permissions` VALUES (99, 'kh8l5b2ki5ko2cyr341sc35z', 'plugin::content-manager.components.configure-layout', '{}', NULL, '{}', '[]', '2025-10-20 14:31:35.105000', '2025-10-20 14:31:35.105000', '2025-10-20 14:31:35.105000', NULL, NULL, NULL);
INSERT INTO `admin_permissions` VALUES (100, 'jdde9y3oefj7r72n1mwujgul', 'plugin::content-type-builder.read', '{}', NULL, '{}', '[]', '2025-10-20 14:31:35.110000', '2025-10-20 14:31:35.110000', '2025-10-20 14:31:35.110000', NULL, NULL, NULL);
INSERT INTO `admin_permissions` VALUES (101, 'fw0af3p6hqn79nkulfe8jo3l', 'plugin::email.settings.read', '{}', NULL, '{}', '[]', '2025-10-20 14:31:35.114000', '2025-10-20 14:31:35.114000', '2025-10-20 14:31:35.114000', NULL, NULL, NULL);
INSERT INTO `admin_permissions` VALUES (102, 'ckpw5l2vwijo6yrhwzxzmv3j', 'plugin::upload.read', '{}', NULL, '{}', '[]', '2025-10-20 14:31:35.119000', '2025-10-20 14:31:35.119000', '2025-10-20 14:31:35.119000', NULL, NULL, NULL);
INSERT INTO `admin_permissions` VALUES (103, 'f2nz5n0bwkz5c1rsrsshib4x', 'plugin::upload.assets.create', '{}', NULL, '{}', '[]', '2025-10-20 14:31:35.124000', '2025-10-20 14:31:35.124000', '2025-10-20 14:31:35.124000', NULL, NULL, NULL);
INSERT INTO `admin_permissions` VALUES (104, 'u5slf9pios6micvl9dl3b2am', 'plugin::upload.assets.update', '{}', NULL, '{}', '[]', '2025-10-20 14:31:35.130000', '2025-10-20 14:31:35.130000', '2025-10-20 14:31:35.130000', NULL, NULL, NULL);
INSERT INTO `admin_permissions` VALUES (105, 'el3a6v9msrpbnwcf0zhqcmbq', 'plugin::upload.assets.download', '{}', NULL, '{}', '[]', '2025-10-20 14:31:35.137000', '2025-10-20 14:31:35.137000', '2025-10-20 14:31:35.137000', NULL, NULL, NULL);
INSERT INTO `admin_permissions` VALUES (106, 'a225udh4p05u8d9luc0jui77', 'plugin::upload.assets.copy-link', '{}', NULL, '{}', '[]', '2025-10-20 14:31:35.143000', '2025-10-20 14:31:35.143000', '2025-10-20 14:31:35.143000', NULL, NULL, NULL);
INSERT INTO `admin_permissions` VALUES (107, 'z9wqsr5pknfjn6yx9kex2o7j', 'plugin::upload.configure-view', '{}', NULL, '{}', '[]', '2025-10-20 14:31:35.148000', '2025-10-20 14:31:35.148000', '2025-10-20 14:31:35.148000', NULL, NULL, NULL);
INSERT INTO `admin_permissions` VALUES (108, 'ztn7195ckin2eyhcrjbvgw3a', 'plugin::upload.settings.read', '{}', NULL, '{}', '[]', '2025-10-20 14:31:35.154000', '2025-10-20 14:31:35.154000', '2025-10-20 14:31:35.154000', NULL, NULL, NULL);
INSERT INTO `admin_permissions` VALUES (109, 'b4unead1zec0k5uqvqflar8g', 'plugin::i18n.locale.create', '{}', NULL, '{}', '[]', '2025-10-20 14:31:35.160000', '2025-10-20 14:31:35.160000', '2025-10-20 14:31:35.160000', NULL, NULL, NULL);
INSERT INTO `admin_permissions` VALUES (110, 'lko3f5v88lue2e7hda9pibz4', 'plugin::i18n.locale.read', '{}', NULL, '{}', '[]', '2025-10-20 14:31:35.165000', '2025-10-20 14:31:35.165000', '2025-10-20 14:31:35.165000', NULL, NULL, NULL);
INSERT INTO `admin_permissions` VALUES (111, 'ep9alnc0rn0c7j6v25v8n2zj', 'plugin::i18n.locale.update', '{}', NULL, '{}', '[]', '2025-10-20 14:31:35.170000', '2025-10-20 14:31:35.170000', '2025-10-20 14:31:35.170000', NULL, NULL, NULL);
INSERT INTO `admin_permissions` VALUES (112, 'yzj5zgr3lntnwz02ptsaxcnu', 'plugin::i18n.locale.delete', '{}', NULL, '{}', '[]', '2025-10-20 14:31:35.175000', '2025-10-20 14:31:35.175000', '2025-10-20 14:31:35.175000', NULL, NULL, NULL);
INSERT INTO `admin_permissions` VALUES (113, 'rd73m3egm0u3cnkdp0ewfga5', 'plugin::users-permissions.roles.create', '{}', NULL, '{}', '[]', '2025-10-20 14:31:35.180000', '2025-10-20 14:31:35.180000', '2025-10-20 14:31:35.180000', NULL, NULL, NULL);
INSERT INTO `admin_permissions` VALUES (114, 'noyp0fgplwm9ra2tuthpgscu', 'plugin::users-permissions.roles.read', '{}', NULL, '{}', '[]', '2025-10-20 14:31:35.185000', '2025-10-20 14:31:35.185000', '2025-10-20 14:31:35.185000', NULL, NULL, NULL);
INSERT INTO `admin_permissions` VALUES (115, 'hl1ij9hzxlqvfj49hqhyruv0', 'plugin::users-permissions.roles.update', '{}', NULL, '{}', '[]', '2025-10-20 14:31:35.191000', '2025-10-20 14:31:35.191000', '2025-10-20 14:31:35.191000', NULL, NULL, NULL);
INSERT INTO `admin_permissions` VALUES (116, 'crrliej07c8fakr53q2no4mw', 'plugin::users-permissions.roles.delete', '{}', NULL, '{}', '[]', '2025-10-20 14:31:35.195000', '2025-10-20 14:31:35.195000', '2025-10-20 14:31:35.195000', NULL, NULL, NULL);
INSERT INTO `admin_permissions` VALUES (117, 'ghvnzbffnm6xipe9bopoh66h', 'plugin::users-permissions.providers.read', '{}', NULL, '{}', '[]', '2025-10-20 14:31:35.200000', '2025-10-20 14:31:35.200000', '2025-10-20 14:31:35.200000', NULL, NULL, NULL);
INSERT INTO `admin_permissions` VALUES (118, 'poblws4zxhw9o7t7o1ok7iq8', 'plugin::users-permissions.providers.update', '{}', NULL, '{}', '[]', '2025-10-20 14:31:35.205000', '2025-10-20 14:31:35.205000', '2025-10-20 14:31:35.205000', NULL, NULL, NULL);
INSERT INTO `admin_permissions` VALUES (119, 'yoimuffz4mxd59u6t8atqed4', 'plugin::users-permissions.email-templates.read', '{}', NULL, '{}', '[]', '2025-10-20 14:31:35.209000', '2025-10-20 14:31:35.209000', '2025-10-20 14:31:35.209000', NULL, NULL, NULL);
INSERT INTO `admin_permissions` VALUES (120, 'lhjk2zzajr2wprh5s63tcscn', 'plugin::users-permissions.email-templates.update', '{}', NULL, '{}', '[]', '2025-10-20 14:31:35.213000', '2025-10-20 14:31:35.213000', '2025-10-20 14:31:35.213000', NULL, NULL, NULL);
INSERT INTO `admin_permissions` VALUES (121, 'kbz31hsc9f84aikonnlo61tk', 'plugin::users-permissions.advanced-settings.read', '{}', NULL, '{}', '[]', '2025-10-20 14:31:35.218000', '2025-10-20 14:31:35.218000', '2025-10-20 14:31:35.218000', NULL, NULL, NULL);
INSERT INTO `admin_permissions` VALUES (122, 'qr71v3flyj750prmpsdvpjh3', 'plugin::users-permissions.advanced-settings.update', '{}', NULL, '{}', '[]', '2025-10-20 14:31:35.223000', '2025-10-20 14:31:35.223000', '2025-10-20 14:31:35.223000', NULL, NULL, NULL);
INSERT INTO `admin_permissions` VALUES (125, 'hv6ow0wftjs7spzovfcukfc2', 'admin::marketplace.read', '{}', NULL, '{}', '[]', '2025-10-20 14:31:35.238000', '2025-10-20 14:31:35.238000', '2025-10-20 14:31:35.238000', NULL, NULL, NULL);
INSERT INTO `admin_permissions` VALUES (126, 'lkmtzsp8dkdk6tyjb633aums', 'admin::webhooks.create', '{}', NULL, '{}', '[]', '2025-10-20 14:31:35.243000', '2025-10-20 14:31:35.243000', '2025-10-20 14:31:35.243000', NULL, NULL, NULL);
INSERT INTO `admin_permissions` VALUES (127, 'wrkbpx7nalrsqtgwxbfauxxm', 'admin::webhooks.read', '{}', NULL, '{}', '[]', '2025-10-20 14:31:35.249000', '2025-10-20 14:31:35.249000', '2025-10-20 14:31:35.249000', NULL, NULL, NULL);
INSERT INTO `admin_permissions` VALUES (128, 'kqyaeaz4kucvwdn0r91zl9sq', 'admin::webhooks.update', '{}', NULL, '{}', '[]', '2025-10-20 14:31:35.254000', '2025-10-20 14:31:35.254000', '2025-10-20 14:31:35.254000', NULL, NULL, NULL);
INSERT INTO `admin_permissions` VALUES (129, 'cqc5s0hrbf1qmcs08bs992y8', 'admin::webhooks.delete', '{}', NULL, '{}', '[]', '2025-10-20 14:31:35.259000', '2025-10-20 14:31:35.259000', '2025-10-20 14:31:35.259000', NULL, NULL, NULL);
INSERT INTO `admin_permissions` VALUES (130, 'gbqids8md8p38c3jzv2tztpz', 'admin::users.create', '{}', NULL, '{}', '[]', '2025-10-20 14:31:35.266000', '2025-10-20 14:31:35.266000', '2025-10-20 14:31:35.266000', NULL, NULL, NULL);
INSERT INTO `admin_permissions` VALUES (131, 'emiie8tphn8bwlruqfzfpzg3', 'admin::users.read', '{}', NULL, '{}', '[]', '2025-10-20 14:31:35.271000', '2025-10-20 14:31:35.271000', '2025-10-20 14:31:35.271000', NULL, NULL, NULL);
INSERT INTO `admin_permissions` VALUES (132, 'ax0618nzisfwwcs1cscxepvo', 'admin::users.update', '{}', NULL, '{}', '[]', '2025-10-20 14:31:35.277000', '2025-10-20 14:31:35.277000', '2025-10-20 14:31:35.277000', NULL, NULL, NULL);
INSERT INTO `admin_permissions` VALUES (133, 'hcol6qpf1cuwasp8fz6jjyct', 'admin::users.delete', '{}', NULL, '{}', '[]', '2025-10-20 14:31:35.283000', '2025-10-20 14:31:35.283000', '2025-10-20 14:31:35.283000', NULL, NULL, NULL);
INSERT INTO `admin_permissions` VALUES (134, 'six2398jziaphqbuelndy1jq', 'admin::roles.create', '{}', NULL, '{}', '[]', '2025-10-20 14:31:35.288000', '2025-10-20 14:31:35.288000', '2025-10-20 14:31:35.289000', NULL, NULL, NULL);
INSERT INTO `admin_permissions` VALUES (135, 'jxqtjrwtejzsqj7gkn875uda', 'admin::roles.read', '{}', NULL, '{}', '[]', '2025-10-20 14:31:35.294000', '2025-10-20 14:31:35.294000', '2025-10-20 14:31:35.294000', NULL, NULL, NULL);
INSERT INTO `admin_permissions` VALUES (136, 'znadzguiriy7x554sexw5e5u', 'admin::roles.update', '{}', NULL, '{}', '[]', '2025-10-20 14:31:35.300000', '2025-10-20 14:31:35.300000', '2025-10-20 14:31:35.300000', NULL, NULL, NULL);
INSERT INTO `admin_permissions` VALUES (137, 'qm152m7wo1qao0wawndgu9ib', 'admin::roles.delete', '{}', NULL, '{}', '[]', '2025-10-20 14:31:35.305000', '2025-10-20 14:31:35.305000', '2025-10-20 14:31:35.305000', NULL, NULL, NULL);
INSERT INTO `admin_permissions` VALUES (138, 'byf94wsxj02x1iy5ttzarygk', 'admin::api-tokens.access', '{}', NULL, '{}', '[]', '2025-10-20 14:31:35.310000', '2025-10-20 14:31:35.310000', '2025-10-20 14:31:35.310000', NULL, NULL, NULL);
INSERT INTO `admin_permissions` VALUES (139, 'q6j1v5vnz9dadc9n1kt51lt5', 'admin::api-tokens.create', '{}', NULL, '{}', '[]', '2025-10-20 14:31:35.315000', '2025-10-20 14:31:35.315000', '2025-10-20 14:31:35.315000', NULL, NULL, NULL);
INSERT INTO `admin_permissions` VALUES (140, 'j66xw63ofxpvth8b2z7xi68l', 'admin::api-tokens.read', '{}', NULL, '{}', '[]', '2025-10-20 14:31:35.319000', '2025-10-20 14:31:35.319000', '2025-10-20 14:31:35.319000', NULL, NULL, NULL);
INSERT INTO `admin_permissions` VALUES (141, 'ye9qf5z0a7djn71lfdyony53', 'admin::api-tokens.update', '{}', NULL, '{}', '[]', '2025-10-20 14:31:35.324000', '2025-10-20 14:31:35.324000', '2025-10-20 14:31:35.324000', NULL, NULL, NULL);
INSERT INTO `admin_permissions` VALUES (142, 'ke1es2jk0clpynexbv5aluna', 'admin::api-tokens.regenerate', '{}', NULL, '{}', '[]', '2025-10-20 14:31:35.330000', '2025-10-20 14:31:35.330000', '2025-10-20 14:31:35.330000', NULL, NULL, NULL);
INSERT INTO `admin_permissions` VALUES (143, 'gft4e6j2x20pdh9su66h67vx', 'admin::api-tokens.delete', '{}', NULL, '{}', '[]', '2025-10-20 14:31:35.335000', '2025-10-20 14:31:35.335000', '2025-10-20 14:31:35.335000', NULL, NULL, NULL);
INSERT INTO `admin_permissions` VALUES (144, 'vdc5w7gixwtl2k2m8gnrwno8', 'admin::project-settings.update', '{}', NULL, '{}', '[]', '2025-10-20 14:31:35.341000', '2025-10-20 14:31:35.341000', '2025-10-20 14:31:35.341000', NULL, NULL, NULL);
INSERT INTO `admin_permissions` VALUES (145, 'aevx9kysxroxxu8ni0bpcm5v', 'admin::project-settings.read', '{}', NULL, '{}', '[]', '2025-10-20 14:31:35.345000', '2025-10-20 14:31:35.345000', '2025-10-20 14:31:35.345000', NULL, NULL, NULL);
INSERT INTO `admin_permissions` VALUES (146, 'p1v3sb5ma4ypq6sguvrjpxmr', 'admin::transfer.tokens.access', '{}', NULL, '{}', '[]', '2025-10-20 14:31:35.350000', '2025-10-20 14:31:35.350000', '2025-10-20 14:31:35.350000', NULL, NULL, NULL);
INSERT INTO `admin_permissions` VALUES (147, 'bpoy00ho73yn2sp6ifjlgzsc', 'admin::transfer.tokens.create', '{}', NULL, '{}', '[]', '2025-10-20 14:31:35.355000', '2025-10-20 14:31:35.355000', '2025-10-20 14:31:35.355000', NULL, NULL, NULL);
INSERT INTO `admin_permissions` VALUES (148, 'udsctevaloxd53i75e29i12r', 'admin::transfer.tokens.read', '{}', NULL, '{}', '[]', '2025-10-20 14:31:35.361000', '2025-10-20 14:31:35.361000', '2025-10-20 14:31:35.361000', NULL, NULL, NULL);
INSERT INTO `admin_permissions` VALUES (149, 'f5rmxx6tgote2zshmi1r7nxl', 'admin::transfer.tokens.update', '{}', NULL, '{}', '[]', '2025-10-20 14:31:35.365000', '2025-10-20 14:31:35.365000', '2025-10-20 14:31:35.365000', NULL, NULL, NULL);
INSERT INTO `admin_permissions` VALUES (150, 'wyfu8lmdte1m814csghrink9', 'admin::transfer.tokens.regenerate', '{}', NULL, '{}', '[]', '2025-10-20 14:31:35.370000', '2025-10-20 14:31:35.370000', '2025-10-20 14:31:35.370000', NULL, NULL, NULL);
INSERT INTO `admin_permissions` VALUES (151, 'ipj5vv2b5ed4sus2mkm438t1', 'admin::transfer.tokens.delete', '{}', NULL, '{}', '[]', '2025-10-20 14:31:35.375000', '2025-10-20 14:31:35.375000', '2025-10-20 14:31:35.375000', NULL, NULL, NULL);
INSERT INTO `admin_permissions` VALUES (160, 'wgd7zii9olcbk70rubswns2o', 'plugin::content-manager.explorer.delete', '{}', 'api::achievement-main.achievement-main', '{}', '[]', '2025-12-03 22:14:05.299000', '2025-12-03 22:14:05.299000', '2025-12-03 22:14:05.299000', NULL, NULL, NULL);
INSERT INTO `admin_permissions` VALUES (161, 'cosou523cv3cnnw3aok6lmux', 'plugin::content-manager.explorer.publish', '{}', 'api::achievement-main.achievement-main', '{}', '[]', '2025-12-03 22:14:05.306000', '2025-12-03 22:14:05.306000', '2025-12-03 22:14:05.306000', NULL, NULL, NULL);
INSERT INTO `admin_permissions` VALUES (174, 'apby0vg8idg52a26hhyna79i', 'plugin::content-manager.explorer.delete', '{}', 'api::achievement-field-def.achievement-field-def', '{}', '[]', '2025-12-03 22:24:56.281000', '2025-12-03 22:24:56.281000', '2025-12-03 22:24:56.281000', NULL, NULL, NULL);
INSERT INTO `admin_permissions` VALUES (175, 'a50ocmkbpqb7a158r4ye9gru', 'plugin::content-manager.explorer.delete', '{}', 'api::achievement-field-value.achievement-field-value', '{}', '[]', '2025-12-03 22:24:56.290000', '2025-12-03 22:24:56.290000', '2025-12-03 22:24:56.290000', NULL, NULL, NULL);
INSERT INTO `admin_permissions` VALUES (176, 'kd4v2aysbs1o5tqsjtx9e7cd', 'plugin::content-manager.explorer.delete', '{}', 'api::achievement-type.achievement-type', '{}', '[]', '2025-12-03 22:24:56.296000', '2025-12-03 22:24:56.296000', '2025-12-03 22:24:56.296000', NULL, NULL, NULL);
INSERT INTO `admin_permissions` VALUES (177, 'f5t1iop6unm442wwm7fpyra1', 'plugin::content-manager.explorer.publish', '{}', 'api::achievement-field-def.achievement-field-def', '{}', '[]', '2025-12-03 22:24:56.302000', '2025-12-03 22:24:56.302000', '2025-12-03 22:24:56.302000', NULL, NULL, NULL);
INSERT INTO `admin_permissions` VALUES (178, 'xnnvmcpvsbd2vtwejv4wcuyt', 'plugin::content-manager.explorer.publish', '{}', 'api::achievement-field-value.achievement-field-value', '{}', '[]', '2025-12-03 22:24:56.308000', '2025-12-03 22:24:56.308000', '2025-12-03 22:24:56.308000', NULL, NULL, NULL);
INSERT INTO `admin_permissions` VALUES (179, 'n24iay1kyczf0ugsjtwp83ey', 'plugin::content-manager.explorer.publish', '{}', 'api::achievement-type.achievement-type', '{}', '[]', '2025-12-03 22:24:56.315000', '2025-12-03 22:24:56.315000', '2025-12-03 22:24:56.315000', NULL, NULL, NULL);
INSERT INTO `admin_permissions` VALUES (183, 'y6r69jrw3hndt6sfw60nsxya', 'plugin::content-manager.explorer.create', '{}', 'api::achievement-field-def.achievement-field-def', '{\"fields\": [\"field_code\", \"field_name\", \"field_type\", \"is_required\", \"description\", \"is_delete\", \"achievement_field_value_id\", \"achievement_type_id\"]}', '[]', '2025-12-03 22:58:23.653000', '2025-12-03 22:58:23.653000', '2025-12-03 22:58:23.654000', NULL, NULL, NULL);
INSERT INTO `admin_permissions` VALUES (187, 'caejpvwod5qp2922j7isyeti', 'plugin::content-manager.explorer.read', '{}', 'api::achievement-field-def.achievement-field-def', '{\"fields\": [\"field_code\", \"field_name\", \"field_type\", \"is_required\", \"description\", \"is_delete\", \"achievement_field_value_id\", \"achievement_type_id\"]}', '[]', '2025-12-03 22:58:23.687000', '2025-12-03 22:58:23.687000', '2025-12-03 22:58:23.688000', NULL, NULL, NULL);
INSERT INTO `admin_permissions` VALUES (191, 'rmqttzpvphkhfp9c1ls4yojc', 'plugin::content-manager.explorer.update', '{}', 'api::achievement-field-def.achievement-field-def', '{\"fields\": [\"field_code\", \"field_name\", \"field_type\", \"is_required\", \"description\", \"is_delete\", \"achievement_field_value_id\", \"achievement_type_id\"]}', '[]', '2025-12-03 22:58:23.711000', '2025-12-03 22:58:23.711000', '2025-12-03 22:58:23.711000', NULL, NULL, NULL);
INSERT INTO `admin_permissions` VALUES (195, 'o6142qde91cakdfute6qck02', 'plugin::content-manager.explorer.create', '{}', 'api::achievement-file.achievement-file', '{\"fields\": [\"files\", \"is_delete\", \"achievement_main_id\"]}', '[]', '2025-12-27 23:09:35.944000', '2025-12-27 23:09:35.944000', '2025-12-27 23:09:35.945000', NULL, NULL, NULL);
INSERT INTO `admin_permissions` VALUES (197, 'c8xritqhjiy84y8xi0hhc6iw', 'plugin::content-manager.explorer.read', '{}', 'api::achievement-file.achievement-file', '{\"fields\": [\"files\", \"is_delete\", \"achievement_main_id\"]}', '[]', '2025-12-27 23:09:35.950000', '2025-12-27 23:09:35.950000', '2025-12-27 23:09:35.950000', NULL, NULL, NULL);
INSERT INTO `admin_permissions` VALUES (199, 'gpddiknpvnteml4oogjlznbj', 'plugin::content-manager.explorer.update', '{}', 'api::achievement-file.achievement-file', '{\"fields\": [\"files\", \"is_delete\", \"achievement_main_id\"]}', '[]', '2025-12-27 23:09:35.954000', '2025-12-27 23:09:35.954000', '2025-12-27 23:09:35.954000', NULL, NULL, NULL);
INSERT INTO `admin_permissions` VALUES (201, 'l3qfg0at2yf1cuniwh8htf47', 'plugin::content-manager.explorer.delete', '{}', 'api::achievement-file.achievement-file', '{}', '[]', '2025-12-27 23:09:35.957000', '2025-12-27 23:09:35.957000', '2025-12-27 23:09:35.957000', NULL, NULL, NULL);
INSERT INTO `admin_permissions` VALUES (202, 'bxftuw5l3423asydtjeapabu', 'plugin::content-manager.explorer.publish', '{}', 'api::achievement-file.achievement-file', '{}', '[]', '2025-12-27 23:09:35.958000', '2025-12-27 23:09:35.958000', '2025-12-27 23:09:35.959000', NULL, NULL, NULL);
INSERT INTO `admin_permissions` VALUES (212, 'm24ormxn2ed0gpuvtf85lcg0', 'plugin::content-manager.explorer.create', '{}', 'api::achievement-main.achievement-main', '{\"fields\": [\"title\", \"achievement_status\", \"summary\", \"year\", \"authors\", \"keywords\", \"project_code\", \"project_name\", \"is_delete\", \"achievement_field_value_id\", \"achievement_type_id\", \"visibility_range\", \"achievement_files_id\", \"created_by_user_id\"]}', '[]', '2026-01-25 00:00:12.151000', '2026-01-25 00:00:12.151000', '2026-01-25 00:00:12.152000', NULL, NULL, NULL);
INSERT INTO `admin_permissions` VALUES (213, 'kvyqsc6ndmdd4braq807obd8', 'plugin::content-manager.explorer.read', '{}', 'api::achievement-main.achievement-main', '{\"fields\": [\"title\", \"achievement_status\", \"summary\", \"year\", \"authors\", \"keywords\", \"project_code\", \"project_name\", \"is_delete\", \"achievement_field_value_id\", \"achievement_type_id\", \"visibility_range\", \"achievement_files_id\", \"created_by_user_id\"]}', '[]', '2026-01-25 00:00:12.160000', '2026-01-25 00:00:12.160000', '2026-01-25 00:00:12.160000', NULL, NULL, NULL);
INSERT INTO `admin_permissions` VALUES (214, 'zugqq2j3chars4p75ucqixai', 'plugin::content-manager.explorer.update', '{}', 'api::achievement-main.achievement-main', '{\"fields\": [\"title\", \"achievement_status\", \"summary\", \"year\", \"authors\", \"keywords\", \"project_code\", \"project_name\", \"is_delete\", \"achievement_field_value_id\", \"achievement_type_id\", \"visibility_range\", \"achievement_files_id\", \"created_by_user_id\"]}', '[]', '2026-01-25 00:00:12.167000', '2026-01-25 00:00:12.167000', '2026-01-25 00:00:12.167000', NULL, NULL, NULL);
INSERT INTO `admin_permissions` VALUES (215, 'oqt69vzhkvxbsm49vatz16fg', 'plugin::content-manager.explorer.create', '{}', 'api::achievement-type.achievement-type', '{\"fields\": [\"type_code\", \"type_name\", \"description\", \"is_delete\", \"achievement_field_defs_id\", \"achievement_mains_id\", \"enabled\"]}', '[]', '2026-02-06 14:04:53.435000', '2026-02-06 14:04:53.435000', '2026-02-06 14:04:53.435000', NULL, NULL, NULL);
INSERT INTO `admin_permissions` VALUES (216, 'eb1e4fkxy5tnn4n9wpb949hz', 'plugin::content-manager.explorer.read', '{}', 'api::achievement-type.achievement-type', '{\"fields\": [\"type_code\", \"type_name\", \"description\", \"is_delete\", \"achievement_field_defs_id\", \"achievement_mains_id\", \"enabled\"]}', '[]', '2026-02-06 14:04:53.445000', '2026-02-06 14:04:53.445000', '2026-02-06 14:04:53.445000', NULL, NULL, NULL);
INSERT INTO `admin_permissions` VALUES (217, 'or1cpjo5hxlzh3s43kf0wjg6', 'plugin::content-manager.explorer.update', '{}', 'api::achievement-type.achievement-type', '{\"fields\": [\"type_code\", \"type_name\", \"description\", \"is_delete\", \"achievement_field_defs_id\", \"achievement_mains_id\", \"enabled\"]}', '[]', '2026-02-06 14:04:53.450000', '2026-02-06 14:04:53.450000', '2026-02-06 14:04:53.450000', NULL, NULL, NULL);
INSERT INTO `admin_permissions` VALUES (218, 'rvtk5eyct88w86mgpl8y51u0', 'plugin::content-manager.explorer.create', '{}', 'api::achievement-field-value.achievement-field-value', '{\"fields\": [\"text_value\", \"boolean_value\", \"number_value\", \"date_value\", \"datetime_value\", \"media_value\", \"email_value\", \"is_delete\", \"achievement_id\", \"achievement_field_def_id\"]}', '[]', '2026-02-06 18:29:33.238000', '2026-02-06 18:29:33.238000', '2026-02-06 18:29:33.239000', NULL, NULL, NULL);
INSERT INTO `admin_permissions` VALUES (219, 'k4vrq20deaglqqohl9aau7ls', 'plugin::content-manager.explorer.read', '{}', 'api::achievement-field-value.achievement-field-value', '{\"fields\": [\"text_value\", \"boolean_value\", \"number_value\", \"date_value\", \"datetime_value\", \"media_value\", \"email_value\", \"is_delete\", \"achievement_id\", \"achievement_field_def_id\"]}', '[]', '2026-02-06 18:29:33.253000', '2026-02-06 18:29:33.253000', '2026-02-06 18:29:33.254000', NULL, NULL, NULL);
INSERT INTO `admin_permissions` VALUES (220, 't9h9sdstl6wah3y49a7onntc', 'plugin::content-manager.explorer.update', '{}', 'api::achievement-field-value.achievement-field-value', '{\"fields\": [\"text_value\", \"boolean_value\", \"number_value\", \"date_value\", \"datetime_value\", \"media_value\", \"email_value\", \"is_delete\", \"achievement_id\", \"achievement_field_def_id\"]}', '[]', '2026-02-06 18:29:33.268000', '2026-02-06 18:29:33.268000', '2026-02-06 18:29:33.268000', NULL, NULL, NULL);

-- ----------------------------
-- Table structure for admin_permissions_role_lnk
-- ----------------------------
DROP TABLE IF EXISTS `admin_permissions_role_lnk`;
CREATE TABLE `admin_permissions_role_lnk`  (
  `id` int UNSIGNED NOT NULL AUTO_INCREMENT,
  `permission_id` int UNSIGNED NULL DEFAULT NULL,
  `role_id` int UNSIGNED NULL DEFAULT NULL,
  `permission_ord` double UNSIGNED NULL DEFAULT NULL,
  PRIMARY KEY (`id`) USING BTREE,
  UNIQUE INDEX `admin_permissions_role_lnk_uq`(`permission_id` ASC, `role_id` ASC) USING BTREE,
  INDEX `admin_permissions_role_lnk_fk`(`permission_id` ASC) USING BTREE,
  INDEX `admin_permissions_role_lnk_ifk`(`role_id` ASC) USING BTREE,
  INDEX `admin_permissions_role_lnk_oifk`(`permission_ord` ASC) USING BTREE,
  CONSTRAINT `admin_permissions_role_lnk_fk` FOREIGN KEY (`permission_id`) REFERENCES `admin_permissions` (`id`) ON DELETE CASCADE ON UPDATE RESTRICT,
  CONSTRAINT `admin_permissions_role_lnk_ifk` FOREIGN KEY (`role_id`) REFERENCES `admin_roles` (`id`) ON DELETE CASCADE ON UPDATE RESTRICT
) ENGINE = InnoDB AUTO_INCREMENT = 221 CHARACTER SET = utf8mb3 COLLATE = utf8mb3_general_ci ROW_FORMAT = DYNAMIC;

-- ----------------------------
-- Records of admin_permissions_role_lnk
-- ----------------------------
INSERT INTO `admin_permissions_role_lnk` VALUES (1, 1, 2, 1);
INSERT INTO `admin_permissions_role_lnk` VALUES (2, 2, 2, 2);
INSERT INTO `admin_permissions_role_lnk` VALUES (3, 3, 2, 3);
INSERT INTO `admin_permissions_role_lnk` VALUES (4, 4, 2, 4);
INSERT INTO `admin_permissions_role_lnk` VALUES (5, 5, 2, 5);
INSERT INTO `admin_permissions_role_lnk` VALUES (6, 6, 2, 6);
INSERT INTO `admin_permissions_role_lnk` VALUES (7, 7, 2, 7);
INSERT INTO `admin_permissions_role_lnk` VALUES (8, 8, 2, 8);
INSERT INTO `admin_permissions_role_lnk` VALUES (9, 9, 2, 9);
INSERT INTO `admin_permissions_role_lnk` VALUES (10, 10, 2, 10);
INSERT INTO `admin_permissions_role_lnk` VALUES (11, 11, 2, 11);
INSERT INTO `admin_permissions_role_lnk` VALUES (12, 12, 2, 12);
INSERT INTO `admin_permissions_role_lnk` VALUES (13, 13, 2, 13);
INSERT INTO `admin_permissions_role_lnk` VALUES (14, 14, 2, 14);
INSERT INTO `admin_permissions_role_lnk` VALUES (15, 15, 2, 15);
INSERT INTO `admin_permissions_role_lnk` VALUES (16, 16, 2, 16);
INSERT INTO `admin_permissions_role_lnk` VALUES (17, 17, 2, 17);
INSERT INTO `admin_permissions_role_lnk` VALUES (18, 18, 2, 18);
INSERT INTO `admin_permissions_role_lnk` VALUES (19, 19, 2, 19);
INSERT INTO `admin_permissions_role_lnk` VALUES (20, 20, 2, 20);
INSERT INTO `admin_permissions_role_lnk` VALUES (21, 21, 2, 21);
INSERT INTO `admin_permissions_role_lnk` VALUES (22, 22, 2, 22);
INSERT INTO `admin_permissions_role_lnk` VALUES (23, 23, 2, 23);
INSERT INTO `admin_permissions_role_lnk` VALUES (24, 24, 2, 24);
INSERT INTO `admin_permissions_role_lnk` VALUES (25, 25, 2, 25);
INSERT INTO `admin_permissions_role_lnk` VALUES (26, 26, 2, 26);
INSERT INTO `admin_permissions_role_lnk` VALUES (27, 27, 2, 27);
INSERT INTO `admin_permissions_role_lnk` VALUES (28, 28, 2, 28);
INSERT INTO `admin_permissions_role_lnk` VALUES (29, 29, 2, 29);
INSERT INTO `admin_permissions_role_lnk` VALUES (30, 30, 2, 30);
INSERT INTO `admin_permissions_role_lnk` VALUES (31, 31, 2, 31);
INSERT INTO `admin_permissions_role_lnk` VALUES (32, 32, 3, 1);
INSERT INTO `admin_permissions_role_lnk` VALUES (33, 33, 3, 2);
INSERT INTO `admin_permissions_role_lnk` VALUES (34, 34, 3, 3);
INSERT INTO `admin_permissions_role_lnk` VALUES (35, 35, 3, 4);
INSERT INTO `admin_permissions_role_lnk` VALUES (36, 36, 3, 5);
INSERT INTO `admin_permissions_role_lnk` VALUES (37, 37, 3, 6);
INSERT INTO `admin_permissions_role_lnk` VALUES (38, 38, 3, 7);
INSERT INTO `admin_permissions_role_lnk` VALUES (39, 39, 3, 8);
INSERT INTO `admin_permissions_role_lnk` VALUES (40, 40, 3, 9);
INSERT INTO `admin_permissions_role_lnk` VALUES (41, 41, 3, 10);
INSERT INTO `admin_permissions_role_lnk` VALUES (42, 42, 3, 11);
INSERT INTO `admin_permissions_role_lnk` VALUES (43, 43, 3, 12);
INSERT INTO `admin_permissions_role_lnk` VALUES (44, 44, 3, 13);
INSERT INTO `admin_permissions_role_lnk` VALUES (45, 45, 3, 14);
INSERT INTO `admin_permissions_role_lnk` VALUES (46, 46, 3, 15);
INSERT INTO `admin_permissions_role_lnk` VALUES (47, 47, 3, 16);
INSERT INTO `admin_permissions_role_lnk` VALUES (48, 48, 3, 17);
INSERT INTO `admin_permissions_role_lnk` VALUES (49, 49, 3, 18);
INSERT INTO `admin_permissions_role_lnk` VALUES (50, 50, 3, 19);
INSERT INTO `admin_permissions_role_lnk` VALUES (51, 51, 3, 20);
INSERT INTO `admin_permissions_role_lnk` VALUES (52, 52, 3, 21);
INSERT INTO `admin_permissions_role_lnk` VALUES (53, 53, 3, 22);
INSERT INTO `admin_permissions_role_lnk` VALUES (54, 54, 3, 23);
INSERT INTO `admin_permissions_role_lnk` VALUES (55, 55, 3, 24);
INSERT INTO `admin_permissions_role_lnk` VALUES (56, 56, 3, 25);
INSERT INTO `admin_permissions_role_lnk` VALUES (57, 57, 3, 26);
INSERT INTO `admin_permissions_role_lnk` VALUES (58, 58, 1, 1);
INSERT INTO `admin_permissions_role_lnk` VALUES (59, 59, 1, 2);
INSERT INTO `admin_permissions_role_lnk` VALUES (60, 60, 1, 3);
INSERT INTO `admin_permissions_role_lnk` VALUES (61, 61, 1, 4);
INSERT INTO `admin_permissions_role_lnk` VALUES (62, 62, 1, 5);
INSERT INTO `admin_permissions_role_lnk` VALUES (63, 63, 1, 6);
INSERT INTO `admin_permissions_role_lnk` VALUES (64, 64, 1, 7);
INSERT INTO `admin_permissions_role_lnk` VALUES (65, 65, 1, 8);
INSERT INTO `admin_permissions_role_lnk` VALUES (66, 66, 1, 9);
INSERT INTO `admin_permissions_role_lnk` VALUES (67, 67, 1, 10);
INSERT INTO `admin_permissions_role_lnk` VALUES (68, 68, 1, 11);
INSERT INTO `admin_permissions_role_lnk` VALUES (69, 69, 1, 12);
INSERT INTO `admin_permissions_role_lnk` VALUES (70, 70, 1, 13);
INSERT INTO `admin_permissions_role_lnk` VALUES (71, 71, 1, 14);
INSERT INTO `admin_permissions_role_lnk` VALUES (72, 72, 1, 15);
INSERT INTO `admin_permissions_role_lnk` VALUES (73, 73, 1, 16);
INSERT INTO `admin_permissions_role_lnk` VALUES (74, 74, 1, 17);
INSERT INTO `admin_permissions_role_lnk` VALUES (75, 75, 1, 18);
INSERT INTO `admin_permissions_role_lnk` VALUES (76, 76, 1, 19);
INSERT INTO `admin_permissions_role_lnk` VALUES (77, 77, 1, 20);
INSERT INTO `admin_permissions_role_lnk` VALUES (78, 78, 1, 21);
INSERT INTO `admin_permissions_role_lnk` VALUES (79, 79, 1, 22);
INSERT INTO `admin_permissions_role_lnk` VALUES (80, 80, 1, 23);
INSERT INTO `admin_permissions_role_lnk` VALUES (81, 81, 1, 24);
INSERT INTO `admin_permissions_role_lnk` VALUES (82, 82, 1, 25);
INSERT INTO `admin_permissions_role_lnk` VALUES (83, 83, 1, 26);
INSERT INTO `admin_permissions_role_lnk` VALUES (84, 84, 1, 27);
INSERT INTO `admin_permissions_role_lnk` VALUES (85, 85, 1, 28);
INSERT INTO `admin_permissions_role_lnk` VALUES (86, 86, 1, 29);
INSERT INTO `admin_permissions_role_lnk` VALUES (87, 87, 1, 30);
INSERT INTO `admin_permissions_role_lnk` VALUES (97, 97, 1, 40);
INSERT INTO `admin_permissions_role_lnk` VALUES (98, 98, 1, 41);
INSERT INTO `admin_permissions_role_lnk` VALUES (99, 99, 1, 42);
INSERT INTO `admin_permissions_role_lnk` VALUES (100, 100, 1, 43);
INSERT INTO `admin_permissions_role_lnk` VALUES (101, 101, 1, 44);
INSERT INTO `admin_permissions_role_lnk` VALUES (102, 102, 1, 45);
INSERT INTO `admin_permissions_role_lnk` VALUES (103, 103, 1, 46);
INSERT INTO `admin_permissions_role_lnk` VALUES (104, 104, 1, 47);
INSERT INTO `admin_permissions_role_lnk` VALUES (105, 105, 1, 48);
INSERT INTO `admin_permissions_role_lnk` VALUES (106, 106, 1, 49);
INSERT INTO `admin_permissions_role_lnk` VALUES (107, 107, 1, 50);
INSERT INTO `admin_permissions_role_lnk` VALUES (108, 108, 1, 51);
INSERT INTO `admin_permissions_role_lnk` VALUES (109, 109, 1, 52);
INSERT INTO `admin_permissions_role_lnk` VALUES (110, 110, 1, 53);
INSERT INTO `admin_permissions_role_lnk` VALUES (111, 111, 1, 54);
INSERT INTO `admin_permissions_role_lnk` VALUES (112, 112, 1, 55);
INSERT INTO `admin_permissions_role_lnk` VALUES (113, 113, 1, 56);
INSERT INTO `admin_permissions_role_lnk` VALUES (114, 114, 1, 57);
INSERT INTO `admin_permissions_role_lnk` VALUES (115, 115, 1, 58);
INSERT INTO `admin_permissions_role_lnk` VALUES (116, 116, 1, 59);
INSERT INTO `admin_permissions_role_lnk` VALUES (117, 117, 1, 60);
INSERT INTO `admin_permissions_role_lnk` VALUES (118, 118, 1, 61);
INSERT INTO `admin_permissions_role_lnk` VALUES (119, 119, 1, 62);
INSERT INTO `admin_permissions_role_lnk` VALUES (120, 120, 1, 63);
INSERT INTO `admin_permissions_role_lnk` VALUES (121, 121, 1, 64);
INSERT INTO `admin_permissions_role_lnk` VALUES (122, 122, 1, 65);
INSERT INTO `admin_permissions_role_lnk` VALUES (125, 125, 1, 68);
INSERT INTO `admin_permissions_role_lnk` VALUES (126, 126, 1, 69);
INSERT INTO `admin_permissions_role_lnk` VALUES (127, 127, 1, 70);
INSERT INTO `admin_permissions_role_lnk` VALUES (128, 128, 1, 71);
INSERT INTO `admin_permissions_role_lnk` VALUES (129, 129, 1, 72);
INSERT INTO `admin_permissions_role_lnk` VALUES (130, 130, 1, 73);
INSERT INTO `admin_permissions_role_lnk` VALUES (131, 131, 1, 74);
INSERT INTO `admin_permissions_role_lnk` VALUES (132, 132, 1, 75);
INSERT INTO `admin_permissions_role_lnk` VALUES (133, 133, 1, 76);
INSERT INTO `admin_permissions_role_lnk` VALUES (134, 134, 1, 77);
INSERT INTO `admin_permissions_role_lnk` VALUES (135, 135, 1, 78);
INSERT INTO `admin_permissions_role_lnk` VALUES (136, 136, 1, 79);
INSERT INTO `admin_permissions_role_lnk` VALUES (137, 137, 1, 80);
INSERT INTO `admin_permissions_role_lnk` VALUES (138, 138, 1, 81);
INSERT INTO `admin_permissions_role_lnk` VALUES (139, 139, 1, 82);
INSERT INTO `admin_permissions_role_lnk` VALUES (140, 140, 1, 83);
INSERT INTO `admin_permissions_role_lnk` VALUES (141, 141, 1, 84);
INSERT INTO `admin_permissions_role_lnk` VALUES (142, 142, 1, 85);
INSERT INTO `admin_permissions_role_lnk` VALUES (143, 143, 1, 86);
INSERT INTO `admin_permissions_role_lnk` VALUES (144, 144, 1, 87);
INSERT INTO `admin_permissions_role_lnk` VALUES (145, 145, 1, 88);
INSERT INTO `admin_permissions_role_lnk` VALUES (146, 146, 1, 89);
INSERT INTO `admin_permissions_role_lnk` VALUES (147, 147, 1, 90);
INSERT INTO `admin_permissions_role_lnk` VALUES (148, 148, 1, 91);
INSERT INTO `admin_permissions_role_lnk` VALUES (149, 149, 1, 92);
INSERT INTO `admin_permissions_role_lnk` VALUES (150, 150, 1, 93);
INSERT INTO `admin_permissions_role_lnk` VALUES (151, 151, 1, 94);
INSERT INTO `admin_permissions_role_lnk` VALUES (160, 160, 1, 98);
INSERT INTO `admin_permissions_role_lnk` VALUES (161, 161, 1, 99);
INSERT INTO `admin_permissions_role_lnk` VALUES (174, 174, 1, 112);
INSERT INTO `admin_permissions_role_lnk` VALUES (175, 175, 1, 113);
INSERT INTO `admin_permissions_role_lnk` VALUES (176, 176, 1, 114);
INSERT INTO `admin_permissions_role_lnk` VALUES (177, 177, 1, 115);
INSERT INTO `admin_permissions_role_lnk` VALUES (178, 178, 1, 116);
INSERT INTO `admin_permissions_role_lnk` VALUES (179, 179, 1, 117);
INSERT INTO `admin_permissions_role_lnk` VALUES (183, 183, 1, 118);
INSERT INTO `admin_permissions_role_lnk` VALUES (187, 187, 1, 122);
INSERT INTO `admin_permissions_role_lnk` VALUES (191, 191, 1, 126);
INSERT INTO `admin_permissions_role_lnk` VALUES (195, 195, 1, 130);
INSERT INTO `admin_permissions_role_lnk` VALUES (197, 197, 1, 132);
INSERT INTO `admin_permissions_role_lnk` VALUES (199, 199, 1, 134);
INSERT INTO `admin_permissions_role_lnk` VALUES (201, 201, 1, 136);
INSERT INTO `admin_permissions_role_lnk` VALUES (202, 202, 1, 137);
INSERT INTO `admin_permissions_role_lnk` VALUES (212, 212, 1, 138);
INSERT INTO `admin_permissions_role_lnk` VALUES (213, 213, 1, 139);
INSERT INTO `admin_permissions_role_lnk` VALUES (214, 214, 1, 140);
INSERT INTO `admin_permissions_role_lnk` VALUES (215, 215, 1, 141);
INSERT INTO `admin_permissions_role_lnk` VALUES (216, 216, 1, 142);
INSERT INTO `admin_permissions_role_lnk` VALUES (217, 217, 1, 143);
INSERT INTO `admin_permissions_role_lnk` VALUES (218, 218, 1, 144);
INSERT INTO `admin_permissions_role_lnk` VALUES (219, 219, 1, 145);
INSERT INTO `admin_permissions_role_lnk` VALUES (220, 220, 1, 146);

-- ----------------------------
-- Table structure for admin_roles
-- ----------------------------
DROP TABLE IF EXISTS `admin_roles`;
CREATE TABLE `admin_roles`  (
  `id` int UNSIGNED NOT NULL AUTO_INCREMENT,
  `document_id` varchar(255) CHARACTER SET utf8mb3 COLLATE utf8mb3_general_ci NULL DEFAULT NULL,
  `name` varchar(255) CHARACTER SET utf8mb3 COLLATE utf8mb3_general_ci NULL DEFAULT NULL,
  `code` varchar(255) CHARACTER SET utf8mb3 COLLATE utf8mb3_general_ci NULL DEFAULT NULL,
  `description` varchar(255) CHARACTER SET utf8mb3 COLLATE utf8mb3_general_ci NULL DEFAULT NULL,
  `created_at` datetime(6) NULL DEFAULT NULL,
  `updated_at` datetime(6) NULL DEFAULT NULL,
  `published_at` datetime(6) NULL DEFAULT NULL,
  `created_by_id` int UNSIGNED NULL DEFAULT NULL,
  `updated_by_id` int UNSIGNED NULL DEFAULT NULL,
  `locale` varchar(255) CHARACTER SET utf8mb3 COLLATE utf8mb3_general_ci NULL DEFAULT NULL,
  PRIMARY KEY (`id`) USING BTREE,
  INDEX `admin_roles_documents_idx`(`document_id` ASC, `locale` ASC, `published_at` ASC) USING BTREE,
  INDEX `admin_roles_created_by_id_fk`(`created_by_id` ASC) USING BTREE,
  INDEX `admin_roles_updated_by_id_fk`(`updated_by_id` ASC) USING BTREE,
  CONSTRAINT `admin_roles_created_by_id_fk` FOREIGN KEY (`created_by_id`) REFERENCES `admin_users` (`id`) ON DELETE SET NULL ON UPDATE RESTRICT,
  CONSTRAINT `admin_roles_updated_by_id_fk` FOREIGN KEY (`updated_by_id`) REFERENCES `admin_users` (`id`) ON DELETE SET NULL ON UPDATE RESTRICT
) ENGINE = InnoDB AUTO_INCREMENT = 4 CHARACTER SET = utf8mb3 COLLATE = utf8mb3_general_ci ROW_FORMAT = DYNAMIC;

-- ----------------------------
-- Records of admin_roles
-- ----------------------------
INSERT INTO `admin_roles` VALUES (1, 'snej05i5vw3b9eyhjcsbs25e', 'Super Admin', 'strapi-super-admin', 'Super Admins can access and manage all features and settings.', '2025-10-20 14:31:34.510000', '2025-10-20 14:31:34.510000', '2025-10-20 14:31:34.510000', NULL, NULL, NULL);
INSERT INTO `admin_roles` VALUES (2, 'ohwxapvueb356m450wqj69h8', 'Editor', 'strapi-editor', 'Editors can manage and publish contents including those of other users.', '2025-10-20 14:31:34.517000', '2025-10-20 14:31:34.517000', '2025-10-20 14:31:34.517000', NULL, NULL, NULL);
INSERT INTO `admin_roles` VALUES (3, 'n5og3wq03b3gq9qqtv1x3i2y', 'Author', 'strapi-author', 'Authors can manage the content they have created.', '2025-10-20 14:31:34.521000', '2025-10-20 14:31:34.521000', '2025-10-20 14:31:34.521000', NULL, NULL, NULL);

-- ----------------------------
-- Table structure for admin_users
-- ----------------------------
DROP TABLE IF EXISTS `admin_users`;
CREATE TABLE `admin_users`  (
  `id` int UNSIGNED NOT NULL AUTO_INCREMENT,
  `document_id` varchar(255) CHARACTER SET utf8mb3 COLLATE utf8mb3_general_ci NULL DEFAULT NULL,
  `firstname` varchar(255) CHARACTER SET utf8mb3 COLLATE utf8mb3_general_ci NULL DEFAULT NULL,
  `lastname` varchar(255) CHARACTER SET utf8mb3 COLLATE utf8mb3_general_ci NULL DEFAULT NULL,
  `username` varchar(255) CHARACTER SET utf8mb3 COLLATE utf8mb3_general_ci NULL DEFAULT NULL,
  `email` varchar(255) CHARACTER SET utf8mb3 COLLATE utf8mb3_general_ci NULL DEFAULT NULL,
  `password` varchar(255) CHARACTER SET utf8mb3 COLLATE utf8mb3_general_ci NULL DEFAULT NULL,
  `reset_password_token` varchar(255) CHARACTER SET utf8mb3 COLLATE utf8mb3_general_ci NULL DEFAULT NULL,
  `registration_token` varchar(255) CHARACTER SET utf8mb3 COLLATE utf8mb3_general_ci NULL DEFAULT NULL,
  `is_active` tinyint(1) NULL DEFAULT NULL,
  `blocked` tinyint(1) NULL DEFAULT NULL,
  `prefered_language` varchar(255) CHARACTER SET utf8mb3 COLLATE utf8mb3_general_ci NULL DEFAULT NULL,
  `created_at` datetime(6) NULL DEFAULT NULL,
  `updated_at` datetime(6) NULL DEFAULT NULL,
  `published_at` datetime(6) NULL DEFAULT NULL,
  `created_by_id` int UNSIGNED NULL DEFAULT NULL,
  `updated_by_id` int UNSIGNED NULL DEFAULT NULL,
  `locale` varchar(255) CHARACTER SET utf8mb3 COLLATE utf8mb3_general_ci NULL DEFAULT NULL,
  PRIMARY KEY (`id`) USING BTREE,
  INDEX `admin_users_documents_idx`(`document_id` ASC, `locale` ASC, `published_at` ASC) USING BTREE,
  INDEX `admin_users_created_by_id_fk`(`created_by_id` ASC) USING BTREE,
  INDEX `admin_users_updated_by_id_fk`(`updated_by_id` ASC) USING BTREE,
  CONSTRAINT `admin_users_created_by_id_fk` FOREIGN KEY (`created_by_id`) REFERENCES `admin_users` (`id`) ON DELETE SET NULL ON UPDATE RESTRICT,
  CONSTRAINT `admin_users_updated_by_id_fk` FOREIGN KEY (`updated_by_id`) REFERENCES `admin_users` (`id`) ON DELETE SET NULL ON UPDATE RESTRICT
) ENGINE = InnoDB AUTO_INCREMENT = 2 CHARACTER SET = utf8mb3 COLLATE = utf8mb3_general_ci ROW_FORMAT = DYNAMIC;

-- ----------------------------
-- Records of admin_users
-- ----------------------------
INSERT INTO `admin_users` VALUES (1, 'ha5w1ae3g346gvk4xc6gnj39', '子齐', '朱', NULL, '3475035979@qq.com', '$2a$10$LCJHbRZINQcg4jxbisLq4uc7/yY14Oxq7gjEfYHZmJhGp60xZvOt6', NULL, NULL, 1, 0, 'zh-Hans', '2025-10-20 14:59:24.155000', '2025-10-20 15:51:25.318000', '2025-10-20 14:59:24.158000', NULL, NULL, NULL);

-- ----------------------------
-- Table structure for admin_users_roles_lnk
-- ----------------------------
DROP TABLE IF EXISTS `admin_users_roles_lnk`;
CREATE TABLE `admin_users_roles_lnk`  (
  `id` int UNSIGNED NOT NULL AUTO_INCREMENT,
  `user_id` int UNSIGNED NULL DEFAULT NULL,
  `role_id` int UNSIGNED NULL DEFAULT NULL,
  `role_ord` double UNSIGNED NULL DEFAULT NULL,
  `user_ord` double UNSIGNED NULL DEFAULT NULL,
  PRIMARY KEY (`id`) USING BTREE,
  UNIQUE INDEX `admin_users_roles_lnk_uq`(`user_id` ASC, `role_id` ASC) USING BTREE,
  INDEX `admin_users_roles_lnk_fk`(`user_id` ASC) USING BTREE,
  INDEX `admin_users_roles_lnk_ifk`(`role_id` ASC) USING BTREE,
  INDEX `admin_users_roles_lnk_ofk`(`role_ord` ASC) USING BTREE,
  INDEX `admin_users_roles_lnk_oifk`(`user_ord` ASC) USING BTREE,
  CONSTRAINT `admin_users_roles_lnk_fk` FOREIGN KEY (`user_id`) REFERENCES `admin_users` (`id`) ON DELETE CASCADE ON UPDATE RESTRICT,
  CONSTRAINT `admin_users_roles_lnk_ifk` FOREIGN KEY (`role_id`) REFERENCES `admin_roles` (`id`) ON DELETE CASCADE ON UPDATE RESTRICT
) ENGINE = InnoDB AUTO_INCREMENT = 2 CHARACTER SET = utf8mb3 COLLATE = utf8mb3_general_ci ROW_FORMAT = DYNAMIC;

-- ----------------------------
-- Records of admin_users_roles_lnk
-- ----------------------------
INSERT INTO `admin_users_roles_lnk` VALUES (1, 1, 1, 1, 1);

-- ----------------------------
-- Table structure for articles
-- ----------------------------
DROP TABLE IF EXISTS `articles`;
CREATE TABLE `articles`  (
  `id` int UNSIGNED NOT NULL AUTO_INCREMENT,
  `document_id` varchar(255) CHARACTER SET utf8mb3 COLLATE utf8mb3_general_ci NULL DEFAULT NULL,
  `title` varchar(255) CHARACTER SET utf8mb3 COLLATE utf8mb3_general_ci NULL DEFAULT NULL,
  `description` longtext CHARACTER SET utf8mb3 COLLATE utf8mb3_general_ci NULL,
  `slug` varchar(255) CHARACTER SET utf8mb3 COLLATE utf8mb3_general_ci NULL DEFAULT NULL,
  `created_at` datetime(6) NULL DEFAULT NULL,
  `updated_at` datetime(6) NULL DEFAULT NULL,
  `published_at` datetime(6) NULL DEFAULT NULL,
  `created_by_id` int UNSIGNED NULL DEFAULT NULL,
  `updated_by_id` int UNSIGNED NULL DEFAULT NULL,
  `locale` varchar(255) CHARACTER SET utf8mb3 COLLATE utf8mb3_general_ci NULL DEFAULT NULL,
  PRIMARY KEY (`id`) USING BTREE,
  INDEX `articles_documents_idx`(`document_id` ASC, `locale` ASC, `published_at` ASC) USING BTREE,
  INDEX `articles_created_by_id_fk`(`created_by_id` ASC) USING BTREE,
  INDEX `articles_updated_by_id_fk`(`updated_by_id` ASC) USING BTREE,
  CONSTRAINT `articles_created_by_id_fk` FOREIGN KEY (`created_by_id`) REFERENCES `admin_users` (`id`) ON DELETE SET NULL ON UPDATE RESTRICT,
  CONSTRAINT `articles_updated_by_id_fk` FOREIGN KEY (`updated_by_id`) REFERENCES `admin_users` (`id`) ON DELETE SET NULL ON UPDATE RESTRICT
) ENGINE = InnoDB AUTO_INCREMENT = 1 CHARACTER SET = utf8mb3 COLLATE = utf8mb3_general_ci ROW_FORMAT = DYNAMIC;

-- ----------------------------
-- Records of articles
-- ----------------------------

-- ----------------------------
-- Table structure for articles_author_lnk
-- ----------------------------
DROP TABLE IF EXISTS `articles_author_lnk`;
CREATE TABLE `articles_author_lnk`  (
  `id` int UNSIGNED NOT NULL AUTO_INCREMENT,
  `article_id` int UNSIGNED NULL DEFAULT NULL,
  `author_id` int UNSIGNED NULL DEFAULT NULL,
  `article_ord` double UNSIGNED NULL DEFAULT NULL,
  PRIMARY KEY (`id`) USING BTREE,
  UNIQUE INDEX `articles_author_lnk_uq`(`article_id` ASC, `author_id` ASC) USING BTREE,
  INDEX `articles_author_lnk_fk`(`article_id` ASC) USING BTREE,
  INDEX `articles_author_lnk_ifk`(`author_id` ASC) USING BTREE,
  INDEX `articles_author_lnk_oifk`(`article_ord` ASC) USING BTREE,
  CONSTRAINT `articles_author_lnk_fk` FOREIGN KEY (`article_id`) REFERENCES `articles` (`id`) ON DELETE CASCADE ON UPDATE RESTRICT,
  CONSTRAINT `articles_author_lnk_ifk` FOREIGN KEY (`author_id`) REFERENCES `authors` (`id`) ON DELETE CASCADE ON UPDATE RESTRICT
) ENGINE = InnoDB AUTO_INCREMENT = 1 CHARACTER SET = utf8mb3 COLLATE = utf8mb3_general_ci ROW_FORMAT = DYNAMIC;

-- ----------------------------
-- Records of articles_author_lnk
-- ----------------------------

-- ----------------------------
-- Table structure for articles_category_lnk
-- ----------------------------
DROP TABLE IF EXISTS `articles_category_lnk`;
CREATE TABLE `articles_category_lnk`  (
  `id` int UNSIGNED NOT NULL AUTO_INCREMENT,
  `article_id` int UNSIGNED NULL DEFAULT NULL,
  `category_id` int UNSIGNED NULL DEFAULT NULL,
  `article_ord` double UNSIGNED NULL DEFAULT NULL,
  PRIMARY KEY (`id`) USING BTREE,
  UNIQUE INDEX `articles_category_lnk_uq`(`article_id` ASC, `category_id` ASC) USING BTREE,
  INDEX `articles_category_lnk_fk`(`article_id` ASC) USING BTREE,
  INDEX `articles_category_lnk_ifk`(`category_id` ASC) USING BTREE,
  INDEX `articles_category_lnk_oifk`(`article_ord` ASC) USING BTREE,
  CONSTRAINT `articles_category_lnk_fk` FOREIGN KEY (`article_id`) REFERENCES `articles` (`id`) ON DELETE CASCADE ON UPDATE RESTRICT,
  CONSTRAINT `articles_category_lnk_ifk` FOREIGN KEY (`category_id`) REFERENCES `categories` (`id`) ON DELETE CASCADE ON UPDATE RESTRICT
) ENGINE = InnoDB AUTO_INCREMENT = 1 CHARACTER SET = utf8mb3 COLLATE = utf8mb3_general_ci ROW_FORMAT = DYNAMIC;

-- ----------------------------
-- Records of articles_category_lnk
-- ----------------------------

-- ----------------------------
-- Table structure for articles_cmps
-- ----------------------------
DROP TABLE IF EXISTS `articles_cmps`;
CREATE TABLE `articles_cmps`  (
  `id` int UNSIGNED NOT NULL AUTO_INCREMENT,
  `entity_id` int UNSIGNED NULL DEFAULT NULL,
  `cmp_id` int UNSIGNED NULL DEFAULT NULL,
  `component_type` varchar(255) CHARACTER SET utf8mb3 COLLATE utf8mb3_general_ci NULL DEFAULT NULL,
  `field` varchar(255) CHARACTER SET utf8mb3 COLLATE utf8mb3_general_ci NULL DEFAULT NULL,
  `order` double UNSIGNED NULL DEFAULT NULL,
  PRIMARY KEY (`id`) USING BTREE,
  UNIQUE INDEX `articles_uq`(`entity_id` ASC, `cmp_id` ASC, `field` ASC, `component_type` ASC) USING BTREE,
  INDEX `articles_field_idx`(`field` ASC) USING BTREE,
  INDEX `articles_component_type_idx`(`component_type` ASC) USING BTREE,
  INDEX `articles_entity_fk`(`entity_id` ASC) USING BTREE,
  CONSTRAINT `articles_entity_fk` FOREIGN KEY (`entity_id`) REFERENCES `articles` (`id`) ON DELETE CASCADE ON UPDATE RESTRICT
) ENGINE = InnoDB AUTO_INCREMENT = 1 CHARACTER SET = utf8mb3 COLLATE = utf8mb3_general_ci ROW_FORMAT = DYNAMIC;

-- ----------------------------
-- Records of articles_cmps
-- ----------------------------

-- ----------------------------
-- Table structure for authors
-- ----------------------------
DROP TABLE IF EXISTS `authors`;
CREATE TABLE `authors`  (
  `id` int UNSIGNED NOT NULL AUTO_INCREMENT,
  `document_id` varchar(255) CHARACTER SET utf8mb3 COLLATE utf8mb3_general_ci NULL DEFAULT NULL,
  `name` varchar(255) CHARACTER SET utf8mb3 COLLATE utf8mb3_general_ci NULL DEFAULT NULL,
  `email` varchar(255) CHARACTER SET utf8mb3 COLLATE utf8mb3_general_ci NULL DEFAULT NULL,
  `created_at` datetime(6) NULL DEFAULT NULL,
  `updated_at` datetime(6) NULL DEFAULT NULL,
  `published_at` datetime(6) NULL DEFAULT NULL,
  `created_by_id` int UNSIGNED NULL DEFAULT NULL,
  `updated_by_id` int UNSIGNED NULL DEFAULT NULL,
  `locale` varchar(255) CHARACTER SET utf8mb3 COLLATE utf8mb3_general_ci NULL DEFAULT NULL,
  PRIMARY KEY (`id`) USING BTREE,
  INDEX `authors_documents_idx`(`document_id` ASC, `locale` ASC, `published_at` ASC) USING BTREE,
  INDEX `authors_created_by_id_fk`(`created_by_id` ASC) USING BTREE,
  INDEX `authors_updated_by_id_fk`(`updated_by_id` ASC) USING BTREE,
  CONSTRAINT `authors_created_by_id_fk` FOREIGN KEY (`created_by_id`) REFERENCES `admin_users` (`id`) ON DELETE SET NULL ON UPDATE RESTRICT,
  CONSTRAINT `authors_updated_by_id_fk` FOREIGN KEY (`updated_by_id`) REFERENCES `admin_users` (`id`) ON DELETE SET NULL ON UPDATE RESTRICT
) ENGINE = InnoDB AUTO_INCREMENT = 1 CHARACTER SET = utf8mb3 COLLATE = utf8mb3_general_ci ROW_FORMAT = DYNAMIC;

-- ----------------------------
-- Records of authors
-- ----------------------------

-- ----------------------------
-- Table structure for business_users
-- ----------------------------
DROP TABLE IF EXISTS `business_users`;
CREATE TABLE `business_users`  (
  `id` int UNSIGNED NOT NULL AUTO_INCREMENT,
  `keycloak_user_id` varchar(255) CHARACTER SET utf8mb4 COLLATE utf8mb4_unicode_ci NULL DEFAULT NULL COMMENT 'Keycloak 用户 UUID',
  PRIMARY KEY (`id`) USING BTREE,
  UNIQUE INDEX `uk_keycloak_user_id`(`keycloak_user_id` ASC) USING BTREE
) ENGINE = InnoDB AUTO_INCREMENT = 8 CHARACTER SET = utf8mb4 COLLATE = utf8mb4_unicode_ci COMMENT = '业务用户映射表' ROW_FORMAT = DYNAMIC;

-- ----------------------------
-- Records of business_users
-- ----------------------------
INSERT INTO `business_users` VALUES (7, '328c0b98-11ec-4019-b809-bd01079d5ec9');
INSERT INTO `business_users` VALUES (6, '6ad39eec-46be-473c-8832-1c833d20bbf0');
INSERT INTO `business_users` VALUES (5, '9d76e83e-ebd3-4b0e-88c4-b08b1ac61f43');

-- ----------------------------
-- Table structure for categories
-- ----------------------------
DROP TABLE IF EXISTS `categories`;
CREATE TABLE `categories`  (
  `id` int UNSIGNED NOT NULL AUTO_INCREMENT,
  `document_id` varchar(255) CHARACTER SET utf8mb3 COLLATE utf8mb3_general_ci NULL DEFAULT NULL,
  `name` varchar(255) CHARACTER SET utf8mb3 COLLATE utf8mb3_general_ci NULL DEFAULT NULL,
  `slug` varchar(255) CHARACTER SET utf8mb3 COLLATE utf8mb3_general_ci NULL DEFAULT NULL,
  `description` longtext CHARACTER SET utf8mb3 COLLATE utf8mb3_general_ci NULL,
  `created_at` datetime(6) NULL DEFAULT NULL,
  `updated_at` datetime(6) NULL DEFAULT NULL,
  `published_at` datetime(6) NULL DEFAULT NULL,
  `created_by_id` int UNSIGNED NULL DEFAULT NULL,
  `updated_by_id` int UNSIGNED NULL DEFAULT NULL,
  `locale` varchar(255) CHARACTER SET utf8mb3 COLLATE utf8mb3_general_ci NULL DEFAULT NULL,
  PRIMARY KEY (`id`) USING BTREE,
  INDEX `categories_documents_idx`(`document_id` ASC, `locale` ASC, `published_at` ASC) USING BTREE,
  INDEX `categories_created_by_id_fk`(`created_by_id` ASC) USING BTREE,
  INDEX `categories_updated_by_id_fk`(`updated_by_id` ASC) USING BTREE,
  CONSTRAINT `categories_created_by_id_fk` FOREIGN KEY (`created_by_id`) REFERENCES `admin_users` (`id`) ON DELETE SET NULL ON UPDATE RESTRICT,
  CONSTRAINT `categories_updated_by_id_fk` FOREIGN KEY (`updated_by_id`) REFERENCES `admin_users` (`id`) ON DELETE SET NULL ON UPDATE RESTRICT
) ENGINE = InnoDB AUTO_INCREMENT = 1 CHARACTER SET = utf8mb3 COLLATE = utf8mb3_general_ci ROW_FORMAT = DYNAMIC;

-- ----------------------------
-- Records of categories
-- ----------------------------

-- ----------------------------
-- Table structure for components_shared_media
-- ----------------------------
DROP TABLE IF EXISTS `components_shared_media`;
CREATE TABLE `components_shared_media`  (
  `id` int UNSIGNED NOT NULL AUTO_INCREMENT,
  PRIMARY KEY (`id`) USING BTREE
) ENGINE = InnoDB CHARACTER SET = utf8mb3 COLLATE = utf8mb3_general_ci ROW_FORMAT = DYNAMIC;

-- ----------------------------
-- Records of components_shared_media
-- ----------------------------

-- ----------------------------
-- Table structure for components_shared_quotes
-- ----------------------------
DROP TABLE IF EXISTS `components_shared_quotes`;
CREATE TABLE `components_shared_quotes`  (
  `id` int UNSIGNED NOT NULL AUTO_INCREMENT,
  `title` varchar(255) CHARACTER SET utf8mb3 COLLATE utf8mb3_general_ci NULL DEFAULT NULL,
  `body` longtext CHARACTER SET utf8mb3 COLLATE utf8mb3_general_ci NULL,
  PRIMARY KEY (`id`) USING BTREE
) ENGINE = InnoDB CHARACTER SET = utf8mb3 COLLATE = utf8mb3_general_ci ROW_FORMAT = DYNAMIC;

-- ----------------------------
-- Records of components_shared_quotes
-- ----------------------------

-- ----------------------------
-- Table structure for components_shared_rich_texts
-- ----------------------------
DROP TABLE IF EXISTS `components_shared_rich_texts`;
CREATE TABLE `components_shared_rich_texts`  (
  `id` int UNSIGNED NOT NULL AUTO_INCREMENT,
  `body` longtext CHARACTER SET utf8mb3 COLLATE utf8mb3_general_ci NULL,
  PRIMARY KEY (`id`) USING BTREE
) ENGINE = InnoDB CHARACTER SET = utf8mb3 COLLATE = utf8mb3_general_ci ROW_FORMAT = DYNAMIC;

-- ----------------------------
-- Records of components_shared_rich_texts
-- ----------------------------

-- ----------------------------
-- Table structure for components_shared_seos
-- ----------------------------
DROP TABLE IF EXISTS `components_shared_seos`;
CREATE TABLE `components_shared_seos`  (
  `id` int UNSIGNED NOT NULL AUTO_INCREMENT,
  `meta_title` varchar(255) CHARACTER SET utf8mb3 COLLATE utf8mb3_general_ci NULL DEFAULT NULL,
  `meta_description` longtext CHARACTER SET utf8mb3 COLLATE utf8mb3_general_ci NULL,
  PRIMARY KEY (`id`) USING BTREE
) ENGINE = InnoDB CHARACTER SET = utf8mb3 COLLATE = utf8mb3_general_ci ROW_FORMAT = DYNAMIC;

-- ----------------------------
-- Records of components_shared_seos
-- ----------------------------

-- ----------------------------
-- Table structure for components_shared_sliders
-- ----------------------------
DROP TABLE IF EXISTS `components_shared_sliders`;
CREATE TABLE `components_shared_sliders`  (
  `id` int UNSIGNED NOT NULL AUTO_INCREMENT,
  PRIMARY KEY (`id`) USING BTREE
) ENGINE = InnoDB CHARACTER SET = utf8mb3 COLLATE = utf8mb3_general_ci ROW_FORMAT = DYNAMIC;

-- ----------------------------
-- Records of components_shared_sliders
-- ----------------------------

-- ----------------------------
-- Table structure for files
-- ----------------------------
DROP TABLE IF EXISTS `files`;
CREATE TABLE `files`  (
  `id` int UNSIGNED NOT NULL AUTO_INCREMENT,
  `document_id` varchar(255) CHARACTER SET utf8mb3 COLLATE utf8mb3_general_ci NULL DEFAULT NULL,
  `name` varchar(255) CHARACTER SET utf8mb3 COLLATE utf8mb3_general_ci NULL DEFAULT NULL,
  `alternative_text` longtext CHARACTER SET utf8mb3 COLLATE utf8mb3_general_ci NULL,
  `caption` longtext CHARACTER SET utf8mb3 COLLATE utf8mb3_general_ci NULL,
  `width` int NULL DEFAULT NULL,
  `height` int NULL DEFAULT NULL,
  `formats` json NULL,
  `hash` varchar(255) CHARACTER SET utf8mb3 COLLATE utf8mb3_general_ci NULL DEFAULT NULL,
  `ext` varchar(255) CHARACTER SET utf8mb3 COLLATE utf8mb3_general_ci NULL DEFAULT NULL,
  `mime` varchar(255) CHARACTER SET utf8mb3 COLLATE utf8mb3_general_ci NULL DEFAULT NULL,
  `size` decimal(10, 2) NULL DEFAULT NULL,
  `url` longtext CHARACTER SET utf8mb3 COLLATE utf8mb3_general_ci NULL,
  `preview_url` longtext CHARACTER SET utf8mb3 COLLATE utf8mb3_general_ci NULL,
  `provider` varchar(255) CHARACTER SET utf8mb3 COLLATE utf8mb3_general_ci NULL DEFAULT NULL,
  `provider_metadata` json NULL,
  `folder_path` varchar(255) CHARACTER SET utf8mb3 COLLATE utf8mb3_general_ci NULL DEFAULT NULL,
  `created_at` datetime(6) NULL DEFAULT NULL,
  `updated_at` datetime(6) NULL DEFAULT NULL,
  `published_at` datetime(6) NULL DEFAULT NULL,
  `created_by_id` int UNSIGNED NULL DEFAULT NULL,
  `updated_by_id` int UNSIGNED NULL DEFAULT NULL,
  `locale` varchar(255) CHARACTER SET utf8mb3 COLLATE utf8mb3_general_ci NULL DEFAULT NULL,
  PRIMARY KEY (`id`) USING BTREE,
  INDEX `upload_files_folder_path_index`(`folder_path` ASC) USING BTREE,
  INDEX `upload_files_created_at_index`(`created_at` ASC) USING BTREE,
  INDEX `upload_files_updated_at_index`(`updated_at` ASC) USING BTREE,
  INDEX `upload_files_name_index`(`name` ASC) USING BTREE,
  INDEX `upload_files_size_index`(`size` ASC) USING BTREE,
  INDEX `upload_files_ext_index`(`ext` ASC) USING BTREE,
  INDEX `files_documents_idx`(`document_id` ASC, `locale` ASC, `published_at` ASC) USING BTREE,
  INDEX `files_created_by_id_fk`(`created_by_id` ASC) USING BTREE,
  INDEX `files_updated_by_id_fk`(`updated_by_id` ASC) USING BTREE,
  CONSTRAINT `files_created_by_id_fk` FOREIGN KEY (`created_by_id`) REFERENCES `admin_users` (`id`) ON DELETE SET NULL ON UPDATE RESTRICT,
  CONSTRAINT `files_updated_by_id_fk` FOREIGN KEY (`updated_by_id`) REFERENCES `admin_users` (`id`) ON DELETE SET NULL ON UPDATE RESTRICT
) ENGINE = InnoDB AUTO_INCREMENT = 17 CHARACTER SET = utf8mb3 COLLATE = utf8mb3_general_ci ROW_FORMAT = DYNAMIC;

-- ----------------------------
-- Records of files
-- ----------------------------
INSERT INTO `files` VALUES (1, 'nu098hk5uyg3so1e6gkaup6q', '默认模块.html', NULL, NULL, NULL, NULL, NULL, '_3568fce618', '.html', 'text/html', 1789.84, '/uploads/_3568fce618.html', NULL, 'local', NULL, '/1', '2026-01-24 22:59:38.193000', '2026-01-24 22:59:38.193000', '2026-01-24 22:59:38.193000', NULL, NULL, NULL);
INSERT INTO `files` VALUES (2, 'ycg4tfxy2pamdvelw0e7s4cy', '提交所需字段.xls', NULL, NULL, NULL, NULL, NULL, '_836a55ba81', '.xls', 'application/vnd.ms-excel', 40.45, '/uploads/_836a55ba81.xls', NULL, 'local', NULL, '/1', '2026-01-30 11:38:30.806000', '2026-01-30 11:38:30.806000', '2026-01-30 11:38:30.807000', NULL, NULL, NULL);
INSERT INTO `files` VALUES (3, 'g414ettpyf5a6k59uisrhv2k', 'SpringBoot教程.doc', NULL, NULL, NULL, NULL, NULL, 'Spring_Boot_69d192d6d8', '.doc', 'application/msword', 490.50, '/uploads/Spring_Boot_69d192d6d8.doc', NULL, 'local', NULL, '/1', '2026-01-30 11:39:11.818000', '2026-01-30 11:39:11.818000', '2026-01-30 11:39:11.818000', NULL, NULL, NULL);
INSERT INTO `files` VALUES (4, 'biopx1xscseso520qeubg7ja', 'SpringBoot教程.doc', NULL, NULL, NULL, NULL, NULL, 'Spring_Boot_6f879c8033', '.doc', 'application/msword', 490.50, '/uploads/Spring_Boot_6f879c8033.doc', NULL, 'local', NULL, '/1', '2026-01-30 12:53:46.353000', '2026-01-30 12:53:46.353000', '2026-01-30 12:53:46.353000', NULL, NULL, NULL);
INSERT INTO `files` VALUES (5, 'isahfkaxcf6posobxp0zq38f', 'SpringBoot教程.doc', NULL, NULL, NULL, NULL, NULL, 'Spring_Boot_1662f6953e', '.doc', 'application/msword', 490.50, '/uploads/Spring_Boot_1662f6953e.doc', NULL, 'local', NULL, '/1', '2026-01-30 13:05:43.883000', '2026-01-30 13:05:43.883000', '2026-01-30 13:05:43.883000', NULL, NULL, NULL);
INSERT INTO `files` VALUES (6, 'k94n0h6j5w9zuto78jx227ww', 'Spring Cloud Alibaba笔记@java1234.com.pdf', NULL, NULL, NULL, NULL, NULL, 'Spring_Cloud_Alibaba_java1234_com_3a012f3b88', '.pdf', 'application/pdf', 9756.62, '/uploads/Spring_Cloud_Alibaba_java1234_com_3a012f3b88.pdf', NULL, 'local', NULL, '/1', '2026-01-30 13:06:14.910000', '2026-01-30 13:06:14.910000', '2026-01-30 13:06:14.910000', NULL, NULL, NULL);
INSERT INTO `files` VALUES (7, 'zb1c7mgdzb3h9vfgcy8zu3si', 'SpringBoot教程.doc', NULL, NULL, NULL, NULL, NULL, 'Spring_Boot_ef47e94674', '.doc', 'application/msword', 490.50, '/uploads/Spring_Boot_ef47e94674.doc', NULL, 'local', NULL, '/1', '2026-01-30 13:15:22.351000', '2026-01-30 13:15:22.351000', '2026-01-30 13:15:22.351000', NULL, NULL, NULL);
INSERT INTO `files` VALUES (8, 'vqatbx33l4fzkzopd1prq7sn', 'Spring Boot2 教程.pdf', NULL, NULL, NULL, NULL, NULL, 'Spring_Boot2_46c3d1115b', '.pdf', 'application/pdf', 8279.30, '/uploads/Spring_Boot2_46c3d1115b.pdf', NULL, 'local', NULL, '/1', '2026-01-30 13:15:22.358000', '2026-01-30 13:15:22.358000', '2026-01-30 13:15:22.358000', NULL, NULL, NULL);
INSERT INTO `files` VALUES (9, 'd1fhhdkwc1xm6hwjnjtg6elo', '默认模块.html', NULL, NULL, NULL, NULL, NULL, '_e9767548f7', '.html', 'text/html', 1789.84, '/uploads/_e9767548f7.html', NULL, 'local', NULL, '/1', '2026-02-04 13:42:09.594000', '2026-02-04 13:42:09.594000', '2026-02-04 13:42:09.596000', NULL, NULL, NULL);
INSERT INTO `files` VALUES (10, 'fgft4k01lfnvelzm48f3uxsn', '默认模块.html', NULL, NULL, NULL, NULL, NULL, '_d7b9b1169c', '.html', 'text/html', 1789.84, '/uploads/_d7b9b1169c.html', NULL, 'local', NULL, '/1', '2026-02-04 14:00:26.047000', '2026-02-04 14:00:26.047000', '2026-02-04 14:00:26.047000', NULL, NULL, NULL);
INSERT INTO `files` VALUES (11, 'rxa0fonc8i6etcrb302vvhe6', '个人总结报告-软件2302-朱子齐-2312190116.doc', NULL, NULL, NULL, NULL, NULL, '2302_2312190116_bd27fcef29', '.doc', 'application/msword', 2030.38, '/uploads/2302_2312190116_bd27fcef29.doc', NULL, 'local', NULL, '/1', '2026-02-04 14:00:44.603000', '2026-02-04 14:00:44.603000', '2026-02-04 14:00:44.604000', NULL, NULL, NULL);
INSERT INTO `files` VALUES (12, 'v820677xua8q1u7a00mac0vp', '个人成果物清单2025.docx', NULL, NULL, NULL, NULL, NULL, '2025_2d971ec50e', '.docx', 'application/vnd.openxmlformats-officedocument.wordprocessingml.document', 116.35, '/uploads/2025_2d971ec50e.docx', NULL, 'local', NULL, '/1', '2026-02-04 15:39:53.203000', '2026-02-04 15:39:53.203000', '2026-02-04 15:39:53.204000', NULL, NULL, NULL);
INSERT INTO `files` VALUES (13, 'n4sffnxosk4ssptabx3i3unq', '个人总结报告-软件2302-朱子齐-2312190116.pdf', NULL, NULL, NULL, NULL, NULL, '2302_2312190116_c2db78824d', '.pdf', 'application/pdf', 1664.66, '/uploads/2302_2312190116_c2db78824d.pdf', NULL, 'local', NULL, '/1', '2026-02-04 20:35:31.713000', '2026-02-04 20:35:31.713000', '2026-02-04 20:35:31.715000', NULL, NULL, NULL);
INSERT INTO `files` VALUES (14, 'd4xise2swa217l1rtugcz8gs', '创建成果物+动态渲染表单.pdf', NULL, NULL, NULL, NULL, NULL, '_e886f3af81', '.pdf', 'application/pdf', 959.80, '/uploads/_e886f3af81.pdf', NULL, 'local', NULL, '/1', '2026-02-04 20:52:17.018000', '2026-02-04 20:52:17.018000', '2026-02-04 20:52:17.023000', NULL, NULL, NULL);
INSERT INTO `files` VALUES (15, 'jvv3mw5nornrcitpstikypz1', '个人总结报告-软件2302-朱子齐-2312190116.pdf', NULL, NULL, NULL, NULL, NULL, '2302_2312190116_aa96e9797d', '.pdf', 'application/pdf', 1664.66, '/uploads/2302_2312190116_aa96e9797d.pdf', NULL, 'local', NULL, '/1', '2026-02-04 20:52:17.092000', '2026-02-04 20:52:17.092000', '2026-02-04 20:52:17.092000', NULL, NULL, NULL);
INSERT INTO `files` VALUES (16, 'onjzhrsr30v9r9imvyv7ow9g', '部署文档.pdf', NULL, NULL, NULL, NULL, NULL, '_d082007381', '.pdf', 'application/pdf', 291.32, '/uploads/_d082007381.pdf', NULL, 'local', NULL, '/1', '2026-02-04 21:13:10.655000', '2026-02-04 21:13:10.655000', '2026-02-04 21:13:10.656000', NULL, NULL, NULL);

-- ----------------------------
-- Table structure for files_folder_lnk
-- ----------------------------
DROP TABLE IF EXISTS `files_folder_lnk`;
CREATE TABLE `files_folder_lnk`  (
  `id` int UNSIGNED NOT NULL AUTO_INCREMENT,
  `file_id` int UNSIGNED NULL DEFAULT NULL,
  `folder_id` int UNSIGNED NULL DEFAULT NULL,
  `file_ord` double UNSIGNED NULL DEFAULT NULL,
  PRIMARY KEY (`id`) USING BTREE,
  UNIQUE INDEX `files_folder_lnk_uq`(`file_id` ASC, `folder_id` ASC) USING BTREE,
  INDEX `files_folder_lnk_fk`(`file_id` ASC) USING BTREE,
  INDEX `files_folder_lnk_ifk`(`folder_id` ASC) USING BTREE,
  INDEX `files_folder_lnk_oifk`(`file_ord` ASC) USING BTREE,
  CONSTRAINT `files_folder_lnk_fk` FOREIGN KEY (`file_id`) REFERENCES `files` (`id`) ON DELETE CASCADE ON UPDATE RESTRICT,
  CONSTRAINT `files_folder_lnk_ifk` FOREIGN KEY (`folder_id`) REFERENCES `upload_folders` (`id`) ON DELETE CASCADE ON UPDATE RESTRICT
) ENGINE = InnoDB AUTO_INCREMENT = 17 CHARACTER SET = utf8mb3 COLLATE = utf8mb3_general_ci ROW_FORMAT = DYNAMIC;

-- ----------------------------
-- Records of files_folder_lnk
-- ----------------------------
INSERT INTO `files_folder_lnk` VALUES (1, 1, 1, 1);
INSERT INTO `files_folder_lnk` VALUES (2, 2, 1, 2);
INSERT INTO `files_folder_lnk` VALUES (3, 3, 1, 3);
INSERT INTO `files_folder_lnk` VALUES (4, 4, 1, 4);
INSERT INTO `files_folder_lnk` VALUES (5, 5, 1, 5);
INSERT INTO `files_folder_lnk` VALUES (6, 6, 1, 6);
INSERT INTO `files_folder_lnk` VALUES (7, 7, 1, 7);
INSERT INTO `files_folder_lnk` VALUES (8, 8, 1, 8);
INSERT INTO `files_folder_lnk` VALUES (9, 9, 1, 9);
INSERT INTO `files_folder_lnk` VALUES (10, 10, 1, 10);
INSERT INTO `files_folder_lnk` VALUES (11, 11, 1, 11);
INSERT INTO `files_folder_lnk` VALUES (12, 12, 1, 12);
INSERT INTO `files_folder_lnk` VALUES (13, 13, 1, 13);
INSERT INTO `files_folder_lnk` VALUES (14, 14, 1, 14);
INSERT INTO `files_folder_lnk` VALUES (15, 15, 1, 15);
INSERT INTO `files_folder_lnk` VALUES (16, 16, 1, 16);

-- ----------------------------
-- Table structure for files_related_mph
-- ----------------------------
DROP TABLE IF EXISTS `files_related_mph`;
CREATE TABLE `files_related_mph`  (
  `id` int UNSIGNED NOT NULL AUTO_INCREMENT,
  `file_id` int UNSIGNED NULL DEFAULT NULL,
  `related_id` int UNSIGNED NULL DEFAULT NULL,
  `related_type` varchar(255) CHARACTER SET utf8mb3 COLLATE utf8mb3_general_ci NULL DEFAULT NULL,
  `field` varchar(255) CHARACTER SET utf8mb3 COLLATE utf8mb3_general_ci NULL DEFAULT NULL,
  `order` double UNSIGNED NULL DEFAULT NULL,
  PRIMARY KEY (`id`) USING BTREE,
  INDEX `files_related_mph_fk`(`file_id` ASC) USING BTREE,
  INDEX `files_related_mph_oidx`(`order` ASC) USING BTREE,
  INDEX `files_related_mph_idix`(`related_id` ASC) USING BTREE,
  CONSTRAINT `files_related_mph_fk` FOREIGN KEY (`file_id`) REFERENCES `files` (`id`) ON DELETE CASCADE ON UPDATE RESTRICT
) ENGINE = InnoDB AUTO_INCREMENT = 33 CHARACTER SET = utf8mb3 COLLATE = utf8mb3_general_ci ROW_FORMAT = DYNAMIC;

-- ----------------------------
-- Records of files_related_mph
-- ----------------------------
INSERT INTO `files_related_mph` VALUES (1, 1, 1, 'api::achievement-file.achievement-file', 'files', 1);
INSERT INTO `files_related_mph` VALUES (2, 1, 2, 'api::achievement-file.achievement-file', 'files', 1);
INSERT INTO `files_related_mph` VALUES (3, 2, 3, 'api::achievement-file.achievement-file', 'files', 1);
INSERT INTO `files_related_mph` VALUES (4, 2, 4, 'api::achievement-file.achievement-file', 'files', 1);
INSERT INTO `files_related_mph` VALUES (5, 3, 5, 'api::achievement-file.achievement-file', 'files', 1);
INSERT INTO `files_related_mph` VALUES (6, 3, 6, 'api::achievement-file.achievement-file', 'files', 1);
INSERT INTO `files_related_mph` VALUES (7, 4, 7, 'api::achievement-file.achievement-file', 'files', 1);
INSERT INTO `files_related_mph` VALUES (8, 4, 8, 'api::achievement-file.achievement-file', 'files', 1);
INSERT INTO `files_related_mph` VALUES (9, 5, 9, 'api::achievement-file.achievement-file', 'files', 1);
INSERT INTO `files_related_mph` VALUES (10, 5, 10, 'api::achievement-file.achievement-file', 'files', 1);
INSERT INTO `files_related_mph` VALUES (11, 6, 11, 'api::achievement-file.achievement-file', 'files', 1);
INSERT INTO `files_related_mph` VALUES (12, 6, 12, 'api::achievement-file.achievement-file', 'files', 1);
INSERT INTO `files_related_mph` VALUES (13, 8, 13, 'api::achievement-file.achievement-file', 'files', 1);
INSERT INTO `files_related_mph` VALUES (14, 7, 13, 'api::achievement-file.achievement-file', 'files', 2);
INSERT INTO `files_related_mph` VALUES (15, 8, 14, 'api::achievement-file.achievement-file', 'files', 1);
INSERT INTO `files_related_mph` VALUES (16, 7, 14, 'api::achievement-file.achievement-file', 'files', 2);
INSERT INTO `files_related_mph` VALUES (17, 9, 15, 'api::achievement-file.achievement-file', 'files', 1);
INSERT INTO `files_related_mph` VALUES (18, 9, 16, 'api::achievement-file.achievement-file', 'files', 1);
INSERT INTO `files_related_mph` VALUES (19, 10, 17, 'api::achievement-file.achievement-file', 'files', 1);
INSERT INTO `files_related_mph` VALUES (21, 11, 19, 'api::achievement-file.achievement-file', 'files', 1);
INSERT INTO `files_related_mph` VALUES (23, 10, 21, 'api::achievement-file.achievement-file', 'files', 1);
INSERT INTO `files_related_mph` VALUES (24, 11, 22, 'api::achievement-file.achievement-file', 'files', 1);
INSERT INTO `files_related_mph` VALUES (25, 12, 23, 'api::achievement-file.achievement-file', 'files', 1);
INSERT INTO `files_related_mph` VALUES (26, 12, 24, 'api::achievement-file.achievement-file', 'files', 1);
INSERT INTO `files_related_mph` VALUES (27, 13, 25, 'api::achievement-file.achievement-file', 'files', 1);
INSERT INTO `files_related_mph` VALUES (28, 13, 26, 'api::achievement-file.achievement-file', 'files', 1);
INSERT INTO `files_related_mph` VALUES (29, 14, 27, 'api::achievement-file.achievement-file', 'files', 1);
INSERT INTO `files_related_mph` VALUES (30, 15, 27, 'api::achievement-file.achievement-file', 'files', 2);
INSERT INTO `files_related_mph` VALUES (31, 14, 28, 'api::achievement-file.achievement-file', 'files', 1);
INSERT INTO `files_related_mph` VALUES (32, 15, 28, 'api::achievement-file.achievement-file', 'files', 2);

-- ----------------------------
-- Table structure for globals
-- ----------------------------
DROP TABLE IF EXISTS `globals`;
CREATE TABLE `globals`  (
  `id` int UNSIGNED NOT NULL AUTO_INCREMENT,
  `document_id` varchar(255) CHARACTER SET utf8mb3 COLLATE utf8mb3_general_ci NULL DEFAULT NULL,
  `site_name` varchar(255) CHARACTER SET utf8mb3 COLLATE utf8mb3_general_ci NULL DEFAULT NULL,
  `site_description` longtext CHARACTER SET utf8mb3 COLLATE utf8mb3_general_ci NULL,
  `created_at` datetime(6) NULL DEFAULT NULL,
  `updated_at` datetime(6) NULL DEFAULT NULL,
  `published_at` datetime(6) NULL DEFAULT NULL,
  `created_by_id` int UNSIGNED NULL DEFAULT NULL,
  `updated_by_id` int UNSIGNED NULL DEFAULT NULL,
  `locale` varchar(255) CHARACTER SET utf8mb3 COLLATE utf8mb3_general_ci NULL DEFAULT NULL,
  PRIMARY KEY (`id`) USING BTREE,
  INDEX `globals_documents_idx`(`document_id` ASC, `locale` ASC, `published_at` ASC) USING BTREE,
  INDEX `globals_created_by_id_fk`(`created_by_id` ASC) USING BTREE,
  INDEX `globals_updated_by_id_fk`(`updated_by_id` ASC) USING BTREE,
  CONSTRAINT `globals_created_by_id_fk` FOREIGN KEY (`created_by_id`) REFERENCES `admin_users` (`id`) ON DELETE SET NULL ON UPDATE RESTRICT,
  CONSTRAINT `globals_updated_by_id_fk` FOREIGN KEY (`updated_by_id`) REFERENCES `admin_users` (`id`) ON DELETE SET NULL ON UPDATE RESTRICT
) ENGINE = InnoDB AUTO_INCREMENT = 1 CHARACTER SET = utf8mb3 COLLATE = utf8mb3_general_ci ROW_FORMAT = DYNAMIC;

-- ----------------------------
-- Records of globals
-- ----------------------------

-- ----------------------------
-- Table structure for globals_cmps
-- ----------------------------
DROP TABLE IF EXISTS `globals_cmps`;
CREATE TABLE `globals_cmps`  (
  `id` int UNSIGNED NOT NULL AUTO_INCREMENT,
  `entity_id` int UNSIGNED NULL DEFAULT NULL,
  `cmp_id` int UNSIGNED NULL DEFAULT NULL,
  `component_type` varchar(255) CHARACTER SET utf8mb3 COLLATE utf8mb3_general_ci NULL DEFAULT NULL,
  `field` varchar(255) CHARACTER SET utf8mb3 COLLATE utf8mb3_general_ci NULL DEFAULT NULL,
  `order` double UNSIGNED NULL DEFAULT NULL,
  PRIMARY KEY (`id`) USING BTREE,
  UNIQUE INDEX `globals_uq`(`entity_id` ASC, `cmp_id` ASC, `field` ASC, `component_type` ASC) USING BTREE,
  INDEX `globals_field_idx`(`field` ASC) USING BTREE,
  INDEX `globals_component_type_idx`(`component_type` ASC) USING BTREE,
  INDEX `globals_entity_fk`(`entity_id` ASC) USING BTREE,
  CONSTRAINT `globals_entity_fk` FOREIGN KEY (`entity_id`) REFERENCES `globals` (`id`) ON DELETE CASCADE ON UPDATE RESTRICT
) ENGINE = InnoDB AUTO_INCREMENT = 1 CHARACTER SET = utf8mb3 COLLATE = utf8mb3_general_ci ROW_FORMAT = DYNAMIC;

-- ----------------------------
-- Records of globals_cmps
-- ----------------------------

-- ----------------------------
-- Table structure for i18n_locale
-- ----------------------------
DROP TABLE IF EXISTS `i18n_locale`;
CREATE TABLE `i18n_locale`  (
  `id` int UNSIGNED NOT NULL AUTO_INCREMENT,
  `document_id` varchar(255) CHARACTER SET utf8mb3 COLLATE utf8mb3_general_ci NULL DEFAULT NULL,
  `name` varchar(255) CHARACTER SET utf8mb3 COLLATE utf8mb3_general_ci NULL DEFAULT NULL,
  `code` varchar(255) CHARACTER SET utf8mb3 COLLATE utf8mb3_general_ci NULL DEFAULT NULL,
  `created_at` datetime(6) NULL DEFAULT NULL,
  `updated_at` datetime(6) NULL DEFAULT NULL,
  `published_at` datetime(6) NULL DEFAULT NULL,
  `created_by_id` int UNSIGNED NULL DEFAULT NULL,
  `updated_by_id` int UNSIGNED NULL DEFAULT NULL,
  `locale` varchar(255) CHARACTER SET utf8mb3 COLLATE utf8mb3_general_ci NULL DEFAULT NULL,
  PRIMARY KEY (`id`) USING BTREE,
  INDEX `i18n_locale_documents_idx`(`document_id` ASC, `locale` ASC, `published_at` ASC) USING BTREE,
  INDEX `i18n_locale_created_by_id_fk`(`created_by_id` ASC) USING BTREE,
  INDEX `i18n_locale_updated_by_id_fk`(`updated_by_id` ASC) USING BTREE,
  CONSTRAINT `i18n_locale_created_by_id_fk` FOREIGN KEY (`created_by_id`) REFERENCES `admin_users` (`id`) ON DELETE SET NULL ON UPDATE RESTRICT,
  CONSTRAINT `i18n_locale_updated_by_id_fk` FOREIGN KEY (`updated_by_id`) REFERENCES `admin_users` (`id`) ON DELETE SET NULL ON UPDATE RESTRICT
) ENGINE = InnoDB AUTO_INCREMENT = 3 CHARACTER SET = utf8mb3 COLLATE = utf8mb3_general_ci ROW_FORMAT = DYNAMIC;

-- ----------------------------
-- Records of i18n_locale
-- ----------------------------
INSERT INTO `i18n_locale` VALUES (1, 'ffh9y6xrzqd6elyngm5di2lp', 'English (en)', 'en', '2025-10-20 14:31:34.416000', '2025-10-20 15:13:45.436000', '2025-10-20 14:31:34.416000', NULL, 1, NULL);
INSERT INTO `i18n_locale` VALUES (2, 'xf29k5qky4jspsqqts9emkez', 'Chinese (Simplified) (zh-Hans)', 'zh-Hans', '2025-10-20 14:59:59.591000', '2025-10-20 15:02:22.574000', '2025-10-20 14:59:59.591000', 1, 1, NULL);

-- ----------------------------
-- Table structure for process_api_logs
-- ----------------------------
DROP TABLE IF EXISTS `process_api_logs`;
CREATE TABLE `process_api_logs`  (
  `id` bigint NOT NULL AUTO_INCREMENT COMMENT '主键ID',
  `request_id` varchar(64) CHARACTER SET utf8mb4 COLLATE utf8mb4_0900_ai_ci NOT NULL COMMENT '请求ID',
  `api_key` varchar(64) CHARACTER SET utf8mb4 COLLATE utf8mb4_0900_ai_ci NOT NULL COMMENT 'API密钥',
  `method` varchar(10) CHARACTER SET utf8mb4 COLLATE utf8mb4_0900_ai_ci NOT NULL COMMENT 'HTTP方法',
  `url` varchar(500) CHARACTER SET utf8mb4 COLLATE utf8mb4_0900_ai_ci NOT NULL COMMENT '请求URL',
  `request_body` text CHARACTER SET utf8mb4 COLLATE utf8mb4_0900_ai_ci NULL COMMENT '请求体',
  `response_code` int NOT NULL COMMENT '响应状态码',
  `response_body` text CHARACTER SET utf8mb4 COLLATE utf8mb4_0900_ai_ci NULL COMMENT '响应体',
  `response_time` int NOT NULL COMMENT '响应时间(ms)',
  `client_ip` varchar(45) CHARACTER SET utf8mb4 COLLATE utf8mb4_0900_ai_ci NOT NULL COMMENT '客户端IP',
  `user_agent` varchar(500) CHARACTER SET utf8mb4 COLLATE utf8mb4_0900_ai_ci NULL DEFAULT NULL COMMENT 'User Agent',
  `request_headers` text CHARACTER SET utf8mb4 COLLATE utf8mb4_0900_ai_ci NULL COMMENT '请求头信息',
  `response_headers` text CHARACTER SET utf8mb4 COLLATE utf8mb4_0900_ai_ci NULL COMMENT '响应头信息',
  `error_message` text CHARACTER SET utf8mb4 COLLATE utf8mb4_0900_ai_ci NULL COMMENT '错误信息',
  `operation_type` varchar(50) CHARACTER SET utf8mb4 COLLATE utf8mb4_0900_ai_ci NULL DEFAULT NULL COMMENT '业务操作类型',
  `operation_result` varchar(20) CHARACTER SET utf8mb4 COLLATE utf8mb4_0900_ai_ci NULL DEFAULT NULL COMMENT '操作结果 - success/failed',
  `created_at` datetime NOT NULL DEFAULT CURRENT_TIMESTAMP COMMENT '创建时间',
  PRIMARY KEY (`id`) USING BTREE,
  INDEX `idx_api_key`(`api_key` ASC) USING BTREE,
  INDEX `idx_created_at`(`created_at` ASC) USING BTREE,
  INDEX `idx_response_code`(`response_code` ASC) USING BTREE,
  INDEX `idx_request_id`(`request_id` ASC) USING BTREE,
  INDEX `idx_operation_type`(`operation_type` ASC) USING BTREE,
  INDEX `idx_operation_result`(`operation_result` ASC) USING BTREE
) ENGINE = InnoDB CHARACTER SET = utf8mb4 COLLATE = utf8mb4_0900_ai_ci COMMENT = '过程系统API访问日志表' ROW_FORMAT = DYNAMIC;

-- ----------------------------
-- Records of process_api_logs
-- ----------------------------

-- ----------------------------
-- Table structure for process_submission_files
-- ----------------------------
DROP TABLE IF EXISTS `process_submission_files`;
CREATE TABLE `process_submission_files`  (
  `file_id` varchar(200) CHARACTER SET utf8mb4 COLLATE utf8mb4_0900_ai_ci NOT NULL COMMENT '文件唯一标识',
  `submission_id` bigint NOT NULL COMMENT '关联的提交物ID',
  `file_name` varchar(200) CHARACTER SET utf8mb4 COLLATE utf8mb4_0900_ai_ci NOT NULL COMMENT '文件名称',
  `original_name` varchar(200) CHARACTER SET utf8mb4 COLLATE utf8mb4_0900_ai_ci NULL DEFAULT NULL COMMENT '文件原始名称',
  `file_size` bigint NULL DEFAULT NULL COMMENT '文件大小(字节)',
  `file_type` varchar(50) CHARACTER SET utf8mb4 COLLATE utf8mb4_0900_ai_ci NULL DEFAULT NULL COMMENT '文件类型/扩展名',
  `mime_type` varchar(100) CHARACTER SET utf8mb4 COLLATE utf8mb4_0900_ai_ci NULL DEFAULT NULL COMMENT 'MIME类型',
  `file_path` varchar(500) CHARACTER SET utf8mb4 COLLATE utf8mb4_0900_ai_ci NULL DEFAULT NULL COMMENT '文件存储路径',
  `file_url` varchar(500) CHARACTER SET utf8mb4 COLLATE utf8mb4_0900_ai_ci NULL DEFAULT NULL COMMENT '文件访问URL',
  `file_category` varchar(30) CHARACTER SET utf8mb4 COLLATE utf8mb4_0900_ai_ci NULL DEFAULT NULL COMMENT '文件分类 - proposal/attachment',
  `file_description` text CHARACTER SET utf8mb4 COLLATE utf8mb4_0900_ai_ci NULL COMMENT '文件描述',
  `file_md5` varchar(32) CHARACTER SET utf8mb4 COLLATE utf8mb4_0900_ai_ci NULL DEFAULT NULL COMMENT '文件MD5校验值',
  `storage_status` varchar(20) CHARACTER SET utf8mb4 COLLATE utf8mb4_0900_ai_ci NULL DEFAULT 'uploaded' COMMENT '存储状态 - uploaded/processing/completed/failed',
  `uploader_id` varchar(64) CHARACTER SET utf8mb4 COLLATE utf8mb4_0900_ai_ci NOT NULL COMMENT '上传者用户ID',
  `uploader_name` varchar(100) CHARACTER SET utf8mb4 COLLATE utf8mb4_0900_ai_ci NOT NULL COMMENT '上传者名称',
  `upload_time` datetime NOT NULL COMMENT '上传时间',
  `create_by` varchar(64) CHARACTER SET utf8mb4 COLLATE utf8mb4_0900_ai_ci NULL DEFAULT NULL COMMENT '创建者ID',
  `create_time` datetime NOT NULL DEFAULT CURRENT_TIMESTAMP COMMENT '创建时间',
  `update_by` varchar(64) CHARACTER SET utf8mb4 COLLATE utf8mb4_0900_ai_ci NULL DEFAULT NULL COMMENT '更新者ID',
  `update_time` datetime NOT NULL DEFAULT CURRENT_TIMESTAMP ON UPDATE CURRENT_TIMESTAMP COMMENT '更新时间',
  `del_flag` char(1) CHARACTER SET utf8mb4 COLLATE utf8mb4_0900_ai_ci NOT NULL DEFAULT '0' COMMENT '删除标志',
  `remark` varchar(500) CHARACTER SET utf8mb4 COLLATE utf8mb4_0900_ai_ci NULL DEFAULT NULL COMMENT '备注',
  PRIMARY KEY (`file_id`) USING BTREE,
  INDEX `idx_submission_id`(`submission_id` ASC) USING BTREE,
  INDEX `idx_file_category`(`file_category` ASC) USING BTREE,
  INDEX `idx_upload_time`(`upload_time` ASC) USING BTREE,
  INDEX `idx_storage_status`(`storage_status` ASC) USING BTREE,
  CONSTRAINT `process_submission_files_ibfk_1` FOREIGN KEY (`submission_id`) REFERENCES `process_submissions` (`submission_id`) ON DELETE CASCADE ON UPDATE RESTRICT
) ENGINE = InnoDB CHARACTER SET = utf8mb4 COLLATE = utf8mb4_0900_ai_ci COMMENT = '过程系统提交物文件表' ROW_FORMAT = DYNAMIC;

-- ----------------------------
-- Records of process_submission_files
-- ----------------------------

-- ----------------------------
-- Table structure for process_submissions
-- ----------------------------
DROP TABLE IF EXISTS `process_submissions`;
CREATE TABLE `process_submissions`  (
  `submission_id` bigint NOT NULL COMMENT '提交物唯一标识',
  `application_id` bigint NOT NULL COMMENT '外键 - 关联申报记录',
  `submission_type` varchar(30) CHARACTER SET utf8mb4 COLLATE utf8mb4_0900_ai_ci NOT NULL COMMENT '提交物类型 - proposal/application_attachment',
  `submission_stage` varchar(30) CHARACTER SET utf8mb4 COLLATE utf8mb4_0900_ai_ci NOT NULL COMMENT '提交阶段 - application',
  `submission_round` int NOT NULL DEFAULT 1 COMMENT '提交轮次',
  `submission_version` int NOT NULL DEFAULT 1 COMMENT '版本号',
  `project_name` varchar(200) CHARACTER SET utf8mb4 COLLATE utf8mb4_0900_ai_ci NOT NULL COMMENT '项目名称',
  `project_field` varchar(100) CHARACTER SET utf8mb4 COLLATE utf8mb4_0900_ai_ci NULL DEFAULT NULL COMMENT '项目所属领域',
  `category_level` varchar(20) CHARACTER SET utf8mb4 COLLATE utf8mb4_0900_ai_ci NOT NULL COMMENT '类别级别 - 重点/一般',
  `category_specific` varchar(100) CHARACTER SET utf8mb4 COLLATE utf8mb4_0900_ai_ci NOT NULL COMMENT '具体分类',
  `research_period` int NULL DEFAULT NULL COMMENT '研究周期(月)',
  `project_keywords` varchar(500) CHARACTER SET utf8mb4 COLLATE utf8mb4_0900_ai_ci NULL DEFAULT NULL COMMENT '项目关键词',
  `project_description` text CHARACTER SET utf8mb4 COLLATE utf8mb4_0900_ai_ci NOT NULL COMMENT '项目描述',
  `expected_results` text CHARACTER SET utf8mb4 COLLATE utf8mb4_0900_ai_ci NULL COMMENT '预期成果',
  `willing_adjust` char(1) CHARACTER SET utf8mb4 COLLATE utf8mb4_0900_ai_ci NULL DEFAULT NULL COMMENT '是否愿意调整为一般项目',
  `applicant_name` varchar(100) CHARACTER SET utf8mb4 COLLATE utf8mb4_0900_ai_ci NOT NULL COMMENT '负责人姓名',
  `id_card` varchar(30) CHARACTER SET utf8mb4 COLLATE utf8mb4_0900_ai_ci NULL DEFAULT NULL COMMENT '证件号码',
  `education_degree` varchar(50) CHARACTER SET utf8mb4 COLLATE utf8mb4_0900_ai_ci NULL DEFAULT NULL COMMENT '学历学位',
  `technical_title` varchar(50) CHARACTER SET utf8mb4 COLLATE utf8mb4_0900_ai_ci NULL DEFAULT NULL COMMENT '技术职称',
  `email` varchar(100) CHARACTER SET utf8mb4 COLLATE utf8mb4_0900_ai_ci NULL DEFAULT NULL COMMENT '邮箱',
  `phone` varchar(20) CHARACTER SET utf8mb4 COLLATE utf8mb4_0900_ai_ci NOT NULL COMMENT '联系电话',
  `work_unit` varchar(200) CHARACTER SET utf8mb4 COLLATE utf8mb4_0900_ai_ci NULL DEFAULT NULL COMMENT '工作单位',
  `unit_address` varchar(300) CHARACTER SET utf8mb4 COLLATE utf8mb4_0900_ai_ci NULL DEFAULT NULL COMMENT '单位地址',
  `representative_achievements` text CHARACTER SET utf8mb4 COLLATE utf8mb4_0900_ai_ci NULL COMMENT '申报人代表成果',
  `proposal_file_id` varchar(200) CHARACTER SET utf8mb4 COLLATE utf8mb4_0900_ai_ci NOT NULL COMMENT '申报书文件ID',
  `proposal_file_name` varchar(200) CHARACTER SET utf8mb4 COLLATE utf8mb4_0900_ai_ci NOT NULL COMMENT '申报书文件名称',
  `proposal_file_size` bigint NULL DEFAULT NULL COMMENT '申报书文件大小(字节)',
  `proposal_file_type` varchar(50) CHARACTER SET utf8mb4 COLLATE utf8mb4_0900_ai_ci NULL DEFAULT NULL COMMENT '文件类型',
  `proposal_file_url` varchar(500) CHARACTER SET utf8mb4 COLLATE utf8mb4_0900_ai_ci NULL DEFAULT NULL COMMENT '申报书访问路径',
  `other_attachments_json` text CHARACTER SET utf8mb4 COLLATE utf8mb4_0900_ai_ci NULL COMMENT '其他附件列表(JSON格式)',
  `uploader_id` varchar(64) CHARACTER SET utf8mb4 COLLATE utf8mb4_0900_ai_ci NOT NULL COMMENT '上传者用户ID',
  `uploader_name` varchar(100) CHARACTER SET utf8mb4 COLLATE utf8mb4_0900_ai_ci NOT NULL COMMENT '上传者名称',
  `upload_time` datetime NOT NULL COMMENT '上传时间',
  `submission_description` text CHARACTER SET utf8mb4 COLLATE utf8mb4_0900_ai_ci NULL COMMENT '提交物备注说明',
  `create_by` varchar(64) CHARACTER SET utf8mb4 COLLATE utf8mb4_0900_ai_ci NULL DEFAULT NULL COMMENT '创建者ID',
  `create_time` datetime NOT NULL DEFAULT CURRENT_TIMESTAMP COMMENT '创建时间',
  `update_by` varchar(64) CHARACTER SET utf8mb4 COLLATE utf8mb4_0900_ai_ci NULL DEFAULT NULL COMMENT '更新者ID',
  `update_time` datetime NOT NULL DEFAULT CURRENT_TIMESTAMP ON UPDATE CURRENT_TIMESTAMP COMMENT '更新时间',
  `del_flag` char(1) CHARACTER SET utf8mb4 COLLATE utf8mb4_0900_ai_ci NOT NULL DEFAULT '0' COMMENT '删除标志',
  `remark` varchar(500) CHARACTER SET utf8mb4 COLLATE utf8mb4_0900_ai_ci NULL DEFAULT NULL COMMENT '备注',
  `sync_time` datetime NOT NULL DEFAULT CURRENT_TIMESTAMP COMMENT '同步时间',
  PRIMARY KEY (`submission_id`) USING BTREE,
  INDEX `idx_application_id`(`application_id` ASC) USING BTREE,
  INDEX `idx_project_name`(`project_name` ASC) USING BTREE,
  INDEX `idx_applicant_name`(`applicant_name` ASC) USING BTREE,
  INDEX `idx_upload_time`(`upload_time` ASC) USING BTREE,
  INDEX `idx_submission_type`(`submission_type` ASC) USING BTREE,
  INDEX `idx_category_level`(`category_level` ASC) USING BTREE,
  INDEX `idx_sync_time`(`sync_time` ASC) USING BTREE,
  INDEX `idx_interim_results_type`(`del_flag` ASC, `submission_type` ASC) USING BTREE,
  INDEX `idx_interim_results_upload_time`(`del_flag` ASC, `upload_time` ASC) USING BTREE,
  INDEX `idx_interim_results_category`(`del_flag` ASC, `category_level` ASC) USING BTREE,
  INDEX `idx_interim_results_field`(`del_flag` ASC, `project_field` ASC) USING BTREE,
  INDEX `idx_interim_results_submitter`(`del_flag` ASC, `applicant_name` ASC) USING BTREE,
  INDEX `idx_interim_results_project_id`(`del_flag` ASC, `application_id` ASC) USING BTREE
) ENGINE = InnoDB CHARACTER SET = utf8mb4 COLLATE = utf8mb4_0900_ai_ci COMMENT = '过程系统项目提交物表' ROW_FORMAT = DYNAMIC;

-- ----------------------------
-- Records of process_submissions
-- ----------------------------

-- ----------------------------
-- Table structure for project_submission_contract
-- ----------------------------
DROP TABLE IF EXISTS `project_submission_contract`;
CREATE TABLE `project_submission_contract`  (
  `submission_id` bigint NOT NULL COMMENT '提交物唯一标识',
  `application_id` bigint NOT NULL COMMENT '外键 - 关联申报记录',
  `submission_type` varchar(30) CHARACTER SET utf8mb4 COLLATE utf8mb4_0900_ai_ci NOT NULL DEFAULT 'signed_contract' COMMENT '提交物类型 - signed_contract',
  `project_name` varchar(200) CHARACTER SET utf8mb4 COLLATE utf8mb4_0900_ai_ci NOT NULL COMMENT '项目名称',
  `applicant_name` varchar(100) CHARACTER SET utf8mb4 COLLATE utf8mb4_0900_ai_ci NOT NULL COMMENT '负责人名称',
  `signed_contract_file_id` varchar(200) CHARACTER SET utf8mb4 COLLATE utf8mb4_0900_ai_ci NULL DEFAULT NULL COMMENT '已签署合同文件ID',
  `signed_contract_file_name` varchar(200) CHARACTER SET utf8mb4 COLLATE utf8mb4_0900_ai_ci NULL DEFAULT NULL COMMENT '已签署合同文件名称',
  `signed_contract_file_size` bigint NULL DEFAULT NULL COMMENT '已签署合同文件大小(字节)',
  `signed_contract_file_type` varchar(50) CHARACTER SET utf8mb4 COLLATE utf8mb4_0900_ai_ci NULL DEFAULT NULL COMMENT '文件类型',
  `signed_contract_file_url` varchar(500) CHARACTER SET utf8mb4 COLLATE utf8mb4_0900_ai_ci NULL DEFAULT NULL COMMENT '已签署合同访问路径',
  `contract_remarks` text CHARACTER SET utf8mb4 COLLATE utf8mb4_0900_ai_ci NULL COMMENT '合同备注',
  `upload_time` datetime NOT NULL DEFAULT CURRENT_TIMESTAMP COMMENT '上传时间',
  `create_time` datetime NOT NULL DEFAULT CURRENT_TIMESTAMP COMMENT '创建时间',
  `update_time` datetime NOT NULL DEFAULT CURRENT_TIMESTAMP ON UPDATE CURRENT_TIMESTAMP COMMENT '更新时间',
  `del_flag` char(1) CHARACTER SET utf8mb4 COLLATE utf8mb4_0900_ai_ci NOT NULL DEFAULT '0' COMMENT '删除标志',
  `remark` varchar(500) CHARACTER SET utf8mb4 COLLATE utf8mb4_0900_ai_ci NULL DEFAULT NULL COMMENT '备注',
  PRIMARY KEY (`submission_id`) USING BTREE,
  INDEX `idx_contract_application_id`(`application_id` ASC) USING BTREE,
  INDEX `idx_contract_project_name`(`project_name` ASC) USING BTREE,
  INDEX `idx_contract_upload_time`(`upload_time` ASC) USING BTREE
) ENGINE = InnoDB CHARACTER SET = utf8mb4 COLLATE = utf8mb4_0900_ai_ci COMMENT = '合同提交表' ROW_FORMAT = DYNAMIC;

-- ----------------------------
-- Records of project_submission_contract
-- ----------------------------

-- ----------------------------
-- Table structure for project_submission_deliverable
-- ----------------------------
DROP TABLE IF EXISTS `project_submission_deliverable`;
CREATE TABLE `project_submission_deliverable`  (
  `submission_id` bigint NOT NULL COMMENT '提交物唯一标识',
  `application_id` bigint NOT NULL COMMENT '外键 - 关联申报记录',
  `check_id` bigint NOT NULL COMMENT '外键 - 关联检查记录',
  `submission_type` varchar(30) CHARACTER SET utf8mb4 COLLATE utf8mb4_0900_ai_ci NOT NULL DEFAULT 'deliverable_report' COMMENT '提交物类型 - deliverable_report',
  `project_name` varchar(200) CHARACTER SET utf8mb4 COLLATE utf8mb4_0900_ai_ci NOT NULL COMMENT '项目名称',
  `applicant_name` varchar(100) CHARACTER SET utf8mb4 COLLATE utf8mb4_0900_ai_ci NOT NULL COMMENT '负责人姓名',
  `check_round` int NOT NULL COMMENT '检查轮次',
  `check_title` varchar(200) CHARACTER SET utf8mb4 COLLATE utf8mb4_0900_ai_ci NULL DEFAULT NULL COMMENT '验收轮次名称',
  `check_content` text CHARACTER SET utf8mb4 COLLATE utf8mb4_0900_ai_ci NULL COMMENT '验收成果物要求描述',
  `deliverable_description` text CHARACTER SET utf8mb4 COLLATE utf8mb4_0900_ai_ci NULL COMMENT '成果物描述',
  `project_progress` text CHARACTER SET utf8mb4 COLLATE utf8mb4_0900_ai_ci NOT NULL COMMENT '项目进展描述',
  `major_achievements` text CHARACTER SET utf8mb4 COLLATE utf8mb4_0900_ai_ci NOT NULL COMMENT '主要成果描述',
  `problems_encountered` text CHARACTER SET utf8mb4 COLLATE utf8mb4_0900_ai_ci NULL COMMENT '遇到的问题',
  `solutions` text CHARACTER SET utf8mb4 COLLATE utf8mb4_0900_ai_ci NULL COMMENT '解决方案与措施',
  `deliverable_file_id` varchar(200) CHARACTER SET utf8mb4 COLLATE utf8mb4_0900_ai_ci NULL DEFAULT NULL COMMENT '成果物文件ID',
  `deliverable_file_name` varchar(200) CHARACTER SET utf8mb4 COLLATE utf8mb4_0900_ai_ci NULL DEFAULT NULL COMMENT '成果物文件名称',
  `deliverable_file_size` bigint NULL DEFAULT NULL COMMENT '成果物文件大小(字节)',
  `deliverable_file_type` varchar(50) CHARACTER SET utf8mb4 COLLATE utf8mb4_0900_ai_ci NULL DEFAULT NULL COMMENT '文件类型',
  `deliverable_file_url` varchar(500) CHARACTER SET utf8mb4 COLLATE utf8mb4_0900_ai_ci NULL DEFAULT NULL COMMENT '成果物访问路径',
  `inspection_report_file_id` varchar(200) CHARACTER SET utf8mb4 COLLATE utf8mb4_0900_ai_ci NULL DEFAULT NULL COMMENT '验收报告文件ID',
  `inspection_report_file_name` varchar(200) CHARACTER SET utf8mb4 COLLATE utf8mb4_0900_ai_ci NULL DEFAULT NULL COMMENT '验收报告文件名称',
  `inspection_report_file_size` bigint NULL DEFAULT NULL COMMENT '验收报告文件大小(字节)',
  `inspection_report_file_type` varchar(50) CHARACTER SET utf8mb4 COLLATE utf8mb4_0900_ai_ci NULL DEFAULT NULL COMMENT '文件类型',
  `inspection_report_file_url` varchar(500) CHARACTER SET utf8mb4 COLLATE utf8mb4_0900_ai_ci NULL DEFAULT NULL COMMENT '验收报告访问路径',
  `upload_time` datetime NOT NULL DEFAULT CURRENT_TIMESTAMP COMMENT '上传时间',
  `create_time` datetime NOT NULL DEFAULT CURRENT_TIMESTAMP COMMENT '创建时间',
  `update_time` datetime NOT NULL DEFAULT CURRENT_TIMESTAMP ON UPDATE CURRENT_TIMESTAMP COMMENT '更新时间',
  `del_flag` char(1) CHARACTER SET utf8mb4 COLLATE utf8mb4_0900_ai_ci NOT NULL DEFAULT '0' COMMENT '删除标志',
  `remark` varchar(500) CHARACTER SET utf8mb4 COLLATE utf8mb4_0900_ai_ci NULL DEFAULT NULL COMMENT '备注',
  PRIMARY KEY (`submission_id`) USING BTREE,
  INDEX `idx_deliverable_application_id`(`application_id` ASC) USING BTREE,
  INDEX `idx_deliverable_check_id`(`check_id` ASC) USING BTREE,
  INDEX `idx_deliverable_project_name`(`project_name` ASC) USING BTREE,
  INDEX `idx_deliverable_upload_time`(`upload_time` ASC) USING BTREE
) ENGINE = InnoDB CHARACTER SET = utf8mb4 COLLATE = utf8mb4_0900_ai_ci COMMENT = '成果物提交表' ROW_FORMAT = DYNAMIC;

-- ----------------------------
-- Records of project_submission_deliverable
-- ----------------------------

-- ----------------------------
-- Table structure for project_submission_demo_contract
-- ----------------------------
DROP TABLE IF EXISTS `project_submission_demo_contract`;
CREATE TABLE `project_submission_demo_contract`  (
  `submission_id` bigint NOT NULL COMMENT '提交物唯一标识',
  `application_id` bigint NOT NULL COMMENT '外键 - 关联申报记录',
  `submission_type` varchar(30) CHARACTER SET utf8mb4 COLLATE utf8mb4_0900_ai_ci NOT NULL DEFAULT 'contract_template' COMMENT '提交物类型 - contract_template',
  `project_name` varchar(200) CHARACTER SET utf8mb4 COLLATE utf8mb4_0900_ai_ci NOT NULL COMMENT '项目名称',
  `applicant_name` varchar(100) CHARACTER SET utf8mb4 COLLATE utf8mb4_0900_ai_ci NOT NULL COMMENT '负责人名称',
  `contract_template_file_id` varchar(200) CHARACTER SET utf8mb4 COLLATE utf8mb4_0900_ai_ci NULL DEFAULT NULL COMMENT '合同模板文件ID',
  `contract_template_file_name` varchar(200) CHARACTER SET utf8mb4 COLLATE utf8mb4_0900_ai_ci NULL DEFAULT NULL COMMENT '合同模板文件名称',
  `contract_template_file_size` bigint NULL DEFAULT NULL COMMENT '合同模板文件大小(字节)',
  `contract_template_file_type` varchar(50) CHARACTER SET utf8mb4 COLLATE utf8mb4_0900_ai_ci NULL DEFAULT NULL COMMENT '文件类型',
  `contract_template_file_url` varchar(500) CHARACTER SET utf8mb4 COLLATE utf8mb4_0900_ai_ci NULL DEFAULT NULL COMMENT '合同模板访问路径',
  `upload_time` datetime NOT NULL DEFAULT CURRENT_TIMESTAMP COMMENT '上传时间',
  `create_time` datetime NOT NULL DEFAULT CURRENT_TIMESTAMP COMMENT '创建时间',
  `update_time` datetime NOT NULL DEFAULT CURRENT_TIMESTAMP ON UPDATE CURRENT_TIMESTAMP COMMENT '更新时间',
  `del_flag` char(1) CHARACTER SET utf8mb4 COLLATE utf8mb4_0900_ai_ci NOT NULL DEFAULT '0' COMMENT '删除标志',
  `remark` varchar(500) CHARACTER SET utf8mb4 COLLATE utf8mb4_0900_ai_ci NULL DEFAULT NULL COMMENT '备注',
  PRIMARY KEY (`submission_id`) USING BTREE,
  INDEX `idx_demo_contract_application_id`(`application_id` ASC) USING BTREE,
  INDEX `idx_demo_contract_project_name`(`project_name` ASC) USING BTREE,
  INDEX `idx_demo_contract_upload_time`(`upload_time` ASC) USING BTREE
) ENGINE = InnoDB CHARACTER SET = utf8mb4 COLLATE = utf8mb4_0900_ai_ci COMMENT = '合同模板表' ROW_FORMAT = DYNAMIC;

-- ----------------------------
-- Records of project_submission_demo_contract
-- ----------------------------

-- ----------------------------
-- Table structure for strapi_ai_localization_jobs
-- ----------------------------
DROP TABLE IF EXISTS `strapi_ai_localization_jobs`;
CREATE TABLE `strapi_ai_localization_jobs`  (
  `id` int UNSIGNED NOT NULL AUTO_INCREMENT,
  `content_type` varchar(255) CHARACTER SET utf8mb4 COLLATE utf8mb4_0900_ai_ci NOT NULL,
  `related_document_id` varchar(255) CHARACTER SET utf8mb4 COLLATE utf8mb4_0900_ai_ci NOT NULL,
  `source_locale` varchar(255) CHARACTER SET utf8mb4 COLLATE utf8mb4_0900_ai_ci NOT NULL,
  `target_locales` json NOT NULL,
  `status` varchar(255) CHARACTER SET utf8mb4 COLLATE utf8mb4_0900_ai_ci NOT NULL,
  `created_at` datetime(6) NULL DEFAULT NULL,
  `updated_at` datetime(6) NULL DEFAULT NULL,
  PRIMARY KEY (`id`) USING BTREE
) ENGINE = InnoDB CHARACTER SET = utf8mb4 COLLATE = utf8mb4_0900_ai_ci ROW_FORMAT = DYNAMIC;

-- ----------------------------
-- Records of strapi_ai_localization_jobs
-- ----------------------------

-- ----------------------------
-- Table structure for strapi_api_token_permissions
-- ----------------------------
DROP TABLE IF EXISTS `strapi_api_token_permissions`;
CREATE TABLE `strapi_api_token_permissions`  (
  `id` int UNSIGNED NOT NULL AUTO_INCREMENT,
  `document_id` varchar(255) CHARACTER SET utf8mb3 COLLATE utf8mb3_general_ci NULL DEFAULT NULL,
  `action` varchar(255) CHARACTER SET utf8mb3 COLLATE utf8mb3_general_ci NULL DEFAULT NULL,
  `created_at` datetime(6) NULL DEFAULT NULL,
  `updated_at` datetime(6) NULL DEFAULT NULL,
  `published_at` datetime(6) NULL DEFAULT NULL,
  `created_by_id` int UNSIGNED NULL DEFAULT NULL,
  `updated_by_id` int UNSIGNED NULL DEFAULT NULL,
  `locale` varchar(255) CHARACTER SET utf8mb3 COLLATE utf8mb3_general_ci NULL DEFAULT NULL,
  PRIMARY KEY (`id`) USING BTREE,
  INDEX `strapi_api_token_permissions_documents_idx`(`document_id` ASC, `locale` ASC, `published_at` ASC) USING BTREE,
  INDEX `strapi_api_token_permissions_created_by_id_fk`(`created_by_id` ASC) USING BTREE,
  INDEX `strapi_api_token_permissions_updated_by_id_fk`(`updated_by_id` ASC) USING BTREE,
  CONSTRAINT `strapi_api_token_permissions_created_by_id_fk` FOREIGN KEY (`created_by_id`) REFERENCES `admin_users` (`id`) ON DELETE SET NULL ON UPDATE RESTRICT,
  CONSTRAINT `strapi_api_token_permissions_updated_by_id_fk` FOREIGN KEY (`updated_by_id`) REFERENCES `admin_users` (`id`) ON DELETE SET NULL ON UPDATE RESTRICT
) ENGINE = InnoDB AUTO_INCREMENT = 1 CHARACTER SET = utf8mb3 COLLATE = utf8mb3_general_ci ROW_FORMAT = DYNAMIC;

-- ----------------------------
-- Records of strapi_api_token_permissions
-- ----------------------------

-- ----------------------------
-- Table structure for strapi_api_token_permissions_token_lnk
-- ----------------------------
DROP TABLE IF EXISTS `strapi_api_token_permissions_token_lnk`;
CREATE TABLE `strapi_api_token_permissions_token_lnk`  (
  `id` int UNSIGNED NOT NULL AUTO_INCREMENT,
  `api_token_permission_id` int UNSIGNED NULL DEFAULT NULL,
  `api_token_id` int UNSIGNED NULL DEFAULT NULL,
  `api_token_permission_ord` double UNSIGNED NULL DEFAULT NULL,
  PRIMARY KEY (`id`) USING BTREE,
  UNIQUE INDEX `strapi_api_token_permissions_token_lnk_uq`(`api_token_permission_id` ASC, `api_token_id` ASC) USING BTREE,
  INDEX `strapi_api_token_permissions_token_lnk_fk`(`api_token_permission_id` ASC) USING BTREE,
  INDEX `strapi_api_token_permissions_token_lnk_ifk`(`api_token_id` ASC) USING BTREE,
  INDEX `strapi_api_token_permissions_token_lnk_oifk`(`api_token_permission_ord` ASC) USING BTREE,
  CONSTRAINT `strapi_api_token_permissions_token_lnk_fk` FOREIGN KEY (`api_token_permission_id`) REFERENCES `strapi_api_token_permissions` (`id`) ON DELETE CASCADE ON UPDATE RESTRICT,
  CONSTRAINT `strapi_api_token_permissions_token_lnk_ifk` FOREIGN KEY (`api_token_id`) REFERENCES `strapi_api_tokens` (`id`) ON DELETE CASCADE ON UPDATE RESTRICT
) ENGINE = InnoDB AUTO_INCREMENT = 1 CHARACTER SET = utf8mb3 COLLATE = utf8mb3_general_ci ROW_FORMAT = DYNAMIC;

-- ----------------------------
-- Records of strapi_api_token_permissions_token_lnk
-- ----------------------------

-- ----------------------------
-- Table structure for strapi_api_tokens
-- ----------------------------
DROP TABLE IF EXISTS `strapi_api_tokens`;
CREATE TABLE `strapi_api_tokens`  (
  `id` int UNSIGNED NOT NULL AUTO_INCREMENT,
  `document_id` varchar(255) CHARACTER SET utf8mb3 COLLATE utf8mb3_general_ci NULL DEFAULT NULL,
  `name` varchar(255) CHARACTER SET utf8mb3 COLLATE utf8mb3_general_ci NULL DEFAULT NULL,
  `description` varchar(255) CHARACTER SET utf8mb3 COLLATE utf8mb3_general_ci NULL DEFAULT NULL,
  `type` varchar(255) CHARACTER SET utf8mb3 COLLATE utf8mb3_general_ci NULL DEFAULT NULL,
  `access_key` varchar(255) CHARACTER SET utf8mb3 COLLATE utf8mb3_general_ci NULL DEFAULT NULL,
  `encrypted_key` longtext CHARACTER SET utf8mb3 COLLATE utf8mb3_general_ci NULL,
  `last_used_at` datetime(6) NULL DEFAULT NULL,
  `expires_at` datetime(6) NULL DEFAULT NULL,
  `lifespan` bigint NULL DEFAULT NULL,
  `created_at` datetime(6) NULL DEFAULT NULL,
  `updated_at` datetime(6) NULL DEFAULT NULL,
  `published_at` datetime(6) NULL DEFAULT NULL,
  `created_by_id` int UNSIGNED NULL DEFAULT NULL,
  `updated_by_id` int UNSIGNED NULL DEFAULT NULL,
  `locale` varchar(255) CHARACTER SET utf8mb3 COLLATE utf8mb3_general_ci NULL DEFAULT NULL,
  PRIMARY KEY (`id`) USING BTREE,
  INDEX `strapi_api_tokens_documents_idx`(`document_id` ASC, `locale` ASC, `published_at` ASC) USING BTREE,
  INDEX `strapi_api_tokens_created_by_id_fk`(`created_by_id` ASC) USING BTREE,
  INDEX `strapi_api_tokens_updated_by_id_fk`(`updated_by_id` ASC) USING BTREE,
  CONSTRAINT `strapi_api_tokens_created_by_id_fk` FOREIGN KEY (`created_by_id`) REFERENCES `admin_users` (`id`) ON DELETE SET NULL ON UPDATE RESTRICT,
  CONSTRAINT `strapi_api_tokens_updated_by_id_fk` FOREIGN KEY (`updated_by_id`) REFERENCES `admin_users` (`id`) ON DELETE SET NULL ON UPDATE RESTRICT
) ENGINE = InnoDB AUTO_INCREMENT = 6 CHARACTER SET = utf8mb3 COLLATE = utf8mb3_general_ci ROW_FORMAT = DYNAMIC;

-- ----------------------------
-- Records of strapi_api_tokens
-- ----------------------------
INSERT INTO `strapi_api_tokens` VALUES (1, 'o0m3ilbveiav8slt8xkkycar', 'Read Only', 'A default API token with read-only permissions, only used for accessing resources', 'read-only', 'e31c2a13acaf7f0a22cb0ac8e434c179921a51c60392aa2896ff90dd44c5353a9df5eb03ab7daad2e0f916b101eada73d42a847d46b483884e9ebe53d57ff96d', 'v1:3c8d99f8cfab3c800b8819170bb92645:0bb29446a82103589b0816d2ad986b0445538613a3c12ec0fcde779ea7a3226f475c55ed3d7cd24158ab3e8534b3e49ae1c574da1e6f89b69eebe6244455a0bffb754007761af2335dfac684d297e112090d7db34cce6f61569da052733a9fdeb6bfef5a5447bcac6c3ca40422f675114ff1bebe22d28139c08336bb734352bba6cf13b90322c90f834558ce3906ae217046c3f23ea0744e133c0c4f14576c56f0e9a71221fc670a534235801f45bef6cdbc227515017333c190f726124c4c06e043012eeb94d59adf3e4e3a6c4bcb176b5599285d6370b1a00d45957da333fdd1cf796e0fca21d9d6c73360deedeaf5ddb1044d679a94ff9506bdd43bbae12b:390fff1a13ef3cb26afb93e5f2eefa67', NULL, NULL, NULL, '2025-10-20 14:31:35.418000', '2025-10-20 14:31:35.418000', '2025-10-20 14:31:35.418000', NULL, NULL, NULL);
INSERT INTO `strapi_api_tokens` VALUES (2, 'ecavb3y1n53cam2pldvv6y5y', 'Full Access', 'A default API token with full access permissions, used for accessing or modifying resources', 'full-access', 'dcdcf20eab6fa269b09e1e319e82b421db529cd7b8907b153c6d88a7def6e31496b8f938736224aca2d111fd5d6033bdd7b3d4ceb8cc48528fcaff7683296557', 'v1:7610ca17668b3ffd6080ed7d74d8f733:b97ec6f4dc6dd2e9a75a3b40c7c8c5b933634c591f62501e017ba0e88f81a49dd56371cb7ee382ebcffae1c1aac633e6ad3f3e321b5ead0f86c5c51166d903bd8e4d5ac2ad3a82acfbe4e83e3c5a8e5b74531e904a114d6d3d1435fa5dcbaaaaaab1a12671e6a947279c74964f14f1d2183711c6a990dd9e2d64018e221b20c642b0a53da2bc93a7d798439198694681f44b1519af4a36bbbe9e187ba42d5c868ec2a9c2c625092d83375db1550dcd173d4cd719c8a18aa09afcce7ae877b9ec0effcd8673eae8c4d203d47d4a33c570f192abdbe49001cec51b77e0677d9129835f37e30caddab10fee724e5fe990b67d45fcbda4da275029fe49ab187b9795:d7dd72383ac854d71948920846399130', NULL, NULL, NULL, '2025-10-20 14:31:35.423000', '2025-10-20 14:31:35.423000', '2025-10-20 14:31:35.423000', NULL, NULL, NULL);
INSERT INTO `strapi_api_tokens` VALUES (3, 't6j97jif7np2mg29z9f62gcx', 'wjh', '', 'full-access', 'cc086419e252ebabee1c5d6f21cf662243c1a0a094936c5cbb870ee12d831a75514f39dd97145448c660399ac9568d78940fd7c3fb8aa04eb9c3972d3e28ac56', 'v1:67437dab67542bd05c104fee0ec6e5c7:77ed1e21a296995a609bfeef36481eae10b0882da520839fd52f0ede65261a59a5072261b27a2600c1e0afca13f893f8549541b8de3361dc90c1ffc9a6510af67788519079a68de9a2b6f909a65b1b65b0c69c1890390af804522e7d0f64a18cdcf4c28c4a54d74c04bca254464297aac01a9fba74f36c9ff88fb814f2d238e2df0830255ee5f1c209b89bff25cae262cf8bf3bea6709c9c3f37940e60f88b3612cabf8f8723b7cf890f7ddcbc1684fd23e3caa83fd40b2a7f6b2b1e66d1b28d8c87ffb200ae7c0889fc2dc5c01f4ae7bf0f53a0461cb680e887d20c0a8c72c511581d09a4cf049cbe4f2ea02327e4e66a65b38826ed11625028d49346409bf0:14813edeb4f1db96725e6a31b904d08c', '2026-01-23 13:44:48.812000', NULL, NULL, '2025-12-30 23:44:12.112000', '2026-01-23 13:44:48.812000', '2025-12-30 23:44:12.112000', NULL, NULL, NULL);
INSERT INTO `strapi_api_tokens` VALUES (4, 'addn2kliia4wdteowbt3tw2l', '朱子齐', '', 'full-access', 'aecd62173b21bffba52ea289af302d6a334fdc0d14d0f91fe17b700b9f39f682d13b196966f6ab9c61c385a99f684b981fdf22221d57ba7b6934d7e83217f889', 'v1:7aa9bf63e72d6fd86757c52599d4b0c3:1def2663f26fb9e12307740b166c3eff4a019ac40451cc3f501c746a819636f7809c859d895d063f42d1bf5e7f01a80b4aa2b6244d51340b21303e5776165596c48539f4d2f11c5365b678c30e5cff6b7d6b1bf24c9f571307d31db6fd336c24489e7ac0e4d7ab8cabe9fd932822f0ade67defb0e8f3945ee12581c802f3ec461fecbeb48a7a5df688c0529ba0930d08a252db6531d232a54bf56dc49a327d18150082631a3e9452e1e25b650e36c4f7b8358f555d393c828691b6896cc443f5c7ed21c5e03a6ab62ed22842f1d13a577df8bf10ec04b75828e7acc987b794ae0873de9f79037f9d791746d0ede353904dce223ae1427633daa733af71f0b60d:217242c1a59632904c89899910a7227b', '2026-02-06 18:23:29.484000', NULL, NULL, '2026-01-24 22:44:24.455000', '2026-02-06 18:23:29.486000', '2026-01-24 22:44:24.455000', NULL, NULL, NULL);
INSERT INTO `strapi_api_tokens` VALUES (5, 'g2kwot80ha35lexxrwftpg7s', 'wujunhao', '', 'full-access', 'e7a80f41063169e2afbd8b6c34834f2a42b959284f30cb831ee090d2c4a9d0136b84c0fe9c63969c0308349c6c604ee96d1d08b1ffa3c5b42dde57746442378a', 'v1:8477c5bf90c6e81b646b6f3470838897:f94d0ee5c8aa2efbc80ba9e6db18257c2a11a9b1016bc40e1d4dd5944e32e433287dca97d94e1c75dcc71723c87ccc18e1d24f221c5e32754957d6886490a7de93c1bd2df10e123e290f1f46c28c5b0f77771cc02f7d930ea3f04cc235ab76c0e6a48d3a582adbe119dd0e70aacb7f7eb1e815f8f028e466a8ad89b4431f318551f08f8b9f2204ba72ec62d21fcc3766a784a051390f772e74f88780b1583c8329754fa301db1b1a5d0c0aa7f2c8085446f250033e3c3434cd0e208a9bda2deee1c588f09968b64e1728899909b482637d3fe1b97d7a23830ee93a30cbe464b70edda1621188abe88ee42b19c0398de31904772dfdc401bea71aabe8fbdd7ee2:de800444cd7e737a936447d18ddab26b', '2026-01-31 17:19:21.653000', NULL, NULL, '2026-01-30 11:37:49.489000', '2026-01-31 17:19:21.653000', '2026-01-30 11:37:49.489000', NULL, NULL, NULL);

-- ----------------------------
-- Table structure for strapi_audit_logs
-- ----------------------------
DROP TABLE IF EXISTS `strapi_audit_logs`;
CREATE TABLE `strapi_audit_logs`  (
  `id` int UNSIGNED NOT NULL AUTO_INCREMENT,
  `document_id` varchar(255) CHARACTER SET utf8mb3 COLLATE utf8mb3_general_ci NULL DEFAULT NULL,
  `action` varchar(255) CHARACTER SET utf8mb3 COLLATE utf8mb3_general_ci NULL DEFAULT NULL,
  `date` datetime(6) NULL DEFAULT NULL,
  `payload` json NULL,
  `created_at` datetime(6) NULL DEFAULT NULL,
  `updated_at` datetime(6) NULL DEFAULT NULL,
  `published_at` datetime(6) NULL DEFAULT NULL,
  `created_by_id` int UNSIGNED NULL DEFAULT NULL,
  `updated_by_id` int UNSIGNED NULL DEFAULT NULL,
  `locale` varchar(255) CHARACTER SET utf8mb3 COLLATE utf8mb3_general_ci NULL DEFAULT NULL,
  PRIMARY KEY (`id`) USING BTREE,
  INDEX `strapi_audit_logs_documents_idx`(`document_id` ASC, `locale` ASC, `published_at` ASC) USING BTREE,
  INDEX `strapi_audit_logs_created_by_id_fk`(`created_by_id` ASC) USING BTREE,
  INDEX `strapi_audit_logs_updated_by_id_fk`(`updated_by_id` ASC) USING BTREE,
  CONSTRAINT `strapi_audit_logs_created_by_id_fk` FOREIGN KEY (`created_by_id`) REFERENCES `admin_users` (`id`) ON DELETE SET NULL ON UPDATE RESTRICT,
  CONSTRAINT `strapi_audit_logs_updated_by_id_fk` FOREIGN KEY (`updated_by_id`) REFERENCES `admin_users` (`id`) ON DELETE SET NULL ON UPDATE RESTRICT
) ENGINE = InnoDB AUTO_INCREMENT = 1 CHARACTER SET = utf8mb3 COLLATE = utf8mb3_general_ci ROW_FORMAT = DYNAMIC;

-- ----------------------------
-- Records of strapi_audit_logs
-- ----------------------------

-- ----------------------------
-- Table structure for strapi_audit_logs_user_lnk
-- ----------------------------
DROP TABLE IF EXISTS `strapi_audit_logs_user_lnk`;
CREATE TABLE `strapi_audit_logs_user_lnk`  (
  `id` int UNSIGNED NOT NULL AUTO_INCREMENT,
  `audit_log_id` int UNSIGNED NULL DEFAULT NULL,
  `user_id` int UNSIGNED NULL DEFAULT NULL,
  PRIMARY KEY (`id`) USING BTREE,
  UNIQUE INDEX `strapi_audit_logs_user_lnk_uq`(`audit_log_id` ASC, `user_id` ASC) USING BTREE,
  INDEX `strapi_audit_logs_user_lnk_fk`(`audit_log_id` ASC) USING BTREE,
  INDEX `strapi_audit_logs_user_lnk_ifk`(`user_id` ASC) USING BTREE,
  CONSTRAINT `strapi_audit_logs_user_lnk_fk` FOREIGN KEY (`audit_log_id`) REFERENCES `strapi_audit_logs` (`id`) ON DELETE CASCADE ON UPDATE RESTRICT,
  CONSTRAINT `strapi_audit_logs_user_lnk_ifk` FOREIGN KEY (`user_id`) REFERENCES `admin_users` (`id`) ON DELETE CASCADE ON UPDATE RESTRICT
) ENGINE = InnoDB AUTO_INCREMENT = 1 CHARACTER SET = utf8mb3 COLLATE = utf8mb3_general_ci ROW_FORMAT = DYNAMIC;

-- ----------------------------
-- Records of strapi_audit_logs_user_lnk
-- ----------------------------

-- ----------------------------
-- Table structure for strapi_core_store_settings
-- ----------------------------
DROP TABLE IF EXISTS `strapi_core_store_settings`;
CREATE TABLE `strapi_core_store_settings`  (
  `id` int UNSIGNED NOT NULL AUTO_INCREMENT,
  `key` varchar(255) CHARACTER SET utf8mb3 COLLATE utf8mb3_general_ci NULL DEFAULT NULL,
  `value` longtext CHARACTER SET utf8mb3 COLLATE utf8mb3_general_ci NULL,
  `type` varchar(255) CHARACTER SET utf8mb3 COLLATE utf8mb3_general_ci NULL DEFAULT NULL,
  `environment` varchar(255) CHARACTER SET utf8mb3 COLLATE utf8mb3_general_ci NULL DEFAULT NULL,
  `tag` varchar(255) CHARACTER SET utf8mb3 COLLATE utf8mb3_general_ci NULL DEFAULT NULL,
  PRIMARY KEY (`id`) USING BTREE
) ENGINE = InnoDB AUTO_INCREMENT = 50 CHARACTER SET = utf8mb3 COLLATE = utf8mb3_general_ci ROW_FORMAT = DYNAMIC;

-- ----------------------------
-- Records of strapi_core_store_settings
-- ----------------------------
INSERT INTO `strapi_core_store_settings` VALUES (1, 'ee_information', '{\"lastCheckAt\":1765949358676,\"error\":\"The associated subscription is cancelled.\",\"license\":null}', NULL, NULL, NULL);
INSERT INTO `strapi_core_store_settings` VALUES (2, 'strapi_content_types_schema', '{\"plugin::upload.file\":{\"collectionName\":\"files\",\"info\":{\"singularName\":\"file\",\"pluralName\":\"files\",\"displayName\":\"File\",\"description\":\"\"},\"options\":{\"draftAndPublish\":false},\"pluginOptions\":{\"content-manager\":{\"visible\":false},\"content-type-builder\":{\"visible\":false}},\"attributes\":{\"name\":{\"type\":\"string\",\"configurable\":false,\"required\":true},\"alternativeText\":{\"type\":\"text\",\"configurable\":false},\"caption\":{\"type\":\"text\",\"configurable\":false},\"width\":{\"type\":\"integer\",\"configurable\":false},\"height\":{\"type\":\"integer\",\"configurable\":false},\"formats\":{\"type\":\"json\",\"configurable\":false},\"hash\":{\"type\":\"string\",\"configurable\":false,\"required\":true},\"ext\":{\"type\":\"string\",\"configurable\":false},\"mime\":{\"type\":\"string\",\"configurable\":false,\"required\":true},\"size\":{\"type\":\"decimal\",\"configurable\":false,\"required\":true},\"url\":{\"type\":\"text\",\"configurable\":false,\"required\":true},\"previewUrl\":{\"type\":\"text\",\"configurable\":false},\"provider\":{\"type\":\"string\",\"configurable\":false,\"required\":true},\"provider_metadata\":{\"type\":\"json\",\"configurable\":false},\"related\":{\"type\":\"relation\",\"relation\":\"morphToMany\",\"configurable\":false},\"folder\":{\"type\":\"relation\",\"relation\":\"manyToOne\",\"target\":\"plugin::upload.folder\",\"inversedBy\":\"files\",\"private\":true},\"folderPath\":{\"type\":\"string\",\"minLength\":1,\"required\":true,\"private\":true,\"searchable\":false},\"createdAt\":{\"type\":\"datetime\"},\"updatedAt\":{\"type\":\"datetime\"},\"publishedAt\":{\"type\":\"datetime\",\"configurable\":false,\"writable\":true,\"visible\":true},\"createdBy\":{\"type\":\"relation\",\"relation\":\"oneToOne\",\"target\":\"admin::user\",\"configurable\":false,\"writable\":false,\"visible\":false,\"useJoinTable\":false,\"private\":true},\"updatedBy\":{\"type\":\"relation\",\"relation\":\"oneToOne\",\"target\":\"admin::user\",\"configurable\":false,\"writable\":false,\"visible\":false,\"useJoinTable\":false,\"private\":true},\"locale\":{\"writable\":true,\"private\":true,\"configurable\":false,\"visible\":false,\"type\":\"string\"},\"localizations\":{\"type\":\"relation\",\"relation\":\"oneToMany\",\"target\":\"plugin::upload.file\",\"writable\":false,\"private\":true,\"configurable\":false,\"visible\":false,\"unstable_virtual\":true,\"joinColumn\":{\"name\":\"document_id\",\"referencedColumn\":\"document_id\",\"referencedTable\":\"files\"}}},\"indexes\":[{\"name\":\"upload_files_folder_path_index\",\"columns\":[\"folder_path\"],\"type\":null},{\"name\":\"upload_files_created_at_index\",\"columns\":[\"created_at\"],\"type\":null},{\"name\":\"upload_files_updated_at_index\",\"columns\":[\"updated_at\"],\"type\":null},{\"name\":\"upload_files_name_index\",\"columns\":[\"name\"],\"type\":null},{\"name\":\"upload_files_size_index\",\"columns\":[\"size\"],\"type\":null},{\"name\":\"upload_files_ext_index\",\"columns\":[\"ext\"],\"type\":null}],\"plugin\":\"upload\",\"globalId\":\"UploadFile\",\"uid\":\"plugin::upload.file\",\"modelType\":\"contentType\",\"kind\":\"collectionType\",\"__schema__\":{\"collectionName\":\"files\",\"info\":{\"singularName\":\"file\",\"pluralName\":\"files\",\"displayName\":\"File\",\"description\":\"\"},\"options\":{},\"pluginOptions\":{\"content-manager\":{\"visible\":false},\"content-type-builder\":{\"visible\":false}},\"attributes\":{\"name\":{\"type\":\"string\",\"configurable\":false,\"required\":true},\"alternativeText\":{\"type\":\"text\",\"configurable\":false},\"caption\":{\"type\":\"text\",\"configurable\":false},\"width\":{\"type\":\"integer\",\"configurable\":false},\"height\":{\"type\":\"integer\",\"configurable\":false},\"formats\":{\"type\":\"json\",\"configurable\":false},\"hash\":{\"type\":\"string\",\"configurable\":false,\"required\":true},\"ext\":{\"type\":\"string\",\"configurable\":false},\"mime\":{\"type\":\"string\",\"configurable\":false,\"required\":true},\"size\":{\"type\":\"decimal\",\"configurable\":false,\"required\":true},\"url\":{\"type\":\"text\",\"configurable\":false,\"required\":true},\"previewUrl\":{\"type\":\"text\",\"configurable\":false},\"provider\":{\"type\":\"string\",\"configurable\":false,\"required\":true},\"provider_metadata\":{\"type\":\"json\",\"configurable\":false},\"related\":{\"type\":\"relation\",\"relation\":\"morphToMany\",\"configurable\":false},\"folder\":{\"type\":\"relation\",\"relation\":\"manyToOne\",\"target\":\"plugin::upload.folder\",\"inversedBy\":\"files\",\"private\":true},\"folderPath\":{\"type\":\"string\",\"minLength\":1,\"required\":true,\"private\":true,\"searchable\":false}},\"kind\":\"collectionType\"},\"modelName\":\"file\"},\"plugin::upload.folder\":{\"collectionName\":\"upload_folders\",\"info\":{\"singularName\":\"folder\",\"pluralName\":\"folders\",\"displayName\":\"Folder\"},\"options\":{\"draftAndPublish\":false},\"pluginOptions\":{\"content-manager\":{\"visible\":false},\"content-type-builder\":{\"visible\":false}},\"attributes\":{\"name\":{\"type\":\"string\",\"minLength\":1,\"required\":true},\"pathId\":{\"type\":\"integer\",\"unique\":true,\"required\":true},\"parent\":{\"type\":\"relation\",\"relation\":\"manyToOne\",\"target\":\"plugin::upload.folder\",\"inversedBy\":\"children\"},\"children\":{\"type\":\"relation\",\"relation\":\"oneToMany\",\"target\":\"plugin::upload.folder\",\"mappedBy\":\"parent\"},\"files\":{\"type\":\"relation\",\"relation\":\"oneToMany\",\"target\":\"plugin::upload.file\",\"mappedBy\":\"folder\"},\"path\":{\"type\":\"string\",\"minLength\":1,\"required\":true},\"createdAt\":{\"type\":\"datetime\"},\"updatedAt\":{\"type\":\"datetime\"},\"publishedAt\":{\"type\":\"datetime\",\"configurable\":false,\"writable\":true,\"visible\":true},\"createdBy\":{\"type\":\"relation\",\"relation\":\"oneToOne\",\"target\":\"admin::user\",\"configurable\":false,\"writable\":false,\"visible\":false,\"useJoinTable\":false,\"private\":true},\"updatedBy\":{\"type\":\"relation\",\"relation\":\"oneToOne\",\"target\":\"admin::user\",\"configurable\":false,\"writable\":false,\"visible\":false,\"useJoinTable\":false,\"private\":true},\"locale\":{\"writable\":true,\"private\":true,\"configurable\":false,\"visible\":false,\"type\":\"string\"},\"localizations\":{\"type\":\"relation\",\"relation\":\"oneToMany\",\"target\":\"plugin::upload.folder\",\"writable\":false,\"private\":true,\"configurable\":false,\"visible\":false,\"unstable_virtual\":true,\"joinColumn\":{\"name\":\"document_id\",\"referencedColumn\":\"document_id\",\"referencedTable\":\"upload_folders\"}}},\"indexes\":[{\"name\":\"upload_folders_path_id_index\",\"columns\":[\"path_id\"],\"type\":\"unique\"},{\"name\":\"upload_folders_path_index\",\"columns\":[\"path\"],\"type\":\"unique\"}],\"plugin\":\"upload\",\"globalId\":\"UploadFolder\",\"uid\":\"plugin::upload.folder\",\"modelType\":\"contentType\",\"kind\":\"collectionType\",\"__schema__\":{\"collectionName\":\"upload_folders\",\"info\":{\"singularName\":\"folder\",\"pluralName\":\"folders\",\"displayName\":\"Folder\"},\"options\":{},\"pluginOptions\":{\"content-manager\":{\"visible\":false},\"content-type-builder\":{\"visible\":false}},\"attributes\":{\"name\":{\"type\":\"string\",\"minLength\":1,\"required\":true},\"pathId\":{\"type\":\"integer\",\"unique\":true,\"required\":true},\"parent\":{\"type\":\"relation\",\"relation\":\"manyToOne\",\"target\":\"plugin::upload.folder\",\"inversedBy\":\"children\"},\"children\":{\"type\":\"relation\",\"relation\":\"oneToMany\",\"target\":\"plugin::upload.folder\",\"mappedBy\":\"parent\"},\"files\":{\"type\":\"relation\",\"relation\":\"oneToMany\",\"target\":\"plugin::upload.file\",\"mappedBy\":\"folder\"},\"path\":{\"type\":\"string\",\"minLength\":1,\"required\":true}},\"kind\":\"collectionType\"},\"modelName\":\"folder\"},\"plugin::i18n.locale\":{\"info\":{\"singularName\":\"locale\",\"pluralName\":\"locales\",\"collectionName\":\"locales\",\"displayName\":\"Locale\",\"description\":\"\"},\"options\":{\"draftAndPublish\":false},\"pluginOptions\":{\"content-manager\":{\"visible\":false},\"content-type-builder\":{\"visible\":false}},\"attributes\":{\"name\":{\"type\":\"string\",\"min\":1,\"max\":50,\"configurable\":false},\"code\":{\"type\":\"string\",\"unique\":true,\"configurable\":false},\"createdAt\":{\"type\":\"datetime\"},\"updatedAt\":{\"type\":\"datetime\"},\"publishedAt\":{\"type\":\"datetime\",\"configurable\":false,\"writable\":true,\"visible\":true},\"createdBy\":{\"type\":\"relation\",\"relation\":\"oneToOne\",\"target\":\"admin::user\",\"configurable\":false,\"writable\":false,\"visible\":false,\"useJoinTable\":false,\"private\":true},\"updatedBy\":{\"type\":\"relation\",\"relation\":\"oneToOne\",\"target\":\"admin::user\",\"configurable\":false,\"writable\":false,\"visible\":false,\"useJoinTable\":false,\"private\":true},\"locale\":{\"writable\":true,\"private\":true,\"configurable\":false,\"visible\":false,\"type\":\"string\"},\"localizations\":{\"type\":\"relation\",\"relation\":\"oneToMany\",\"target\":\"plugin::i18n.locale\",\"writable\":false,\"private\":true,\"configurable\":false,\"visible\":false,\"unstable_virtual\":true,\"joinColumn\":{\"name\":\"document_id\",\"referencedColumn\":\"document_id\",\"referencedTable\":\"i18n_locale\"}}},\"plugin\":\"i18n\",\"collectionName\":\"i18n_locale\",\"globalId\":\"I18NLocale\",\"uid\":\"plugin::i18n.locale\",\"modelType\":\"contentType\",\"kind\":\"collectionType\",\"__schema__\":{\"collectionName\":\"i18n_locale\",\"info\":{\"singularName\":\"locale\",\"pluralName\":\"locales\",\"collectionName\":\"locales\",\"displayName\":\"Locale\",\"description\":\"\"},\"options\":{},\"pluginOptions\":{\"content-manager\":{\"visible\":false},\"content-type-builder\":{\"visible\":false}},\"attributes\":{\"name\":{\"type\":\"string\",\"min\":1,\"max\":50,\"configurable\":false},\"code\":{\"type\":\"string\",\"unique\":true,\"configurable\":false}},\"kind\":\"collectionType\"},\"modelName\":\"locale\"},\"plugin::content-releases.release\":{\"collectionName\":\"strapi_releases\",\"info\":{\"singularName\":\"release\",\"pluralName\":\"releases\",\"displayName\":\"Release\"},\"options\":{\"draftAndPublish\":false},\"pluginOptions\":{\"content-manager\":{\"visible\":false},\"content-type-builder\":{\"visible\":false}},\"attributes\":{\"name\":{\"type\":\"string\",\"required\":true},\"releasedAt\":{\"type\":\"datetime\"},\"scheduledAt\":{\"type\":\"datetime\"},\"timezone\":{\"type\":\"string\"},\"status\":{\"type\":\"enumeration\",\"enum\":[\"ready\",\"blocked\",\"failed\",\"done\",\"empty\"],\"required\":true},\"actions\":{\"type\":\"relation\",\"relation\":\"oneToMany\",\"target\":\"plugin::content-releases.release-action\",\"mappedBy\":\"release\"},\"createdAt\":{\"type\":\"datetime\"},\"updatedAt\":{\"type\":\"datetime\"},\"publishedAt\":{\"type\":\"datetime\",\"configurable\":false,\"writable\":true,\"visible\":true},\"createdBy\":{\"type\":\"relation\",\"relation\":\"oneToOne\",\"target\":\"admin::user\",\"configurable\":false,\"writable\":false,\"visible\":false,\"useJoinTable\":false,\"private\":true},\"updatedBy\":{\"type\":\"relation\",\"relation\":\"oneToOne\",\"target\":\"admin::user\",\"configurable\":false,\"writable\":false,\"visible\":false,\"useJoinTable\":false,\"private\":true},\"locale\":{\"writable\":true,\"private\":true,\"configurable\":false,\"visible\":false,\"type\":\"string\"},\"localizations\":{\"type\":\"relation\",\"relation\":\"oneToMany\",\"target\":\"plugin::content-releases.release\",\"writable\":false,\"private\":true,\"configurable\":false,\"visible\":false,\"unstable_virtual\":true,\"joinColumn\":{\"name\":\"document_id\",\"referencedColumn\":\"document_id\",\"referencedTable\":\"strapi_releases\"}}},\"plugin\":\"content-releases\",\"globalId\":\"ContentReleasesRelease\",\"uid\":\"plugin::content-releases.release\",\"modelType\":\"contentType\",\"kind\":\"collectionType\",\"__schema__\":{\"collectionName\":\"strapi_releases\",\"info\":{\"singularName\":\"release\",\"pluralName\":\"releases\",\"displayName\":\"Release\"},\"options\":{\"draftAndPublish\":false},\"pluginOptions\":{\"content-manager\":{\"visible\":false},\"content-type-builder\":{\"visible\":false}},\"attributes\":{\"name\":{\"type\":\"string\",\"required\":true},\"releasedAt\":{\"type\":\"datetime\"},\"scheduledAt\":{\"type\":\"datetime\"},\"timezone\":{\"type\":\"string\"},\"status\":{\"type\":\"enumeration\",\"enum\":[\"ready\",\"blocked\",\"failed\",\"done\",\"empty\"],\"required\":true},\"actions\":{\"type\":\"relation\",\"relation\":\"oneToMany\",\"target\":\"plugin::content-releases.release-action\",\"mappedBy\":\"release\"}},\"kind\":\"collectionType\"},\"modelName\":\"release\"},\"plugin::content-releases.release-action\":{\"collectionName\":\"strapi_release_actions\",\"info\":{\"singularName\":\"release-action\",\"pluralName\":\"release-actions\",\"displayName\":\"Release Action\"},\"options\":{\"draftAndPublish\":false},\"pluginOptions\":{\"content-manager\":{\"visible\":false},\"content-type-builder\":{\"visible\":false}},\"attributes\":{\"type\":{\"type\":\"enumeration\",\"enum\":[\"publish\",\"unpublish\"],\"required\":true},\"contentType\":{\"type\":\"string\",\"required\":true},\"entryDocumentId\":{\"type\":\"string\"},\"locale\":{\"writable\":true,\"private\":true,\"configurable\":false,\"visible\":false,\"type\":\"string\"},\"release\":{\"type\":\"relation\",\"relation\":\"manyToOne\",\"target\":\"plugin::content-releases.release\",\"inversedBy\":\"actions\"},\"isEntryValid\":{\"type\":\"boolean\"},\"createdAt\":{\"type\":\"datetime\"},\"updatedAt\":{\"type\":\"datetime\"},\"publishedAt\":{\"type\":\"datetime\",\"configurable\":false,\"writable\":true,\"visible\":true},\"createdBy\":{\"type\":\"relation\",\"relation\":\"oneToOne\",\"target\":\"admin::user\",\"configurable\":false,\"writable\":false,\"visible\":false,\"useJoinTable\":false,\"private\":true},\"updatedBy\":{\"type\":\"relation\",\"relation\":\"oneToOne\",\"target\":\"admin::user\",\"configurable\":false,\"writable\":false,\"visible\":false,\"useJoinTable\":false,\"private\":true},\"localizations\":{\"type\":\"relation\",\"relation\":\"oneToMany\",\"target\":\"plugin::content-releases.release-action\",\"writable\":false,\"private\":true,\"configurable\":false,\"visible\":false,\"unstable_virtual\":true,\"joinColumn\":{\"name\":\"document_id\",\"referencedColumn\":\"document_id\",\"referencedTable\":\"strapi_release_actions\"}}},\"plugin\":\"content-releases\",\"globalId\":\"ContentReleasesReleaseAction\",\"uid\":\"plugin::content-releases.release-action\",\"modelType\":\"contentType\",\"kind\":\"collectionType\",\"__schema__\":{\"collectionName\":\"strapi_release_actions\",\"info\":{\"singularName\":\"release-action\",\"pluralName\":\"release-actions\",\"displayName\":\"Release Action\"},\"options\":{\"draftAndPublish\":false},\"pluginOptions\":{\"content-manager\":{\"visible\":false},\"content-type-builder\":{\"visible\":false}},\"attributes\":{\"type\":{\"type\":\"enumeration\",\"enum\":[\"publish\",\"unpublish\"],\"required\":true},\"contentType\":{\"type\":\"string\",\"required\":true},\"entryDocumentId\":{\"type\":\"string\"},\"locale\":{\"type\":\"string\"},\"release\":{\"type\":\"relation\",\"relation\":\"manyToOne\",\"target\":\"plugin::content-releases.release\",\"inversedBy\":\"actions\"},\"isEntryValid\":{\"type\":\"boolean\"}},\"kind\":\"collectionType\"},\"modelName\":\"release-action\"},\"plugin::review-workflows.workflow\":{\"collectionName\":\"strapi_workflows\",\"info\":{\"name\":\"Workflow\",\"description\":\"\",\"singularName\":\"workflow\",\"pluralName\":\"workflows\",\"displayName\":\"Workflow\"},\"options\":{\"draftAndPublish\":false},\"pluginOptions\":{\"content-manager\":{\"visible\":false},\"content-type-builder\":{\"visible\":false}},\"attributes\":{\"name\":{\"type\":\"string\",\"required\":true,\"unique\":true},\"stages\":{\"type\":\"relation\",\"target\":\"plugin::review-workflows.workflow-stage\",\"relation\":\"oneToMany\",\"mappedBy\":\"workflow\"},\"stageRequiredToPublish\":{\"type\":\"relation\",\"target\":\"plugin::review-workflows.workflow-stage\",\"relation\":\"oneToOne\",\"required\":false},\"contentTypes\":{\"type\":\"json\",\"required\":true,\"default\":\"[]\"},\"createdAt\":{\"type\":\"datetime\"},\"updatedAt\":{\"type\":\"datetime\"},\"publishedAt\":{\"type\":\"datetime\",\"configurable\":false,\"writable\":true,\"visible\":true},\"createdBy\":{\"type\":\"relation\",\"relation\":\"oneToOne\",\"target\":\"admin::user\",\"configurable\":false,\"writable\":false,\"visible\":false,\"useJoinTable\":false,\"private\":true},\"updatedBy\":{\"type\":\"relation\",\"relation\":\"oneToOne\",\"target\":\"admin::user\",\"configurable\":false,\"writable\":false,\"visible\":false,\"useJoinTable\":false,\"private\":true},\"locale\":{\"writable\":true,\"private\":true,\"configurable\":false,\"visible\":false,\"type\":\"string\"},\"localizations\":{\"type\":\"relation\",\"relation\":\"oneToMany\",\"target\":\"plugin::review-workflows.workflow\",\"writable\":false,\"private\":true,\"configurable\":false,\"visible\":false,\"unstable_virtual\":true,\"joinColumn\":{\"name\":\"document_id\",\"referencedColumn\":\"document_id\",\"referencedTable\":\"strapi_workflows\"}}},\"plugin\":\"review-workflows\",\"globalId\":\"ReviewWorkflowsWorkflow\",\"uid\":\"plugin::review-workflows.workflow\",\"modelType\":\"contentType\",\"kind\":\"collectionType\",\"__schema__\":{\"collectionName\":\"strapi_workflows\",\"info\":{\"name\":\"Workflow\",\"description\":\"\",\"singularName\":\"workflow\",\"pluralName\":\"workflows\",\"displayName\":\"Workflow\"},\"options\":{},\"pluginOptions\":{\"content-manager\":{\"visible\":false},\"content-type-builder\":{\"visible\":false}},\"attributes\":{\"name\":{\"type\":\"string\",\"required\":true,\"unique\":true},\"stages\":{\"type\":\"relation\",\"target\":\"plugin::review-workflows.workflow-stage\",\"relation\":\"oneToMany\",\"mappedBy\":\"workflow\"},\"stageRequiredToPublish\":{\"type\":\"relation\",\"target\":\"plugin::review-workflows.workflow-stage\",\"relation\":\"oneToOne\",\"required\":false},\"contentTypes\":{\"type\":\"json\",\"required\":true,\"default\":\"[]\"}},\"kind\":\"collectionType\"},\"modelName\":\"workflow\"},\"plugin::review-workflows.workflow-stage\":{\"collectionName\":\"strapi_workflows_stages\",\"info\":{\"name\":\"Workflow Stage\",\"description\":\"\",\"singularName\":\"workflow-stage\",\"pluralName\":\"workflow-stages\",\"displayName\":\"Stages\"},\"options\":{\"version\":\"1.1.0\",\"draftAndPublish\":false},\"pluginOptions\":{\"content-manager\":{\"visible\":false},\"content-type-builder\":{\"visible\":false}},\"attributes\":{\"name\":{\"type\":\"string\",\"configurable\":false},\"color\":{\"type\":\"string\",\"configurable\":false,\"default\":\"#4945FF\"},\"workflow\":{\"type\":\"relation\",\"target\":\"plugin::review-workflows.workflow\",\"relation\":\"manyToOne\",\"inversedBy\":\"stages\",\"configurable\":false},\"permissions\":{\"type\":\"relation\",\"target\":\"admin::permission\",\"relation\":\"manyToMany\",\"configurable\":false},\"createdAt\":{\"type\":\"datetime\"},\"updatedAt\":{\"type\":\"datetime\"},\"publishedAt\":{\"type\":\"datetime\",\"configurable\":false,\"writable\":true,\"visible\":true},\"createdBy\":{\"type\":\"relation\",\"relation\":\"oneToOne\",\"target\":\"admin::user\",\"configurable\":false,\"writable\":false,\"visible\":false,\"useJoinTable\":false,\"private\":true},\"updatedBy\":{\"type\":\"relation\",\"relation\":\"oneToOne\",\"target\":\"admin::user\",\"configurable\":false,\"writable\":false,\"visible\":false,\"useJoinTable\":false,\"private\":true},\"locale\":{\"writable\":true,\"private\":true,\"configurable\":false,\"visible\":false,\"type\":\"string\"},\"localizations\":{\"type\":\"relation\",\"relation\":\"oneToMany\",\"target\":\"plugin::review-workflows.workflow-stage\",\"writable\":false,\"private\":true,\"configurable\":false,\"visible\":false,\"unstable_virtual\":true,\"joinColumn\":{\"name\":\"document_id\",\"referencedColumn\":\"document_id\",\"referencedTable\":\"strapi_workflows_stages\"}}},\"plugin\":\"review-workflows\",\"globalId\":\"ReviewWorkflowsWorkflowStage\",\"uid\":\"plugin::review-workflows.workflow-stage\",\"modelType\":\"contentType\",\"kind\":\"collectionType\",\"__schema__\":{\"collectionName\":\"strapi_workflows_stages\",\"info\":{\"name\":\"Workflow Stage\",\"description\":\"\",\"singularName\":\"workflow-stage\",\"pluralName\":\"workflow-stages\",\"displayName\":\"Stages\"},\"options\":{\"version\":\"1.1.0\"},\"pluginOptions\":{\"content-manager\":{\"visible\":false},\"content-type-builder\":{\"visible\":false}},\"attributes\":{\"name\":{\"type\":\"string\",\"configurable\":false},\"color\":{\"type\":\"string\",\"configurable\":false,\"default\":\"#4945FF\"},\"workflow\":{\"type\":\"relation\",\"target\":\"plugin::review-workflows.workflow\",\"relation\":\"manyToOne\",\"inversedBy\":\"stages\",\"configurable\":false},\"permissions\":{\"type\":\"relation\",\"target\":\"admin::permission\",\"relation\":\"manyToMany\",\"configurable\":false}},\"kind\":\"collectionType\"},\"modelName\":\"workflow-stage\"},\"plugin::users-permissions.permission\":{\"collectionName\":\"up_permissions\",\"info\":{\"name\":\"permission\",\"description\":\"\",\"singularName\":\"permission\",\"pluralName\":\"permissions\",\"displayName\":\"Permission\"},\"pluginOptions\":{\"content-manager\":{\"visible\":false},\"content-type-builder\":{\"visible\":false}},\"attributes\":{\"action\":{\"type\":\"string\",\"required\":true,\"configurable\":false},\"role\":{\"type\":\"relation\",\"relation\":\"manyToOne\",\"target\":\"plugin::users-permissions.role\",\"inversedBy\":\"permissions\",\"configurable\":false},\"createdAt\":{\"type\":\"datetime\"},\"updatedAt\":{\"type\":\"datetime\"},\"publishedAt\":{\"type\":\"datetime\",\"configurable\":false,\"writable\":true,\"visible\":true},\"createdBy\":{\"type\":\"relation\",\"relation\":\"oneToOne\",\"target\":\"admin::user\",\"configurable\":false,\"writable\":false,\"visible\":false,\"useJoinTable\":false,\"private\":true},\"updatedBy\":{\"type\":\"relation\",\"relation\":\"oneToOne\",\"target\":\"admin::user\",\"configurable\":false,\"writable\":false,\"visible\":false,\"useJoinTable\":false,\"private\":true},\"locale\":{\"writable\":true,\"private\":true,\"configurable\":false,\"visible\":false,\"type\":\"string\"},\"localizations\":{\"type\":\"relation\",\"relation\":\"oneToMany\",\"target\":\"plugin::users-permissions.permission\",\"writable\":false,\"private\":true,\"configurable\":false,\"visible\":false,\"unstable_virtual\":true,\"joinColumn\":{\"name\":\"document_id\",\"referencedColumn\":\"document_id\",\"referencedTable\":\"up_permissions\"}}},\"plugin\":\"users-permissions\",\"globalId\":\"UsersPermissionsPermission\",\"uid\":\"plugin::users-permissions.permission\",\"modelType\":\"contentType\",\"kind\":\"collectionType\",\"__schema__\":{\"collectionName\":\"up_permissions\",\"info\":{\"name\":\"permission\",\"description\":\"\",\"singularName\":\"permission\",\"pluralName\":\"permissions\",\"displayName\":\"Permission\"},\"pluginOptions\":{\"content-manager\":{\"visible\":false},\"content-type-builder\":{\"visible\":false}},\"attributes\":{\"action\":{\"type\":\"string\",\"required\":true,\"configurable\":false},\"role\":{\"type\":\"relation\",\"relation\":\"manyToOne\",\"target\":\"plugin::users-permissions.role\",\"inversedBy\":\"permissions\",\"configurable\":false}},\"kind\":\"collectionType\"},\"modelName\":\"permission\",\"options\":{\"draftAndPublish\":false}},\"plugin::users-permissions.role\":{\"collectionName\":\"up_roles\",\"info\":{\"name\":\"role\",\"description\":\"\",\"singularName\":\"role\",\"pluralName\":\"roles\",\"displayName\":\"Role\"},\"pluginOptions\":{\"content-manager\":{\"visible\":false},\"content-type-builder\":{\"visible\":false}},\"attributes\":{\"name\":{\"type\":\"string\",\"minLength\":3,\"required\":true,\"configurable\":false},\"description\":{\"type\":\"string\",\"configurable\":false},\"type\":{\"type\":\"string\",\"unique\":true,\"configurable\":false},\"permissions\":{\"type\":\"relation\",\"relation\":\"oneToMany\",\"target\":\"plugin::users-permissions.permission\",\"mappedBy\":\"role\",\"configurable\":false},\"users\":{\"type\":\"relation\",\"relation\":\"oneToMany\",\"target\":\"plugin::users-permissions.user\",\"mappedBy\":\"role\",\"configurable\":false},\"createdAt\":{\"type\":\"datetime\"},\"updatedAt\":{\"type\":\"datetime\"},\"publishedAt\":{\"type\":\"datetime\",\"configurable\":false,\"writable\":true,\"visible\":true},\"createdBy\":{\"type\":\"relation\",\"relation\":\"oneToOne\",\"target\":\"admin::user\",\"configurable\":false,\"writable\":false,\"visible\":false,\"useJoinTable\":false,\"private\":true},\"updatedBy\":{\"type\":\"relation\",\"relation\":\"oneToOne\",\"target\":\"admin::user\",\"configurable\":false,\"writable\":false,\"visible\":false,\"useJoinTable\":false,\"private\":true},\"locale\":{\"writable\":true,\"private\":true,\"configurable\":false,\"visible\":false,\"type\":\"string\"},\"localizations\":{\"type\":\"relation\",\"relation\":\"oneToMany\",\"target\":\"plugin::users-permissions.role\",\"writable\":false,\"private\":true,\"configurable\":false,\"visible\":false,\"unstable_virtual\":true,\"joinColumn\":{\"name\":\"document_id\",\"referencedColumn\":\"document_id\",\"referencedTable\":\"up_roles\"}}},\"plugin\":\"users-permissions\",\"globalId\":\"UsersPermissionsRole\",\"uid\":\"plugin::users-permissions.role\",\"modelType\":\"contentType\",\"kind\":\"collectionType\",\"__schema__\":{\"collectionName\":\"up_roles\",\"info\":{\"name\":\"role\",\"description\":\"\",\"singularName\":\"role\",\"pluralName\":\"roles\",\"displayName\":\"Role\"},\"pluginOptions\":{\"content-manager\":{\"visible\":false},\"content-type-builder\":{\"visible\":false}},\"attributes\":{\"name\":{\"type\":\"string\",\"minLength\":3,\"required\":true,\"configurable\":false},\"description\":{\"type\":\"string\",\"configurable\":false},\"type\":{\"type\":\"string\",\"unique\":true,\"configurable\":false},\"permissions\":{\"type\":\"relation\",\"relation\":\"oneToMany\",\"target\":\"plugin::users-permissions.permission\",\"mappedBy\":\"role\",\"configurable\":false},\"users\":{\"type\":\"relation\",\"relation\":\"oneToMany\",\"target\":\"plugin::users-permissions.user\",\"mappedBy\":\"role\",\"configurable\":false}},\"kind\":\"collectionType\"},\"modelName\":\"role\",\"options\":{\"draftAndPublish\":false}},\"plugin::users-permissions.user\":{\"collectionName\":\"up_users\",\"info\":{\"name\":\"user\",\"description\":\"\",\"singularName\":\"user\",\"pluralName\":\"users\",\"displayName\":\"User\"},\"options\":{\"timestamps\":true,\"draftAndPublish\":false},\"attributes\":{\"username\":{\"type\":\"string\",\"minLength\":3,\"unique\":true,\"configurable\":false,\"required\":true},\"email\":{\"type\":\"email\",\"minLength\":6,\"configurable\":false,\"required\":true},\"provider\":{\"type\":\"string\",\"configurable\":false},\"password\":{\"type\":\"password\",\"minLength\":6,\"configurable\":false,\"private\":true,\"searchable\":false},\"resetPasswordToken\":{\"type\":\"string\",\"configurable\":false,\"private\":true,\"searchable\":false},\"confirmationToken\":{\"type\":\"string\",\"configurable\":false,\"private\":true,\"searchable\":false},\"confirmed\":{\"type\":\"boolean\",\"default\":false,\"configurable\":false},\"blocked\":{\"type\":\"boolean\",\"default\":false,\"configurable\":false},\"role\":{\"type\":\"relation\",\"relation\":\"manyToOne\",\"target\":\"plugin::users-permissions.role\",\"inversedBy\":\"users\",\"configurable\":false},\"createdAt\":{\"type\":\"datetime\"},\"updatedAt\":{\"type\":\"datetime\"},\"publishedAt\":{\"type\":\"datetime\",\"configurable\":false,\"writable\":true,\"visible\":true},\"createdBy\":{\"type\":\"relation\",\"relation\":\"oneToOne\",\"target\":\"admin::user\",\"configurable\":false,\"writable\":false,\"visible\":false,\"useJoinTable\":false,\"private\":true},\"updatedBy\":{\"type\":\"relation\",\"relation\":\"oneToOne\",\"target\":\"admin::user\",\"configurable\":false,\"writable\":false,\"visible\":false,\"useJoinTable\":false,\"private\":true},\"locale\":{\"writable\":true,\"private\":true,\"configurable\":false,\"visible\":false,\"type\":\"string\"},\"localizations\":{\"type\":\"relation\",\"relation\":\"oneToMany\",\"target\":\"plugin::users-permissions.user\",\"writable\":false,\"private\":true,\"configurable\":false,\"visible\":false,\"unstable_virtual\":true,\"joinColumn\":{\"name\":\"document_id\",\"referencedColumn\":\"document_id\",\"referencedTable\":\"up_users\"}}},\"config\":{\"attributes\":{\"resetPasswordToken\":{\"hidden\":true},\"confirmationToken\":{\"hidden\":true},\"provider\":{\"hidden\":true}}},\"plugin\":\"users-permissions\",\"globalId\":\"UsersPermissionsUser\",\"uid\":\"plugin::users-permissions.user\",\"modelType\":\"contentType\",\"kind\":\"collectionType\",\"__schema__\":{\"collectionName\":\"up_users\",\"info\":{\"name\":\"user\",\"description\":\"\",\"singularName\":\"user\",\"pluralName\":\"users\",\"displayName\":\"User\"},\"options\":{\"timestamps\":true},\"attributes\":{\"username\":{\"type\":\"string\",\"minLength\":3,\"unique\":true,\"configurable\":false,\"required\":true},\"email\":{\"type\":\"email\",\"minLength\":6,\"configurable\":false,\"required\":true},\"provider\":{\"type\":\"string\",\"configurable\":false},\"password\":{\"type\":\"password\",\"minLength\":6,\"configurable\":false,\"private\":true,\"searchable\":false},\"resetPasswordToken\":{\"type\":\"string\",\"configurable\":false,\"private\":true,\"searchable\":false},\"confirmationToken\":{\"type\":\"string\",\"configurable\":false,\"private\":true,\"searchable\":false},\"confirmed\":{\"type\":\"boolean\",\"default\":false,\"configurable\":false},\"blocked\":{\"type\":\"boolean\",\"default\":false,\"configurable\":false},\"role\":{\"type\":\"relation\",\"relation\":\"manyToOne\",\"target\":\"plugin::users-permissions.role\",\"inversedBy\":\"users\",\"configurable\":false}},\"kind\":\"collectionType\"},\"modelName\":\"user\"},\"api::about.about\":{\"kind\":\"singleType\",\"collectionName\":\"abouts\",\"info\":{\"singularName\":\"about\",\"pluralName\":\"abouts\",\"displayName\":\"About\",\"description\":\"Write about yourself and the content you create\"},\"options\":{\"draftAndPublish\":false},\"pluginOptions\":{},\"attributes\":{\"title\":{\"type\":\"string\"},\"blocks\":{\"type\":\"dynamiczone\",\"components\":[\"shared.media\",\"shared.quote\",\"shared.rich-text\",\"shared.slider\"]},\"createdAt\":{\"type\":\"datetime\"},\"updatedAt\":{\"type\":\"datetime\"},\"publishedAt\":{\"type\":\"datetime\",\"configurable\":false,\"writable\":true,\"visible\":true},\"createdBy\":{\"type\":\"relation\",\"relation\":\"oneToOne\",\"target\":\"admin::user\",\"configurable\":false,\"writable\":false,\"visible\":false,\"useJoinTable\":false,\"private\":true},\"updatedBy\":{\"type\":\"relation\",\"relation\":\"oneToOne\",\"target\":\"admin::user\",\"configurable\":false,\"writable\":false,\"visible\":false,\"useJoinTable\":false,\"private\":true},\"locale\":{\"writable\":true,\"private\":true,\"configurable\":false,\"visible\":false,\"type\":\"string\"},\"localizations\":{\"type\":\"relation\",\"relation\":\"oneToMany\",\"target\":\"api::about.about\",\"writable\":false,\"private\":true,\"configurable\":false,\"visible\":false,\"unstable_virtual\":true,\"joinColumn\":{\"name\":\"document_id\",\"referencedColumn\":\"document_id\",\"referencedTable\":\"abouts\"}}},\"apiName\":\"about\",\"globalId\":\"About\",\"uid\":\"api::about.about\",\"modelType\":\"contentType\",\"__schema__\":{\"collectionName\":\"abouts\",\"info\":{\"singularName\":\"about\",\"pluralName\":\"abouts\",\"displayName\":\"About\",\"description\":\"Write about yourself and the content you create\"},\"options\":{\"draftAndPublish\":false},\"pluginOptions\":{},\"attributes\":{\"title\":{\"type\":\"string\"},\"blocks\":{\"type\":\"dynamiczone\",\"components\":[\"shared.media\",\"shared.quote\",\"shared.rich-text\",\"shared.slider\"]}},\"kind\":\"singleType\"},\"modelName\":\"about\",\"actions\":{},\"lifecycles\":{}},\"api::achievement-field-def.achievement-field-def\":{\"kind\":\"collectionType\",\"collectionName\":\"achievement_field_defs\",\"info\":{\"singularName\":\"achievement-field-def\",\"pluralName\":\"achievement-field-defs\",\"displayName\":\"achievement_field_def\"},\"options\":{\"draftAndPublish\":true},\"pluginOptions\":{},\"attributes\":{\"field_code\":{\"type\":\"string\",\"required\":true},\"field_name\":{\"type\":\"string\",\"required\":true},\"field_type\":{\"type\":\"string\",\"required\":true},\"is_required\":{\"type\":\"integer\",\"required\":true,\"default\":1,\"min\":0,\"max\":1},\"description\":{\"type\":\"text\"},\"is_delete\":{\"type\":\"integer\",\"required\":true,\"default\":0,\"min\":0,\"max\":1},\"achievement_field_value_id\":{\"type\":\"relation\",\"relation\":\"oneToOne\",\"target\":\"api::achievement-field-value.achievement-field-value\",\"inversedBy\":\"achievement_field_def_id\"},\"achievement_type_id\":{\"type\":\"relation\",\"relation\":\"manyToOne\",\"target\":\"api::achievement-type.achievement-type\",\"inversedBy\":\"achievement_field_defs_id\"},\"createdAt\":{\"type\":\"datetime\"},\"updatedAt\":{\"type\":\"datetime\"},\"publishedAt\":{\"type\":\"datetime\",\"configurable\":false,\"writable\":true,\"visible\":true},\"createdBy\":{\"type\":\"relation\",\"relation\":\"oneToOne\",\"target\":\"admin::user\",\"configurable\":false,\"writable\":false,\"visible\":false,\"useJoinTable\":false,\"private\":true},\"updatedBy\":{\"type\":\"relation\",\"relation\":\"oneToOne\",\"target\":\"admin::user\",\"configurable\":false,\"writable\":false,\"visible\":false,\"useJoinTable\":false,\"private\":true},\"locale\":{\"writable\":true,\"private\":true,\"configurable\":false,\"visible\":false,\"type\":\"string\"},\"localizations\":{\"type\":\"relation\",\"relation\":\"oneToMany\",\"target\":\"api::achievement-field-def.achievement-field-def\",\"writable\":false,\"private\":true,\"configurable\":false,\"visible\":false,\"unstable_virtual\":true,\"joinColumn\":{\"name\":\"document_id\",\"referencedColumn\":\"document_id\",\"referencedTable\":\"achievement_field_defs\"}}},\"apiName\":\"achievement-field-def\",\"globalId\":\"AchievementFieldDef\",\"uid\":\"api::achievement-field-def.achievement-field-def\",\"modelType\":\"contentType\",\"__schema__\":{\"collectionName\":\"achievement_field_defs\",\"info\":{\"singularName\":\"achievement-field-def\",\"pluralName\":\"achievement-field-defs\",\"displayName\":\"achievement_field_def\"},\"options\":{\"draftAndPublish\":true},\"pluginOptions\":{},\"attributes\":{\"field_code\":{\"type\":\"string\",\"required\":true},\"field_name\":{\"type\":\"string\",\"required\":true},\"field_type\":{\"type\":\"string\",\"required\":true},\"is_required\":{\"type\":\"integer\",\"required\":true,\"default\":1,\"min\":0,\"max\":1},\"description\":{\"type\":\"text\"},\"is_delete\":{\"type\":\"integer\",\"required\":true,\"default\":0,\"min\":0,\"max\":1},\"achievement_field_value_id\":{\"type\":\"relation\",\"relation\":\"oneToOne\",\"target\":\"api::achievement-field-value.achievement-field-value\",\"inversedBy\":\"achievement_field_def_id\"},\"achievement_type_id\":{\"type\":\"relation\",\"relation\":\"manyToOne\",\"target\":\"api::achievement-type.achievement-type\",\"inversedBy\":\"achievement_field_defs_id\"}},\"kind\":\"collectionType\"},\"modelName\":\"achievement-field-def\",\"actions\":{},\"lifecycles\":{}},\"api::achievement-field-value.achievement-field-value\":{\"kind\":\"collectionType\",\"collectionName\":\"achievement_field_values\",\"info\":{\"singularName\":\"achievement-field-value\",\"pluralName\":\"achievement-field-values\",\"displayName\":\"achievement_field_value\"},\"options\":{\"draftAndPublish\":true},\"pluginOptions\":{},\"attributes\":{\"text_value\":{\"type\":\"string\"},\"boolean_value\":{\"type\":\"boolean\"},\"number_value\":{\"type\":\"decimal\"},\"date_value\":{\"type\":\"date\"},\"datetime_value\":{\"type\":\"datetime\"},\"media_value\":{\"type\":\"media\",\"multiple\":true,\"allowedTypes\":[\"images\",\"files\",\"videos\",\"audios\"]},\"email_value\":{\"type\":\"email\"},\"is_delete\":{\"type\":\"integer\",\"required\":true,\"default\":0,\"min\":0,\"max\":1},\"achievement_id\":{\"type\":\"relation\",\"relation\":\"manyToOne\",\"target\":\"api::achievement-main.achievement-main\",\"inversedBy\":\"achievement_field_value_id\"},\"achievement_field_def_id\":{\"type\":\"relation\",\"relation\":\"oneToOne\",\"target\":\"api::achievement-field-def.achievement-field-def\",\"mappedBy\":\"achievement_field_value_id\"},\"createdAt\":{\"type\":\"datetime\"},\"updatedAt\":{\"type\":\"datetime\"},\"publishedAt\":{\"type\":\"datetime\",\"configurable\":false,\"writable\":true,\"visible\":true},\"createdBy\":{\"type\":\"relation\",\"relation\":\"oneToOne\",\"target\":\"admin::user\",\"configurable\":false,\"writable\":false,\"visible\":false,\"useJoinTable\":false,\"private\":true},\"updatedBy\":{\"type\":\"relation\",\"relation\":\"oneToOne\",\"target\":\"admin::user\",\"configurable\":false,\"writable\":false,\"visible\":false,\"useJoinTable\":false,\"private\":true},\"locale\":{\"writable\":true,\"private\":true,\"configurable\":false,\"visible\":false,\"type\":\"string\"},\"localizations\":{\"type\":\"relation\",\"relation\":\"oneToMany\",\"target\":\"api::achievement-field-value.achievement-field-value\",\"writable\":false,\"private\":true,\"configurable\":false,\"visible\":false,\"unstable_virtual\":true,\"joinColumn\":{\"name\":\"document_id\",\"referencedColumn\":\"document_id\",\"referencedTable\":\"achievement_field_values\"}}},\"apiName\":\"achievement-field-value\",\"globalId\":\"AchievementFieldValue\",\"uid\":\"api::achievement-field-value.achievement-field-value\",\"modelType\":\"contentType\",\"__schema__\":{\"collectionName\":\"achievement_field_values\",\"info\":{\"singularName\":\"achievement-field-value\",\"pluralName\":\"achievement-field-values\",\"displayName\":\"achievement_field_value\"},\"options\":{\"draftAndPublish\":true},\"pluginOptions\":{},\"attributes\":{\"text_value\":{\"type\":\"string\"},\"boolean_value\":{\"type\":\"boolean\"},\"number_value\":{\"type\":\"decimal\"},\"date_value\":{\"type\":\"date\"},\"datetime_value\":{\"type\":\"datetime\"},\"media_value\":{\"type\":\"media\",\"multiple\":true,\"allowedTypes\":[\"images\",\"files\",\"videos\",\"audios\"]},\"email_value\":{\"type\":\"email\"},\"is_delete\":{\"type\":\"integer\",\"required\":true,\"default\":0,\"min\":0,\"max\":1},\"achievement_id\":{\"type\":\"relation\",\"relation\":\"manyToOne\",\"target\":\"api::achievement-main.achievement-main\",\"inversedBy\":\"achievement_field_value_id\"},\"achievement_field_def_id\":{\"type\":\"relation\",\"relation\":\"oneToOne\",\"target\":\"api::achievement-field-def.achievement-field-def\",\"mappedBy\":\"achievement_field_value_id\"}},\"kind\":\"collectionType\"},\"modelName\":\"achievement-field-value\",\"actions\":{},\"lifecycles\":{}},\"api::achievement-file.achievement-file\":{\"kind\":\"collectionType\",\"collectionName\":\"achievement_files\",\"info\":{\"singularName\":\"achievement-file\",\"pluralName\":\"achievement-files\",\"displayName\":\"achievement_files\"},\"options\":{\"draftAndPublish\":true},\"pluginOptions\":{},\"attributes\":{\"files\":{\"type\":\"media\",\"multiple\":true,\"required\":true,\"allowedTypes\":[\"images\",\"files\",\"videos\",\"audios\"]},\"is_delete\":{\"type\":\"integer\",\"required\":true,\"default\":0},\"achievement_main_id\":{\"type\":\"relation\",\"relation\":\"manyToOne\",\"target\":\"api::achievement-main.achievement-main\",\"inversedBy\":\"achievement_files_id\"},\"createdAt\":{\"type\":\"datetime\"},\"updatedAt\":{\"type\":\"datetime\"},\"publishedAt\":{\"type\":\"datetime\",\"configurable\":false,\"writable\":true,\"visible\":true},\"createdBy\":{\"type\":\"relation\",\"relation\":\"oneToOne\",\"target\":\"admin::user\",\"configurable\":false,\"writable\":false,\"visible\":false,\"useJoinTable\":false,\"private\":true},\"updatedBy\":{\"type\":\"relation\",\"relation\":\"oneToOne\",\"target\":\"admin::user\",\"configurable\":false,\"writable\":false,\"visible\":false,\"useJoinTable\":false,\"private\":true},\"locale\":{\"writable\":true,\"private\":true,\"configurable\":false,\"visible\":false,\"type\":\"string\"},\"localizations\":{\"type\":\"relation\",\"relation\":\"oneToMany\",\"target\":\"api::achievement-file.achievement-file\",\"writable\":false,\"private\":true,\"configurable\":false,\"visible\":false,\"unstable_virtual\":true,\"joinColumn\":{\"name\":\"document_id\",\"referencedColumn\":\"document_id\",\"referencedTable\":\"achievement_files\"}}},\"apiName\":\"achievement-file\",\"globalId\":\"AchievementFile\",\"uid\":\"api::achievement-file.achievement-file\",\"modelType\":\"contentType\",\"__schema__\":{\"collectionName\":\"achievement_files\",\"info\":{\"singularName\":\"achievement-file\",\"pluralName\":\"achievement-files\",\"displayName\":\"achievement_files\"},\"options\":{\"draftAndPublish\":true},\"pluginOptions\":{},\"attributes\":{\"files\":{\"type\":\"media\",\"multiple\":true,\"required\":true,\"allowedTypes\":[\"images\",\"files\",\"videos\",\"audios\"]},\"is_delete\":{\"type\":\"integer\",\"required\":true,\"default\":0},\"achievement_main_id\":{\"type\":\"relation\",\"relation\":\"manyToOne\",\"target\":\"api::achievement-main.achievement-main\",\"inversedBy\":\"achievement_files_id\"}},\"kind\":\"collectionType\"},\"modelName\":\"achievement-file\",\"actions\":{},\"lifecycles\":{}},\"api::achievement-main.achievement-main\":{\"kind\":\"collectionType\",\"collectionName\":\"achievement_mains\",\"info\":{\"singularName\":\"achievement-main\",\"pluralName\":\"achievement-mains\",\"displayName\":\"achievement_main\"},\"options\":{\"draftAndPublish\":true},\"pluginOptions\":{},\"attributes\":{\"title\":{\"type\":\"string\",\"maxLength\":255,\"required\":true},\"achievement_status\":{\"type\":\"enumeration\",\"required\":true,\"default\":\"PENDING\",\"enum\":[\"PENDING\",\"REVIEWING\",\"APPROVED\",\"REJECTED\",\"NEED_MODIFY\"]},\"summary\":{\"type\":\"text\"},\"year\":{\"type\":\"string\",\"maxLength\":4},\"authors\":{\"type\":\"json\"},\"keywords\":{\"type\":\"json\"},\"project_code\":{\"type\":\"string\",\"maxLength\":100},\"project_name\":{\"type\":\"string\",\"maxLength\":255},\"is_delete\":{\"type\":\"integer\",\"required\":true,\"default\":0,\"min\":0,\"max\":1},\"achievement_field_value_id\":{\"type\":\"relation\",\"relation\":\"oneToMany\",\"target\":\"api::achievement-field-value.achievement-field-value\",\"mappedBy\":\"achievement_id\"},\"achievement_type_id\":{\"type\":\"relation\",\"relation\":\"manyToOne\",\"target\":\"api::achievement-type.achievement-type\",\"inversedBy\":\"achievement_mains_id\"},\"visibility_range\":{\"type\":\"string\",\"default\":\"ALL\",\"required\":true},\"achievement_files_id\":{\"type\":\"relation\",\"relation\":\"oneToMany\",\"target\":\"api::achievement-file.achievement-file\",\"mappedBy\":\"achievement_main_id\"},\"created_by_user_id\":{\"type\":\"string\"},\"createdAt\":{\"type\":\"datetime\"},\"updatedAt\":{\"type\":\"datetime\"},\"publishedAt\":{\"type\":\"datetime\",\"configurable\":false,\"writable\":true,\"visible\":true},\"createdBy\":{\"type\":\"relation\",\"relation\":\"oneToOne\",\"target\":\"admin::user\",\"configurable\":false,\"writable\":false,\"visible\":false,\"useJoinTable\":false,\"private\":true},\"updatedBy\":{\"type\":\"relation\",\"relation\":\"oneToOne\",\"target\":\"admin::user\",\"configurable\":false,\"writable\":false,\"visible\":false,\"useJoinTable\":false,\"private\":true},\"locale\":{\"writable\":true,\"private\":true,\"configurable\":false,\"visible\":false,\"type\":\"string\"},\"localizations\":{\"type\":\"relation\",\"relation\":\"oneToMany\",\"target\":\"api::achievement-main.achievement-main\",\"writable\":false,\"private\":true,\"configurable\":false,\"visible\":false,\"unstable_virtual\":true,\"joinColumn\":{\"name\":\"document_id\",\"referencedColumn\":\"document_id\",\"referencedTable\":\"achievement_mains\"}}},\"apiName\":\"achievement-main\",\"globalId\":\"AchievementMain\",\"uid\":\"api::achievement-main.achievement-main\",\"modelType\":\"contentType\",\"__schema__\":{\"collectionName\":\"achievement_mains\",\"info\":{\"singularName\":\"achievement-main\",\"pluralName\":\"achievement-mains\",\"displayName\":\"achievement_main\"},\"options\":{\"draftAndPublish\":true},\"pluginOptions\":{},\"attributes\":{\"title\":{\"type\":\"string\",\"maxLength\":255,\"required\":true},\"achievement_status\":{\"type\":\"enumeration\",\"required\":true,\"default\":\"PENDING\",\"enum\":[\"PENDING\",\"REVIEWING\",\"APPROVED\",\"REJECTED\",\"NEED_MODIFY\"]},\"summary\":{\"type\":\"text\"},\"year\":{\"type\":\"string\",\"maxLength\":4},\"authors\":{\"type\":\"json\"},\"keywords\":{\"type\":\"json\"},\"project_code\":{\"type\":\"string\",\"maxLength\":100},\"project_name\":{\"type\":\"string\",\"maxLength\":255},\"is_delete\":{\"type\":\"integer\",\"required\":true,\"default\":0,\"min\":0,\"max\":1},\"achievement_field_value_id\":{\"type\":\"relation\",\"relation\":\"oneToMany\",\"target\":\"api::achievement-field-value.achievement-field-value\",\"mappedBy\":\"achievement_id\"},\"achievement_type_id\":{\"type\":\"relation\",\"relation\":\"manyToOne\",\"target\":\"api::achievement-type.achievement-type\",\"inversedBy\":\"achievement_mains_id\"},\"visibility_range\":{\"type\":\"string\",\"default\":\"ALL\",\"required\":true},\"achievement_files_id\":{\"type\":\"relation\",\"relation\":\"oneToMany\",\"target\":\"api::achievement-file.achievement-file\",\"mappedBy\":\"achievement_main_id\"},\"created_by_user_id\":{\"type\":\"string\"}},\"kind\":\"collectionType\"},\"modelName\":\"achievement-main\",\"actions\":{},\"lifecycles\":{}},\"api::achievement-type.achievement-type\":{\"kind\":\"collectionType\",\"collectionName\":\"achievement_types\",\"info\":{\"singularName\":\"achievement-type\",\"pluralName\":\"achievement-types\",\"displayName\":\"achievement_type\"},\"options\":{\"draftAndPublish\":true},\"pluginOptions\":{},\"attributes\":{\"type_code\":{\"type\":\"string\",\"required\":true,\"unique\":true},\"type_name\":{\"type\":\"string\",\"required\":true,\"unique\":true},\"description\":{\"type\":\"text\"},\"is_delete\":{\"type\":\"integer\",\"required\":true,\"default\":0,\"min\":0,\"max\":1},\"achievement_field_defs_id\":{\"type\":\"relation\",\"relation\":\"oneToMany\",\"target\":\"api::achievement-field-def.achievement-field-def\",\"mappedBy\":\"achievement_type_id\"},\"achievement_mains_id\":{\"type\":\"relation\",\"relation\":\"oneToMany\",\"target\":\"api::achievement-main.achievement-main\",\"mappedBy\":\"achievement_type_id\"},\"enabled\":{\"type\":\"boolean\",\"default\":true},\"createdAt\":{\"type\":\"datetime\"},\"updatedAt\":{\"type\":\"datetime\"},\"publishedAt\":{\"type\":\"datetime\",\"configurable\":false,\"writable\":true,\"visible\":true},\"createdBy\":{\"type\":\"relation\",\"relation\":\"oneToOne\",\"target\":\"admin::user\",\"configurable\":false,\"writable\":false,\"visible\":false,\"useJoinTable\":false,\"private\":true},\"updatedBy\":{\"type\":\"relation\",\"relation\":\"oneToOne\",\"target\":\"admin::user\",\"configurable\":false,\"writable\":false,\"visible\":false,\"useJoinTable\":false,\"private\":true},\"locale\":{\"writable\":true,\"private\":true,\"configurable\":false,\"visible\":false,\"type\":\"string\"},\"localizations\":{\"type\":\"relation\",\"relation\":\"oneToMany\",\"target\":\"api::achievement-type.achievement-type\",\"writable\":false,\"private\":true,\"configurable\":false,\"visible\":false,\"unstable_virtual\":true,\"joinColumn\":{\"name\":\"document_id\",\"referencedColumn\":\"document_id\",\"referencedTable\":\"achievement_types\"}}},\"apiName\":\"achievement-type\",\"globalId\":\"AchievementType\",\"uid\":\"api::achievement-type.achievement-type\",\"modelType\":\"contentType\",\"__schema__\":{\"collectionName\":\"achievement_types\",\"info\":{\"singularName\":\"achievement-type\",\"pluralName\":\"achievement-types\",\"displayName\":\"achievement_type\"},\"options\":{\"draftAndPublish\":true},\"pluginOptions\":{},\"attributes\":{\"type_code\":{\"type\":\"string\",\"required\":true,\"unique\":true},\"type_name\":{\"type\":\"string\",\"required\":true,\"unique\":true},\"description\":{\"type\":\"text\"},\"is_delete\":{\"type\":\"integer\",\"required\":true,\"default\":0,\"min\":0,\"max\":1},\"achievement_field_defs_id\":{\"type\":\"relation\",\"relation\":\"oneToMany\",\"target\":\"api::achievement-field-def.achievement-field-def\",\"mappedBy\":\"achievement_type_id\"},\"achievement_mains_id\":{\"type\":\"relation\",\"relation\":\"oneToMany\",\"target\":\"api::achievement-main.achievement-main\",\"mappedBy\":\"achievement_type_id\"},\"enabled\":{\"type\":\"boolean\",\"default\":true}},\"kind\":\"collectionType\"},\"modelName\":\"achievement-type\",\"actions\":{},\"lifecycles\":{}},\"api::article.article\":{\"kind\":\"collectionType\",\"collectionName\":\"articles\",\"info\":{\"singularName\":\"article\",\"pluralName\":\"articles\",\"displayName\":\"Article\",\"description\":\"Create your blog content\"},\"options\":{\"draftAndPublish\":true},\"pluginOptions\":{},\"attributes\":{\"title\":{\"type\":\"string\"},\"description\":{\"type\":\"text\",\"maxLength\":80},\"slug\":{\"type\":\"uid\",\"targetField\":\"title\"},\"cover\":{\"type\":\"media\",\"multiple\":false,\"required\":false,\"allowedTypes\":[\"images\",\"files\",\"videos\"]},\"author\":{\"type\":\"relation\",\"relation\":\"manyToOne\",\"target\":\"api::author.author\",\"inversedBy\":\"articles\"},\"category\":{\"type\":\"relation\",\"relation\":\"manyToOne\",\"target\":\"api::category.category\",\"inversedBy\":\"articles\"},\"blocks\":{\"type\":\"dynamiczone\",\"components\":[\"shared.media\",\"shared.quote\",\"shared.rich-text\",\"shared.slider\"]},\"createdAt\":{\"type\":\"datetime\"},\"updatedAt\":{\"type\":\"datetime\"},\"publishedAt\":{\"type\":\"datetime\",\"configurable\":false,\"writable\":true,\"visible\":true},\"createdBy\":{\"type\":\"relation\",\"relation\":\"oneToOne\",\"target\":\"admin::user\",\"configurable\":false,\"writable\":false,\"visible\":false,\"useJoinTable\":false,\"private\":true},\"updatedBy\":{\"type\":\"relation\",\"relation\":\"oneToOne\",\"target\":\"admin::user\",\"configurable\":false,\"writable\":false,\"visible\":false,\"useJoinTable\":false,\"private\":true},\"locale\":{\"writable\":true,\"private\":true,\"configurable\":false,\"visible\":false,\"type\":\"string\"},\"localizations\":{\"type\":\"relation\",\"relation\":\"oneToMany\",\"target\":\"api::article.article\",\"writable\":false,\"private\":true,\"configurable\":false,\"visible\":false,\"unstable_virtual\":true,\"joinColumn\":{\"name\":\"document_id\",\"referencedColumn\":\"document_id\",\"referencedTable\":\"articles\"}}},\"apiName\":\"article\",\"globalId\":\"Article\",\"uid\":\"api::article.article\",\"modelType\":\"contentType\",\"__schema__\":{\"collectionName\":\"articles\",\"info\":{\"singularName\":\"article\",\"pluralName\":\"articles\",\"displayName\":\"Article\",\"description\":\"Create your blog content\"},\"options\":{\"draftAndPublish\":true},\"pluginOptions\":{},\"attributes\":{\"title\":{\"type\":\"string\"},\"description\":{\"type\":\"text\",\"maxLength\":80},\"slug\":{\"type\":\"uid\",\"targetField\":\"title\"},\"cover\":{\"type\":\"media\",\"multiple\":false,\"required\":false,\"allowedTypes\":[\"images\",\"files\",\"videos\"]},\"author\":{\"type\":\"relation\",\"relation\":\"manyToOne\",\"target\":\"api::author.author\",\"inversedBy\":\"articles\"},\"category\":{\"type\":\"relation\",\"relation\":\"manyToOne\",\"target\":\"api::category.category\",\"inversedBy\":\"articles\"},\"blocks\":{\"type\":\"dynamiczone\",\"components\":[\"shared.media\",\"shared.quote\",\"shared.rich-text\",\"shared.slider\"]}},\"kind\":\"collectionType\"},\"modelName\":\"article\",\"actions\":{},\"lifecycles\":{}},\"api::author.author\":{\"kind\":\"collectionType\",\"collectionName\":\"authors\",\"info\":{\"singularName\":\"author\",\"pluralName\":\"authors\",\"displayName\":\"Author\",\"description\":\"Create authors for your content\"},\"options\":{\"draftAndPublish\":false},\"pluginOptions\":{},\"attributes\":{\"name\":{\"type\":\"string\"},\"avatar\":{\"type\":\"media\",\"multiple\":false,\"required\":false,\"allowedTypes\":[\"images\",\"files\",\"videos\"]},\"email\":{\"type\":\"string\"},\"articles\":{\"type\":\"relation\",\"relation\":\"oneToMany\",\"target\":\"api::article.article\",\"mappedBy\":\"author\"},\"createdAt\":{\"type\":\"datetime\"},\"updatedAt\":{\"type\":\"datetime\"},\"publishedAt\":{\"type\":\"datetime\",\"configurable\":false,\"writable\":true,\"visible\":true},\"createdBy\":{\"type\":\"relation\",\"relation\":\"oneToOne\",\"target\":\"admin::user\",\"configurable\":false,\"writable\":false,\"visible\":false,\"useJoinTable\":false,\"private\":true},\"updatedBy\":{\"type\":\"relation\",\"relation\":\"oneToOne\",\"target\":\"admin::user\",\"configurable\":false,\"writable\":false,\"visible\":false,\"useJoinTable\":false,\"private\":true},\"locale\":{\"writable\":true,\"private\":true,\"configurable\":false,\"visible\":false,\"type\":\"string\"},\"localizations\":{\"type\":\"relation\",\"relation\":\"oneToMany\",\"target\":\"api::author.author\",\"writable\":false,\"private\":true,\"configurable\":false,\"visible\":false,\"unstable_virtual\":true,\"joinColumn\":{\"name\":\"document_id\",\"referencedColumn\":\"document_id\",\"referencedTable\":\"authors\"}}},\"apiName\":\"author\",\"globalId\":\"Author\",\"uid\":\"api::author.author\",\"modelType\":\"contentType\",\"__schema__\":{\"collectionName\":\"authors\",\"info\":{\"singularName\":\"author\",\"pluralName\":\"authors\",\"displayName\":\"Author\",\"description\":\"Create authors for your content\"},\"options\":{\"draftAndPublish\":false},\"pluginOptions\":{},\"attributes\":{\"name\":{\"type\":\"string\"},\"avatar\":{\"type\":\"media\",\"multiple\":false,\"required\":false,\"allowedTypes\":[\"images\",\"files\",\"videos\"]},\"email\":{\"type\":\"string\"},\"articles\":{\"type\":\"relation\",\"relation\":\"oneToMany\",\"target\":\"api::article.article\",\"mappedBy\":\"author\"}},\"kind\":\"collectionType\"},\"modelName\":\"author\",\"actions\":{},\"lifecycles\":{}},\"api::category.category\":{\"kind\":\"collectionType\",\"collectionName\":\"categories\",\"info\":{\"singularName\":\"category\",\"pluralName\":\"categories\",\"displayName\":\"Category\",\"description\":\"Organize your content into categories\"},\"options\":{\"draftAndPublish\":false},\"pluginOptions\":{},\"attributes\":{\"name\":{\"type\":\"string\"},\"slug\":{\"type\":\"uid\"},\"articles\":{\"type\":\"relation\",\"relation\":\"oneToMany\",\"target\":\"api::article.article\",\"mappedBy\":\"category\"},\"description\":{\"type\":\"text\"},\"createdAt\":{\"type\":\"datetime\"},\"updatedAt\":{\"type\":\"datetime\"},\"publishedAt\":{\"type\":\"datetime\",\"configurable\":false,\"writable\":true,\"visible\":true},\"createdBy\":{\"type\":\"relation\",\"relation\":\"oneToOne\",\"target\":\"admin::user\",\"configurable\":false,\"writable\":false,\"visible\":false,\"useJoinTable\":false,\"private\":true},\"updatedBy\":{\"type\":\"relation\",\"relation\":\"oneToOne\",\"target\":\"admin::user\",\"configurable\":false,\"writable\":false,\"visible\":false,\"useJoinTable\":false,\"private\":true},\"locale\":{\"writable\":true,\"private\":true,\"configurable\":false,\"visible\":false,\"type\":\"string\"},\"localizations\":{\"type\":\"relation\",\"relation\":\"oneToMany\",\"target\":\"api::category.category\",\"writable\":false,\"private\":true,\"configurable\":false,\"visible\":false,\"unstable_virtual\":true,\"joinColumn\":{\"name\":\"document_id\",\"referencedColumn\":\"document_id\",\"referencedTable\":\"categories\"}}},\"apiName\":\"category\",\"globalId\":\"Category\",\"uid\":\"api::category.category\",\"modelType\":\"contentType\",\"__schema__\":{\"collectionName\":\"categories\",\"info\":{\"singularName\":\"category\",\"pluralName\":\"categories\",\"displayName\":\"Category\",\"description\":\"Organize your content into categories\"},\"options\":{\"draftAndPublish\":false},\"pluginOptions\":{},\"attributes\":{\"name\":{\"type\":\"string\"},\"slug\":{\"type\":\"uid\"},\"articles\":{\"type\":\"relation\",\"relation\":\"oneToMany\",\"target\":\"api::article.article\",\"mappedBy\":\"category\"},\"description\":{\"type\":\"text\"}},\"kind\":\"collectionType\"},\"modelName\":\"category\",\"actions\":{},\"lifecycles\":{}},\"api::global.global\":{\"kind\":\"singleType\",\"collectionName\":\"globals\",\"info\":{\"singularName\":\"global\",\"pluralName\":\"globals\",\"displayName\":\"Global\",\"description\":\"Define global settings\"},\"options\":{\"draftAndPublish\":false},\"pluginOptions\":{},\"attributes\":{\"siteName\":{\"type\":\"string\",\"required\":true},\"favicon\":{\"type\":\"media\",\"multiple\":false,\"required\":false,\"allowedTypes\":[\"images\",\"files\",\"videos\"]},\"siteDescription\":{\"type\":\"text\",\"required\":true},\"defaultSeo\":{\"type\":\"component\",\"repeatable\":false,\"component\":\"shared.seo\"},\"createdAt\":{\"type\":\"datetime\"},\"updatedAt\":{\"type\":\"datetime\"},\"publishedAt\":{\"type\":\"datetime\",\"configurable\":false,\"writable\":true,\"visible\":true},\"createdBy\":{\"type\":\"relation\",\"relation\":\"oneToOne\",\"target\":\"admin::user\",\"configurable\":false,\"writable\":false,\"visible\":false,\"useJoinTable\":false,\"private\":true},\"updatedBy\":{\"type\":\"relation\",\"relation\":\"oneToOne\",\"target\":\"admin::user\",\"configurable\":false,\"writable\":false,\"visible\":false,\"useJoinTable\":false,\"private\":true},\"locale\":{\"writable\":true,\"private\":true,\"configurable\":false,\"visible\":false,\"type\":\"string\"},\"localizations\":{\"type\":\"relation\",\"relation\":\"oneToMany\",\"target\":\"api::global.global\",\"writable\":false,\"private\":true,\"configurable\":false,\"visible\":false,\"unstable_virtual\":true,\"joinColumn\":{\"name\":\"document_id\",\"referencedColumn\":\"document_id\",\"referencedTable\":\"globals\"}}},\"apiName\":\"global\",\"globalId\":\"Global\",\"uid\":\"api::global.global\",\"modelType\":\"contentType\",\"__schema__\":{\"collectionName\":\"globals\",\"info\":{\"singularName\":\"global\",\"pluralName\":\"globals\",\"displayName\":\"Global\",\"description\":\"Define global settings\"},\"options\":{\"draftAndPublish\":false},\"pluginOptions\":{},\"attributes\":{\"siteName\":{\"type\":\"string\",\"required\":true},\"favicon\":{\"type\":\"media\",\"multiple\":false,\"required\":false,\"allowedTypes\":[\"images\",\"files\",\"videos\"]},\"siteDescription\":{\"type\":\"text\",\"required\":true},\"defaultSeo\":{\"type\":\"component\",\"repeatable\":false,\"component\":\"shared.seo\"}},\"kind\":\"singleType\"},\"modelName\":\"global\",\"actions\":{},\"lifecycles\":{}},\"admin::permission\":{\"collectionName\":\"admin_permissions\",\"info\":{\"name\":\"Permission\",\"description\":\"\",\"singularName\":\"permission\",\"pluralName\":\"permissions\",\"displayName\":\"Permission\"},\"options\":{\"draftAndPublish\":false},\"pluginOptions\":{\"content-manager\":{\"visible\":false},\"content-type-builder\":{\"visible\":false}},\"attributes\":{\"action\":{\"type\":\"string\",\"minLength\":1,\"configurable\":false,\"required\":true},\"actionParameters\":{\"type\":\"json\",\"configurable\":false,\"required\":false,\"default\":{}},\"subject\":{\"type\":\"string\",\"minLength\":1,\"configurable\":false,\"required\":false},\"properties\":{\"type\":\"json\",\"configurable\":false,\"required\":false,\"default\":{}},\"conditions\":{\"type\":\"json\",\"configurable\":false,\"required\":false,\"default\":[]},\"role\":{\"configurable\":false,\"type\":\"relation\",\"relation\":\"manyToOne\",\"inversedBy\":\"permissions\",\"target\":\"admin::role\"},\"createdAt\":{\"type\":\"datetime\"},\"updatedAt\":{\"type\":\"datetime\"},\"publishedAt\":{\"type\":\"datetime\",\"configurable\":false,\"writable\":true,\"visible\":true},\"createdBy\":{\"type\":\"relation\",\"relation\":\"oneToOne\",\"target\":\"admin::user\",\"configurable\":false,\"writable\":false,\"visible\":false,\"useJoinTable\":false,\"private\":true},\"updatedBy\":{\"type\":\"relation\",\"relation\":\"oneToOne\",\"target\":\"admin::user\",\"configurable\":false,\"writable\":false,\"visible\":false,\"useJoinTable\":false,\"private\":true},\"locale\":{\"writable\":true,\"private\":true,\"configurable\":false,\"visible\":false,\"type\":\"string\"},\"localizations\":{\"type\":\"relation\",\"relation\":\"oneToMany\",\"target\":\"admin::permission\",\"writable\":false,\"private\":true,\"configurable\":false,\"visible\":false,\"unstable_virtual\":true,\"joinColumn\":{\"name\":\"document_id\",\"referencedColumn\":\"document_id\",\"referencedTable\":\"admin_permissions\"}}},\"plugin\":\"admin\",\"globalId\":\"AdminPermission\",\"uid\":\"admin::permission\",\"modelType\":\"contentType\",\"kind\":\"collectionType\",\"__schema__\":{\"collectionName\":\"admin_permissions\",\"info\":{\"name\":\"Permission\",\"description\":\"\",\"singularName\":\"permission\",\"pluralName\":\"permissions\",\"displayName\":\"Permission\"},\"options\":{},\"pluginOptions\":{\"content-manager\":{\"visible\":false},\"content-type-builder\":{\"visible\":false}},\"attributes\":{\"action\":{\"type\":\"string\",\"minLength\":1,\"configurable\":false,\"required\":true},\"actionParameters\":{\"type\":\"json\",\"configurable\":false,\"required\":false,\"default\":{}},\"subject\":{\"type\":\"string\",\"minLength\":1,\"configurable\":false,\"required\":false},\"properties\":{\"type\":\"json\",\"configurable\":false,\"required\":false,\"default\":{}},\"conditions\":{\"type\":\"json\",\"configurable\":false,\"required\":false,\"default\":[]},\"role\":{\"configurable\":false,\"type\":\"relation\",\"relation\":\"manyToOne\",\"inversedBy\":\"permissions\",\"target\":\"admin::role\"}},\"kind\":\"collectionType\"},\"modelName\":\"permission\"},\"admin::user\":{\"collectionName\":\"admin_users\",\"info\":{\"name\":\"User\",\"description\":\"\",\"singularName\":\"user\",\"pluralName\":\"users\",\"displayName\":\"User\"},\"pluginOptions\":{\"content-manager\":{\"visible\":false},\"content-type-builder\":{\"visible\":false}},\"attributes\":{\"firstname\":{\"type\":\"string\",\"unique\":false,\"minLength\":1,\"configurable\":false,\"required\":false},\"lastname\":{\"type\":\"string\",\"unique\":false,\"minLength\":1,\"configurable\":false,\"required\":false},\"username\":{\"type\":\"string\",\"unique\":false,\"configurable\":false,\"required\":false},\"email\":{\"type\":\"email\",\"minLength\":6,\"configurable\":false,\"required\":true,\"unique\":true,\"private\":true},\"password\":{\"type\":\"password\",\"minLength\":6,\"configurable\":false,\"required\":false,\"private\":true,\"searchable\":false},\"resetPasswordToken\":{\"type\":\"string\",\"configurable\":false,\"private\":true,\"searchable\":false},\"registrationToken\":{\"type\":\"string\",\"configurable\":false,\"private\":true,\"searchable\":false},\"isActive\":{\"type\":\"boolean\",\"default\":false,\"configurable\":false,\"private\":true},\"roles\":{\"configurable\":false,\"private\":true,\"type\":\"relation\",\"relation\":\"manyToMany\",\"inversedBy\":\"users\",\"target\":\"admin::role\",\"collectionName\":\"strapi_users_roles\"},\"blocked\":{\"type\":\"boolean\",\"default\":false,\"configurable\":false,\"private\":true},\"preferedLanguage\":{\"type\":\"string\",\"configurable\":false,\"required\":false,\"searchable\":false},\"createdAt\":{\"type\":\"datetime\"},\"updatedAt\":{\"type\":\"datetime\"},\"publishedAt\":{\"type\":\"datetime\",\"configurable\":false,\"writable\":true,\"visible\":true},\"createdBy\":{\"type\":\"relation\",\"relation\":\"oneToOne\",\"target\":\"admin::user\",\"configurable\":false,\"writable\":false,\"visible\":false,\"useJoinTable\":false,\"private\":true},\"updatedBy\":{\"type\":\"relation\",\"relation\":\"oneToOne\",\"target\":\"admin::user\",\"configurable\":false,\"writable\":false,\"visible\":false,\"useJoinTable\":false,\"private\":true},\"locale\":{\"writable\":true,\"private\":true,\"configurable\":false,\"visible\":false,\"type\":\"string\"},\"localizations\":{\"type\":\"relation\",\"relation\":\"oneToMany\",\"target\":\"admin::user\",\"writable\":false,\"private\":true,\"configurable\":false,\"visible\":false,\"unstable_virtual\":true,\"joinColumn\":{\"name\":\"document_id\",\"referencedColumn\":\"document_id\",\"referencedTable\":\"admin_users\"}}},\"config\":{\"attributes\":{\"resetPasswordToken\":{\"hidden\":true},\"registrationToken\":{\"hidden\":true}}},\"plugin\":\"admin\",\"globalId\":\"AdminUser\",\"uid\":\"admin::user\",\"modelType\":\"contentType\",\"kind\":\"collectionType\",\"__schema__\":{\"collectionName\":\"admin_users\",\"info\":{\"name\":\"User\",\"description\":\"\",\"singularName\":\"user\",\"pluralName\":\"users\",\"displayName\":\"User\"},\"pluginOptions\":{\"content-manager\":{\"visible\":false},\"content-type-builder\":{\"visible\":false}},\"attributes\":{\"firstname\":{\"type\":\"string\",\"unique\":false,\"minLength\":1,\"configurable\":false,\"required\":false},\"lastname\":{\"type\":\"string\",\"unique\":false,\"minLength\":1,\"configurable\":false,\"required\":false},\"username\":{\"type\":\"string\",\"unique\":false,\"configurable\":false,\"required\":false},\"email\":{\"type\":\"email\",\"minLength\":6,\"configurable\":false,\"required\":true,\"unique\":true,\"private\":true},\"password\":{\"type\":\"password\",\"minLength\":6,\"configurable\":false,\"required\":false,\"private\":true,\"searchable\":false},\"resetPasswordToken\":{\"type\":\"string\",\"configurable\":false,\"private\":true,\"searchable\":false},\"registrationToken\":{\"type\":\"string\",\"configurable\":false,\"private\":true,\"searchable\":false},\"isActive\":{\"type\":\"boolean\",\"default\":false,\"configurable\":false,\"private\":true},\"roles\":{\"configurable\":false,\"private\":true,\"type\":\"relation\",\"relation\":\"manyToMany\",\"inversedBy\":\"users\",\"target\":\"admin::role\",\"collectionName\":\"strapi_users_roles\"},\"blocked\":{\"type\":\"boolean\",\"default\":false,\"configurable\":false,\"private\":true},\"preferedLanguage\":{\"type\":\"string\",\"configurable\":false,\"required\":false,\"searchable\":false}},\"kind\":\"collectionType\"},\"modelName\":\"user\",\"options\":{\"draftAndPublish\":false}},\"admin::role\":{\"collectionName\":\"admin_roles\",\"info\":{\"name\":\"Role\",\"description\":\"\",\"singularName\":\"role\",\"pluralName\":\"roles\",\"displayName\":\"Role\"},\"options\":{\"draftAndPublish\":false},\"pluginOptions\":{\"content-manager\":{\"visible\":false},\"content-type-builder\":{\"visible\":false}},\"attributes\":{\"name\":{\"type\":\"string\",\"minLength\":1,\"unique\":true,\"configurable\":false,\"required\":true},\"code\":{\"type\":\"string\",\"minLength\":1,\"unique\":true,\"configurable\":false,\"required\":true},\"description\":{\"type\":\"string\",\"configurable\":false},\"users\":{\"configurable\":false,\"type\":\"relation\",\"relation\":\"manyToMany\",\"mappedBy\":\"roles\",\"target\":\"admin::user\"},\"permissions\":{\"configurable\":false,\"type\":\"relation\",\"relation\":\"oneToMany\",\"mappedBy\":\"role\",\"target\":\"admin::permission\"},\"createdAt\":{\"type\":\"datetime\"},\"updatedAt\":{\"type\":\"datetime\"},\"publishedAt\":{\"type\":\"datetime\",\"configurable\":false,\"writable\":true,\"visible\":true},\"createdBy\":{\"type\":\"relation\",\"relation\":\"oneToOne\",\"target\":\"admin::user\",\"configurable\":false,\"writable\":false,\"visible\":false,\"useJoinTable\":false,\"private\":true},\"updatedBy\":{\"type\":\"relation\",\"relation\":\"oneToOne\",\"target\":\"admin::user\",\"configurable\":false,\"writable\":false,\"visible\":false,\"useJoinTable\":false,\"private\":true},\"locale\":{\"writable\":true,\"private\":true,\"configurable\":false,\"visible\":false,\"type\":\"string\"},\"localizations\":{\"type\":\"relation\",\"relation\":\"oneToMany\",\"target\":\"admin::role\",\"writable\":false,\"private\":true,\"configurable\":false,\"visible\":false,\"unstable_virtual\":true,\"joinColumn\":{\"name\":\"document_id\",\"referencedColumn\":\"document_id\",\"referencedTable\":\"admin_roles\"}}},\"plugin\":\"admin\",\"globalId\":\"AdminRole\",\"uid\":\"admin::role\",\"modelType\":\"contentType\",\"kind\":\"collectionType\",\"__schema__\":{\"collectionName\":\"admin_roles\",\"info\":{\"name\":\"Role\",\"description\":\"\",\"singularName\":\"role\",\"pluralName\":\"roles\",\"displayName\":\"Role\"},\"options\":{},\"pluginOptions\":{\"content-manager\":{\"visible\":false},\"content-type-builder\":{\"visible\":false}},\"attributes\":{\"name\":{\"type\":\"string\",\"minLength\":1,\"unique\":true,\"configurable\":false,\"required\":true},\"code\":{\"type\":\"string\",\"minLength\":1,\"unique\":true,\"configurable\":false,\"required\":true},\"description\":{\"type\":\"string\",\"configurable\":false},\"users\":{\"configurable\":false,\"type\":\"relation\",\"relation\":\"manyToMany\",\"mappedBy\":\"roles\",\"target\":\"admin::user\"},\"permissions\":{\"configurable\":false,\"type\":\"relation\",\"relation\":\"oneToMany\",\"mappedBy\":\"role\",\"target\":\"admin::permission\"}},\"kind\":\"collectionType\"},\"modelName\":\"role\"},\"admin::api-token\":{\"collectionName\":\"strapi_api_tokens\",\"info\":{\"name\":\"Api Token\",\"singularName\":\"api-token\",\"pluralName\":\"api-tokens\",\"displayName\":\"Api Token\",\"description\":\"\"},\"options\":{\"draftAndPublish\":false},\"pluginOptions\":{\"content-manager\":{\"visible\":false},\"content-type-builder\":{\"visible\":false}},\"attributes\":{\"name\":{\"type\":\"string\",\"minLength\":1,\"configurable\":false,\"required\":true,\"unique\":true},\"description\":{\"type\":\"string\",\"minLength\":1,\"configurable\":false,\"required\":false,\"default\":\"\"},\"type\":{\"type\":\"enumeration\",\"enum\":[\"read-only\",\"full-access\",\"custom\"],\"configurable\":false,\"required\":true,\"default\":\"read-only\"},\"accessKey\":{\"type\":\"string\",\"minLength\":1,\"configurable\":false,\"required\":true,\"searchable\":false},\"encryptedKey\":{\"type\":\"text\",\"minLength\":1,\"configurable\":false,\"required\":false,\"searchable\":false},\"lastUsedAt\":{\"type\":\"datetime\",\"configurable\":false,\"required\":false},\"permissions\":{\"type\":\"relation\",\"target\":\"admin::api-token-permission\",\"relation\":\"oneToMany\",\"mappedBy\":\"token\",\"configurable\":false,\"required\":false},\"expiresAt\":{\"type\":\"datetime\",\"configurable\":false,\"required\":false},\"lifespan\":{\"type\":\"biginteger\",\"configurable\":false,\"required\":false},\"createdAt\":{\"type\":\"datetime\"},\"updatedAt\":{\"type\":\"datetime\"},\"publishedAt\":{\"type\":\"datetime\",\"configurable\":false,\"writable\":true,\"visible\":true},\"createdBy\":{\"type\":\"relation\",\"relation\":\"oneToOne\",\"target\":\"admin::user\",\"configurable\":false,\"writable\":false,\"visible\":false,\"useJoinTable\":false,\"private\":true},\"updatedBy\":{\"type\":\"relation\",\"relation\":\"oneToOne\",\"target\":\"admin::user\",\"configurable\":false,\"writable\":false,\"visible\":false,\"useJoinTable\":false,\"private\":true},\"locale\":{\"writable\":true,\"private\":true,\"configurable\":false,\"visible\":false,\"type\":\"string\"},\"localizations\":{\"type\":\"relation\",\"relation\":\"oneToMany\",\"target\":\"admin::api-token\",\"writable\":false,\"private\":true,\"configurable\":false,\"visible\":false,\"unstable_virtual\":true,\"joinColumn\":{\"name\":\"document_id\",\"referencedColumn\":\"document_id\",\"referencedTable\":\"strapi_api_tokens\"}}},\"plugin\":\"admin\",\"globalId\":\"AdminApiToken\",\"uid\":\"admin::api-token\",\"modelType\":\"contentType\",\"kind\":\"collectionType\",\"__schema__\":{\"collectionName\":\"strapi_api_tokens\",\"info\":{\"name\":\"Api Token\",\"singularName\":\"api-token\",\"pluralName\":\"api-tokens\",\"displayName\":\"Api Token\",\"description\":\"\"},\"options\":{},\"pluginOptions\":{\"content-manager\":{\"visible\":false},\"content-type-builder\":{\"visible\":false}},\"attributes\":{\"name\":{\"type\":\"string\",\"minLength\":1,\"configurable\":false,\"required\":true,\"unique\":true},\"description\":{\"type\":\"string\",\"minLength\":1,\"configurable\":false,\"required\":false,\"default\":\"\"},\"type\":{\"type\":\"enumeration\",\"enum\":[\"read-only\",\"full-access\",\"custom\"],\"configurable\":false,\"required\":true,\"default\":\"read-only\"},\"accessKey\":{\"type\":\"string\",\"minLength\":1,\"configurable\":false,\"required\":true,\"searchable\":false},\"encryptedKey\":{\"type\":\"text\",\"minLength\":1,\"configurable\":false,\"required\":false,\"searchable\":false},\"lastUsedAt\":{\"type\":\"datetime\",\"configurable\":false,\"required\":false},\"permissions\":{\"type\":\"relation\",\"target\":\"admin::api-token-permission\",\"relation\":\"oneToMany\",\"mappedBy\":\"token\",\"configurable\":false,\"required\":false},\"expiresAt\":{\"type\":\"datetime\",\"configurable\":false,\"required\":false},\"lifespan\":{\"type\":\"biginteger\",\"configurable\":false,\"required\":false}},\"kind\":\"collectionType\"},\"modelName\":\"api-token\"},\"admin::api-token-permission\":{\"collectionName\":\"strapi_api_token_permissions\",\"info\":{\"name\":\"API Token Permission\",\"description\":\"\",\"singularName\":\"api-token-permission\",\"pluralName\":\"api-token-permissions\",\"displayName\":\"API Token Permission\"},\"options\":{\"draftAndPublish\":false},\"pluginOptions\":{\"content-manager\":{\"visible\":false},\"content-type-builder\":{\"visible\":false}},\"attributes\":{\"action\":{\"type\":\"string\",\"minLength\":1,\"configurable\":false,\"required\":true},\"token\":{\"configurable\":false,\"type\":\"relation\",\"relation\":\"manyToOne\",\"inversedBy\":\"permissions\",\"target\":\"admin::api-token\"},\"createdAt\":{\"type\":\"datetime\"},\"updatedAt\":{\"type\":\"datetime\"},\"publishedAt\":{\"type\":\"datetime\",\"configurable\":false,\"writable\":true,\"visible\":true},\"createdBy\":{\"type\":\"relation\",\"relation\":\"oneToOne\",\"target\":\"admin::user\",\"configurable\":false,\"writable\":false,\"visible\":false,\"useJoinTable\":false,\"private\":true},\"updatedBy\":{\"type\":\"relation\",\"relation\":\"oneToOne\",\"target\":\"admin::user\",\"configurable\":false,\"writable\":false,\"visible\":false,\"useJoinTable\":false,\"private\":true},\"locale\":{\"writable\":true,\"private\":true,\"configurable\":false,\"visible\":false,\"type\":\"string\"},\"localizations\":{\"type\":\"relation\",\"relation\":\"oneToMany\",\"target\":\"admin::api-token-permission\",\"writable\":false,\"private\":true,\"configurable\":false,\"visible\":false,\"unstable_virtual\":true,\"joinColumn\":{\"name\":\"document_id\",\"referencedColumn\":\"document_id\",\"referencedTable\":\"strapi_api_token_permissions\"}}},\"plugin\":\"admin\",\"globalId\":\"AdminApiTokenPermission\",\"uid\":\"admin::api-token-permission\",\"modelType\":\"contentType\",\"kind\":\"collectionType\",\"__schema__\":{\"collectionName\":\"strapi_api_token_permissions\",\"info\":{\"name\":\"API Token Permission\",\"description\":\"\",\"singularName\":\"api-token-permission\",\"pluralName\":\"api-token-permissions\",\"displayName\":\"API Token Permission\"},\"options\":{},\"pluginOptions\":{\"content-manager\":{\"visible\":false},\"content-type-builder\":{\"visible\":false}},\"attributes\":{\"action\":{\"type\":\"string\",\"minLength\":1,\"configurable\":false,\"required\":true},\"token\":{\"configurable\":false,\"type\":\"relation\",\"relation\":\"manyToOne\",\"inversedBy\":\"permissions\",\"target\":\"admin::api-token\"}},\"kind\":\"collectionType\"},\"modelName\":\"api-token-permission\"},\"admin::transfer-token\":{\"collectionName\":\"strapi_transfer_tokens\",\"info\":{\"name\":\"Transfer Token\",\"singularName\":\"transfer-token\",\"pluralName\":\"transfer-tokens\",\"displayName\":\"Transfer Token\",\"description\":\"\"},\"options\":{\"draftAndPublish\":false},\"pluginOptions\":{\"content-manager\":{\"visible\":false},\"content-type-builder\":{\"visible\":false}},\"attributes\":{\"name\":{\"type\":\"string\",\"minLength\":1,\"configurable\":false,\"required\":true,\"unique\":true},\"description\":{\"type\":\"string\",\"minLength\":1,\"configurable\":false,\"required\":false,\"default\":\"\"},\"accessKey\":{\"type\":\"string\",\"minLength\":1,\"configurable\":false,\"required\":true},\"lastUsedAt\":{\"type\":\"datetime\",\"configurable\":false,\"required\":false},\"permissions\":{\"type\":\"relation\",\"target\":\"admin::transfer-token-permission\",\"relation\":\"oneToMany\",\"mappedBy\":\"token\",\"configurable\":false,\"required\":false},\"expiresAt\":{\"type\":\"datetime\",\"configurable\":false,\"required\":false},\"lifespan\":{\"type\":\"biginteger\",\"configurable\":false,\"required\":false},\"createdAt\":{\"type\":\"datetime\"},\"updatedAt\":{\"type\":\"datetime\"},\"publishedAt\":{\"type\":\"datetime\",\"configurable\":false,\"writable\":true,\"visible\":true},\"createdBy\":{\"type\":\"relation\",\"relation\":\"oneToOne\",\"target\":\"admin::user\",\"configurable\":false,\"writable\":false,\"visible\":false,\"useJoinTable\":false,\"private\":true},\"updatedBy\":{\"type\":\"relation\",\"relation\":\"oneToOne\",\"target\":\"admin::user\",\"configurable\":false,\"writable\":false,\"visible\":false,\"useJoinTable\":false,\"private\":true},\"locale\":{\"writable\":true,\"private\":true,\"configurable\":false,\"visible\":false,\"type\":\"string\"},\"localizations\":{\"type\":\"relation\",\"relation\":\"oneToMany\",\"target\":\"admin::transfer-token\",\"writable\":false,\"private\":true,\"configurable\":false,\"visible\":false,\"unstable_virtual\":true,\"joinColumn\":{\"name\":\"document_id\",\"referencedColumn\":\"document_id\",\"referencedTable\":\"strapi_transfer_tokens\"}}},\"plugin\":\"admin\",\"globalId\":\"AdminTransferToken\",\"uid\":\"admin::transfer-token\",\"modelType\":\"contentType\",\"kind\":\"collectionType\",\"__schema__\":{\"collectionName\":\"strapi_transfer_tokens\",\"info\":{\"name\":\"Transfer Token\",\"singularName\":\"transfer-token\",\"pluralName\":\"transfer-tokens\",\"displayName\":\"Transfer Token\",\"description\":\"\"},\"options\":{},\"pluginOptions\":{\"content-manager\":{\"visible\":false},\"content-type-builder\":{\"visible\":false}},\"attributes\":{\"name\":{\"type\":\"string\",\"minLength\":1,\"configurable\":false,\"required\":true,\"unique\":true},\"description\":{\"type\":\"string\",\"minLength\":1,\"configurable\":false,\"required\":false,\"default\":\"\"},\"accessKey\":{\"type\":\"string\",\"minLength\":1,\"configurable\":false,\"required\":true},\"lastUsedAt\":{\"type\":\"datetime\",\"configurable\":false,\"required\":false},\"permissions\":{\"type\":\"relation\",\"target\":\"admin::transfer-token-permission\",\"relation\":\"oneToMany\",\"mappedBy\":\"token\",\"configurable\":false,\"required\":false},\"expiresAt\":{\"type\":\"datetime\",\"configurable\":false,\"required\":false},\"lifespan\":{\"type\":\"biginteger\",\"configurable\":false,\"required\":false}},\"kind\":\"collectionType\"},\"modelName\":\"transfer-token\"},\"admin::transfer-token-permission\":{\"collectionName\":\"strapi_transfer_token_permissions\",\"info\":{\"name\":\"Transfer Token Permission\",\"description\":\"\",\"singularName\":\"transfer-token-permission\",\"pluralName\":\"transfer-token-permissions\",\"displayName\":\"Transfer Token Permission\"},\"options\":{\"draftAndPublish\":false},\"pluginOptions\":{\"content-manager\":{\"visible\":false},\"content-type-builder\":{\"visible\":false}},\"attributes\":{\"action\":{\"type\":\"string\",\"minLength\":1,\"configurable\":false,\"required\":true},\"token\":{\"configurable\":false,\"type\":\"relation\",\"relation\":\"manyToOne\",\"inversedBy\":\"permissions\",\"target\":\"admin::transfer-token\"},\"createdAt\":{\"type\":\"datetime\"},\"updatedAt\":{\"type\":\"datetime\"},\"publishedAt\":{\"type\":\"datetime\",\"configurable\":false,\"writable\":true,\"visible\":true},\"createdBy\":{\"type\":\"relation\",\"relation\":\"oneToOne\",\"target\":\"admin::user\",\"configurable\":false,\"writable\":false,\"visible\":false,\"useJoinTable\":false,\"private\":true},\"updatedBy\":{\"type\":\"relation\",\"relation\":\"oneToOne\",\"target\":\"admin::user\",\"configurable\":false,\"writable\":false,\"visible\":false,\"useJoinTable\":false,\"private\":true},\"locale\":{\"writable\":true,\"private\":true,\"configurable\":false,\"visible\":false,\"type\":\"string\"},\"localizations\":{\"type\":\"relation\",\"relation\":\"oneToMany\",\"target\":\"admin::transfer-token-permission\",\"writable\":false,\"private\":true,\"configurable\":false,\"visible\":false,\"unstable_virtual\":true,\"joinColumn\":{\"name\":\"document_id\",\"referencedColumn\":\"document_id\",\"referencedTable\":\"strapi_transfer_token_permissions\"}}},\"plugin\":\"admin\",\"globalId\":\"AdminTransferTokenPermission\",\"uid\":\"admin::transfer-token-permission\",\"modelType\":\"contentType\",\"kind\":\"collectionType\",\"__schema__\":{\"collectionName\":\"strapi_transfer_token_permissions\",\"info\":{\"name\":\"Transfer Token Permission\",\"description\":\"\",\"singularName\":\"transfer-token-permission\",\"pluralName\":\"transfer-token-permissions\",\"displayName\":\"Transfer Token Permission\"},\"options\":{},\"pluginOptions\":{\"content-manager\":{\"visible\":false},\"content-type-builder\":{\"visible\":false}},\"attributes\":{\"action\":{\"type\":\"string\",\"minLength\":1,\"configurable\":false,\"required\":true},\"token\":{\"configurable\":false,\"type\":\"relation\",\"relation\":\"manyToOne\",\"inversedBy\":\"permissions\",\"target\":\"admin::transfer-token\"}},\"kind\":\"collectionType\"},\"modelName\":\"transfer-token-permission\"},\"admin::session\":{\"collectionName\":\"strapi_sessions\",\"info\":{\"name\":\"Session\",\"description\":\"Session Manager storage\",\"singularName\":\"session\",\"pluralName\":\"sessions\",\"displayName\":\"Session\"},\"options\":{\"draftAndPublish\":false},\"pluginOptions\":{\"content-manager\":{\"visible\":false},\"content-type-builder\":{\"visible\":false},\"i18n\":{\"localized\":false}},\"attributes\":{\"userId\":{\"type\":\"string\",\"required\":true,\"configurable\":false,\"private\":true,\"searchable\":false},\"sessionId\":{\"type\":\"string\",\"unique\":true,\"required\":true,\"configurable\":false,\"private\":true,\"searchable\":false},\"childId\":{\"type\":\"string\",\"configurable\":false,\"private\":true,\"searchable\":false},\"deviceId\":{\"type\":\"string\",\"required\":true,\"configurable\":false,\"private\":true,\"searchable\":false},\"origin\":{\"type\":\"string\",\"required\":true,\"configurable\":false,\"private\":true,\"searchable\":false},\"expiresAt\":{\"type\":\"datetime\",\"required\":true,\"configurable\":false,\"private\":true,\"searchable\":false},\"absoluteExpiresAt\":{\"type\":\"datetime\",\"configurable\":false,\"private\":true,\"searchable\":false},\"status\":{\"type\":\"string\",\"configurable\":false,\"private\":true,\"searchable\":false},\"type\":{\"type\":\"string\",\"configurable\":false,\"private\":true,\"searchable\":false},\"createdAt\":{\"type\":\"datetime\"},\"updatedAt\":{\"type\":\"datetime\"},\"publishedAt\":{\"type\":\"datetime\",\"configurable\":false,\"writable\":true,\"visible\":true},\"createdBy\":{\"type\":\"relation\",\"relation\":\"oneToOne\",\"target\":\"admin::user\",\"configurable\":false,\"writable\":false,\"visible\":false,\"useJoinTable\":false,\"private\":true},\"updatedBy\":{\"type\":\"relation\",\"relation\":\"oneToOne\",\"target\":\"admin::user\",\"configurable\":false,\"writable\":false,\"visible\":false,\"useJoinTable\":false,\"private\":true},\"locale\":{\"writable\":true,\"private\":true,\"configurable\":false,\"visible\":false,\"type\":\"string\"},\"localizations\":{\"type\":\"relation\",\"relation\":\"oneToMany\",\"target\":\"admin::session\",\"writable\":false,\"private\":true,\"configurable\":false,\"visible\":false,\"unstable_virtual\":true,\"joinColumn\":{\"name\":\"document_id\",\"referencedColumn\":\"document_id\",\"referencedTable\":\"strapi_sessions\"}}},\"plugin\":\"admin\",\"globalId\":\"AdminSession\",\"uid\":\"admin::session\",\"modelType\":\"contentType\",\"kind\":\"collectionType\",\"__schema__\":{\"collectionName\":\"strapi_sessions\",\"info\":{\"name\":\"Session\",\"description\":\"Session Manager storage\",\"singularName\":\"session\",\"pluralName\":\"sessions\",\"displayName\":\"Session\"},\"options\":{\"draftAndPublish\":false},\"pluginOptions\":{\"content-manager\":{\"visible\":false},\"content-type-builder\":{\"visible\":false},\"i18n\":{\"localized\":false}},\"attributes\":{\"userId\":{\"type\":\"string\",\"required\":true,\"configurable\":false,\"private\":true,\"searchable\":false},\"sessionId\":{\"type\":\"string\",\"unique\":true,\"required\":true,\"configurable\":false,\"private\":true,\"searchable\":false},\"childId\":{\"type\":\"string\",\"configurable\":false,\"private\":true,\"searchable\":false},\"deviceId\":{\"type\":\"string\",\"required\":true,\"configurable\":false,\"private\":true,\"searchable\":false},\"origin\":{\"type\":\"string\",\"required\":true,\"configurable\":false,\"private\":true,\"searchable\":false},\"expiresAt\":{\"type\":\"datetime\",\"required\":true,\"configurable\":false,\"private\":true,\"searchable\":false},\"absoluteExpiresAt\":{\"type\":\"datetime\",\"configurable\":false,\"private\":true,\"searchable\":false},\"status\":{\"type\":\"string\",\"configurable\":false,\"private\":true,\"searchable\":false},\"type\":{\"type\":\"string\",\"configurable\":false,\"private\":true,\"searchable\":false}},\"kind\":\"collectionType\"},\"modelName\":\"session\"}}', 'object', NULL, NULL);
INSERT INTO `strapi_core_store_settings` VALUES (3, 'plugin_content_manager_configuration_components::shared.slider', '{\"settings\":{\"bulkable\":true,\"filterable\":true,\"searchable\":true,\"pageSize\":10,\"mainField\":\"documentId\",\"defaultSortBy\":\"documentId\",\"defaultSortOrder\":\"ASC\"},\"metadatas\":{\"id\":{\"edit\":{},\"list\":{\"label\":\"id\",\"searchable\":false,\"sortable\":false}},\"files\":{\"edit\":{\"label\":\"files\",\"description\":\"\",\"placeholder\":\"\",\"visible\":true,\"editable\":true},\"list\":{\"label\":\"files\",\"searchable\":false,\"sortable\":false}},\"documentId\":{\"edit\":{},\"list\":{\"label\":\"documentId\",\"searchable\":true,\"sortable\":true}}},\"layouts\":{\"list\":[\"id\",\"files\"],\"edit\":[[{\"name\":\"files\",\"size\":6}]]},\"uid\":\"shared.slider\",\"isComponent\":true}', 'object', NULL, NULL);
INSERT INTO `strapi_core_store_settings` VALUES (4, 'plugin_content_manager_configuration_components::shared.rich-text', '{\"settings\":{\"bulkable\":true,\"filterable\":true,\"searchable\":true,\"pageSize\":10,\"mainField\":\"documentId\",\"defaultSortBy\":\"documentId\",\"defaultSortOrder\":\"ASC\"},\"metadatas\":{\"id\":{\"edit\":{},\"list\":{\"label\":\"id\",\"searchable\":false,\"sortable\":false}},\"body\":{\"edit\":{\"label\":\"body\",\"description\":\"\",\"placeholder\":\"\",\"visible\":true,\"editable\":true},\"list\":{\"label\":\"body\",\"searchable\":false,\"sortable\":false}},\"documentId\":{\"edit\":{},\"list\":{\"label\":\"documentId\",\"searchable\":true,\"sortable\":true}}},\"layouts\":{\"list\":[\"id\"],\"edit\":[[{\"name\":\"body\",\"size\":12}]]},\"uid\":\"shared.rich-text\",\"isComponent\":true}', 'object', NULL, NULL);
INSERT INTO `strapi_core_store_settings` VALUES (5, 'plugin_content_manager_configuration_components::shared.quote', '{\"settings\":{\"bulkable\":true,\"filterable\":true,\"searchable\":true,\"pageSize\":10,\"mainField\":\"title\",\"defaultSortBy\":\"title\",\"defaultSortOrder\":\"ASC\"},\"metadatas\":{\"id\":{\"edit\":{},\"list\":{\"label\":\"id\",\"searchable\":false,\"sortable\":false}},\"title\":{\"edit\":{\"label\":\"title\",\"description\":\"\",\"placeholder\":\"\",\"visible\":true,\"editable\":true},\"list\":{\"label\":\"title\",\"searchable\":true,\"sortable\":true}},\"body\":{\"edit\":{\"label\":\"body\",\"description\":\"\",\"placeholder\":\"\",\"visible\":true,\"editable\":true},\"list\":{\"label\":\"body\",\"searchable\":true,\"sortable\":true}},\"documentId\":{\"edit\":{},\"list\":{\"label\":\"documentId\",\"searchable\":true,\"sortable\":true}}},\"layouts\":{\"list\":[\"id\",\"title\",\"body\"],\"edit\":[[{\"name\":\"title\",\"size\":6},{\"name\":\"body\",\"size\":6}]]},\"uid\":\"shared.quote\",\"isComponent\":true}', 'object', NULL, NULL);
INSERT INTO `strapi_core_store_settings` VALUES (6, 'plugin_content_manager_configuration_components::shared.media', '{\"settings\":{\"bulkable\":true,\"filterable\":true,\"searchable\":true,\"pageSize\":10,\"mainField\":\"documentId\",\"defaultSortBy\":\"documentId\",\"defaultSortOrder\":\"ASC\"},\"metadatas\":{\"id\":{\"edit\":{},\"list\":{\"label\":\"id\",\"searchable\":false,\"sortable\":false}},\"file\":{\"edit\":{\"label\":\"file\",\"description\":\"\",\"placeholder\":\"\",\"visible\":true,\"editable\":true},\"list\":{\"label\":\"file\",\"searchable\":false,\"sortable\":false}},\"documentId\":{\"edit\":{},\"list\":{\"label\":\"documentId\",\"searchable\":true,\"sortable\":true}}},\"layouts\":{\"list\":[\"id\",\"file\"],\"edit\":[[{\"name\":\"file\",\"size\":6}]]},\"uid\":\"shared.media\",\"isComponent\":true}', 'object', NULL, NULL);
INSERT INTO `strapi_core_store_settings` VALUES (7, 'plugin_content_manager_configuration_components::shared.seo', '{\"settings\":{\"bulkable\":true,\"filterable\":true,\"searchable\":true,\"pageSize\":10,\"mainField\":\"metaTitle\",\"defaultSortBy\":\"metaTitle\",\"defaultSortOrder\":\"ASC\"},\"metadatas\":{\"id\":{\"edit\":{},\"list\":{\"label\":\"id\",\"searchable\":false,\"sortable\":false}},\"metaTitle\":{\"edit\":{\"label\":\"metaTitle\",\"description\":\"\",\"placeholder\":\"\",\"visible\":true,\"editable\":true},\"list\":{\"label\":\"metaTitle\",\"searchable\":true,\"sortable\":true}},\"metaDescription\":{\"edit\":{\"label\":\"metaDescription\",\"description\":\"\",\"placeholder\":\"\",\"visible\":true,\"editable\":true},\"list\":{\"label\":\"metaDescription\",\"searchable\":true,\"sortable\":true}},\"shareImage\":{\"edit\":{\"label\":\"shareImage\",\"description\":\"\",\"placeholder\":\"\",\"visible\":true,\"editable\":true},\"list\":{\"label\":\"shareImage\",\"searchable\":false,\"sortable\":false}},\"documentId\":{\"edit\":{},\"list\":{\"label\":\"documentId\",\"searchable\":true,\"sortable\":true}}},\"layouts\":{\"list\":[\"id\",\"metaTitle\",\"metaDescription\",\"shareImage\"],\"edit\":[[{\"name\":\"metaTitle\",\"size\":6},{\"name\":\"metaDescription\",\"size\":6}],[{\"name\":\"shareImage\",\"size\":6}]]},\"uid\":\"shared.seo\",\"isComponent\":true}', 'object', NULL, NULL);
INSERT INTO `strapi_core_store_settings` VALUES (8, 'plugin_content_manager_configuration_content_types::plugin::upload.file', '{\"settings\":{\"bulkable\":true,\"filterable\":true,\"searchable\":true,\"pageSize\":10,\"mainField\":\"name\",\"defaultSortBy\":\"name\",\"defaultSortOrder\":\"ASC\"},\"metadatas\":{\"id\":{\"edit\":{},\"list\":{\"label\":\"id\",\"searchable\":true,\"sortable\":true}},\"name\":{\"edit\":{\"label\":\"name\",\"description\":\"\",\"placeholder\":\"\",\"visible\":true,\"editable\":true},\"list\":{\"label\":\"name\",\"searchable\":true,\"sortable\":true}},\"alternativeText\":{\"edit\":{\"label\":\"alternativeText\",\"description\":\"\",\"placeholder\":\"\",\"visible\":true,\"editable\":true},\"list\":{\"label\":\"alternativeText\",\"searchable\":true,\"sortable\":true}},\"caption\":{\"edit\":{\"label\":\"caption\",\"description\":\"\",\"placeholder\":\"\",\"visible\":true,\"editable\":true},\"list\":{\"label\":\"caption\",\"searchable\":true,\"sortable\":true}},\"width\":{\"edit\":{\"label\":\"width\",\"description\":\"\",\"placeholder\":\"\",\"visible\":true,\"editable\":true},\"list\":{\"label\":\"width\",\"searchable\":true,\"sortable\":true}},\"height\":{\"edit\":{\"label\":\"height\",\"description\":\"\",\"placeholder\":\"\",\"visible\":true,\"editable\":true},\"list\":{\"label\":\"height\",\"searchable\":true,\"sortable\":true}},\"formats\":{\"edit\":{\"label\":\"formats\",\"description\":\"\",\"placeholder\":\"\",\"visible\":true,\"editable\":true},\"list\":{\"label\":\"formats\",\"searchable\":false,\"sortable\":false}},\"hash\":{\"edit\":{\"label\":\"hash\",\"description\":\"\",\"placeholder\":\"\",\"visible\":true,\"editable\":true},\"list\":{\"label\":\"hash\",\"searchable\":true,\"sortable\":true}},\"ext\":{\"edit\":{\"label\":\"ext\",\"description\":\"\",\"placeholder\":\"\",\"visible\":true,\"editable\":true},\"list\":{\"label\":\"ext\",\"searchable\":true,\"sortable\":true}},\"mime\":{\"edit\":{\"label\":\"mime\",\"description\":\"\",\"placeholder\":\"\",\"visible\":true,\"editable\":true},\"list\":{\"label\":\"mime\",\"searchable\":true,\"sortable\":true}},\"size\":{\"edit\":{\"label\":\"size\",\"description\":\"\",\"placeholder\":\"\",\"visible\":true,\"editable\":true},\"list\":{\"label\":\"size\",\"searchable\":true,\"sortable\":true}},\"url\":{\"edit\":{\"label\":\"url\",\"description\":\"\",\"placeholder\":\"\",\"visible\":true,\"editable\":true},\"list\":{\"label\":\"url\",\"searchable\":true,\"sortable\":true}},\"previewUrl\":{\"edit\":{\"label\":\"previewUrl\",\"description\":\"\",\"placeholder\":\"\",\"visible\":true,\"editable\":true},\"list\":{\"label\":\"previewUrl\",\"searchable\":true,\"sortable\":true}},\"provider\":{\"edit\":{\"label\":\"provider\",\"description\":\"\",\"placeholder\":\"\",\"visible\":true,\"editable\":true},\"list\":{\"label\":\"provider\",\"searchable\":true,\"sortable\":true}},\"provider_metadata\":{\"edit\":{\"label\":\"provider_metadata\",\"description\":\"\",\"placeholder\":\"\",\"visible\":true,\"editable\":true},\"list\":{\"label\":\"provider_metadata\",\"searchable\":false,\"sortable\":false}},\"folder\":{\"edit\":{\"label\":\"folder\",\"description\":\"\",\"placeholder\":\"\",\"visible\":true,\"editable\":true,\"mainField\":\"name\"},\"list\":{\"label\":\"folder\",\"searchable\":true,\"sortable\":true}},\"folderPath\":{\"edit\":{\"label\":\"folderPath\",\"description\":\"\",\"placeholder\":\"\",\"visible\":true,\"editable\":true},\"list\":{\"label\":\"folderPath\",\"searchable\":true,\"sortable\":true}},\"createdAt\":{\"edit\":{\"label\":\"createdAt\",\"description\":\"\",\"placeholder\":\"\",\"visible\":false,\"editable\":true},\"list\":{\"label\":\"createdAt\",\"searchable\":true,\"sortable\":true}},\"updatedAt\":{\"edit\":{\"label\":\"updatedAt\",\"description\":\"\",\"placeholder\":\"\",\"visible\":false,\"editable\":true},\"list\":{\"label\":\"updatedAt\",\"searchable\":true,\"sortable\":true}},\"createdBy\":{\"edit\":{\"label\":\"createdBy\",\"description\":\"\",\"placeholder\":\"\",\"visible\":false,\"editable\":true,\"mainField\":\"firstname\"},\"list\":{\"label\":\"createdBy\",\"searchable\":true,\"sortable\":true}},\"updatedBy\":{\"edit\":{\"label\":\"updatedBy\",\"description\":\"\",\"placeholder\":\"\",\"visible\":false,\"editable\":true,\"mainField\":\"firstname\"},\"list\":{\"label\":\"updatedBy\",\"searchable\":true,\"sortable\":true}},\"documentId\":{\"edit\":{},\"list\":{\"label\":\"documentId\",\"searchable\":true,\"sortable\":true}}},\"layouts\":{\"list\":[\"id\",\"name\",\"alternativeText\",\"caption\"],\"edit\":[[{\"name\":\"name\",\"size\":6},{\"name\":\"alternativeText\",\"size\":6}],[{\"name\":\"caption\",\"size\":6},{\"name\":\"width\",\"size\":4}],[{\"name\":\"height\",\"size\":4}],[{\"name\":\"formats\",\"size\":12}],[{\"name\":\"hash\",\"size\":6},{\"name\":\"ext\",\"size\":6}],[{\"name\":\"mime\",\"size\":6},{\"name\":\"size\",\"size\":4}],[{\"name\":\"url\",\"size\":6},{\"name\":\"previewUrl\",\"size\":6}],[{\"name\":\"provider\",\"size\":6}],[{\"name\":\"provider_metadata\",\"size\":12}],[{\"name\":\"folder\",\"size\":6},{\"name\":\"folderPath\",\"size\":6}]]},\"uid\":\"plugin::upload.file\"}', 'object', NULL, NULL);
INSERT INTO `strapi_core_store_settings` VALUES (9, 'plugin_content_manager_configuration_content_types::plugin::upload.folder', '{\"settings\":{\"bulkable\":true,\"filterable\":true,\"searchable\":true,\"pageSize\":10,\"mainField\":\"name\",\"defaultSortBy\":\"name\",\"defaultSortOrder\":\"ASC\"},\"metadatas\":{\"id\":{\"edit\":{},\"list\":{\"label\":\"id\",\"searchable\":true,\"sortable\":true}},\"name\":{\"edit\":{\"label\":\"name\",\"description\":\"\",\"placeholder\":\"\",\"visible\":true,\"editable\":true},\"list\":{\"label\":\"name\",\"searchable\":true,\"sortable\":true}},\"pathId\":{\"edit\":{\"label\":\"pathId\",\"description\":\"\",\"placeholder\":\"\",\"visible\":true,\"editable\":true},\"list\":{\"label\":\"pathId\",\"searchable\":true,\"sortable\":true}},\"parent\":{\"edit\":{\"label\":\"parent\",\"description\":\"\",\"placeholder\":\"\",\"visible\":true,\"editable\":true,\"mainField\":\"name\"},\"list\":{\"label\":\"parent\",\"searchable\":true,\"sortable\":true}},\"children\":{\"edit\":{\"label\":\"children\",\"description\":\"\",\"placeholder\":\"\",\"visible\":true,\"editable\":true,\"mainField\":\"name\"},\"list\":{\"label\":\"children\",\"searchable\":false,\"sortable\":false}},\"files\":{\"edit\":{\"label\":\"files\",\"description\":\"\",\"placeholder\":\"\",\"visible\":true,\"editable\":true,\"mainField\":\"name\"},\"list\":{\"label\":\"files\",\"searchable\":false,\"sortable\":false}},\"path\":{\"edit\":{\"label\":\"path\",\"description\":\"\",\"placeholder\":\"\",\"visible\":true,\"editable\":true},\"list\":{\"label\":\"path\",\"searchable\":true,\"sortable\":true}},\"createdAt\":{\"edit\":{\"label\":\"createdAt\",\"description\":\"\",\"placeholder\":\"\",\"visible\":false,\"editable\":true},\"list\":{\"label\":\"createdAt\",\"searchable\":true,\"sortable\":true}},\"updatedAt\":{\"edit\":{\"label\":\"updatedAt\",\"description\":\"\",\"placeholder\":\"\",\"visible\":false,\"editable\":true},\"list\":{\"label\":\"updatedAt\",\"searchable\":true,\"sortable\":true}},\"createdBy\":{\"edit\":{\"label\":\"createdBy\",\"description\":\"\",\"placeholder\":\"\",\"visible\":false,\"editable\":true,\"mainField\":\"firstname\"},\"list\":{\"label\":\"createdBy\",\"searchable\":true,\"sortable\":true}},\"updatedBy\":{\"edit\":{\"label\":\"updatedBy\",\"description\":\"\",\"placeholder\":\"\",\"visible\":false,\"editable\":true,\"mainField\":\"firstname\"},\"list\":{\"label\":\"updatedBy\",\"searchable\":true,\"sortable\":true}},\"documentId\":{\"edit\":{},\"list\":{\"label\":\"documentId\",\"searchable\":true,\"sortable\":true}}},\"layouts\":{\"list\":[\"id\",\"name\",\"pathId\",\"parent\"],\"edit\":[[{\"name\":\"name\",\"size\":6},{\"name\":\"pathId\",\"size\":4}],[{\"name\":\"parent\",\"size\":6},{\"name\":\"children\",\"size\":6}],[{\"name\":\"files\",\"size\":6},{\"name\":\"path\",\"size\":6}]]},\"uid\":\"plugin::upload.folder\"}', 'object', NULL, NULL);
INSERT INTO `strapi_core_store_settings` VALUES (10, 'plugin_content_manager_configuration_content_types::plugin::content-releases.release', '{\"settings\":{\"bulkable\":true,\"filterable\":true,\"searchable\":true,\"pageSize\":10,\"mainField\":\"name\",\"defaultSortBy\":\"name\",\"defaultSortOrder\":\"ASC\"},\"metadatas\":{\"id\":{\"edit\":{},\"list\":{\"label\":\"id\",\"searchable\":true,\"sortable\":true}},\"name\":{\"edit\":{\"label\":\"name\",\"description\":\"\",\"placeholder\":\"\",\"visible\":true,\"editable\":true},\"list\":{\"label\":\"name\",\"searchable\":true,\"sortable\":true}},\"releasedAt\":{\"edit\":{\"label\":\"releasedAt\",\"description\":\"\",\"placeholder\":\"\",\"visible\":true,\"editable\":true},\"list\":{\"label\":\"releasedAt\",\"searchable\":true,\"sortable\":true}},\"scheduledAt\":{\"edit\":{\"label\":\"scheduledAt\",\"description\":\"\",\"placeholder\":\"\",\"visible\":true,\"editable\":true},\"list\":{\"label\":\"scheduledAt\",\"searchable\":true,\"sortable\":true}},\"timezone\":{\"edit\":{\"label\":\"timezone\",\"description\":\"\",\"placeholder\":\"\",\"visible\":true,\"editable\":true},\"list\":{\"label\":\"timezone\",\"searchable\":true,\"sortable\":true}},\"status\":{\"edit\":{\"label\":\"status\",\"description\":\"\",\"placeholder\":\"\",\"visible\":true,\"editable\":true},\"list\":{\"label\":\"status\",\"searchable\":true,\"sortable\":true}},\"actions\":{\"edit\":{\"label\":\"actions\",\"description\":\"\",\"placeholder\":\"\",\"visible\":true,\"editable\":true,\"mainField\":\"contentType\"},\"list\":{\"label\":\"actions\",\"searchable\":false,\"sortable\":false}},\"createdAt\":{\"edit\":{\"label\":\"createdAt\",\"description\":\"\",\"placeholder\":\"\",\"visible\":false,\"editable\":true},\"list\":{\"label\":\"createdAt\",\"searchable\":true,\"sortable\":true}},\"updatedAt\":{\"edit\":{\"label\":\"updatedAt\",\"description\":\"\",\"placeholder\":\"\",\"visible\":false,\"editable\":true},\"list\":{\"label\":\"updatedAt\",\"searchable\":true,\"sortable\":true}},\"createdBy\":{\"edit\":{\"label\":\"createdBy\",\"description\":\"\",\"placeholder\":\"\",\"visible\":false,\"editable\":true,\"mainField\":\"firstname\"},\"list\":{\"label\":\"createdBy\",\"searchable\":true,\"sortable\":true}},\"updatedBy\":{\"edit\":{\"label\":\"updatedBy\",\"description\":\"\",\"placeholder\":\"\",\"visible\":false,\"editable\":true,\"mainField\":\"firstname\"},\"list\":{\"label\":\"updatedBy\",\"searchable\":true,\"sortable\":true}},\"documentId\":{\"edit\":{},\"list\":{\"label\":\"documentId\",\"searchable\":true,\"sortable\":true}}},\"layouts\":{\"list\":[\"id\",\"name\",\"releasedAt\",\"scheduledAt\"],\"edit\":[[{\"name\":\"name\",\"size\":6},{\"name\":\"releasedAt\",\"size\":6}],[{\"name\":\"scheduledAt\",\"size\":6},{\"name\":\"timezone\",\"size\":6}],[{\"name\":\"status\",\"size\":6},{\"name\":\"actions\",\"size\":6}]]},\"uid\":\"plugin::content-releases.release\"}', 'object', NULL, NULL);
INSERT INTO `strapi_core_store_settings` VALUES (11, 'plugin_content_manager_configuration_content_types::api::about.about', '{\"settings\":{\"bulkable\":true,\"filterable\":true,\"searchable\":true,\"pageSize\":10,\"mainField\":\"title\",\"defaultSortBy\":\"title\",\"defaultSortOrder\":\"ASC\"},\"metadatas\":{\"id\":{\"edit\":{},\"list\":{\"label\":\"id\",\"searchable\":true,\"sortable\":true}},\"title\":{\"edit\":{\"label\":\"title\",\"description\":\"\",\"placeholder\":\"\",\"visible\":true,\"editable\":true},\"list\":{\"label\":\"title\",\"searchable\":true,\"sortable\":true}},\"blocks\":{\"edit\":{\"label\":\"blocks\",\"description\":\"\",\"placeholder\":\"\",\"visible\":true,\"editable\":true},\"list\":{\"label\":\"blocks\",\"searchable\":false,\"sortable\":false}},\"createdAt\":{\"edit\":{\"label\":\"createdAt\",\"description\":\"\",\"placeholder\":\"\",\"visible\":false,\"editable\":true},\"list\":{\"label\":\"createdAt\",\"searchable\":true,\"sortable\":true}},\"updatedAt\":{\"edit\":{\"label\":\"updatedAt\",\"description\":\"\",\"placeholder\":\"\",\"visible\":false,\"editable\":true},\"list\":{\"label\":\"updatedAt\",\"searchable\":true,\"sortable\":true}},\"createdBy\":{\"edit\":{\"label\":\"createdBy\",\"description\":\"\",\"placeholder\":\"\",\"visible\":false,\"editable\":true,\"mainField\":\"firstname\"},\"list\":{\"label\":\"createdBy\",\"searchable\":true,\"sortable\":true}},\"updatedBy\":{\"edit\":{\"label\":\"updatedBy\",\"description\":\"\",\"placeholder\":\"\",\"visible\":false,\"editable\":true,\"mainField\":\"firstname\"},\"list\":{\"label\":\"updatedBy\",\"searchable\":true,\"sortable\":true}},\"documentId\":{\"edit\":{},\"list\":{\"label\":\"documentId\",\"searchable\":true,\"sortable\":true}}},\"layouts\":{\"list\":[\"id\",\"title\",\"createdAt\",\"updatedAt\"],\"edit\":[[{\"name\":\"title\",\"size\":6}],[{\"name\":\"blocks\",\"size\":12}]]},\"uid\":\"api::about.about\"}', 'object', NULL, NULL);
INSERT INTO `strapi_core_store_settings` VALUES (12, 'plugin_content_manager_configuration_content_types::plugin::i18n.locale', '{\"settings\":{\"bulkable\":true,\"filterable\":true,\"searchable\":true,\"pageSize\":10,\"mainField\":\"name\",\"defaultSortBy\":\"name\",\"defaultSortOrder\":\"ASC\"},\"metadatas\":{\"id\":{\"edit\":{},\"list\":{\"label\":\"id\",\"searchable\":true,\"sortable\":true}},\"name\":{\"edit\":{\"label\":\"name\",\"description\":\"\",\"placeholder\":\"\",\"visible\":true,\"editable\":true},\"list\":{\"label\":\"name\",\"searchable\":true,\"sortable\":true}},\"code\":{\"edit\":{\"label\":\"code\",\"description\":\"\",\"placeholder\":\"\",\"visible\":true,\"editable\":true},\"list\":{\"label\":\"code\",\"searchable\":true,\"sortable\":true}},\"createdAt\":{\"edit\":{\"label\":\"createdAt\",\"description\":\"\",\"placeholder\":\"\",\"visible\":false,\"editable\":true},\"list\":{\"label\":\"createdAt\",\"searchable\":true,\"sortable\":true}},\"updatedAt\":{\"edit\":{\"label\":\"updatedAt\",\"description\":\"\",\"placeholder\":\"\",\"visible\":false,\"editable\":true},\"list\":{\"label\":\"updatedAt\",\"searchable\":true,\"sortable\":true}},\"createdBy\":{\"edit\":{\"label\":\"createdBy\",\"description\":\"\",\"placeholder\":\"\",\"visible\":false,\"editable\":true,\"mainField\":\"firstname\"},\"list\":{\"label\":\"createdBy\",\"searchable\":true,\"sortable\":true}},\"updatedBy\":{\"edit\":{\"label\":\"updatedBy\",\"description\":\"\",\"placeholder\":\"\",\"visible\":false,\"editable\":true,\"mainField\":\"firstname\"},\"list\":{\"label\":\"updatedBy\",\"searchable\":true,\"sortable\":true}},\"documentId\":{\"edit\":{},\"list\":{\"label\":\"documentId\",\"searchable\":true,\"sortable\":true}}},\"layouts\":{\"list\":[\"id\",\"name\",\"code\",\"createdAt\"],\"edit\":[[{\"name\":\"name\",\"size\":6},{\"name\":\"code\",\"size\":6}]]},\"uid\":\"plugin::i18n.locale\"}', 'object', NULL, NULL);
INSERT INTO `strapi_core_store_settings` VALUES (13, 'plugin_content_manager_configuration_content_types::plugin::content-releases.release-action', '{\"settings\":{\"bulkable\":true,\"filterable\":true,\"searchable\":true,\"pageSize\":10,\"mainField\":\"contentType\",\"defaultSortBy\":\"contentType\",\"defaultSortOrder\":\"ASC\"},\"metadatas\":{\"id\":{\"edit\":{},\"list\":{\"label\":\"id\",\"searchable\":true,\"sortable\":true}},\"type\":{\"edit\":{\"label\":\"type\",\"description\":\"\",\"placeholder\":\"\",\"visible\":true,\"editable\":true},\"list\":{\"label\":\"type\",\"searchable\":true,\"sortable\":true}},\"contentType\":{\"edit\":{\"label\":\"contentType\",\"description\":\"\",\"placeholder\":\"\",\"visible\":true,\"editable\":true},\"list\":{\"label\":\"contentType\",\"searchable\":true,\"sortable\":true}},\"entryDocumentId\":{\"edit\":{\"label\":\"entryDocumentId\",\"description\":\"\",\"placeholder\":\"\",\"visible\":true,\"editable\":true},\"list\":{\"label\":\"entryDocumentId\",\"searchable\":true,\"sortable\":true}},\"release\":{\"edit\":{\"label\":\"release\",\"description\":\"\",\"placeholder\":\"\",\"visible\":true,\"editable\":true,\"mainField\":\"name\"},\"list\":{\"label\":\"release\",\"searchable\":true,\"sortable\":true}},\"isEntryValid\":{\"edit\":{\"label\":\"isEntryValid\",\"description\":\"\",\"placeholder\":\"\",\"visible\":true,\"editable\":true},\"list\":{\"label\":\"isEntryValid\",\"searchable\":true,\"sortable\":true}},\"createdAt\":{\"edit\":{\"label\":\"createdAt\",\"description\":\"\",\"placeholder\":\"\",\"visible\":false,\"editable\":true},\"list\":{\"label\":\"createdAt\",\"searchable\":true,\"sortable\":true}},\"updatedAt\":{\"edit\":{\"label\":\"updatedAt\",\"description\":\"\",\"placeholder\":\"\",\"visible\":false,\"editable\":true},\"list\":{\"label\":\"updatedAt\",\"searchable\":true,\"sortable\":true}},\"createdBy\":{\"edit\":{\"label\":\"createdBy\",\"description\":\"\",\"placeholder\":\"\",\"visible\":false,\"editable\":true,\"mainField\":\"firstname\"},\"list\":{\"label\":\"createdBy\",\"searchable\":true,\"sortable\":true}},\"updatedBy\":{\"edit\":{\"label\":\"updatedBy\",\"description\":\"\",\"placeholder\":\"\",\"visible\":false,\"editable\":true,\"mainField\":\"firstname\"},\"list\":{\"label\":\"updatedBy\",\"searchable\":true,\"sortable\":true}},\"documentId\":{\"edit\":{},\"list\":{\"label\":\"documentId\",\"searchable\":true,\"sortable\":true}}},\"layouts\":{\"list\":[\"id\",\"type\",\"contentType\",\"entryDocumentId\"],\"edit\":[[{\"name\":\"type\",\"size\":6},{\"name\":\"contentType\",\"size\":6}],[{\"name\":\"entryDocumentId\",\"size\":6},{\"name\":\"release\",\"size\":6}],[{\"name\":\"isEntryValid\",\"size\":4}]]},\"uid\":\"plugin::content-releases.release-action\"}', 'object', NULL, NULL);
INSERT INTO `strapi_core_store_settings` VALUES (14, 'plugin_content_manager_configuration_content_types::plugin::users-permissions.role', '{\"settings\":{\"bulkable\":true,\"filterable\":true,\"searchable\":true,\"pageSize\":10,\"mainField\":\"name\",\"defaultSortBy\":\"name\",\"defaultSortOrder\":\"ASC\"},\"metadatas\":{\"id\":{\"edit\":{},\"list\":{\"label\":\"id\",\"searchable\":true,\"sortable\":true}},\"name\":{\"edit\":{\"label\":\"name\",\"description\":\"\",\"placeholder\":\"\",\"visible\":true,\"editable\":true},\"list\":{\"label\":\"name\",\"searchable\":true,\"sortable\":true}},\"description\":{\"edit\":{\"label\":\"description\",\"description\":\"\",\"placeholder\":\"\",\"visible\":true,\"editable\":true},\"list\":{\"label\":\"description\",\"searchable\":true,\"sortable\":true}},\"type\":{\"edit\":{\"label\":\"type\",\"description\":\"\",\"placeholder\":\"\",\"visible\":true,\"editable\":true},\"list\":{\"label\":\"type\",\"searchable\":true,\"sortable\":true}},\"permissions\":{\"edit\":{\"label\":\"permissions\",\"description\":\"\",\"placeholder\":\"\",\"visible\":true,\"editable\":true,\"mainField\":\"action\"},\"list\":{\"label\":\"permissions\",\"searchable\":false,\"sortable\":false}},\"users\":{\"edit\":{\"label\":\"users\",\"description\":\"\",\"placeholder\":\"\",\"visible\":true,\"editable\":true,\"mainField\":\"username\"},\"list\":{\"label\":\"users\",\"searchable\":false,\"sortable\":false}},\"createdAt\":{\"edit\":{\"label\":\"createdAt\",\"description\":\"\",\"placeholder\":\"\",\"visible\":false,\"editable\":true},\"list\":{\"label\":\"createdAt\",\"searchable\":true,\"sortable\":true}},\"updatedAt\":{\"edit\":{\"label\":\"updatedAt\",\"description\":\"\",\"placeholder\":\"\",\"visible\":false,\"editable\":true},\"list\":{\"label\":\"updatedAt\",\"searchable\":true,\"sortable\":true}},\"createdBy\":{\"edit\":{\"label\":\"createdBy\",\"description\":\"\",\"placeholder\":\"\",\"visible\":false,\"editable\":true,\"mainField\":\"firstname\"},\"list\":{\"label\":\"createdBy\",\"searchable\":true,\"sortable\":true}},\"updatedBy\":{\"edit\":{\"label\":\"updatedBy\",\"description\":\"\",\"placeholder\":\"\",\"visible\":false,\"editable\":true,\"mainField\":\"firstname\"},\"list\":{\"label\":\"updatedBy\",\"searchable\":true,\"sortable\":true}},\"documentId\":{\"edit\":{},\"list\":{\"label\":\"documentId\",\"searchable\":true,\"sortable\":true}}},\"layouts\":{\"list\":[\"id\",\"name\",\"description\",\"type\"],\"edit\":[[{\"name\":\"name\",\"size\":6},{\"name\":\"description\",\"size\":6}],[{\"name\":\"type\",\"size\":6},{\"name\":\"permissions\",\"size\":6}],[{\"name\":\"users\",\"size\":6}]]},\"uid\":\"plugin::users-permissions.role\"}', 'object', NULL, NULL);
INSERT INTO `strapi_core_store_settings` VALUES (15, 'plugin_content_manager_configuration_content_types::api::article.article', '{\"settings\":{\"bulkable\":true,\"filterable\":true,\"searchable\":true,\"pageSize\":10,\"mainField\":\"title\",\"defaultSortBy\":\"title\",\"defaultSortOrder\":\"ASC\"},\"metadatas\":{\"id\":{\"edit\":{},\"list\":{\"label\":\"id\",\"searchable\":true,\"sortable\":true}},\"title\":{\"edit\":{\"label\":\"title\",\"description\":\"\",\"placeholder\":\"\",\"visible\":true,\"editable\":true},\"list\":{\"label\":\"title\",\"searchable\":true,\"sortable\":true}},\"description\":{\"edit\":{\"label\":\"description\",\"description\":\"\",\"placeholder\":\"\",\"visible\":true,\"editable\":true},\"list\":{\"label\":\"description\",\"searchable\":true,\"sortable\":true}},\"slug\":{\"edit\":{\"label\":\"slug\",\"description\":\"\",\"placeholder\":\"\",\"visible\":true,\"editable\":true},\"list\":{\"label\":\"slug\",\"searchable\":true,\"sortable\":true}},\"cover\":{\"edit\":{\"label\":\"cover\",\"description\":\"\",\"placeholder\":\"\",\"visible\":true,\"editable\":true},\"list\":{\"label\":\"cover\",\"searchable\":false,\"sortable\":false}},\"author\":{\"edit\":{\"label\":\"author\",\"description\":\"\",\"placeholder\":\"\",\"visible\":true,\"editable\":true,\"mainField\":\"name\"},\"list\":{\"label\":\"author\",\"searchable\":true,\"sortable\":true}},\"category\":{\"edit\":{\"label\":\"category\",\"description\":\"\",\"placeholder\":\"\",\"visible\":true,\"editable\":true,\"mainField\":\"name\"},\"list\":{\"label\":\"category\",\"searchable\":true,\"sortable\":true}},\"blocks\":{\"edit\":{\"label\":\"blocks\",\"description\":\"\",\"placeholder\":\"\",\"visible\":true,\"editable\":true},\"list\":{\"label\":\"blocks\",\"searchable\":false,\"sortable\":false}},\"createdAt\":{\"edit\":{\"label\":\"createdAt\",\"description\":\"\",\"placeholder\":\"\",\"visible\":false,\"editable\":true},\"list\":{\"label\":\"createdAt\",\"searchable\":true,\"sortable\":true}},\"updatedAt\":{\"edit\":{\"label\":\"updatedAt\",\"description\":\"\",\"placeholder\":\"\",\"visible\":false,\"editable\":true},\"list\":{\"label\":\"updatedAt\",\"searchable\":true,\"sortable\":true}},\"createdBy\":{\"edit\":{\"label\":\"createdBy\",\"description\":\"\",\"placeholder\":\"\",\"visible\":false,\"editable\":true,\"mainField\":\"firstname\"},\"list\":{\"label\":\"createdBy\",\"searchable\":true,\"sortable\":true}},\"updatedBy\":{\"edit\":{\"label\":\"updatedBy\",\"description\":\"\",\"placeholder\":\"\",\"visible\":false,\"editable\":true,\"mainField\":\"firstname\"},\"list\":{\"label\":\"updatedBy\",\"searchable\":true,\"sortable\":true}},\"documentId\":{\"edit\":{},\"list\":{\"label\":\"documentId\",\"searchable\":true,\"sortable\":true}}},\"layouts\":{\"list\":[\"id\",\"title\",\"description\",\"slug\"],\"edit\":[[{\"name\":\"title\",\"size\":6},{\"name\":\"description\",\"size\":6}],[{\"name\":\"slug\",\"size\":6},{\"name\":\"cover\",\"size\":6}],[{\"name\":\"author\",\"size\":6},{\"name\":\"category\",\"size\":6}],[{\"name\":\"blocks\",\"size\":12}]]},\"uid\":\"api::article.article\"}', 'object', NULL, NULL);
INSERT INTO `strapi_core_store_settings` VALUES (16, 'plugin_content_manager_configuration_content_types::api::author.author', '{\"settings\":{\"bulkable\":true,\"filterable\":true,\"searchable\":true,\"pageSize\":10,\"mainField\":\"name\",\"defaultSortBy\":\"name\",\"defaultSortOrder\":\"ASC\"},\"metadatas\":{\"id\":{\"edit\":{},\"list\":{\"label\":\"id\",\"searchable\":true,\"sortable\":true}},\"name\":{\"edit\":{\"label\":\"name\",\"description\":\"\",\"placeholder\":\"\",\"visible\":true,\"editable\":true},\"list\":{\"label\":\"name\",\"searchable\":true,\"sortable\":true}},\"avatar\":{\"edit\":{\"label\":\"avatar\",\"description\":\"\",\"placeholder\":\"\",\"visible\":true,\"editable\":true},\"list\":{\"label\":\"avatar\",\"searchable\":false,\"sortable\":false}},\"email\":{\"edit\":{\"label\":\"email\",\"description\":\"\",\"placeholder\":\"\",\"visible\":true,\"editable\":true},\"list\":{\"label\":\"email\",\"searchable\":true,\"sortable\":true}},\"articles\":{\"edit\":{\"label\":\"articles\",\"description\":\"\",\"placeholder\":\"\",\"visible\":true,\"editable\":true,\"mainField\":\"title\"},\"list\":{\"label\":\"articles\",\"searchable\":false,\"sortable\":false}},\"createdAt\":{\"edit\":{\"label\":\"createdAt\",\"description\":\"\",\"placeholder\":\"\",\"visible\":false,\"editable\":true},\"list\":{\"label\":\"createdAt\",\"searchable\":true,\"sortable\":true}},\"updatedAt\":{\"edit\":{\"label\":\"updatedAt\",\"description\":\"\",\"placeholder\":\"\",\"visible\":false,\"editable\":true},\"list\":{\"label\":\"updatedAt\",\"searchable\":true,\"sortable\":true}},\"createdBy\":{\"edit\":{\"label\":\"createdBy\",\"description\":\"\",\"placeholder\":\"\",\"visible\":false,\"editable\":true,\"mainField\":\"firstname\"},\"list\":{\"label\":\"createdBy\",\"searchable\":true,\"sortable\":true}},\"updatedBy\":{\"edit\":{\"label\":\"updatedBy\",\"description\":\"\",\"placeholder\":\"\",\"visible\":false,\"editable\":true,\"mainField\":\"firstname\"},\"list\":{\"label\":\"updatedBy\",\"searchable\":true,\"sortable\":true}},\"documentId\":{\"edit\":{},\"list\":{\"label\":\"documentId\",\"searchable\":true,\"sortable\":true}}},\"layouts\":{\"list\":[\"id\",\"name\",\"avatar\",\"email\"],\"edit\":[[{\"name\":\"name\",\"size\":6},{\"name\":\"avatar\",\"size\":6}],[{\"name\":\"email\",\"size\":6},{\"name\":\"articles\",\"size\":6}]]},\"uid\":\"api::author.author\"}', 'object', NULL, NULL);
INSERT INTO `strapi_core_store_settings` VALUES (17, 'plugin_content_manager_configuration_content_types::api::category.category', '{\"settings\":{\"bulkable\":true,\"filterable\":true,\"searchable\":true,\"pageSize\":10,\"mainField\":\"name\",\"defaultSortBy\":\"name\",\"defaultSortOrder\":\"ASC\"},\"metadatas\":{\"id\":{\"edit\":{},\"list\":{\"label\":\"id\",\"searchable\":true,\"sortable\":true}},\"name\":{\"edit\":{\"label\":\"name\",\"description\":\"\",\"placeholder\":\"\",\"visible\":true,\"editable\":true},\"list\":{\"label\":\"name\",\"searchable\":true,\"sortable\":true}},\"slug\":{\"edit\":{\"label\":\"slug\",\"description\":\"\",\"placeholder\":\"\",\"visible\":true,\"editable\":true},\"list\":{\"label\":\"slug\",\"searchable\":true,\"sortable\":true}},\"articles\":{\"edit\":{\"label\":\"articles\",\"description\":\"\",\"placeholder\":\"\",\"visible\":true,\"editable\":true,\"mainField\":\"title\"},\"list\":{\"label\":\"articles\",\"searchable\":false,\"sortable\":false}},\"description\":{\"edit\":{\"label\":\"description\",\"description\":\"\",\"placeholder\":\"\",\"visible\":true,\"editable\":true},\"list\":{\"label\":\"description\",\"searchable\":true,\"sortable\":true}},\"createdAt\":{\"edit\":{\"label\":\"createdAt\",\"description\":\"\",\"placeholder\":\"\",\"visible\":false,\"editable\":true},\"list\":{\"label\":\"createdAt\",\"searchable\":true,\"sortable\":true}},\"updatedAt\":{\"edit\":{\"label\":\"updatedAt\",\"description\":\"\",\"placeholder\":\"\",\"visible\":false,\"editable\":true},\"list\":{\"label\":\"updatedAt\",\"searchable\":true,\"sortable\":true}},\"createdBy\":{\"edit\":{\"label\":\"createdBy\",\"description\":\"\",\"placeholder\":\"\",\"visible\":false,\"editable\":true,\"mainField\":\"firstname\"},\"list\":{\"label\":\"createdBy\",\"searchable\":true,\"sortable\":true}},\"updatedBy\":{\"edit\":{\"label\":\"updatedBy\",\"description\":\"\",\"placeholder\":\"\",\"visible\":false,\"editable\":true,\"mainField\":\"firstname\"},\"list\":{\"label\":\"updatedBy\",\"searchable\":true,\"sortable\":true}},\"documentId\":{\"edit\":{},\"list\":{\"label\":\"documentId\",\"searchable\":true,\"sortable\":true}}},\"layouts\":{\"list\":[\"id\",\"name\",\"slug\",\"articles\"],\"edit\":[[{\"name\":\"name\",\"size\":6},{\"name\":\"slug\",\"size\":6}],[{\"name\":\"articles\",\"size\":6},{\"name\":\"description\",\"size\":6}]]},\"uid\":\"api::category.category\"}', 'object', NULL, NULL);
INSERT INTO `strapi_core_store_settings` VALUES (18, 'plugin_content_manager_configuration_content_types::api::global.global', '{\"settings\":{\"bulkable\":true,\"filterable\":true,\"searchable\":true,\"pageSize\":10,\"mainField\":\"siteName\",\"defaultSortBy\":\"siteName\",\"defaultSortOrder\":\"ASC\"},\"metadatas\":{\"id\":{\"edit\":{},\"list\":{\"label\":\"id\",\"searchable\":true,\"sortable\":true}},\"siteName\":{\"edit\":{\"label\":\"siteName\",\"description\":\"\",\"placeholder\":\"\",\"visible\":true,\"editable\":true},\"list\":{\"label\":\"siteName\",\"searchable\":true,\"sortable\":true}},\"favicon\":{\"edit\":{\"label\":\"favicon\",\"description\":\"\",\"placeholder\":\"\",\"visible\":true,\"editable\":true},\"list\":{\"label\":\"favicon\",\"searchable\":false,\"sortable\":false}},\"siteDescription\":{\"edit\":{\"label\":\"siteDescription\",\"description\":\"\",\"placeholder\":\"\",\"visible\":true,\"editable\":true},\"list\":{\"label\":\"siteDescription\",\"searchable\":true,\"sortable\":true}},\"defaultSeo\":{\"edit\":{\"label\":\"defaultSeo\",\"description\":\"\",\"placeholder\":\"\",\"visible\":true,\"editable\":true},\"list\":{\"label\":\"defaultSeo\",\"searchable\":false,\"sortable\":false}},\"createdAt\":{\"edit\":{\"label\":\"createdAt\",\"description\":\"\",\"placeholder\":\"\",\"visible\":false,\"editable\":true},\"list\":{\"label\":\"createdAt\",\"searchable\":true,\"sortable\":true}},\"updatedAt\":{\"edit\":{\"label\":\"updatedAt\",\"description\":\"\",\"placeholder\":\"\",\"visible\":false,\"editable\":true},\"list\":{\"label\":\"updatedAt\",\"searchable\":true,\"sortable\":true}},\"createdBy\":{\"edit\":{\"label\":\"createdBy\",\"description\":\"\",\"placeholder\":\"\",\"visible\":false,\"editable\":true,\"mainField\":\"firstname\"},\"list\":{\"label\":\"createdBy\",\"searchable\":true,\"sortable\":true}},\"updatedBy\":{\"edit\":{\"label\":\"updatedBy\",\"description\":\"\",\"placeholder\":\"\",\"visible\":false,\"editable\":true,\"mainField\":\"firstname\"},\"list\":{\"label\":\"updatedBy\",\"searchable\":true,\"sortable\":true}},\"documentId\":{\"edit\":{},\"list\":{\"label\":\"documentId\",\"searchable\":true,\"sortable\":true}}},\"layouts\":{\"list\":[\"id\",\"siteName\",\"favicon\",\"siteDescription\"],\"edit\":[[{\"name\":\"siteName\",\"size\":6},{\"name\":\"favicon\",\"size\":6}],[{\"name\":\"siteDescription\",\"size\":6}],[{\"name\":\"defaultSeo\",\"size\":12}]]},\"uid\":\"api::global.global\"}', 'object', NULL, NULL);
INSERT INTO `strapi_core_store_settings` VALUES (19, 'plugin_content_manager_configuration_content_types::admin::permission', '{\"settings\":{\"bulkable\":true,\"filterable\":true,\"searchable\":true,\"pageSize\":10,\"mainField\":\"action\",\"defaultSortBy\":\"action\",\"defaultSortOrder\":\"ASC\"},\"metadatas\":{\"id\":{\"edit\":{},\"list\":{\"label\":\"id\",\"searchable\":true,\"sortable\":true}},\"action\":{\"edit\":{\"label\":\"action\",\"description\":\"\",\"placeholder\":\"\",\"visible\":true,\"editable\":true},\"list\":{\"label\":\"action\",\"searchable\":true,\"sortable\":true}},\"actionParameters\":{\"edit\":{\"label\":\"actionParameters\",\"description\":\"\",\"placeholder\":\"\",\"visible\":true,\"editable\":true},\"list\":{\"label\":\"actionParameters\",\"searchable\":false,\"sortable\":false}},\"subject\":{\"edit\":{\"label\":\"subject\",\"description\":\"\",\"placeholder\":\"\",\"visible\":true,\"editable\":true},\"list\":{\"label\":\"subject\",\"searchable\":true,\"sortable\":true}},\"properties\":{\"edit\":{\"label\":\"properties\",\"description\":\"\",\"placeholder\":\"\",\"visible\":true,\"editable\":true},\"list\":{\"label\":\"properties\",\"searchable\":false,\"sortable\":false}},\"conditions\":{\"edit\":{\"label\":\"conditions\",\"description\":\"\",\"placeholder\":\"\",\"visible\":true,\"editable\":true},\"list\":{\"label\":\"conditions\",\"searchable\":false,\"sortable\":false}},\"role\":{\"edit\":{\"label\":\"role\",\"description\":\"\",\"placeholder\":\"\",\"visible\":true,\"editable\":true,\"mainField\":\"name\"},\"list\":{\"label\":\"role\",\"searchable\":true,\"sortable\":true}},\"createdAt\":{\"edit\":{\"label\":\"createdAt\",\"description\":\"\",\"placeholder\":\"\",\"visible\":false,\"editable\":true},\"list\":{\"label\":\"createdAt\",\"searchable\":true,\"sortable\":true}},\"updatedAt\":{\"edit\":{\"label\":\"updatedAt\",\"description\":\"\",\"placeholder\":\"\",\"visible\":false,\"editable\":true},\"list\":{\"label\":\"updatedAt\",\"searchable\":true,\"sortable\":true}},\"createdBy\":{\"edit\":{\"label\":\"createdBy\",\"description\":\"\",\"placeholder\":\"\",\"visible\":false,\"editable\":true,\"mainField\":\"firstname\"},\"list\":{\"label\":\"createdBy\",\"searchable\":true,\"sortable\":true}},\"updatedBy\":{\"edit\":{\"label\":\"updatedBy\",\"description\":\"\",\"placeholder\":\"\",\"visible\":false,\"editable\":true,\"mainField\":\"firstname\"},\"list\":{\"label\":\"updatedBy\",\"searchable\":true,\"sortable\":true}},\"documentId\":{\"edit\":{},\"list\":{\"label\":\"documentId\",\"searchable\":true,\"sortable\":true}}},\"layouts\":{\"list\":[\"id\",\"action\",\"subject\",\"role\"],\"edit\":[[{\"name\":\"action\",\"size\":6}],[{\"name\":\"actionParameters\",\"size\":12}],[{\"name\":\"subject\",\"size\":6}],[{\"name\":\"properties\",\"size\":12}],[{\"name\":\"conditions\",\"size\":12}],[{\"name\":\"role\",\"size\":6}]]},\"uid\":\"admin::permission\"}', 'object', NULL, NULL);
INSERT INTO `strapi_core_store_settings` VALUES (20, 'plugin_content_manager_configuration_content_types::plugin::review-workflows.workflow', '{\"settings\":{\"bulkable\":true,\"filterable\":true,\"searchable\":true,\"pageSize\":10,\"mainField\":\"name\",\"defaultSortBy\":\"name\",\"defaultSortOrder\":\"ASC\"},\"metadatas\":{\"id\":{\"edit\":{},\"list\":{\"label\":\"id\",\"searchable\":true,\"sortable\":true}},\"name\":{\"edit\":{\"label\":\"name\",\"description\":\"\",\"placeholder\":\"\",\"visible\":true,\"editable\":true},\"list\":{\"label\":\"name\",\"searchable\":true,\"sortable\":true}},\"stages\":{\"edit\":{\"label\":\"stages\",\"description\":\"\",\"placeholder\":\"\",\"visible\":true,\"editable\":true,\"mainField\":\"name\"},\"list\":{\"label\":\"stages\",\"searchable\":false,\"sortable\":false}},\"stageRequiredToPublish\":{\"edit\":{\"label\":\"stageRequiredToPublish\",\"description\":\"\",\"placeholder\":\"\",\"visible\":true,\"editable\":true,\"mainField\":\"name\"},\"list\":{\"label\":\"stageRequiredToPublish\",\"searchable\":true,\"sortable\":true}},\"contentTypes\":{\"edit\":{\"label\":\"contentTypes\",\"description\":\"\",\"placeholder\":\"\",\"visible\":true,\"editable\":true},\"list\":{\"label\":\"contentTypes\",\"searchable\":false,\"sortable\":false}},\"createdAt\":{\"edit\":{\"label\":\"createdAt\",\"description\":\"\",\"placeholder\":\"\",\"visible\":false,\"editable\":true},\"list\":{\"label\":\"createdAt\",\"searchable\":true,\"sortable\":true}},\"updatedAt\":{\"edit\":{\"label\":\"updatedAt\",\"description\":\"\",\"placeholder\":\"\",\"visible\":false,\"editable\":true},\"list\":{\"label\":\"updatedAt\",\"searchable\":true,\"sortable\":true}},\"createdBy\":{\"edit\":{\"label\":\"createdBy\",\"description\":\"\",\"placeholder\":\"\",\"visible\":false,\"editable\":true,\"mainField\":\"firstname\"},\"list\":{\"label\":\"createdBy\",\"searchable\":true,\"sortable\":true}},\"updatedBy\":{\"edit\":{\"label\":\"updatedBy\",\"description\":\"\",\"placeholder\":\"\",\"visible\":false,\"editable\":true,\"mainField\":\"firstname\"},\"list\":{\"label\":\"updatedBy\",\"searchable\":true,\"sortable\":true}},\"documentId\":{\"edit\":{},\"list\":{\"label\":\"documentId\",\"searchable\":true,\"sortable\":true}}},\"layouts\":{\"list\":[\"id\",\"name\",\"stages\",\"stageRequiredToPublish\"],\"edit\":[[{\"name\":\"name\",\"size\":6},{\"name\":\"stages\",\"size\":6}],[{\"name\":\"stageRequiredToPublish\",\"size\":6}],[{\"name\":\"contentTypes\",\"size\":12}]]},\"uid\":\"plugin::review-workflows.workflow\"}', 'object', NULL, NULL);
INSERT INTO `strapi_core_store_settings` VALUES (21, 'plugin_content_manager_configuration_content_types::plugin::review-workflows.workflow-stage', '{\"settings\":{\"bulkable\":true,\"filterable\":true,\"searchable\":true,\"pageSize\":10,\"mainField\":\"name\",\"defaultSortBy\":\"name\",\"defaultSortOrder\":\"ASC\"},\"metadatas\":{\"id\":{\"edit\":{},\"list\":{\"label\":\"id\",\"searchable\":true,\"sortable\":true}},\"name\":{\"edit\":{\"label\":\"name\",\"description\":\"\",\"placeholder\":\"\",\"visible\":true,\"editable\":true},\"list\":{\"label\":\"name\",\"searchable\":true,\"sortable\":true}},\"color\":{\"edit\":{\"label\":\"color\",\"description\":\"\",\"placeholder\":\"\",\"visible\":true,\"editable\":true},\"list\":{\"label\":\"color\",\"searchable\":true,\"sortable\":true}},\"workflow\":{\"edit\":{\"label\":\"workflow\",\"description\":\"\",\"placeholder\":\"\",\"visible\":true,\"editable\":true,\"mainField\":\"name\"},\"list\":{\"label\":\"workflow\",\"searchable\":true,\"sortable\":true}},\"permissions\":{\"edit\":{\"label\":\"permissions\",\"description\":\"\",\"placeholder\":\"\",\"visible\":true,\"editable\":true,\"mainField\":\"action\"},\"list\":{\"label\":\"permissions\",\"searchable\":false,\"sortable\":false}},\"createdAt\":{\"edit\":{\"label\":\"createdAt\",\"description\":\"\",\"placeholder\":\"\",\"visible\":false,\"editable\":true},\"list\":{\"label\":\"createdAt\",\"searchable\":true,\"sortable\":true}},\"updatedAt\":{\"edit\":{\"label\":\"updatedAt\",\"description\":\"\",\"placeholder\":\"\",\"visible\":false,\"editable\":true},\"list\":{\"label\":\"updatedAt\",\"searchable\":true,\"sortable\":true}},\"createdBy\":{\"edit\":{\"label\":\"createdBy\",\"description\":\"\",\"placeholder\":\"\",\"visible\":false,\"editable\":true,\"mainField\":\"firstname\"},\"list\":{\"label\":\"createdBy\",\"searchable\":true,\"sortable\":true}},\"updatedBy\":{\"edit\":{\"label\":\"updatedBy\",\"description\":\"\",\"placeholder\":\"\",\"visible\":false,\"editable\":true,\"mainField\":\"firstname\"},\"list\":{\"label\":\"updatedBy\",\"searchable\":true,\"sortable\":true}},\"documentId\":{\"edit\":{},\"list\":{\"label\":\"documentId\",\"searchable\":true,\"sortable\":true}}},\"layouts\":{\"list\":[\"id\",\"name\",\"color\",\"workflow\"],\"edit\":[[{\"name\":\"name\",\"size\":6},{\"name\":\"color\",\"size\":6}],[{\"name\":\"workflow\",\"size\":6},{\"name\":\"permissions\",\"size\":6}]]},\"uid\":\"plugin::review-workflows.workflow-stage\"}', 'object', NULL, NULL);
INSERT INTO `strapi_core_store_settings` VALUES (22, 'plugin_content_manager_configuration_content_types::plugin::users-permissions.permission', '{\"settings\":{\"bulkable\":true,\"filterable\":true,\"searchable\":true,\"pageSize\":10,\"mainField\":\"action\",\"defaultSortBy\":\"action\",\"defaultSortOrder\":\"ASC\"},\"metadatas\":{\"id\":{\"edit\":{},\"list\":{\"label\":\"id\",\"searchable\":true,\"sortable\":true}},\"action\":{\"edit\":{\"label\":\"action\",\"description\":\"\",\"placeholder\":\"\",\"visible\":true,\"editable\":true},\"list\":{\"label\":\"action\",\"searchable\":true,\"sortable\":true}},\"role\":{\"edit\":{\"label\":\"role\",\"description\":\"\",\"placeholder\":\"\",\"visible\":true,\"editable\":true,\"mainField\":\"name\"},\"list\":{\"label\":\"role\",\"searchable\":true,\"sortable\":true}},\"createdAt\":{\"edit\":{\"label\":\"createdAt\",\"description\":\"\",\"placeholder\":\"\",\"visible\":false,\"editable\":true},\"list\":{\"label\":\"createdAt\",\"searchable\":true,\"sortable\":true}},\"updatedAt\":{\"edit\":{\"label\":\"updatedAt\",\"description\":\"\",\"placeholder\":\"\",\"visible\":false,\"editable\":true},\"list\":{\"label\":\"updatedAt\",\"searchable\":true,\"sortable\":true}},\"createdBy\":{\"edit\":{\"label\":\"createdBy\",\"description\":\"\",\"placeholder\":\"\",\"visible\":false,\"editable\":true,\"mainField\":\"firstname\"},\"list\":{\"label\":\"createdBy\",\"searchable\":true,\"sortable\":true}},\"updatedBy\":{\"edit\":{\"label\":\"updatedBy\",\"description\":\"\",\"placeholder\":\"\",\"visible\":false,\"editable\":true,\"mainField\":\"firstname\"},\"list\":{\"label\":\"updatedBy\",\"searchable\":true,\"sortable\":true}},\"documentId\":{\"edit\":{},\"list\":{\"label\":\"documentId\",\"searchable\":true,\"sortable\":true}}},\"layouts\":{\"list\":[\"id\",\"action\",\"role\",\"createdAt\"],\"edit\":[[{\"name\":\"action\",\"size\":6},{\"name\":\"role\",\"size\":6}]]},\"uid\":\"plugin::users-permissions.permission\"}', 'object', NULL, NULL);
INSERT INTO `strapi_core_store_settings` VALUES (23, 'plugin_content_manager_configuration_content_types::plugin::users-permissions.user', '{\"settings\":{\"bulkable\":true,\"filterable\":true,\"searchable\":true,\"pageSize\":10,\"mainField\":\"username\",\"defaultSortBy\":\"username\",\"defaultSortOrder\":\"ASC\"},\"metadatas\":{\"id\":{\"edit\":{},\"list\":{\"label\":\"id\",\"searchable\":true,\"sortable\":true}},\"username\":{\"edit\":{\"label\":\"username\",\"description\":\"\",\"placeholder\":\"\",\"visible\":true,\"editable\":true},\"list\":{\"label\":\"username\",\"searchable\":true,\"sortable\":true}},\"email\":{\"edit\":{\"label\":\"email\",\"description\":\"\",\"placeholder\":\"\",\"visible\":true,\"editable\":true},\"list\":{\"label\":\"email\",\"searchable\":true,\"sortable\":true}},\"provider\":{\"edit\":{\"label\":\"provider\",\"description\":\"\",\"placeholder\":\"\",\"visible\":false,\"editable\":true},\"list\":{\"label\":\"provider\",\"searchable\":true,\"sortable\":true}},\"password\":{\"edit\":{\"label\":\"password\",\"description\":\"\",\"placeholder\":\"\",\"visible\":true,\"editable\":true},\"list\":{\"label\":\"password\",\"searchable\":true,\"sortable\":true}},\"resetPasswordToken\":{\"edit\":{\"label\":\"resetPasswordToken\",\"description\":\"\",\"placeholder\":\"\",\"visible\":false,\"editable\":true},\"list\":{\"label\":\"resetPasswordToken\",\"searchable\":true,\"sortable\":true}},\"confirmationToken\":{\"edit\":{\"label\":\"confirmationToken\",\"description\":\"\",\"placeholder\":\"\",\"visible\":false,\"editable\":true},\"list\":{\"label\":\"confirmationToken\",\"searchable\":true,\"sortable\":true}},\"confirmed\":{\"edit\":{\"label\":\"confirmed\",\"description\":\"\",\"placeholder\":\"\",\"visible\":true,\"editable\":true},\"list\":{\"label\":\"confirmed\",\"searchable\":true,\"sortable\":true}},\"blocked\":{\"edit\":{\"label\":\"blocked\",\"description\":\"\",\"placeholder\":\"\",\"visible\":true,\"editable\":true},\"list\":{\"label\":\"blocked\",\"searchable\":true,\"sortable\":true}},\"role\":{\"edit\":{\"label\":\"role\",\"description\":\"\",\"placeholder\":\"\",\"visible\":true,\"editable\":true,\"mainField\":\"name\"},\"list\":{\"label\":\"role\",\"searchable\":true,\"sortable\":true}},\"createdAt\":{\"edit\":{\"label\":\"createdAt\",\"description\":\"\",\"placeholder\":\"\",\"visible\":false,\"editable\":true},\"list\":{\"label\":\"createdAt\",\"searchable\":true,\"sortable\":true}},\"updatedAt\":{\"edit\":{\"label\":\"updatedAt\",\"description\":\"\",\"placeholder\":\"\",\"visible\":false,\"editable\":true},\"list\":{\"label\":\"updatedAt\",\"searchable\":true,\"sortable\":true}},\"createdBy\":{\"edit\":{\"label\":\"createdBy\",\"description\":\"\",\"placeholder\":\"\",\"visible\":false,\"editable\":true,\"mainField\":\"firstname\"},\"list\":{\"label\":\"createdBy\",\"searchable\":true,\"sortable\":true}},\"updatedBy\":{\"edit\":{\"label\":\"updatedBy\",\"description\":\"\",\"placeholder\":\"\",\"visible\":false,\"editable\":true,\"mainField\":\"firstname\"},\"list\":{\"label\":\"updatedBy\",\"searchable\":true,\"sortable\":true}},\"documentId\":{\"edit\":{},\"list\":{\"label\":\"documentId\",\"searchable\":true,\"sortable\":true}}},\"layouts\":{\"list\":[\"id\",\"username\",\"email\",\"confirmed\"],\"edit\":[[{\"name\":\"username\",\"size\":6},{\"name\":\"email\",\"size\":6}],[{\"name\":\"password\",\"size\":6},{\"name\":\"confirmed\",\"size\":4}],[{\"name\":\"blocked\",\"size\":4},{\"name\":\"role\",\"size\":6}]]},\"uid\":\"plugin::users-permissions.user\"}', 'object', NULL, NULL);
INSERT INTO `strapi_core_store_settings` VALUES (24, 'plugin_content_manager_configuration_content_types::admin::user', '{\"settings\":{\"bulkable\":true,\"filterable\":true,\"searchable\":true,\"pageSize\":10,\"mainField\":\"firstname\",\"defaultSortBy\":\"firstname\",\"defaultSortOrder\":\"ASC\"},\"metadatas\":{\"id\":{\"edit\":{},\"list\":{\"label\":\"id\",\"searchable\":true,\"sortable\":true}},\"firstname\":{\"edit\":{\"label\":\"firstname\",\"description\":\"\",\"placeholder\":\"\",\"visible\":true,\"editable\":true},\"list\":{\"label\":\"firstname\",\"searchable\":true,\"sortable\":true}},\"lastname\":{\"edit\":{\"label\":\"lastname\",\"description\":\"\",\"placeholder\":\"\",\"visible\":true,\"editable\":true},\"list\":{\"label\":\"lastname\",\"searchable\":true,\"sortable\":true}},\"username\":{\"edit\":{\"label\":\"username\",\"description\":\"\",\"placeholder\":\"\",\"visible\":true,\"editable\":true},\"list\":{\"label\":\"username\",\"searchable\":true,\"sortable\":true}},\"email\":{\"edit\":{\"label\":\"email\",\"description\":\"\",\"placeholder\":\"\",\"visible\":true,\"editable\":true},\"list\":{\"label\":\"email\",\"searchable\":true,\"sortable\":true}},\"password\":{\"edit\":{\"label\":\"password\",\"description\":\"\",\"placeholder\":\"\",\"visible\":true,\"editable\":true},\"list\":{\"label\":\"password\",\"searchable\":true,\"sortable\":true}},\"resetPasswordToken\":{\"edit\":{\"label\":\"resetPasswordToken\",\"description\":\"\",\"placeholder\":\"\",\"visible\":false,\"editable\":true},\"list\":{\"label\":\"resetPasswordToken\",\"searchable\":true,\"sortable\":true}},\"registrationToken\":{\"edit\":{\"label\":\"registrationToken\",\"description\":\"\",\"placeholder\":\"\",\"visible\":false,\"editable\":true},\"list\":{\"label\":\"registrationToken\",\"searchable\":true,\"sortable\":true}},\"isActive\":{\"edit\":{\"label\":\"isActive\",\"description\":\"\",\"placeholder\":\"\",\"visible\":true,\"editable\":true},\"list\":{\"label\":\"isActive\",\"searchable\":true,\"sortable\":true}},\"roles\":{\"edit\":{\"label\":\"roles\",\"description\":\"\",\"placeholder\":\"\",\"visible\":true,\"editable\":true,\"mainField\":\"name\"},\"list\":{\"label\":\"roles\",\"searchable\":false,\"sortable\":false}},\"blocked\":{\"edit\":{\"label\":\"blocked\",\"description\":\"\",\"placeholder\":\"\",\"visible\":true,\"editable\":true},\"list\":{\"label\":\"blocked\",\"searchable\":true,\"sortable\":true}},\"preferedLanguage\":{\"edit\":{\"label\":\"preferedLanguage\",\"description\":\"\",\"placeholder\":\"\",\"visible\":true,\"editable\":true},\"list\":{\"label\":\"preferedLanguage\",\"searchable\":true,\"sortable\":true}},\"createdAt\":{\"edit\":{\"label\":\"createdAt\",\"description\":\"\",\"placeholder\":\"\",\"visible\":false,\"editable\":true},\"list\":{\"label\":\"createdAt\",\"searchable\":true,\"sortable\":true}},\"updatedAt\":{\"edit\":{\"label\":\"updatedAt\",\"description\":\"\",\"placeholder\":\"\",\"visible\":false,\"editable\":true},\"list\":{\"label\":\"updatedAt\",\"searchable\":true,\"sortable\":true}},\"createdBy\":{\"edit\":{\"label\":\"createdBy\",\"description\":\"\",\"placeholder\":\"\",\"visible\":false,\"editable\":true,\"mainField\":\"firstname\"},\"list\":{\"label\":\"createdBy\",\"searchable\":true,\"sortable\":true}},\"updatedBy\":{\"edit\":{\"label\":\"updatedBy\",\"description\":\"\",\"placeholder\":\"\",\"visible\":false,\"editable\":true,\"mainField\":\"firstname\"},\"list\":{\"label\":\"updatedBy\",\"searchable\":true,\"sortable\":true}},\"documentId\":{\"edit\":{},\"list\":{\"label\":\"documentId\",\"searchable\":true,\"sortable\":true}}},\"layouts\":{\"list\":[\"id\",\"firstname\",\"lastname\",\"username\"],\"edit\":[[{\"name\":\"firstname\",\"size\":6},{\"name\":\"lastname\",\"size\":6}],[{\"name\":\"username\",\"size\":6},{\"name\":\"email\",\"size\":6}],[{\"name\":\"password\",\"size\":6},{\"name\":\"isActive\",\"size\":4}],[{\"name\":\"roles\",\"size\":6},{\"name\":\"blocked\",\"size\":4}],[{\"name\":\"preferedLanguage\",\"size\":6}]]},\"uid\":\"admin::user\"}', 'object', NULL, NULL);
INSERT INTO `strapi_core_store_settings` VALUES (25, 'plugin_content_manager_configuration_content_types::admin::role', '{\"settings\":{\"bulkable\":true,\"filterable\":true,\"searchable\":true,\"pageSize\":10,\"mainField\":\"name\",\"defaultSortBy\":\"name\",\"defaultSortOrder\":\"ASC\"},\"metadatas\":{\"id\":{\"edit\":{},\"list\":{\"label\":\"id\",\"searchable\":true,\"sortable\":true}},\"name\":{\"edit\":{\"label\":\"name\",\"description\":\"\",\"placeholder\":\"\",\"visible\":true,\"editable\":true},\"list\":{\"label\":\"name\",\"searchable\":true,\"sortable\":true}},\"code\":{\"edit\":{\"label\":\"code\",\"description\":\"\",\"placeholder\":\"\",\"visible\":true,\"editable\":true},\"list\":{\"label\":\"code\",\"searchable\":true,\"sortable\":true}},\"description\":{\"edit\":{\"label\":\"description\",\"description\":\"\",\"placeholder\":\"\",\"visible\":true,\"editable\":true},\"list\":{\"label\":\"description\",\"searchable\":true,\"sortable\":true}},\"users\":{\"edit\":{\"label\":\"users\",\"description\":\"\",\"placeholder\":\"\",\"visible\":true,\"editable\":true,\"mainField\":\"firstname\"},\"list\":{\"label\":\"users\",\"searchable\":false,\"sortable\":false}},\"permissions\":{\"edit\":{\"label\":\"permissions\",\"description\":\"\",\"placeholder\":\"\",\"visible\":true,\"editable\":true,\"mainField\":\"action\"},\"list\":{\"label\":\"permissions\",\"searchable\":false,\"sortable\":false}},\"createdAt\":{\"edit\":{\"label\":\"createdAt\",\"description\":\"\",\"placeholder\":\"\",\"visible\":false,\"editable\":true},\"list\":{\"label\":\"createdAt\",\"searchable\":true,\"sortable\":true}},\"updatedAt\":{\"edit\":{\"label\":\"updatedAt\",\"description\":\"\",\"placeholder\":\"\",\"visible\":false,\"editable\":true},\"list\":{\"label\":\"updatedAt\",\"searchable\":true,\"sortable\":true}},\"createdBy\":{\"edit\":{\"label\":\"createdBy\",\"description\":\"\",\"placeholder\":\"\",\"visible\":false,\"editable\":true,\"mainField\":\"firstname\"},\"list\":{\"label\":\"createdBy\",\"searchable\":true,\"sortable\":true}},\"updatedBy\":{\"edit\":{\"label\":\"updatedBy\",\"description\":\"\",\"placeholder\":\"\",\"visible\":false,\"editable\":true,\"mainField\":\"firstname\"},\"list\":{\"label\":\"updatedBy\",\"searchable\":true,\"sortable\":true}},\"documentId\":{\"edit\":{},\"list\":{\"label\":\"documentId\",\"searchable\":true,\"sortable\":true}}},\"layouts\":{\"list\":[\"id\",\"name\",\"code\",\"description\"],\"edit\":[[{\"name\":\"name\",\"size\":6},{\"name\":\"code\",\"size\":6}],[{\"name\":\"description\",\"size\":6},{\"name\":\"users\",\"size\":6}],[{\"name\":\"permissions\",\"size\":6}]]},\"uid\":\"admin::role\"}', 'object', NULL, NULL);
INSERT INTO `strapi_core_store_settings` VALUES (26, 'plugin_content_manager_configuration_content_types::admin::api-token', '{\"settings\":{\"bulkable\":true,\"filterable\":true,\"searchable\":true,\"pageSize\":10,\"mainField\":\"name\",\"defaultSortBy\":\"name\",\"defaultSortOrder\":\"ASC\"},\"metadatas\":{\"id\":{\"edit\":{},\"list\":{\"label\":\"id\",\"searchable\":true,\"sortable\":true}},\"name\":{\"edit\":{\"label\":\"name\",\"description\":\"\",\"placeholder\":\"\",\"visible\":true,\"editable\":true},\"list\":{\"label\":\"name\",\"searchable\":true,\"sortable\":true}},\"description\":{\"edit\":{\"label\":\"description\",\"description\":\"\",\"placeholder\":\"\",\"visible\":true,\"editable\":true},\"list\":{\"label\":\"description\",\"searchable\":true,\"sortable\":true}},\"type\":{\"edit\":{\"label\":\"type\",\"description\":\"\",\"placeholder\":\"\",\"visible\":true,\"editable\":true},\"list\":{\"label\":\"type\",\"searchable\":true,\"sortable\":true}},\"accessKey\":{\"edit\":{\"label\":\"accessKey\",\"description\":\"\",\"placeholder\":\"\",\"visible\":true,\"editable\":true},\"list\":{\"label\":\"accessKey\",\"searchable\":true,\"sortable\":true}},\"encryptedKey\":{\"edit\":{\"label\":\"encryptedKey\",\"description\":\"\",\"placeholder\":\"\",\"visible\":true,\"editable\":true},\"list\":{\"label\":\"encryptedKey\",\"searchable\":true,\"sortable\":true}},\"lastUsedAt\":{\"edit\":{\"label\":\"lastUsedAt\",\"description\":\"\",\"placeholder\":\"\",\"visible\":true,\"editable\":true},\"list\":{\"label\":\"lastUsedAt\",\"searchable\":true,\"sortable\":true}},\"permissions\":{\"edit\":{\"label\":\"permissions\",\"description\":\"\",\"placeholder\":\"\",\"visible\":true,\"editable\":true,\"mainField\":\"action\"},\"list\":{\"label\":\"permissions\",\"searchable\":false,\"sortable\":false}},\"expiresAt\":{\"edit\":{\"label\":\"expiresAt\",\"description\":\"\",\"placeholder\":\"\",\"visible\":true,\"editable\":true},\"list\":{\"label\":\"expiresAt\",\"searchable\":true,\"sortable\":true}},\"lifespan\":{\"edit\":{\"label\":\"lifespan\",\"description\":\"\",\"placeholder\":\"\",\"visible\":true,\"editable\":true},\"list\":{\"label\":\"lifespan\",\"searchable\":true,\"sortable\":true}},\"createdAt\":{\"edit\":{\"label\":\"createdAt\",\"description\":\"\",\"placeholder\":\"\",\"visible\":false,\"editable\":true},\"list\":{\"label\":\"createdAt\",\"searchable\":true,\"sortable\":true}},\"updatedAt\":{\"edit\":{\"label\":\"updatedAt\",\"description\":\"\",\"placeholder\":\"\",\"visible\":false,\"editable\":true},\"list\":{\"label\":\"updatedAt\",\"searchable\":true,\"sortable\":true}},\"createdBy\":{\"edit\":{\"label\":\"createdBy\",\"description\":\"\",\"placeholder\":\"\",\"visible\":false,\"editable\":true,\"mainField\":\"firstname\"},\"list\":{\"label\":\"createdBy\",\"searchable\":true,\"sortable\":true}},\"updatedBy\":{\"edit\":{\"label\":\"updatedBy\",\"description\":\"\",\"placeholder\":\"\",\"visible\":false,\"editable\":true,\"mainField\":\"firstname\"},\"list\":{\"label\":\"updatedBy\",\"searchable\":true,\"sortable\":true}},\"documentId\":{\"edit\":{},\"list\":{\"label\":\"documentId\",\"searchable\":true,\"sortable\":true}}},\"layouts\":{\"list\":[\"id\",\"name\",\"description\",\"type\"],\"edit\":[[{\"name\":\"name\",\"size\":6},{\"name\":\"description\",\"size\":6}],[{\"name\":\"type\",\"size\":6},{\"name\":\"accessKey\",\"size\":6}],[{\"name\":\"encryptedKey\",\"size\":6},{\"name\":\"lastUsedAt\",\"size\":6}],[{\"name\":\"permissions\",\"size\":6},{\"name\":\"expiresAt\",\"size\":6}],[{\"name\":\"lifespan\",\"size\":4}]]},\"uid\":\"admin::api-token\"}', 'object', NULL, NULL);
INSERT INTO `strapi_core_store_settings` VALUES (27, 'plugin_content_manager_configuration_content_types::admin::api-token-permission', '{\"settings\":{\"bulkable\":true,\"filterable\":true,\"searchable\":true,\"pageSize\":10,\"mainField\":\"action\",\"defaultSortBy\":\"action\",\"defaultSortOrder\":\"ASC\"},\"metadatas\":{\"id\":{\"edit\":{},\"list\":{\"label\":\"id\",\"searchable\":true,\"sortable\":true}},\"action\":{\"edit\":{\"label\":\"action\",\"description\":\"\",\"placeholder\":\"\",\"visible\":true,\"editable\":true},\"list\":{\"label\":\"action\",\"searchable\":true,\"sortable\":true}},\"token\":{\"edit\":{\"label\":\"token\",\"description\":\"\",\"placeholder\":\"\",\"visible\":true,\"editable\":true,\"mainField\":\"name\"},\"list\":{\"label\":\"token\",\"searchable\":true,\"sortable\":true}},\"createdAt\":{\"edit\":{\"label\":\"createdAt\",\"description\":\"\",\"placeholder\":\"\",\"visible\":false,\"editable\":true},\"list\":{\"label\":\"createdAt\",\"searchable\":true,\"sortable\":true}},\"updatedAt\":{\"edit\":{\"label\":\"updatedAt\",\"description\":\"\",\"placeholder\":\"\",\"visible\":false,\"editable\":true},\"list\":{\"label\":\"updatedAt\",\"searchable\":true,\"sortable\":true}},\"createdBy\":{\"edit\":{\"label\":\"createdBy\",\"description\":\"\",\"placeholder\":\"\",\"visible\":false,\"editable\":true,\"mainField\":\"firstname\"},\"list\":{\"label\":\"createdBy\",\"searchable\":true,\"sortable\":true}},\"updatedBy\":{\"edit\":{\"label\":\"updatedBy\",\"description\":\"\",\"placeholder\":\"\",\"visible\":false,\"editable\":true,\"mainField\":\"firstname\"},\"list\":{\"label\":\"updatedBy\",\"searchable\":true,\"sortable\":true}},\"documentId\":{\"edit\":{},\"list\":{\"label\":\"documentId\",\"searchable\":true,\"sortable\":true}}},\"layouts\":{\"list\":[\"id\",\"action\",\"token\",\"createdAt\"],\"edit\":[[{\"name\":\"action\",\"size\":6},{\"name\":\"token\",\"size\":6}]]},\"uid\":\"admin::api-token-permission\"}', 'object', NULL, NULL);
INSERT INTO `strapi_core_store_settings` VALUES (28, 'plugin_content_manager_configuration_content_types::admin::transfer-token', '{\"settings\":{\"bulkable\":true,\"filterable\":true,\"searchable\":true,\"pageSize\":10,\"mainField\":\"name\",\"defaultSortBy\":\"name\",\"defaultSortOrder\":\"ASC\"},\"metadatas\":{\"id\":{\"edit\":{},\"list\":{\"label\":\"id\",\"searchable\":true,\"sortable\":true}},\"name\":{\"edit\":{\"label\":\"name\",\"description\":\"\",\"placeholder\":\"\",\"visible\":true,\"editable\":true},\"list\":{\"label\":\"name\",\"searchable\":true,\"sortable\":true}},\"description\":{\"edit\":{\"label\":\"description\",\"description\":\"\",\"placeholder\":\"\",\"visible\":true,\"editable\":true},\"list\":{\"label\":\"description\",\"searchable\":true,\"sortable\":true}},\"accessKey\":{\"edit\":{\"label\":\"accessKey\",\"description\":\"\",\"placeholder\":\"\",\"visible\":true,\"editable\":true},\"list\":{\"label\":\"accessKey\",\"searchable\":true,\"sortable\":true}},\"lastUsedAt\":{\"edit\":{\"label\":\"lastUsedAt\",\"description\":\"\",\"placeholder\":\"\",\"visible\":true,\"editable\":true},\"list\":{\"label\":\"lastUsedAt\",\"searchable\":true,\"sortable\":true}},\"permissions\":{\"edit\":{\"label\":\"permissions\",\"description\":\"\",\"placeholder\":\"\",\"visible\":true,\"editable\":true,\"mainField\":\"action\"},\"list\":{\"label\":\"permissions\",\"searchable\":false,\"sortable\":false}},\"expiresAt\":{\"edit\":{\"label\":\"expiresAt\",\"description\":\"\",\"placeholder\":\"\",\"visible\":true,\"editable\":true},\"list\":{\"label\":\"expiresAt\",\"searchable\":true,\"sortable\":true}},\"lifespan\":{\"edit\":{\"label\":\"lifespan\",\"description\":\"\",\"placeholder\":\"\",\"visible\":true,\"editable\":true},\"list\":{\"label\":\"lifespan\",\"searchable\":true,\"sortable\":true}},\"createdAt\":{\"edit\":{\"label\":\"createdAt\",\"description\":\"\",\"placeholder\":\"\",\"visible\":false,\"editable\":true},\"list\":{\"label\":\"createdAt\",\"searchable\":true,\"sortable\":true}},\"updatedAt\":{\"edit\":{\"label\":\"updatedAt\",\"description\":\"\",\"placeholder\":\"\",\"visible\":false,\"editable\":true},\"list\":{\"label\":\"updatedAt\",\"searchable\":true,\"sortable\":true}},\"createdBy\":{\"edit\":{\"label\":\"createdBy\",\"description\":\"\",\"placeholder\":\"\",\"visible\":false,\"editable\":true,\"mainField\":\"firstname\"},\"list\":{\"label\":\"createdBy\",\"searchable\":true,\"sortable\":true}},\"updatedBy\":{\"edit\":{\"label\":\"updatedBy\",\"description\":\"\",\"placeholder\":\"\",\"visible\":false,\"editable\":true,\"mainField\":\"firstname\"},\"list\":{\"label\":\"updatedBy\",\"searchable\":true,\"sortable\":true}},\"documentId\":{\"edit\":{},\"list\":{\"label\":\"documentId\",\"searchable\":true,\"sortable\":true}}},\"layouts\":{\"list\":[\"id\",\"name\",\"description\",\"accessKey\"],\"edit\":[[{\"name\":\"name\",\"size\":6},{\"name\":\"description\",\"size\":6}],[{\"name\":\"accessKey\",\"size\":6},{\"name\":\"lastUsedAt\",\"size\":6}],[{\"name\":\"permissions\",\"size\":6},{\"name\":\"expiresAt\",\"size\":6}],[{\"name\":\"lifespan\",\"size\":4}]]},\"uid\":\"admin::transfer-token\"}', 'object', NULL, NULL);
INSERT INTO `strapi_core_store_settings` VALUES (30, 'plugin_content_manager_configuration_content_types::admin::transfer-token-permission', '{\"settings\":{\"bulkable\":true,\"filterable\":true,\"searchable\":true,\"pageSize\":10,\"mainField\":\"action\",\"defaultSortBy\":\"action\",\"defaultSortOrder\":\"ASC\"},\"metadatas\":{\"id\":{\"edit\":{},\"list\":{\"label\":\"id\",\"searchable\":true,\"sortable\":true}},\"action\":{\"edit\":{\"label\":\"action\",\"description\":\"\",\"placeholder\":\"\",\"visible\":true,\"editable\":true},\"list\":{\"label\":\"action\",\"searchable\":true,\"sortable\":true}},\"token\":{\"edit\":{\"label\":\"token\",\"description\":\"\",\"placeholder\":\"\",\"visible\":true,\"editable\":true,\"mainField\":\"name\"},\"list\":{\"label\":\"token\",\"searchable\":true,\"sortable\":true}},\"createdAt\":{\"edit\":{\"label\":\"createdAt\",\"description\":\"\",\"placeholder\":\"\",\"visible\":false,\"editable\":true},\"list\":{\"label\":\"createdAt\",\"searchable\":true,\"sortable\":true}},\"updatedAt\":{\"edit\":{\"label\":\"updatedAt\",\"description\":\"\",\"placeholder\":\"\",\"visible\":false,\"editable\":true},\"list\":{\"label\":\"updatedAt\",\"searchable\":true,\"sortable\":true}},\"createdBy\":{\"edit\":{\"label\":\"createdBy\",\"description\":\"\",\"placeholder\":\"\",\"visible\":false,\"editable\":true,\"mainField\":\"firstname\"},\"list\":{\"label\":\"createdBy\",\"searchable\":true,\"sortable\":true}},\"updatedBy\":{\"edit\":{\"label\":\"updatedBy\",\"description\":\"\",\"placeholder\":\"\",\"visible\":false,\"editable\":true,\"mainField\":\"firstname\"},\"list\":{\"label\":\"updatedBy\",\"searchable\":true,\"sortable\":true}},\"documentId\":{\"edit\":{},\"list\":{\"label\":\"documentId\",\"searchable\":true,\"sortable\":true}}},\"layouts\":{\"list\":[\"id\",\"action\",\"token\",\"createdAt\"],\"edit\":[[{\"name\":\"action\",\"size\":6},{\"name\":\"token\",\"size\":6}]]},\"uid\":\"admin::transfer-token-permission\"}', 'object', NULL, NULL);
INSERT INTO `strapi_core_store_settings` VALUES (31, 'plugin_content_manager_configuration_content_types::admin::session', '{\"settings\":{\"bulkable\":true,\"filterable\":true,\"searchable\":true,\"pageSize\":10,\"mainField\":\"userId\",\"defaultSortBy\":\"userId\",\"defaultSortOrder\":\"ASC\"},\"metadatas\":{\"id\":{\"edit\":{},\"list\":{\"label\":\"id\",\"searchable\":true,\"sortable\":true}},\"userId\":{\"edit\":{\"label\":\"userId\",\"description\":\"\",\"placeholder\":\"\",\"visible\":true,\"editable\":true},\"list\":{\"label\":\"userId\",\"searchable\":true,\"sortable\":true}},\"sessionId\":{\"edit\":{\"label\":\"sessionId\",\"description\":\"\",\"placeholder\":\"\",\"visible\":true,\"editable\":true},\"list\":{\"label\":\"sessionId\",\"searchable\":true,\"sortable\":true}},\"childId\":{\"edit\":{\"label\":\"childId\",\"description\":\"\",\"placeholder\":\"\",\"visible\":true,\"editable\":true},\"list\":{\"label\":\"childId\",\"searchable\":true,\"sortable\":true}},\"deviceId\":{\"edit\":{\"label\":\"deviceId\",\"description\":\"\",\"placeholder\":\"\",\"visible\":true,\"editable\":true},\"list\":{\"label\":\"deviceId\",\"searchable\":true,\"sortable\":true}},\"origin\":{\"edit\":{\"label\":\"origin\",\"description\":\"\",\"placeholder\":\"\",\"visible\":true,\"editable\":true},\"list\":{\"label\":\"origin\",\"searchable\":true,\"sortable\":true}},\"expiresAt\":{\"edit\":{\"label\":\"expiresAt\",\"description\":\"\",\"placeholder\":\"\",\"visible\":true,\"editable\":true},\"list\":{\"label\":\"expiresAt\",\"searchable\":true,\"sortable\":true}},\"absoluteExpiresAt\":{\"edit\":{\"label\":\"absoluteExpiresAt\",\"description\":\"\",\"placeholder\":\"\",\"visible\":true,\"editable\":true},\"list\":{\"label\":\"absoluteExpiresAt\",\"searchable\":true,\"sortable\":true}},\"status\":{\"edit\":{\"label\":\"status\",\"description\":\"\",\"placeholder\":\"\",\"visible\":true,\"editable\":true},\"list\":{\"label\":\"status\",\"searchable\":true,\"sortable\":true}},\"type\":{\"edit\":{\"label\":\"type\",\"description\":\"\",\"placeholder\":\"\",\"visible\":true,\"editable\":true},\"list\":{\"label\":\"type\",\"searchable\":true,\"sortable\":true}},\"createdAt\":{\"edit\":{\"label\":\"createdAt\",\"description\":\"\",\"placeholder\":\"\",\"visible\":false,\"editable\":true},\"list\":{\"label\":\"createdAt\",\"searchable\":true,\"sortable\":true}},\"updatedAt\":{\"edit\":{\"label\":\"updatedAt\",\"description\":\"\",\"placeholder\":\"\",\"visible\":false,\"editable\":true},\"list\":{\"label\":\"updatedAt\",\"searchable\":true,\"sortable\":true}},\"createdBy\":{\"edit\":{\"label\":\"createdBy\",\"description\":\"\",\"placeholder\":\"\",\"visible\":false,\"editable\":true,\"mainField\":\"firstname\"},\"list\":{\"label\":\"createdBy\",\"searchable\":true,\"sortable\":true}},\"updatedBy\":{\"edit\":{\"label\":\"updatedBy\",\"description\":\"\",\"placeholder\":\"\",\"visible\":false,\"editable\":true,\"mainField\":\"firstname\"},\"list\":{\"label\":\"updatedBy\",\"searchable\":true,\"sortable\":true}},\"documentId\":{\"edit\":{},\"list\":{\"label\":\"documentId\",\"searchable\":true,\"sortable\":true}}},\"layouts\":{\"list\":[\"id\",\"userId\",\"sessionId\",\"childId\"],\"edit\":[[{\"name\":\"userId\",\"size\":6},{\"name\":\"sessionId\",\"size\":6}],[{\"name\":\"childId\",\"size\":6},{\"name\":\"deviceId\",\"size\":6}],[{\"name\":\"origin\",\"size\":6},{\"name\":\"expiresAt\",\"size\":6}],[{\"name\":\"absoluteExpiresAt\",\"size\":6},{\"name\":\"status\",\"size\":6}],[{\"name\":\"type\",\"size\":6}]]},\"uid\":\"admin::session\"}', 'object', NULL, NULL);
INSERT INTO `strapi_core_store_settings` VALUES (32, 'plugin_upload_settings', '{\"sizeOptimization\":true,\"responsiveDimensions\":true,\"autoOrientation\":false,\"aiMetadata\":true}', 'object', NULL, NULL);
INSERT INTO `strapi_core_store_settings` VALUES (33, 'core_persisted_tables', '[{\"name\":\"strapi_history_versions\"}]', 'object', NULL, NULL);
INSERT INTO `strapi_core_store_settings` VALUES (34, 'plugin_upload_view_configuration', '{\"pageSize\":10,\"sort\":\"createdAt:DESC\"}', 'object', NULL, NULL);
INSERT INTO `strapi_core_store_settings` VALUES (35, 'plugin_upload_metrics', '{\"weeklySchedule\":\"59 35 13 * * 5\",\"lastWeeklyUpdate\":1770356159238}', 'object', NULL, NULL);
INSERT INTO `strapi_core_store_settings` VALUES (36, 'plugin_i18n_default_locale', '\"en\"', 'string', NULL, NULL);
INSERT INTO `strapi_core_store_settings` VALUES (37, 'plugin_users-permissions_grant', '{\"email\":{\"icon\":\"envelope\",\"enabled\":true},\"discord\":{\"icon\":\"discord\",\"enabled\":false,\"key\":\"\",\"secret\":\"\",\"callbackUrl\":\"api/auth/discord/callback\",\"scope\":[\"identify\",\"email\"]},\"facebook\":{\"icon\":\"facebook-square\",\"enabled\":false,\"key\":\"\",\"secret\":\"\",\"callbackUrl\":\"api/auth/facebook/callback\",\"scope\":[\"email\"]},\"google\":{\"icon\":\"google\",\"enabled\":false,\"key\":\"\",\"secret\":\"\",\"callbackUrl\":\"api/auth/google/callback\",\"scope\":[\"email\"]},\"github\":{\"icon\":\"github\",\"enabled\":false,\"key\":\"\",\"secret\":\"\",\"callbackUrl\":\"api/auth/github/callback\",\"scope\":[\"user\",\"user:email\"]},\"microsoft\":{\"icon\":\"windows\",\"enabled\":false,\"key\":\"\",\"secret\":\"\",\"callbackUrl\":\"api/auth/microsoft/callback\",\"scope\":[\"user.read\"]},\"twitter\":{\"icon\":\"twitter\",\"enabled\":false,\"key\":\"\",\"secret\":\"\",\"callbackUrl\":\"api/auth/twitter/callback\"},\"instagram\":{\"icon\":\"instagram\",\"enabled\":false,\"key\":\"\",\"secret\":\"\",\"callbackUrl\":\"api/auth/instagram/callback\",\"scope\":[\"user_profile\"]},\"vk\":{\"icon\":\"vk\",\"enabled\":false,\"key\":\"\",\"secret\":\"\",\"callbackUrl\":\"api/auth/vk/callback\",\"scope\":[\"email\"]},\"twitch\":{\"icon\":\"twitch\",\"enabled\":false,\"key\":\"\",\"secret\":\"\",\"callbackUrl\":\"api/auth/twitch/callback\",\"scope\":[\"user:read:email\"]},\"linkedin\":{\"icon\":\"linkedin\",\"enabled\":false,\"key\":\"\",\"secret\":\"\",\"callbackUrl\":\"api/auth/linkedin/callback\",\"scope\":[\"r_liteprofile\",\"r_emailaddress\"]},\"cognito\":{\"icon\":\"aws\",\"enabled\":false,\"key\":\"\",\"secret\":\"\",\"subdomain\":\"my.subdomain.com\",\"callback\":\"api/auth/cognito/callback\",\"scope\":[\"email\",\"openid\",\"profile\"]},\"reddit\":{\"icon\":\"reddit\",\"enabled\":false,\"key\":\"\",\"secret\":\"\",\"callback\":\"api/auth/reddit/callback\",\"scope\":[\"identity\"]},\"auth0\":{\"icon\":\"\",\"enabled\":false,\"key\":\"\",\"secret\":\"\",\"subdomain\":\"my-tenant.eu\",\"callback\":\"api/auth/auth0/callback\",\"scope\":[\"openid\",\"email\",\"profile\"]},\"cas\":{\"icon\":\"book\",\"enabled\":false,\"key\":\"\",\"secret\":\"\",\"callback\":\"api/auth/cas/callback\",\"scope\":[\"openid email\"],\"subdomain\":\"my.subdomain.com/cas\"},\"patreon\":{\"icon\":\"\",\"enabled\":false,\"key\":\"\",\"secret\":\"\",\"callback\":\"api/auth/patreon/callback\",\"scope\":[\"identity\",\"identity[email]\"]},\"keycloak\":{\"icon\":\"\",\"enabled\":false,\"key\":\"\",\"secret\":\"\",\"subdomain\":\"myKeycloakProvider.com/realms/myrealm\",\"callback\":\"api/auth/keycloak/callback\",\"scope\":[\"openid\",\"email\",\"profile\"]}}', 'object', NULL, NULL);
INSERT INTO `strapi_core_store_settings` VALUES (38, 'plugin_users-permissions_email', '{\"reset_password\":{\"display\":\"Email.template.reset_password\",\"icon\":\"sync\",\"options\":{\"from\":{\"name\":\"Administration Panel\",\"email\":\"no-reply@strapi.io\"},\"response_email\":\"\",\"object\":\"Reset password\",\"message\":\"<p>We heard that you lost your password. Sorry about that!</p>\\n\\n<p>But don’t worry! You can use the following link to reset your password:</p>\\n<p><%= URL %>?code=<%= TOKEN %></p>\\n\\n<p>Thanks.</p>\"}},\"email_confirmation\":{\"display\":\"Email.template.email_confirmation\",\"icon\":\"check-square\",\"options\":{\"from\":{\"name\":\"Administration Panel\",\"email\":\"no-reply@strapi.io\"},\"response_email\":\"\",\"object\":\"Account confirmation\",\"message\":\"<p>Thank you for registering!</p>\\n\\n<p>You have to confirm your email address. Please click on the link below.</p>\\n\\n<p><%= URL %>?confirmation=<%= CODE %></p>\\n\\n<p>Thanks.</p>\"}}}', 'object', NULL, NULL);
INSERT INTO `strapi_core_store_settings` VALUES (39, 'plugin_users-permissions_advanced', '{\"unique_email\":true,\"allow_register\":true,\"email_confirmation\":false,\"email_reset_password\":null,\"email_confirmation_redirection\":null,\"default_role\":\"authenticated\"}', 'object', NULL, NULL);
INSERT INTO `strapi_core_store_settings` VALUES (40, 'ee_disabled_users', '[]', 'object', NULL, NULL);
INSERT INTO `strapi_core_store_settings` VALUES (41, 'core_admin_auth', '{\"providers\":{\"autoRegister\":false,\"defaultRole\":null,\"ssoLockedRoles\":null}}', 'object', NULL, NULL);
INSERT INTO `strapi_core_store_settings` VALUES (43, 'plugin_content_manager_configuration_content_types::api::achievement-main.achievement-main', '{\"settings\":{\"bulkable\":true,\"filterable\":true,\"searchable\":true,\"pageSize\":10,\"mainField\":\"documentId\",\"defaultSortBy\":\"documentId\",\"defaultSortOrder\":\"ASC\"},\"metadatas\":{\"id\":{\"edit\":{},\"list\":{\"label\":\"id\",\"searchable\":true,\"sortable\":true}},\"title\":{\"edit\":{\"label\":\"title\",\"description\":\"\",\"placeholder\":\"\",\"visible\":true,\"editable\":true},\"list\":{\"label\":\"title\",\"searchable\":true,\"sortable\":true}},\"achievement_status\":{\"edit\":{\"label\":\"achievement_status\",\"description\":\"\",\"placeholder\":\"\",\"visible\":true,\"editable\":true},\"list\":{\"label\":\"achievement_status\",\"searchable\":true,\"sortable\":true}},\"summary\":{\"edit\":{\"label\":\"summary\",\"description\":\"\",\"placeholder\":\"\",\"visible\":true,\"editable\":true},\"list\":{\"label\":\"summary\",\"searchable\":true,\"sortable\":true}},\"year\":{\"edit\":{\"label\":\"year\",\"description\":\"\",\"placeholder\":\"\",\"visible\":true,\"editable\":true},\"list\":{\"label\":\"year\",\"searchable\":true,\"sortable\":true}},\"authors\":{\"edit\":{\"label\":\"authors\",\"description\":\"\",\"placeholder\":\"\",\"visible\":true,\"editable\":true},\"list\":{\"label\":\"authors\",\"searchable\":false,\"sortable\":false}},\"keywords\":{\"edit\":{\"label\":\"keywords\",\"description\":\"\",\"placeholder\":\"\",\"visible\":true,\"editable\":true},\"list\":{\"label\":\"keywords\",\"searchable\":false,\"sortable\":false}},\"project_code\":{\"edit\":{\"label\":\"project_code\",\"description\":\"\",\"placeholder\":\"\",\"visible\":true,\"editable\":true},\"list\":{\"label\":\"project_code\",\"searchable\":true,\"sortable\":true}},\"project_name\":{\"edit\":{\"label\":\"project_name\",\"description\":\"\",\"placeholder\":\"\",\"visible\":true,\"editable\":true},\"list\":{\"label\":\"project_name\",\"searchable\":true,\"sortable\":true}},\"is_delete\":{\"edit\":{\"label\":\"is_delete\",\"description\":\"\",\"placeholder\":\"\",\"visible\":true,\"editable\":true},\"list\":{\"label\":\"is_delete\",\"searchable\":true,\"sortable\":true}},\"achievement_field_value_id\":{\"edit\":{\"label\":\"achievement_field_value_id\",\"description\":\"\",\"placeholder\":\"\",\"visible\":true,\"editable\":true,\"mainField\":\"text_value\"},\"list\":{\"label\":\"achievement_field_value_id\",\"searchable\":false,\"sortable\":false}},\"achievement_type_id\":{\"edit\":{\"label\":\"achievement_type_id\",\"description\":\"\",\"placeholder\":\"\",\"visible\":true,\"editable\":true,\"mainField\":\"type_code\"},\"list\":{\"label\":\"achievement_type_id\",\"searchable\":true,\"sortable\":true}},\"visibility_range\":{\"edit\":{\"label\":\"visibility_range\",\"description\":\"\",\"placeholder\":\"\",\"visible\":true,\"editable\":true},\"list\":{\"label\":\"visibility_range\",\"searchable\":true,\"sortable\":true}},\"achievement_files_id\":{\"edit\":{\"label\":\"achievement_files_id\",\"description\":\"\",\"placeholder\":\"\",\"visible\":true,\"editable\":true,\"mainField\":\"documentId\"},\"list\":{\"label\":\"achievement_files_id\",\"searchable\":false,\"sortable\":false}},\"created_by_user_id\":{\"edit\":{\"label\":\"created_by_user_id\",\"description\":\"\",\"placeholder\":\"\",\"visible\":true,\"editable\":true},\"list\":{\"label\":\"created_by_user_id\",\"searchable\":true,\"sortable\":true}},\"createdAt\":{\"edit\":{\"label\":\"createdAt\",\"description\":\"\",\"placeholder\":\"\",\"visible\":false,\"editable\":true},\"list\":{\"label\":\"createdAt\",\"searchable\":true,\"sortable\":true}},\"updatedAt\":{\"edit\":{\"label\":\"updatedAt\",\"description\":\"\",\"placeholder\":\"\",\"visible\":false,\"editable\":true},\"list\":{\"label\":\"updatedAt\",\"searchable\":true,\"sortable\":true}},\"createdBy\":{\"edit\":{\"label\":\"createdBy\",\"description\":\"\",\"placeholder\":\"\",\"visible\":false,\"editable\":true,\"mainField\":\"firstname\"},\"list\":{\"label\":\"createdBy\",\"searchable\":true,\"sortable\":true}},\"updatedBy\":{\"edit\":{\"label\":\"updatedBy\",\"description\":\"\",\"placeholder\":\"\",\"visible\":false,\"editable\":true,\"mainField\":\"firstname\"},\"list\":{\"label\":\"updatedBy\",\"searchable\":true,\"sortable\":true}},\"documentId\":{\"edit\":{},\"list\":{\"label\":\"documentId\",\"searchable\":true,\"sortable\":true}}},\"layouts\":{\"list\":[\"id\",\"createdAt\",\"updatedAt\",\"createdBy\"],\"edit\":[[{\"name\":\"title\",\"size\":6},{\"name\":\"achievement_status\",\"size\":6}],[{\"name\":\"summary\",\"size\":6},{\"name\":\"is_delete\",\"size\":4}],[{\"name\":\"achievement_field_value_id\",\"size\":6},{\"name\":\"achievement_type_id\",\"size\":6}],[{\"name\":\"visibility_range\",\"size\":6},{\"name\":\"achievement_files_id\",\"size\":6}],[{\"name\":\"year\",\"size\":6}],[{\"name\":\"authors\",\"size\":12}],[{\"name\":\"keywords\",\"size\":12}],[{\"name\":\"project_code\",\"size\":6},{\"name\":\"project_name\",\"size\":6}],[{\"name\":\"created_by_user_id\",\"size\":6}]]},\"uid\":\"api::achievement-main.achievement-main\"}', 'object', NULL, NULL);
INSERT INTO `strapi_core_store_settings` VALUES (44, 'plugin_content_manager_configuration_content_types::api::achievement-field-def.achievement-field-def', '{\"settings\":{\"bulkable\":true,\"filterable\":true,\"searchable\":true,\"pageSize\":10,\"mainField\":\"field_code\",\"defaultSortBy\":\"field_code\",\"defaultSortOrder\":\"ASC\"},\"metadatas\":{\"id\":{\"edit\":{},\"list\":{\"label\":\"id\",\"searchable\":true,\"sortable\":true}},\"field_code\":{\"edit\":{\"label\":\"field_code\",\"description\":\"\",\"placeholder\":\"\",\"visible\":true,\"editable\":true},\"list\":{\"label\":\"field_code\",\"searchable\":true,\"sortable\":true}},\"field_name\":{\"edit\":{\"label\":\"field_name\",\"description\":\"\",\"placeholder\":\"\",\"visible\":true,\"editable\":true},\"list\":{\"label\":\"field_name\",\"searchable\":true,\"sortable\":true}},\"field_type\":{\"edit\":{\"label\":\"field_type\",\"description\":\"\",\"placeholder\":\"\",\"visible\":true,\"editable\":true},\"list\":{\"label\":\"field_type\",\"searchable\":true,\"sortable\":true}},\"is_required\":{\"edit\":{\"label\":\"is_required\",\"description\":\"\",\"placeholder\":\"\",\"visible\":true,\"editable\":true},\"list\":{\"label\":\"is_required\",\"searchable\":true,\"sortable\":true}},\"description\":{\"edit\":{\"label\":\"description\",\"description\":\"\",\"placeholder\":\"\",\"visible\":true,\"editable\":true},\"list\":{\"label\":\"description\",\"searchable\":true,\"sortable\":true}},\"is_delete\":{\"edit\":{\"label\":\"is_delete\",\"description\":\"\",\"placeholder\":\"\",\"visible\":true,\"editable\":true},\"list\":{\"label\":\"is_delete\",\"searchable\":true,\"sortable\":true}},\"achievement_field_value_id\":{\"edit\":{\"label\":\"achievement_field_value_id\",\"description\":\"\",\"placeholder\":\"\",\"visible\":true,\"editable\":true,\"mainField\":\"text_value\"},\"list\":{\"label\":\"achievement_field_value_id\",\"searchable\":true,\"sortable\":true}},\"achievement_type_id\":{\"edit\":{\"label\":\"achievement_type_id\",\"description\":\"\",\"placeholder\":\"\",\"visible\":true,\"editable\":true,\"mainField\":\"type_code\"},\"list\":{\"label\":\"achievement_type_id\",\"searchable\":true,\"sortable\":true}},\"createdAt\":{\"edit\":{\"label\":\"createdAt\",\"description\":\"\",\"placeholder\":\"\",\"visible\":false,\"editable\":true},\"list\":{\"label\":\"createdAt\",\"searchable\":true,\"sortable\":true}},\"updatedAt\":{\"edit\":{\"label\":\"updatedAt\",\"description\":\"\",\"placeholder\":\"\",\"visible\":false,\"editable\":true},\"list\":{\"label\":\"updatedAt\",\"searchable\":true,\"sortable\":true}},\"createdBy\":{\"edit\":{\"label\":\"createdBy\",\"description\":\"\",\"placeholder\":\"\",\"visible\":false,\"editable\":true,\"mainField\":\"firstname\"},\"list\":{\"label\":\"createdBy\",\"searchable\":true,\"sortable\":true}},\"updatedBy\":{\"edit\":{\"label\":\"updatedBy\",\"description\":\"\",\"placeholder\":\"\",\"visible\":false,\"editable\":true,\"mainField\":\"firstname\"},\"list\":{\"label\":\"updatedBy\",\"searchable\":true,\"sortable\":true}},\"documentId\":{\"edit\":{},\"list\":{\"label\":\"documentId\",\"searchable\":true,\"sortable\":true}}},\"layouts\":{\"list\":[\"id\",\"field_code\",\"field_name\",\"field_type\"],\"edit\":[[{\"name\":\"field_code\",\"size\":6},{\"name\":\"field_name\",\"size\":6}],[{\"name\":\"field_type\",\"size\":6},{\"name\":\"is_required\",\"size\":4}],[{\"name\":\"description\",\"size\":6},{\"name\":\"is_delete\",\"size\":4}],[{\"name\":\"achievement_field_value_id\",\"size\":6},{\"name\":\"achievement_type_id\",\"size\":6}]]},\"uid\":\"api::achievement-field-def.achievement-field-def\"}', 'object', NULL, NULL);
INSERT INTO `strapi_core_store_settings` VALUES (45, 'plugin_content_manager_configuration_content_types::api::achievement-field-value.achievement-field-value', '{\"settings\":{\"bulkable\":true,\"filterable\":true,\"searchable\":true,\"pageSize\":10,\"mainField\":\"documentId\",\"defaultSortBy\":\"documentId\",\"defaultSortOrder\":\"ASC\"},\"metadatas\":{\"id\":{\"edit\":{},\"list\":{\"label\":\"id\",\"searchable\":true,\"sortable\":true}},\"text_value\":{\"edit\":{\"label\":\"text_value\",\"description\":\"\",\"placeholder\":\"\",\"visible\":true,\"editable\":true},\"list\":{\"label\":\"text_value\",\"searchable\":true,\"sortable\":true}},\"boolean_value\":{\"edit\":{\"label\":\"boolean_value\",\"description\":\"\",\"placeholder\":\"\",\"visible\":true,\"editable\":true},\"list\":{\"label\":\"boolean_value\",\"searchable\":true,\"sortable\":true}},\"number_value\":{\"edit\":{\"label\":\"number_value\",\"description\":\"\",\"placeholder\":\"\",\"visible\":true,\"editable\":true},\"list\":{\"label\":\"number_value\",\"searchable\":true,\"sortable\":true}},\"date_value\":{\"edit\":{\"label\":\"date_value\",\"description\":\"\",\"placeholder\":\"\",\"visible\":true,\"editable\":true},\"list\":{\"label\":\"date_value\",\"searchable\":true,\"sortable\":true}},\"datetime_value\":{\"edit\":{\"label\":\"datetime_value\",\"description\":\"\",\"placeholder\":\"\",\"visible\":true,\"editable\":true},\"list\":{\"label\":\"datetime_value\",\"searchable\":true,\"sortable\":true}},\"media_value\":{\"edit\":{\"label\":\"media_value\",\"description\":\"\",\"placeholder\":\"\",\"visible\":true,\"editable\":true},\"list\":{\"label\":\"media_value\",\"searchable\":false,\"sortable\":false}},\"email_value\":{\"edit\":{\"label\":\"email_value\",\"description\":\"\",\"placeholder\":\"\",\"visible\":true,\"editable\":true},\"list\":{\"label\":\"email_value\",\"searchable\":true,\"sortable\":true}},\"is_delete\":{\"edit\":{\"label\":\"is_delete\",\"description\":\"\",\"placeholder\":\"\",\"visible\":true,\"editable\":true},\"list\":{\"label\":\"is_delete\",\"searchable\":true,\"sortable\":true}},\"achievement_id\":{\"edit\":{\"label\":\"achievement_id\",\"description\":\"\",\"placeholder\":\"\",\"visible\":true,\"editable\":true,\"mainField\":\"title\"},\"list\":{\"label\":\"achievement_id\",\"searchable\":true,\"sortable\":true}},\"achievement_field_def_id\":{\"edit\":{\"label\":\"achievement_field_def_id\",\"description\":\"\",\"placeholder\":\"\",\"visible\":true,\"editable\":true,\"mainField\":\"field_code\"},\"list\":{\"label\":\"achievement_field_def_id\",\"searchable\":true,\"sortable\":true}},\"createdAt\":{\"edit\":{\"label\":\"createdAt\",\"description\":\"\",\"placeholder\":\"\",\"visible\":false,\"editable\":true},\"list\":{\"label\":\"createdAt\",\"searchable\":true,\"sortable\":true}},\"updatedAt\":{\"edit\":{\"label\":\"updatedAt\",\"description\":\"\",\"placeholder\":\"\",\"visible\":false,\"editable\":true},\"list\":{\"label\":\"updatedAt\",\"searchable\":true,\"sortable\":true}},\"createdBy\":{\"edit\":{\"label\":\"createdBy\",\"description\":\"\",\"placeholder\":\"\",\"visible\":false,\"editable\":true,\"mainField\":\"firstname\"},\"list\":{\"label\":\"createdBy\",\"searchable\":true,\"sortable\":true}},\"updatedBy\":{\"edit\":{\"label\":\"updatedBy\",\"description\":\"\",\"placeholder\":\"\",\"visible\":false,\"editable\":true,\"mainField\":\"firstname\"},\"list\":{\"label\":\"updatedBy\",\"searchable\":true,\"sortable\":true}},\"documentId\":{\"edit\":{},\"list\":{\"label\":\"documentId\",\"searchable\":true,\"sortable\":true}}},\"layouts\":{\"list\":[\"id\",\"createdAt\",\"updatedAt\",\"createdBy\"],\"edit\":[[{\"name\":\"text_value\",\"size\":6},{\"name\":\"boolean_value\",\"size\":4}],[{\"name\":\"number_value\",\"size\":4},{\"name\":\"date_value\",\"size\":4}],[{\"name\":\"media_value\",\"size\":6},{\"name\":\"email_value\",\"size\":6}],[{\"name\":\"is_delete\",\"size\":4},{\"name\":\"achievement_id\",\"size\":6}],[{\"name\":\"achievement_field_def_id\",\"size\":6},{\"name\":\"datetime_value\",\"size\":6}]]},\"uid\":\"api::achievement-field-value.achievement-field-value\"}', 'object', NULL, NULL);
INSERT INTO `strapi_core_store_settings` VALUES (46, 'plugin_content_manager_configuration_content_types::api::achievement-type.achievement-type', '{\"settings\":{\"bulkable\":true,\"filterable\":true,\"searchable\":true,\"pageSize\":10,\"mainField\":\"type_code\",\"defaultSortBy\":\"type_code\",\"defaultSortOrder\":\"ASC\"},\"metadatas\":{\"id\":{\"edit\":{},\"list\":{\"label\":\"id\",\"searchable\":true,\"sortable\":true}},\"type_code\":{\"edit\":{\"label\":\"type_code\",\"description\":\"\",\"placeholder\":\"\",\"visible\":true,\"editable\":true},\"list\":{\"label\":\"type_code\",\"searchable\":true,\"sortable\":true}},\"type_name\":{\"edit\":{\"label\":\"type_name\",\"description\":\"\",\"placeholder\":\"\",\"visible\":true,\"editable\":true},\"list\":{\"label\":\"type_name\",\"searchable\":true,\"sortable\":true}},\"description\":{\"edit\":{\"label\":\"description\",\"description\":\"\",\"placeholder\":\"\",\"visible\":true,\"editable\":true},\"list\":{\"label\":\"description\",\"searchable\":true,\"sortable\":true}},\"is_delete\":{\"edit\":{\"label\":\"is_delete\",\"description\":\"\",\"placeholder\":\"\",\"visible\":true,\"editable\":true},\"list\":{\"label\":\"is_delete\",\"searchable\":true,\"sortable\":true}},\"achievement_field_defs_id\":{\"edit\":{\"label\":\"achievement_field_defs_id\",\"description\":\"\",\"placeholder\":\"\",\"visible\":true,\"editable\":true,\"mainField\":\"field_code\"},\"list\":{\"label\":\"achievement_field_defs_id\",\"searchable\":false,\"sortable\":false}},\"achievement_mains_id\":{\"edit\":{\"label\":\"achievement_mains_id\",\"description\":\"\",\"placeholder\":\"\",\"visible\":true,\"editable\":true,\"mainField\":\"title\"},\"list\":{\"label\":\"achievement_mains_id\",\"searchable\":false,\"sortable\":false}},\"enabled\":{\"edit\":{\"label\":\"enabled\",\"description\":\"\",\"placeholder\":\"\",\"visible\":true,\"editable\":true},\"list\":{\"label\":\"enabled\",\"searchable\":true,\"sortable\":true}},\"createdAt\":{\"edit\":{\"label\":\"createdAt\",\"description\":\"\",\"placeholder\":\"\",\"visible\":false,\"editable\":true},\"list\":{\"label\":\"createdAt\",\"searchable\":true,\"sortable\":true}},\"updatedAt\":{\"edit\":{\"label\":\"updatedAt\",\"description\":\"\",\"placeholder\":\"\",\"visible\":false,\"editable\":true},\"list\":{\"label\":\"updatedAt\",\"searchable\":true,\"sortable\":true}},\"createdBy\":{\"edit\":{\"label\":\"createdBy\",\"description\":\"\",\"placeholder\":\"\",\"visible\":false,\"editable\":true,\"mainField\":\"firstname\"},\"list\":{\"label\":\"createdBy\",\"searchable\":true,\"sortable\":true}},\"updatedBy\":{\"edit\":{\"label\":\"updatedBy\",\"description\":\"\",\"placeholder\":\"\",\"visible\":false,\"editable\":true,\"mainField\":\"firstname\"},\"list\":{\"label\":\"updatedBy\",\"searchable\":true,\"sortable\":true}},\"documentId\":{\"edit\":{},\"list\":{\"label\":\"documentId\",\"searchable\":true,\"sortable\":true}}},\"layouts\":{\"list\":[\"id\",\"type_code\",\"type_name\",\"description\"],\"edit\":[[{\"name\":\"type_code\",\"size\":6},{\"name\":\"type_name\",\"size\":6}],[{\"name\":\"description\",\"size\":6},{\"name\":\"is_delete\",\"size\":4}],[{\"name\":\"achievement_field_defs_id\",\"size\":6},{\"name\":\"achievement_mains_id\",\"size\":6}],[{\"name\":\"enabled\",\"size\":4}]]},\"uid\":\"api::achievement-type.achievement-type\"}', 'object', NULL, NULL);
INSERT INTO `strapi_core_store_settings` VALUES (47, 'plugin_content_manager_configuration_content_types::api::achievement-file.achievement-file', '{\"settings\":{\"bulkable\":true,\"filterable\":true,\"searchable\":true,\"pageSize\":10,\"mainField\":\"documentId\",\"defaultSortBy\":\"documentId\",\"defaultSortOrder\":\"ASC\"},\"metadatas\":{\"id\":{\"edit\":{},\"list\":{\"label\":\"id\",\"searchable\":true,\"sortable\":true}},\"files\":{\"edit\":{\"label\":\"files\",\"description\":\"\",\"placeholder\":\"\",\"visible\":true,\"editable\":true},\"list\":{\"label\":\"files\",\"searchable\":false,\"sortable\":false}},\"is_delete\":{\"edit\":{\"label\":\"is_delete\",\"description\":\"\",\"placeholder\":\"\",\"visible\":true,\"editable\":true},\"list\":{\"label\":\"is_delete\",\"searchable\":true,\"sortable\":true}},\"achievement_main_id\":{\"edit\":{\"label\":\"achievement_main_id\",\"description\":\"\",\"placeholder\":\"\",\"visible\":true,\"editable\":true,\"mainField\":\"title\"},\"list\":{\"label\":\"achievement_main_id\",\"searchable\":true,\"sortable\":true}},\"createdAt\":{\"edit\":{\"label\":\"createdAt\",\"description\":\"\",\"placeholder\":\"\",\"visible\":false,\"editable\":true},\"list\":{\"label\":\"createdAt\",\"searchable\":true,\"sortable\":true}},\"updatedAt\":{\"edit\":{\"label\":\"updatedAt\",\"description\":\"\",\"placeholder\":\"\",\"visible\":false,\"editable\":true},\"list\":{\"label\":\"updatedAt\",\"searchable\":true,\"sortable\":true}},\"createdBy\":{\"edit\":{\"label\":\"createdBy\",\"description\":\"\",\"placeholder\":\"\",\"visible\":false,\"editable\":true,\"mainField\":\"firstname\"},\"list\":{\"label\":\"createdBy\",\"searchable\":true,\"sortable\":true}},\"updatedBy\":{\"edit\":{\"label\":\"updatedBy\",\"description\":\"\",\"placeholder\":\"\",\"visible\":false,\"editable\":true,\"mainField\":\"firstname\"},\"list\":{\"label\":\"updatedBy\",\"searchable\":true,\"sortable\":true}},\"documentId\":{\"edit\":{},\"list\":{\"label\":\"documentId\",\"searchable\":true,\"sortable\":true}}},\"layouts\":{\"list\":[\"id\",\"files\",\"is_delete\",\"achievement_main_id\"],\"edit\":[[{\"name\":\"files\",\"size\":6},{\"name\":\"is_delete\",\"size\":4}],[{\"name\":\"achievement_main_id\",\"size\":6}]]},\"uid\":\"api::achievement-file.achievement-file\"}', 'object', NULL, NULL);
INSERT INTO `strapi_core_store_settings` VALUES (48, 'strapi_unidirectional-join-table-repair-ran', 'true', 'boolean', NULL, NULL);
INSERT INTO `strapi_core_store_settings` VALUES (49, 'plugin_upload_api-folder', '{\"id\":1}', 'object', NULL, NULL);

-- ----------------------------
-- Table structure for strapi_database_schema
-- ----------------------------
DROP TABLE IF EXISTS `strapi_database_schema`;
CREATE TABLE `strapi_database_schema`  (
  `id` int UNSIGNED NOT NULL AUTO_INCREMENT,
  `schema` json NULL,
  `time` datetime NULL DEFAULT NULL,
  `hash` varchar(255) CHARACTER SET utf8mb3 COLLATE utf8mb3_general_ci NULL DEFAULT NULL,
  PRIMARY KEY (`id`) USING BTREE
) ENGINE = InnoDB AUTO_INCREMENT = 17 CHARACTER SET = utf8mb3 COLLATE = utf8mb3_general_ci ROW_FORMAT = DYNAMIC;

-- ----------------------------
-- Records of strapi_database_schema
-- ----------------------------
INSERT INTO `strapi_database_schema` VALUES (16, '{\"tables\": [{\"name\": \"files\", \"columns\": [{\"args\": [{\"primary\": true, \"primaryKey\": true}], \"name\": \"id\", \"type\": \"increments\", \"unsigned\": false, \"defaultTo\": null, \"notNullable\": true}, {\"args\": [], \"name\": \"document_id\", \"type\": \"string\", \"unsigned\": false, \"defaultTo\": null, \"notNullable\": false}, {\"args\": [], \"name\": \"name\", \"type\": \"string\", \"unsigned\": false, \"defaultTo\": null, \"notNullable\": false}, {\"args\": [\"longtext\"], \"name\": \"alternative_text\", \"type\": \"text\", \"unsigned\": false, \"defaultTo\": null, \"notNullable\": false}, {\"args\": [\"longtext\"], \"name\": \"caption\", \"type\": \"text\", \"unsigned\": false, \"defaultTo\": null, \"notNullable\": false}, {\"args\": [], \"name\": \"width\", \"type\": \"integer\", \"unsigned\": false, \"defaultTo\": null, \"notNullable\": false}, {\"args\": [], \"name\": \"height\", \"type\": \"integer\", \"unsigned\": false, \"defaultTo\": null, \"notNullable\": false}, {\"args\": [], \"name\": \"formats\", \"type\": \"jsonb\", \"unsigned\": false, \"defaultTo\": null, \"notNullable\": false}, {\"args\": [], \"name\": \"hash\", \"type\": \"string\", \"unsigned\": false, \"defaultTo\": null, \"notNullable\": false}, {\"args\": [], \"name\": \"ext\", \"type\": \"string\", \"unsigned\": false, \"defaultTo\": null, \"notNullable\": false}, {\"args\": [], \"name\": \"mime\", \"type\": \"string\", \"unsigned\": false, \"defaultTo\": null, \"notNullable\": false}, {\"args\": [10, 2], \"name\": \"size\", \"type\": \"decimal\", \"unsigned\": false, \"defaultTo\": null, \"notNullable\": false}, {\"args\": [\"longtext\"], \"name\": \"url\", \"type\": \"text\", \"unsigned\": false, \"defaultTo\": null, \"notNullable\": false}, {\"args\": [\"longtext\"], \"name\": \"preview_url\", \"type\": \"text\", \"unsigned\": false, \"defaultTo\": null, \"notNullable\": false}, {\"args\": [], \"name\": \"provider\", \"type\": \"string\", \"unsigned\": false, \"defaultTo\": null, \"notNullable\": false}, {\"args\": [], \"name\": \"provider_metadata\", \"type\": \"jsonb\", \"unsigned\": false, \"defaultTo\": null, \"notNullable\": false}, {\"args\": [], \"name\": \"folder_path\", \"type\": \"string\", \"unsigned\": false, \"defaultTo\": null, \"notNullable\": false}, {\"args\": [{\"useTz\": false, \"precision\": 6}], \"name\": \"created_at\", \"type\": \"datetime\", \"unsigned\": false, \"defaultTo\": null, \"notNullable\": false}, {\"args\": [{\"useTz\": false, \"precision\": 6}], \"name\": \"updated_at\", \"type\": \"datetime\", \"unsigned\": false, \"defaultTo\": null, \"notNullable\": false}, {\"args\": [{\"useTz\": false, \"precision\": 6}], \"name\": \"published_at\", \"type\": \"datetime\", \"unsigned\": false, \"defaultTo\": null, \"notNullable\": false}, {\"args\": [], \"name\": \"created_by_id\", \"type\": \"integer\", \"unsigned\": true, \"defaultTo\": null, \"notNullable\": false}, {\"args\": [], \"name\": \"updated_by_id\", \"type\": \"integer\", \"unsigned\": true, \"defaultTo\": null, \"notNullable\": false}, {\"args\": [], \"name\": \"locale\", \"type\": \"string\", \"unsigned\": false, \"defaultTo\": null, \"notNullable\": false}], \"indexes\": [{\"name\": \"upload_files_folder_path_index\", \"type\": null, \"columns\": [\"folder_path\"]}, {\"name\": \"upload_files_created_at_index\", \"type\": null, \"columns\": [\"created_at\"]}, {\"name\": \"upload_files_updated_at_index\", \"type\": null, \"columns\": [\"updated_at\"]}, {\"name\": \"upload_files_name_index\", \"type\": null, \"columns\": [\"name\"]}, {\"name\": \"upload_files_size_index\", \"type\": null, \"columns\": [\"size\"]}, {\"name\": \"upload_files_ext_index\", \"type\": null, \"columns\": [\"ext\"]}, {\"name\": \"files_documents_idx\", \"columns\": [\"document_id\", \"locale\", \"published_at\"]}, {\"name\": \"files_created_by_id_fk\", \"columns\": [\"created_by_id\"]}, {\"name\": \"files_updated_by_id_fk\", \"columns\": [\"updated_by_id\"]}], \"foreignKeys\": [{\"name\": \"files_created_by_id_fk\", \"columns\": [\"created_by_id\"], \"onDelete\": \"SET NULL\", \"referencedTable\": \"admin_users\", \"referencedColumns\": [\"id\"]}, {\"name\": \"files_updated_by_id_fk\", \"columns\": [\"updated_by_id\"], \"onDelete\": \"SET NULL\", \"referencedTable\": \"admin_users\", \"referencedColumns\": [\"id\"]}]}, {\"name\": \"upload_folders\", \"columns\": [{\"args\": [{\"primary\": true, \"primaryKey\": true}], \"name\": \"id\", \"type\": \"increments\", \"unsigned\": false, \"defaultTo\": null, \"notNullable\": true}, {\"args\": [], \"name\": \"document_id\", \"type\": \"string\", \"unsigned\": false, \"defaultTo\": null, \"notNullable\": false}, {\"args\": [], \"name\": \"name\", \"type\": \"string\", \"unsigned\": false, \"defaultTo\": null, \"notNullable\": false}, {\"args\": [], \"name\": \"path_id\", \"type\": \"integer\", \"unsigned\": false, \"defaultTo\": null, \"notNullable\": false}, {\"args\": [], \"name\": \"path\", \"type\": \"string\", \"unsigned\": false, \"defaultTo\": null, \"notNullable\": false}, {\"args\": [{\"useTz\": false, \"precision\": 6}], \"name\": \"created_at\", \"type\": \"datetime\", \"unsigned\": false, \"defaultTo\": null, \"notNullable\": false}, {\"args\": [{\"useTz\": false, \"precision\": 6}], \"name\": \"updated_at\", \"type\": \"datetime\", \"unsigned\": false, \"defaultTo\": null, \"notNullable\": false}, {\"args\": [{\"useTz\": false, \"precision\": 6}], \"name\": \"published_at\", \"type\": \"datetime\", \"unsigned\": false, \"defaultTo\": null, \"notNullable\": false}, {\"args\": [], \"name\": \"created_by_id\", \"type\": \"integer\", \"unsigned\": true, \"defaultTo\": null, \"notNullable\": false}, {\"args\": [], \"name\": \"updated_by_id\", \"type\": \"integer\", \"unsigned\": true, \"defaultTo\": null, \"notNullable\": false}, {\"args\": [], \"name\": \"locale\", \"type\": \"string\", \"unsigned\": false, \"defaultTo\": null, \"notNullable\": false}], \"indexes\": [{\"name\": \"upload_folders_path_id_index\", \"type\": \"unique\", \"columns\": [\"path_id\"]}, {\"name\": \"upload_folders_path_index\", \"type\": \"unique\", \"columns\": [\"path\"]}, {\"name\": \"upload_folders_documents_idx\", \"columns\": [\"document_id\", \"locale\", \"published_at\"]}, {\"name\": \"upload_folders_created_by_id_fk\", \"columns\": [\"created_by_id\"]}, {\"name\": \"upload_folders_updated_by_id_fk\", \"columns\": [\"updated_by_id\"]}], \"foreignKeys\": [{\"name\": \"upload_folders_created_by_id_fk\", \"columns\": [\"created_by_id\"], \"onDelete\": \"SET NULL\", \"referencedTable\": \"admin_users\", \"referencedColumns\": [\"id\"]}, {\"name\": \"upload_folders_updated_by_id_fk\", \"columns\": [\"updated_by_id\"], \"onDelete\": \"SET NULL\", \"referencedTable\": \"admin_users\", \"referencedColumns\": [\"id\"]}]}, {\"name\": \"i18n_locale\", \"columns\": [{\"args\": [{\"primary\": true, \"primaryKey\": true}], \"name\": \"id\", \"type\": \"increments\", \"unsigned\": false, \"defaultTo\": null, \"notNullable\": true}, {\"args\": [], \"name\": \"document_id\", \"type\": \"string\", \"unsigned\": false, \"defaultTo\": null, \"notNullable\": false}, {\"args\": [], \"name\": \"name\", \"type\": \"string\", \"unsigned\": false, \"defaultTo\": null, \"notNullable\": false}, {\"args\": [], \"name\": \"code\", \"type\": \"string\", \"unsigned\": false, \"defaultTo\": null, \"notNullable\": false}, {\"args\": [{\"useTz\": false, \"precision\": 6}], \"name\": \"created_at\", \"type\": \"datetime\", \"unsigned\": false, \"defaultTo\": null, \"notNullable\": false}, {\"args\": [{\"useTz\": false, \"precision\": 6}], \"name\": \"updated_at\", \"type\": \"datetime\", \"unsigned\": false, \"defaultTo\": null, \"notNullable\": false}, {\"args\": [{\"useTz\": false, \"precision\": 6}], \"name\": \"published_at\", \"type\": \"datetime\", \"unsigned\": false, \"defaultTo\": null, \"notNullable\": false}, {\"args\": [], \"name\": \"created_by_id\", \"type\": \"integer\", \"unsigned\": true, \"defaultTo\": null, \"notNullable\": false}, {\"args\": [], \"name\": \"updated_by_id\", \"type\": \"integer\", \"unsigned\": true, \"defaultTo\": null, \"notNullable\": false}, {\"args\": [], \"name\": \"locale\", \"type\": \"string\", \"unsigned\": false, \"defaultTo\": null, \"notNullable\": false}], \"indexes\": [{\"name\": \"i18n_locale_documents_idx\", \"columns\": [\"document_id\", \"locale\", \"published_at\"]}, {\"name\": \"i18n_locale_created_by_id_fk\", \"columns\": [\"created_by_id\"]}, {\"name\": \"i18n_locale_updated_by_id_fk\", \"columns\": [\"updated_by_id\"]}], \"foreignKeys\": [{\"name\": \"i18n_locale_created_by_id_fk\", \"columns\": [\"created_by_id\"], \"onDelete\": \"SET NULL\", \"referencedTable\": \"admin_users\", \"referencedColumns\": [\"id\"]}, {\"name\": \"i18n_locale_updated_by_id_fk\", \"columns\": [\"updated_by_id\"], \"onDelete\": \"SET NULL\", \"referencedTable\": \"admin_users\", \"referencedColumns\": [\"id\"]}]}, {\"name\": \"strapi_releases\", \"columns\": [{\"args\": [{\"primary\": true, \"primaryKey\": true}], \"name\": \"id\", \"type\": \"increments\", \"unsigned\": false, \"defaultTo\": null, \"notNullable\": true}, {\"args\": [], \"name\": \"document_id\", \"type\": \"string\", \"unsigned\": false, \"defaultTo\": null, \"notNullable\": false}, {\"args\": [], \"name\": \"name\", \"type\": \"string\", \"unsigned\": false, \"defaultTo\": null, \"notNullable\": false}, {\"args\": [{\"useTz\": false, \"precision\": 6}], \"name\": \"released_at\", \"type\": \"datetime\", \"unsigned\": false, \"defaultTo\": null, \"notNullable\": false}, {\"args\": [{\"useTz\": false, \"precision\": 6}], \"name\": \"scheduled_at\", \"type\": \"datetime\", \"unsigned\": false, \"defaultTo\": null, \"notNullable\": false}, {\"args\": [], \"name\": \"timezone\", \"type\": \"string\", \"unsigned\": false, \"defaultTo\": null, \"notNullable\": false}, {\"args\": [], \"name\": \"status\", \"type\": \"string\", \"unsigned\": false, \"defaultTo\": null, \"notNullable\": false}, {\"args\": [{\"useTz\": false, \"precision\": 6}], \"name\": \"created_at\", \"type\": \"datetime\", \"unsigned\": false, \"defaultTo\": null, \"notNullable\": false}, {\"args\": [{\"useTz\": false, \"precision\": 6}], \"name\": \"updated_at\", \"type\": \"datetime\", \"unsigned\": false, \"defaultTo\": null, \"notNullable\": false}, {\"args\": [{\"useTz\": false, \"precision\": 6}], \"name\": \"published_at\", \"type\": \"datetime\", \"unsigned\": false, \"defaultTo\": null, \"notNullable\": false}, {\"args\": [], \"name\": \"created_by_id\", \"type\": \"integer\", \"unsigned\": true, \"defaultTo\": null, \"notNullable\": false}, {\"args\": [], \"name\": \"updated_by_id\", \"type\": \"integer\", \"unsigned\": true, \"defaultTo\": null, \"notNullable\": false}, {\"args\": [], \"name\": \"locale\", \"type\": \"string\", \"unsigned\": false, \"defaultTo\": null, \"notNullable\": false}], \"indexes\": [{\"name\": \"strapi_releases_documents_idx\", \"columns\": [\"document_id\", \"locale\", \"published_at\"]}, {\"name\": \"strapi_releases_created_by_id_fk\", \"columns\": [\"created_by_id\"]}, {\"name\": \"strapi_releases_updated_by_id_fk\", \"columns\": [\"updated_by_id\"]}], \"foreignKeys\": [{\"name\": \"strapi_releases_created_by_id_fk\", \"columns\": [\"created_by_id\"], \"onDelete\": \"SET NULL\", \"referencedTable\": \"admin_users\", \"referencedColumns\": [\"id\"]}, {\"name\": \"strapi_releases_updated_by_id_fk\", \"columns\": [\"updated_by_id\"], \"onDelete\": \"SET NULL\", \"referencedTable\": \"admin_users\", \"referencedColumns\": [\"id\"]}]}, {\"name\": \"strapi_release_actions\", \"columns\": [{\"args\": [{\"primary\": true, \"primaryKey\": true}], \"name\": \"id\", \"type\": \"increments\", \"unsigned\": false, \"defaultTo\": null, \"notNullable\": true}, {\"args\": [], \"name\": \"document_id\", \"type\": \"string\", \"unsigned\": false, \"defaultTo\": null, \"notNullable\": false}, {\"args\": [], \"name\": \"type\", \"type\": \"string\", \"unsigned\": false, \"defaultTo\": null, \"notNullable\": false}, {\"args\": [], \"name\": \"content_type\", \"type\": \"string\", \"unsigned\": false, \"defaultTo\": null, \"notNullable\": false}, {\"args\": [], \"name\": \"entry_document_id\", \"type\": \"string\", \"unsigned\": false, \"defaultTo\": null, \"notNullable\": false}, {\"args\": [], \"name\": \"locale\", \"type\": \"string\", \"unsigned\": false, \"defaultTo\": null, \"notNullable\": false}, {\"args\": [], \"name\": \"is_entry_valid\", \"type\": \"boolean\", \"unsigned\": false, \"defaultTo\": null, \"notNullable\": false}, {\"args\": [{\"useTz\": false, \"precision\": 6}], \"name\": \"created_at\", \"type\": \"datetime\", \"unsigned\": false, \"defaultTo\": null, \"notNullable\": false}, {\"args\": [{\"useTz\": false, \"precision\": 6}], \"name\": \"updated_at\", \"type\": \"datetime\", \"unsigned\": false, \"defaultTo\": null, \"notNullable\": false}, {\"args\": [{\"useTz\": false, \"precision\": 6}], \"name\": \"published_at\", \"type\": \"datetime\", \"unsigned\": false, \"defaultTo\": null, \"notNullable\": false}, {\"args\": [], \"name\": \"created_by_id\", \"type\": \"integer\", \"unsigned\": true, \"defaultTo\": null, \"notNullable\": false}, {\"args\": [], \"name\": \"updated_by_id\", \"type\": \"integer\", \"unsigned\": true, \"defaultTo\": null, \"notNullable\": false}], \"indexes\": [{\"name\": \"strapi_release_actions_documents_idx\", \"columns\": [\"document_id\", \"locale\", \"published_at\"]}, {\"name\": \"strapi_release_actions_created_by_id_fk\", \"columns\": [\"created_by_id\"]}, {\"name\": \"strapi_release_actions_updated_by_id_fk\", \"columns\": [\"updated_by_id\"]}], \"foreignKeys\": [{\"name\": \"strapi_release_actions_created_by_id_fk\", \"columns\": [\"created_by_id\"], \"onDelete\": \"SET NULL\", \"referencedTable\": \"admin_users\", \"referencedColumns\": [\"id\"]}, {\"name\": \"strapi_release_actions_updated_by_id_fk\", \"columns\": [\"updated_by_id\"], \"onDelete\": \"SET NULL\", \"referencedTable\": \"admin_users\", \"referencedColumns\": [\"id\"]}]}, {\"name\": \"strapi_workflows\", \"columns\": [{\"args\": [{\"primary\": true, \"primaryKey\": true}], \"name\": \"id\", \"type\": \"increments\", \"unsigned\": false, \"defaultTo\": null, \"notNullable\": true}, {\"args\": [], \"name\": \"document_id\", \"type\": \"string\", \"unsigned\": false, \"defaultTo\": null, \"notNullable\": false}, {\"args\": [], \"name\": \"name\", \"type\": \"string\", \"unsigned\": false, \"defaultTo\": null, \"notNullable\": false}, {\"args\": [], \"name\": \"content_types\", \"type\": \"jsonb\", \"unsigned\": false, \"defaultTo\": null, \"notNullable\": false}, {\"args\": [{\"useTz\": false, \"precision\": 6}], \"name\": \"created_at\", \"type\": \"datetime\", \"unsigned\": false, \"defaultTo\": null, \"notNullable\": false}, {\"args\": [{\"useTz\": false, \"precision\": 6}], \"name\": \"updated_at\", \"type\": \"datetime\", \"unsigned\": false, \"defaultTo\": null, \"notNullable\": false}, {\"args\": [{\"useTz\": false, \"precision\": 6}], \"name\": \"published_at\", \"type\": \"datetime\", \"unsigned\": false, \"defaultTo\": null, \"notNullable\": false}, {\"args\": [], \"name\": \"created_by_id\", \"type\": \"integer\", \"unsigned\": true, \"defaultTo\": null, \"notNullable\": false}, {\"args\": [], \"name\": \"updated_by_id\", \"type\": \"integer\", \"unsigned\": true, \"defaultTo\": null, \"notNullable\": false}, {\"args\": [], \"name\": \"locale\", \"type\": \"string\", \"unsigned\": false, \"defaultTo\": null, \"notNullable\": false}], \"indexes\": [{\"name\": \"strapi_workflows_documents_idx\", \"columns\": [\"document_id\", \"locale\", \"published_at\"]}, {\"name\": \"strapi_workflows_created_by_id_fk\", \"columns\": [\"created_by_id\"]}, {\"name\": \"strapi_workflows_updated_by_id_fk\", \"columns\": [\"updated_by_id\"]}], \"foreignKeys\": [{\"name\": \"strapi_workflows_created_by_id_fk\", \"columns\": [\"created_by_id\"], \"onDelete\": \"SET NULL\", \"referencedTable\": \"admin_users\", \"referencedColumns\": [\"id\"]}, {\"name\": \"strapi_workflows_updated_by_id_fk\", \"columns\": [\"updated_by_id\"], \"onDelete\": \"SET NULL\", \"referencedTable\": \"admin_users\", \"referencedColumns\": [\"id\"]}]}, {\"name\": \"strapi_workflows_stages\", \"columns\": [{\"args\": [{\"primary\": true, \"primaryKey\": true}], \"name\": \"id\", \"type\": \"increments\", \"unsigned\": false, \"defaultTo\": null, \"notNullable\": true}, {\"args\": [], \"name\": \"document_id\", \"type\": \"string\", \"unsigned\": false, \"defaultTo\": null, \"notNullable\": false}, {\"args\": [], \"name\": \"name\", \"type\": \"string\", \"unsigned\": false, \"defaultTo\": null, \"notNullable\": false}, {\"args\": [], \"name\": \"color\", \"type\": \"string\", \"unsigned\": false, \"defaultTo\": null, \"notNullable\": false}, {\"args\": [{\"useTz\": false, \"precision\": 6}], \"name\": \"created_at\", \"type\": \"datetime\", \"unsigned\": false, \"defaultTo\": null, \"notNullable\": false}, {\"args\": [{\"useTz\": false, \"precision\": 6}], \"name\": \"updated_at\", \"type\": \"datetime\", \"unsigned\": false, \"defaultTo\": null, \"notNullable\": false}, {\"args\": [{\"useTz\": false, \"precision\": 6}], \"name\": \"published_at\", \"type\": \"datetime\", \"unsigned\": false, \"defaultTo\": null, \"notNullable\": false}, {\"args\": [], \"name\": \"created_by_id\", \"type\": \"integer\", \"unsigned\": true, \"defaultTo\": null, \"notNullable\": false}, {\"args\": [], \"name\": \"updated_by_id\", \"type\": \"integer\", \"unsigned\": true, \"defaultTo\": null, \"notNullable\": false}, {\"args\": [], \"name\": \"locale\", \"type\": \"string\", \"unsigned\": false, \"defaultTo\": null, \"notNullable\": false}], \"indexes\": [{\"name\": \"strapi_workflows_stages_documents_idx\", \"columns\": [\"document_id\", \"locale\", \"published_at\"]}, {\"name\": \"strapi_workflows_stages_created_by_id_fk\", \"columns\": [\"created_by_id\"]}, {\"name\": \"strapi_workflows_stages_updated_by_id_fk\", \"columns\": [\"updated_by_id\"]}], \"foreignKeys\": [{\"name\": \"strapi_workflows_stages_created_by_id_fk\", \"columns\": [\"created_by_id\"], \"onDelete\": \"SET NULL\", \"referencedTable\": \"admin_users\", \"referencedColumns\": [\"id\"]}, {\"name\": \"strapi_workflows_stages_updated_by_id_fk\", \"columns\": [\"updated_by_id\"], \"onDelete\": \"SET NULL\", \"referencedTable\": \"admin_users\", \"referencedColumns\": [\"id\"]}]}, {\"name\": \"up_permissions\", \"columns\": [{\"args\": [{\"primary\": true, \"primaryKey\": true}], \"name\": \"id\", \"type\": \"increments\", \"unsigned\": false, \"defaultTo\": null, \"notNullable\": true}, {\"args\": [], \"name\": \"document_id\", \"type\": \"string\", \"unsigned\": false, \"defaultTo\": null, \"notNullable\": false}, {\"args\": [], \"name\": \"action\", \"type\": \"string\", \"unsigned\": false, \"defaultTo\": null, \"notNullable\": false}, {\"args\": [{\"useTz\": false, \"precision\": 6}], \"name\": \"created_at\", \"type\": \"datetime\", \"unsigned\": false, \"defaultTo\": null, \"notNullable\": false}, {\"args\": [{\"useTz\": false, \"precision\": 6}], \"name\": \"updated_at\", \"type\": \"datetime\", \"unsigned\": false, \"defaultTo\": null, \"notNullable\": false}, {\"args\": [{\"useTz\": false, \"precision\": 6}], \"name\": \"published_at\", \"type\": \"datetime\", \"unsigned\": false, \"defaultTo\": null, \"notNullable\": false}, {\"args\": [], \"name\": \"created_by_id\", \"type\": \"integer\", \"unsigned\": true, \"defaultTo\": null, \"notNullable\": false}, {\"args\": [], \"name\": \"updated_by_id\", \"type\": \"integer\", \"unsigned\": true, \"defaultTo\": null, \"notNullable\": false}, {\"args\": [], \"name\": \"locale\", \"type\": \"string\", \"unsigned\": false, \"defaultTo\": null, \"notNullable\": false}], \"indexes\": [{\"name\": \"up_permissions_documents_idx\", \"columns\": [\"document_id\", \"locale\", \"published_at\"]}, {\"name\": \"up_permissions_created_by_id_fk\", \"columns\": [\"created_by_id\"]}, {\"name\": \"up_permissions_updated_by_id_fk\", \"columns\": [\"updated_by_id\"]}], \"foreignKeys\": [{\"name\": \"up_permissions_created_by_id_fk\", \"columns\": [\"created_by_id\"], \"onDelete\": \"SET NULL\", \"referencedTable\": \"admin_users\", \"referencedColumns\": [\"id\"]}, {\"name\": \"up_permissions_updated_by_id_fk\", \"columns\": [\"updated_by_id\"], \"onDelete\": \"SET NULL\", \"referencedTable\": \"admin_users\", \"referencedColumns\": [\"id\"]}]}, {\"name\": \"up_roles\", \"columns\": [{\"args\": [{\"primary\": true, \"primaryKey\": true}], \"name\": \"id\", \"type\": \"increments\", \"unsigned\": false, \"defaultTo\": null, \"notNullable\": true}, {\"args\": [], \"name\": \"document_id\", \"type\": \"string\", \"unsigned\": false, \"defaultTo\": null, \"notNullable\": false}, {\"args\": [], \"name\": \"name\", \"type\": \"string\", \"unsigned\": false, \"defaultTo\": null, \"notNullable\": false}, {\"args\": [], \"name\": \"description\", \"type\": \"string\", \"unsigned\": false, \"defaultTo\": null, \"notNullable\": false}, {\"args\": [], \"name\": \"type\", \"type\": \"string\", \"unsigned\": false, \"defaultTo\": null, \"notNullable\": false}, {\"args\": [{\"useTz\": false, \"precision\": 6}], \"name\": \"created_at\", \"type\": \"datetime\", \"unsigned\": false, \"defaultTo\": null, \"notNullable\": false}, {\"args\": [{\"useTz\": false, \"precision\": 6}], \"name\": \"updated_at\", \"type\": \"datetime\", \"unsigned\": false, \"defaultTo\": null, \"notNullable\": false}, {\"args\": [{\"useTz\": false, \"precision\": 6}], \"name\": \"published_at\", \"type\": \"datetime\", \"unsigned\": false, \"defaultTo\": null, \"notNullable\": false}, {\"args\": [], \"name\": \"created_by_id\", \"type\": \"integer\", \"unsigned\": true, \"defaultTo\": null, \"notNullable\": false}, {\"args\": [], \"name\": \"updated_by_id\", \"type\": \"integer\", \"unsigned\": true, \"defaultTo\": null, \"notNullable\": false}, {\"args\": [], \"name\": \"locale\", \"type\": \"string\", \"unsigned\": false, \"defaultTo\": null, \"notNullable\": false}], \"indexes\": [{\"name\": \"up_roles_documents_idx\", \"columns\": [\"document_id\", \"locale\", \"published_at\"]}, {\"name\": \"up_roles_created_by_id_fk\", \"columns\": [\"created_by_id\"]}, {\"name\": \"up_roles_updated_by_id_fk\", \"columns\": [\"updated_by_id\"]}], \"foreignKeys\": [{\"name\": \"up_roles_created_by_id_fk\", \"columns\": [\"created_by_id\"], \"onDelete\": \"SET NULL\", \"referencedTable\": \"admin_users\", \"referencedColumns\": [\"id\"]}, {\"name\": \"up_roles_updated_by_id_fk\", \"columns\": [\"updated_by_id\"], \"onDelete\": \"SET NULL\", \"referencedTable\": \"admin_users\", \"referencedColumns\": [\"id\"]}]}, {\"name\": \"up_users\", \"columns\": [{\"args\": [{\"primary\": true, \"primaryKey\": true}], \"name\": \"id\", \"type\": \"increments\", \"unsigned\": false, \"defaultTo\": null, \"notNullable\": true}, {\"args\": [], \"name\": \"document_id\", \"type\": \"string\", \"unsigned\": false, \"defaultTo\": null, \"notNullable\": false}, {\"args\": [], \"name\": \"username\", \"type\": \"string\", \"unsigned\": false, \"defaultTo\": null, \"notNullable\": false}, {\"args\": [], \"name\": \"email\", \"type\": \"string\", \"unsigned\": false, \"defaultTo\": null, \"notNullable\": false}, {\"args\": [], \"name\": \"provider\", \"type\": \"string\", \"unsigned\": false, \"defaultTo\": null, \"notNullable\": false}, {\"args\": [], \"name\": \"password\", \"type\": \"string\", \"unsigned\": false, \"defaultTo\": null, \"notNullable\": false}, {\"args\": [], \"name\": \"reset_password_token\", \"type\": \"string\", \"unsigned\": false, \"defaultTo\": null, \"notNullable\": false}, {\"args\": [], \"name\": \"confirmation_token\", \"type\": \"string\", \"unsigned\": false, \"defaultTo\": null, \"notNullable\": false}, {\"args\": [], \"name\": \"confirmed\", \"type\": \"boolean\", \"unsigned\": false, \"defaultTo\": null, \"notNullable\": false}, {\"args\": [], \"name\": \"blocked\", \"type\": \"boolean\", \"unsigned\": false, \"defaultTo\": null, \"notNullable\": false}, {\"args\": [{\"useTz\": false, \"precision\": 6}], \"name\": \"created_at\", \"type\": \"datetime\", \"unsigned\": false, \"defaultTo\": null, \"notNullable\": false}, {\"args\": [{\"useTz\": false, \"precision\": 6}], \"name\": \"updated_at\", \"type\": \"datetime\", \"unsigned\": false, \"defaultTo\": null, \"notNullable\": false}, {\"args\": [{\"useTz\": false, \"precision\": 6}], \"name\": \"published_at\", \"type\": \"datetime\", \"unsigned\": false, \"defaultTo\": null, \"notNullable\": false}, {\"args\": [], \"name\": \"created_by_id\", \"type\": \"integer\", \"unsigned\": true, \"defaultTo\": null, \"notNullable\": false}, {\"args\": [], \"name\": \"updated_by_id\", \"type\": \"integer\", \"unsigned\": true, \"defaultTo\": null, \"notNullable\": false}, {\"args\": [], \"name\": \"locale\", \"type\": \"string\", \"unsigned\": false, \"defaultTo\": null, \"notNullable\": false}], \"indexes\": [{\"name\": \"up_users_documents_idx\", \"columns\": [\"document_id\", \"locale\", \"published_at\"]}, {\"name\": \"up_users_created_by_id_fk\", \"columns\": [\"created_by_id\"]}, {\"name\": \"up_users_updated_by_id_fk\", \"columns\": [\"updated_by_id\"]}], \"foreignKeys\": [{\"name\": \"up_users_created_by_id_fk\", \"columns\": [\"created_by_id\"], \"onDelete\": \"SET NULL\", \"referencedTable\": \"admin_users\", \"referencedColumns\": [\"id\"]}, {\"name\": \"up_users_updated_by_id_fk\", \"columns\": [\"updated_by_id\"], \"onDelete\": \"SET NULL\", \"referencedTable\": \"admin_users\", \"referencedColumns\": [\"id\"]}]}, {\"name\": \"abouts_cmps\", \"columns\": [{\"args\": [{\"primary\": true, \"primaryKey\": true}], \"name\": \"id\", \"type\": \"increments\", \"unsigned\": false, \"defaultTo\": null, \"notNullable\": true}, {\"args\": [], \"name\": \"entity_id\", \"type\": \"integer\", \"unsigned\": true, \"defaultTo\": null, \"notNullable\": false}, {\"args\": [], \"name\": \"cmp_id\", \"type\": \"integer\", \"unsigned\": true, \"defaultTo\": null, \"notNullable\": false}, {\"args\": [], \"name\": \"component_type\", \"type\": \"string\", \"unsigned\": false, \"defaultTo\": null, \"notNullable\": false}, {\"args\": [], \"name\": \"field\", \"type\": \"string\", \"unsigned\": false, \"defaultTo\": null, \"notNullable\": false}, {\"args\": [], \"name\": \"order\", \"type\": \"double\", \"unsigned\": true, \"defaultTo\": null, \"notNullable\": false}], \"indexes\": [{\"name\": \"abouts_field_idx\", \"columns\": [\"field\"]}, {\"name\": \"abouts_component_type_idx\", \"columns\": [\"component_type\"]}, {\"name\": \"abouts_entity_fk\", \"columns\": [\"entity_id\"]}, {\"name\": \"abouts_uq\", \"type\": \"unique\", \"columns\": [\"entity_id\", \"cmp_id\", \"field\", \"component_type\"]}], \"foreignKeys\": [{\"name\": \"abouts_entity_fk\", \"columns\": [\"entity_id\"], \"onDelete\": \"CASCADE\", \"referencedTable\": \"abouts\", \"referencedColumns\": [\"id\"]}]}, {\"name\": \"abouts\", \"columns\": [{\"args\": [{\"primary\": true, \"primaryKey\": true}], \"name\": \"id\", \"type\": \"increments\", \"unsigned\": false, \"defaultTo\": null, \"notNullable\": true}, {\"args\": [], \"name\": \"document_id\", \"type\": \"string\", \"unsigned\": false, \"defaultTo\": null, \"notNullable\": false}, {\"args\": [], \"name\": \"title\", \"type\": \"string\", \"unsigned\": false, \"defaultTo\": null, \"notNullable\": false}, {\"args\": [{\"useTz\": false, \"precision\": 6}], \"name\": \"created_at\", \"type\": \"datetime\", \"unsigned\": false, \"defaultTo\": null, \"notNullable\": false}, {\"args\": [{\"useTz\": false, \"precision\": 6}], \"name\": \"updated_at\", \"type\": \"datetime\", \"unsigned\": false, \"defaultTo\": null, \"notNullable\": false}, {\"args\": [{\"useTz\": false, \"precision\": 6}], \"name\": \"published_at\", \"type\": \"datetime\", \"unsigned\": false, \"defaultTo\": null, \"notNullable\": false}, {\"args\": [], \"name\": \"created_by_id\", \"type\": \"integer\", \"unsigned\": true, \"defaultTo\": null, \"notNullable\": false}, {\"args\": [], \"name\": \"updated_by_id\", \"type\": \"integer\", \"unsigned\": true, \"defaultTo\": null, \"notNullable\": false}, {\"args\": [], \"name\": \"locale\", \"type\": \"string\", \"unsigned\": false, \"defaultTo\": null, \"notNullable\": false}], \"indexes\": [{\"name\": \"abouts_documents_idx\", \"columns\": [\"document_id\", \"locale\", \"published_at\"]}, {\"name\": \"abouts_created_by_id_fk\", \"columns\": [\"created_by_id\"]}, {\"name\": \"abouts_updated_by_id_fk\", \"columns\": [\"updated_by_id\"]}], \"foreignKeys\": [{\"name\": \"abouts_created_by_id_fk\", \"columns\": [\"created_by_id\"], \"onDelete\": \"SET NULL\", \"referencedTable\": \"admin_users\", \"referencedColumns\": [\"id\"]}, {\"name\": \"abouts_updated_by_id_fk\", \"columns\": [\"updated_by_id\"], \"onDelete\": \"SET NULL\", \"referencedTable\": \"admin_users\", \"referencedColumns\": [\"id\"]}]}, {\"name\": \"achievement_field_defs\", \"columns\": [{\"args\": [{\"primary\": true, \"primaryKey\": true}], \"name\": \"id\", \"type\": \"increments\", \"unsigned\": false, \"defaultTo\": null, \"notNullable\": true}, {\"args\": [], \"name\": \"document_id\", \"type\": \"string\", \"unsigned\": false, \"defaultTo\": null, \"notNullable\": false}, {\"args\": [], \"name\": \"field_code\", \"type\": \"string\", \"unsigned\": false, \"defaultTo\": null, \"notNullable\": false}, {\"args\": [], \"name\": \"field_name\", \"type\": \"string\", \"unsigned\": false, \"defaultTo\": null, \"notNullable\": false}, {\"args\": [], \"name\": \"field_type\", \"type\": \"string\", \"unsigned\": false, \"defaultTo\": null, \"notNullable\": false}, {\"args\": [], \"name\": \"is_required\", \"type\": \"integer\", \"unsigned\": false, \"defaultTo\": null, \"notNullable\": false}, {\"args\": [\"longtext\"], \"name\": \"description\", \"type\": \"text\", \"unsigned\": false, \"defaultTo\": null, \"notNullable\": false}, {\"args\": [], \"name\": \"is_delete\", \"type\": \"integer\", \"unsigned\": false, \"defaultTo\": null, \"notNullable\": false}, {\"args\": [{\"useTz\": false, \"precision\": 6}], \"name\": \"created_at\", \"type\": \"datetime\", \"unsigned\": false, \"defaultTo\": null, \"notNullable\": false}, {\"args\": [{\"useTz\": false, \"precision\": 6}], \"name\": \"updated_at\", \"type\": \"datetime\", \"unsigned\": false, \"defaultTo\": null, \"notNullable\": false}, {\"args\": [{\"useTz\": false, \"precision\": 6}], \"name\": \"published_at\", \"type\": \"datetime\", \"unsigned\": false, \"defaultTo\": null, \"notNullable\": false}, {\"args\": [], \"name\": \"created_by_id\", \"type\": \"integer\", \"unsigned\": true, \"defaultTo\": null, \"notNullable\": false}, {\"args\": [], \"name\": \"updated_by_id\", \"type\": \"integer\", \"unsigned\": true, \"defaultTo\": null, \"notNullable\": false}, {\"args\": [], \"name\": \"locale\", \"type\": \"string\", \"unsigned\": false, \"defaultTo\": null, \"notNullable\": false}], \"indexes\": [{\"name\": \"achievement_field_defs_documents_idx\", \"columns\": [\"document_id\", \"locale\", \"published_at\"]}, {\"name\": \"achievement_field_defs_created_by_id_fk\", \"columns\": [\"created_by_id\"]}, {\"name\": \"achievement_field_defs_updated_by_id_fk\", \"columns\": [\"updated_by_id\"]}], \"foreignKeys\": [{\"name\": \"achievement_field_defs_created_by_id_fk\", \"columns\": [\"created_by_id\"], \"onDelete\": \"SET NULL\", \"referencedTable\": \"admin_users\", \"referencedColumns\": [\"id\"]}, {\"name\": \"achievement_field_defs_updated_by_id_fk\", \"columns\": [\"updated_by_id\"], \"onDelete\": \"SET NULL\", \"referencedTable\": \"admin_users\", \"referencedColumns\": [\"id\"]}]}, {\"name\": \"achievement_field_values\", \"columns\": [{\"args\": [{\"primary\": true, \"primaryKey\": true}], \"name\": \"id\", \"type\": \"increments\", \"unsigned\": false, \"defaultTo\": null, \"notNullable\": true}, {\"args\": [], \"name\": \"document_id\", \"type\": \"string\", \"unsigned\": false, \"defaultTo\": null, \"notNullable\": false}, {\"args\": [], \"name\": \"text_value\", \"type\": \"string\", \"unsigned\": false, \"defaultTo\": null, \"notNullable\": false}, {\"args\": [], \"name\": \"boolean_value\", \"type\": \"boolean\", \"unsigned\": false, \"defaultTo\": null, \"notNullable\": false}, {\"args\": [10, 2], \"name\": \"number_value\", \"type\": \"decimal\", \"unsigned\": false, \"defaultTo\": null, \"notNullable\": false}, {\"args\": [], \"name\": \"date_value\", \"type\": \"date\", \"unsigned\": false, \"defaultTo\": null, \"notNullable\": false}, {\"args\": [{\"useTz\": false, \"precision\": 6}], \"name\": \"datetime_value\", \"type\": \"datetime\", \"unsigned\": false, \"defaultTo\": null, \"notNullable\": false}, {\"args\": [], \"name\": \"email_value\", \"type\": \"string\", \"unsigned\": false, \"defaultTo\": null, \"notNullable\": false}, {\"args\": [], \"name\": \"is_delete\", \"type\": \"integer\", \"unsigned\": false, \"defaultTo\": null, \"notNullable\": false}, {\"args\": [{\"useTz\": false, \"precision\": 6}], \"name\": \"created_at\", \"type\": \"datetime\", \"unsigned\": false, \"defaultTo\": null, \"notNullable\": false}, {\"args\": [{\"useTz\": false, \"precision\": 6}], \"name\": \"updated_at\", \"type\": \"datetime\", \"unsigned\": false, \"defaultTo\": null, \"notNullable\": false}, {\"args\": [{\"useTz\": false, \"precision\": 6}], \"name\": \"published_at\", \"type\": \"datetime\", \"unsigned\": false, \"defaultTo\": null, \"notNullable\": false}, {\"args\": [], \"name\": \"created_by_id\", \"type\": \"integer\", \"unsigned\": true, \"defaultTo\": null, \"notNullable\": false}, {\"args\": [], \"name\": \"updated_by_id\", \"type\": \"integer\", \"unsigned\": true, \"defaultTo\": null, \"notNullable\": false}, {\"args\": [], \"name\": \"locale\", \"type\": \"string\", \"unsigned\": false, \"defaultTo\": null, \"notNullable\": false}], \"indexes\": [{\"name\": \"achievement_field_values_documents_idx\", \"columns\": [\"document_id\", \"locale\", \"published_at\"]}, {\"name\": \"achievement_field_values_created_by_id_fk\", \"columns\": [\"created_by_id\"]}, {\"name\": \"achievement_field_values_updated_by_id_fk\", \"columns\": [\"updated_by_id\"]}], \"foreignKeys\": [{\"name\": \"achievement_field_values_created_by_id_fk\", \"columns\": [\"created_by_id\"], \"onDelete\": \"SET NULL\", \"referencedTable\": \"admin_users\", \"referencedColumns\": [\"id\"]}, {\"name\": \"achievement_field_values_updated_by_id_fk\", \"columns\": [\"updated_by_id\"], \"onDelete\": \"SET NULL\", \"referencedTable\": \"admin_users\", \"referencedColumns\": [\"id\"]}]}, {\"name\": \"achievement_files\", \"columns\": [{\"args\": [{\"primary\": true, \"primaryKey\": true}], \"name\": \"id\", \"type\": \"increments\", \"unsigned\": false, \"defaultTo\": null, \"notNullable\": true}, {\"args\": [], \"name\": \"document_id\", \"type\": \"string\", \"unsigned\": false, \"defaultTo\": null, \"notNullable\": false}, {\"args\": [], \"name\": \"is_delete\", \"type\": \"integer\", \"unsigned\": false, \"defaultTo\": null, \"notNullable\": false}, {\"args\": [{\"useTz\": false, \"precision\": 6}], \"name\": \"created_at\", \"type\": \"datetime\", \"unsigned\": false, \"defaultTo\": null, \"notNullable\": false}, {\"args\": [{\"useTz\": false, \"precision\": 6}], \"name\": \"updated_at\", \"type\": \"datetime\", \"unsigned\": false, \"defaultTo\": null, \"notNullable\": false}, {\"args\": [{\"useTz\": false, \"precision\": 6}], \"name\": \"published_at\", \"type\": \"datetime\", \"unsigned\": false, \"defaultTo\": null, \"notNullable\": false}, {\"args\": [], \"name\": \"created_by_id\", \"type\": \"integer\", \"unsigned\": true, \"defaultTo\": null, \"notNullable\": false}, {\"args\": [], \"name\": \"updated_by_id\", \"type\": \"integer\", \"unsigned\": true, \"defaultTo\": null, \"notNullable\": false}, {\"args\": [], \"name\": \"locale\", \"type\": \"string\", \"unsigned\": false, \"defaultTo\": null, \"notNullable\": false}], \"indexes\": [{\"name\": \"achievement_files_documents_idx\", \"columns\": [\"document_id\", \"locale\", \"published_at\"]}, {\"name\": \"achievement_files_created_by_id_fk\", \"columns\": [\"created_by_id\"]}, {\"name\": \"achievement_files_updated_by_id_fk\", \"columns\": [\"updated_by_id\"]}], \"foreignKeys\": [{\"name\": \"achievement_files_created_by_id_fk\", \"columns\": [\"created_by_id\"], \"onDelete\": \"SET NULL\", \"referencedTable\": \"admin_users\", \"referencedColumns\": [\"id\"]}, {\"name\": \"achievement_files_updated_by_id_fk\", \"columns\": [\"updated_by_id\"], \"onDelete\": \"SET NULL\", \"referencedTable\": \"admin_users\", \"referencedColumns\": [\"id\"]}]}, {\"name\": \"achievement_mains\", \"columns\": [{\"args\": [{\"primary\": true, \"primaryKey\": true}], \"name\": \"id\", \"type\": \"increments\", \"unsigned\": false, \"defaultTo\": null, \"notNullable\": true}, {\"args\": [], \"name\": \"document_id\", \"type\": \"string\", \"unsigned\": false, \"defaultTo\": null, \"notNullable\": false}, {\"args\": [], \"name\": \"title\", \"type\": \"string\", \"unsigned\": false, \"defaultTo\": null, \"notNullable\": false}, {\"args\": [], \"name\": \"achievement_status\", \"type\": \"string\", \"unsigned\": false, \"defaultTo\": null, \"notNullable\": false}, {\"args\": [\"longtext\"], \"name\": \"summary\", \"type\": \"text\", \"unsigned\": false, \"defaultTo\": null, \"notNullable\": false}, {\"args\": [], \"name\": \"year\", \"type\": \"string\", \"unsigned\": false, \"defaultTo\": null, \"notNullable\": false}, {\"args\": [], \"name\": \"authors\", \"type\": \"jsonb\", \"unsigned\": false, \"defaultTo\": null, \"notNullable\": false}, {\"args\": [], \"name\": \"keywords\", \"type\": \"jsonb\", \"unsigned\": false, \"defaultTo\": null, \"notNullable\": false}, {\"args\": [], \"name\": \"project_code\", \"type\": \"string\", \"unsigned\": false, \"defaultTo\": null, \"notNullable\": false}, {\"args\": [], \"name\": \"project_name\", \"type\": \"string\", \"unsigned\": false, \"defaultTo\": null, \"notNullable\": false}, {\"args\": [], \"name\": \"is_delete\", \"type\": \"integer\", \"unsigned\": false, \"defaultTo\": null, \"notNullable\": false}, {\"args\": [], \"name\": \"visibility_range\", \"type\": \"string\", \"unsigned\": false, \"defaultTo\": null, \"notNullable\": false}, {\"args\": [], \"name\": \"created_by_user_id\", \"type\": \"string\", \"unsigned\": false, \"defaultTo\": null, \"notNullable\": false}, {\"args\": [{\"useTz\": false, \"precision\": 6}], \"name\": \"created_at\", \"type\": \"datetime\", \"unsigned\": false, \"defaultTo\": null, \"notNullable\": false}, {\"args\": [{\"useTz\": false, \"precision\": 6}], \"name\": \"updated_at\", \"type\": \"datetime\", \"unsigned\": false, \"defaultTo\": null, \"notNullable\": false}, {\"args\": [{\"useTz\": false, \"precision\": 6}], \"name\": \"published_at\", \"type\": \"datetime\", \"unsigned\": false, \"defaultTo\": null, \"notNullable\": false}, {\"args\": [], \"name\": \"created_by_id\", \"type\": \"integer\", \"unsigned\": true, \"defaultTo\": null, \"notNullable\": false}, {\"args\": [], \"name\": \"updated_by_id\", \"type\": \"integer\", \"unsigned\": true, \"defaultTo\": null, \"notNullable\": false}, {\"args\": [], \"name\": \"locale\", \"type\": \"string\", \"unsigned\": false, \"defaultTo\": null, \"notNullable\": false}], \"indexes\": [{\"name\": \"achievement_mains_documents_idx\", \"columns\": [\"document_id\", \"locale\", \"published_at\"]}, {\"name\": \"achievement_mains_created_by_id_fk\", \"columns\": [\"created_by_id\"]}, {\"name\": \"achievement_mains_updated_by_id_fk\", \"columns\": [\"updated_by_id\"]}], \"foreignKeys\": [{\"name\": \"achievement_mains_created_by_id_fk\", \"columns\": [\"created_by_id\"], \"onDelete\": \"SET NULL\", \"referencedTable\": \"admin_users\", \"referencedColumns\": [\"id\"]}, {\"name\": \"achievement_mains_updated_by_id_fk\", \"columns\": [\"updated_by_id\"], \"onDelete\": \"SET NULL\", \"referencedTable\": \"admin_users\", \"referencedColumns\": [\"id\"]}]}, {\"name\": \"achievement_types\", \"columns\": [{\"args\": [{\"primary\": true, \"primaryKey\": true}], \"name\": \"id\", \"type\": \"increments\", \"unsigned\": false, \"defaultTo\": null, \"notNullable\": true}, {\"args\": [], \"name\": \"document_id\", \"type\": \"string\", \"unsigned\": false, \"defaultTo\": null, \"notNullable\": false}, {\"args\": [], \"name\": \"type_code\", \"type\": \"string\", \"unsigned\": false, \"defaultTo\": null, \"notNullable\": false}, {\"args\": [], \"name\": \"type_name\", \"type\": \"string\", \"unsigned\": false, \"defaultTo\": null, \"notNullable\": false}, {\"args\": [\"longtext\"], \"name\": \"description\", \"type\": \"text\", \"unsigned\": false, \"defaultTo\": null, \"notNullable\": false}, {\"args\": [], \"name\": \"is_delete\", \"type\": \"integer\", \"unsigned\": false, \"defaultTo\": null, \"notNullable\": false}, {\"args\": [], \"name\": \"enabled\", \"type\": \"boolean\", \"unsigned\": false, \"defaultTo\": null, \"notNullable\": false}, {\"args\": [{\"useTz\": false, \"precision\": 6}], \"name\": \"created_at\", \"type\": \"datetime\", \"unsigned\": false, \"defaultTo\": null, \"notNullable\": false}, {\"args\": [{\"useTz\": false, \"precision\": 6}], \"name\": \"updated_at\", \"type\": \"datetime\", \"unsigned\": false, \"defaultTo\": null, \"notNullable\": false}, {\"args\": [{\"useTz\": false, \"precision\": 6}], \"name\": \"published_at\", \"type\": \"datetime\", \"unsigned\": false, \"defaultTo\": null, \"notNullable\": false}, {\"args\": [], \"name\": \"created_by_id\", \"type\": \"integer\", \"unsigned\": true, \"defaultTo\": null, \"notNullable\": false}, {\"args\": [], \"name\": \"updated_by_id\", \"type\": \"integer\", \"unsigned\": true, \"defaultTo\": null, \"notNullable\": false}, {\"args\": [], \"name\": \"locale\", \"type\": \"string\", \"unsigned\": false, \"defaultTo\": null, \"notNullable\": false}], \"indexes\": [{\"name\": \"achievement_types_documents_idx\", \"columns\": [\"document_id\", \"locale\", \"published_at\"]}, {\"name\": \"achievement_types_created_by_id_fk\", \"columns\": [\"created_by_id\"]}, {\"name\": \"achievement_types_updated_by_id_fk\", \"columns\": [\"updated_by_id\"]}], \"foreignKeys\": [{\"name\": \"achievement_types_created_by_id_fk\", \"columns\": [\"created_by_id\"], \"onDelete\": \"SET NULL\", \"referencedTable\": \"admin_users\", \"referencedColumns\": [\"id\"]}, {\"name\": \"achievement_types_updated_by_id_fk\", \"columns\": [\"updated_by_id\"], \"onDelete\": \"SET NULL\", \"referencedTable\": \"admin_users\", \"referencedColumns\": [\"id\"]}]}, {\"name\": \"articles_cmps\", \"columns\": [{\"args\": [{\"primary\": true, \"primaryKey\": true}], \"name\": \"id\", \"type\": \"increments\", \"unsigned\": false, \"defaultTo\": null, \"notNullable\": true}, {\"args\": [], \"name\": \"entity_id\", \"type\": \"integer\", \"unsigned\": true, \"defaultTo\": null, \"notNullable\": false}, {\"args\": [], \"name\": \"cmp_id\", \"type\": \"integer\", \"unsigned\": true, \"defaultTo\": null, \"notNullable\": false}, {\"args\": [], \"name\": \"component_type\", \"type\": \"string\", \"unsigned\": false, \"defaultTo\": null, \"notNullable\": false}, {\"args\": [], \"name\": \"field\", \"type\": \"string\", \"unsigned\": false, \"defaultTo\": null, \"notNullable\": false}, {\"args\": [], \"name\": \"order\", \"type\": \"double\", \"unsigned\": true, \"defaultTo\": null, \"notNullable\": false}], \"indexes\": [{\"name\": \"articles_field_idx\", \"columns\": [\"field\"]}, {\"name\": \"articles_component_type_idx\", \"columns\": [\"component_type\"]}, {\"name\": \"articles_entity_fk\", \"columns\": [\"entity_id\"]}, {\"name\": \"articles_uq\", \"type\": \"unique\", \"columns\": [\"entity_id\", \"cmp_id\", \"field\", \"component_type\"]}], \"foreignKeys\": [{\"name\": \"articles_entity_fk\", \"columns\": [\"entity_id\"], \"onDelete\": \"CASCADE\", \"referencedTable\": \"articles\", \"referencedColumns\": [\"id\"]}]}, {\"name\": \"articles\", \"columns\": [{\"args\": [{\"primary\": true, \"primaryKey\": true}], \"name\": \"id\", \"type\": \"increments\", \"unsigned\": false, \"defaultTo\": null, \"notNullable\": true}, {\"args\": [], \"name\": \"document_id\", \"type\": \"string\", \"unsigned\": false, \"defaultTo\": null, \"notNullable\": false}, {\"args\": [], \"name\": \"title\", \"type\": \"string\", \"unsigned\": false, \"defaultTo\": null, \"notNullable\": false}, {\"args\": [\"longtext\"], \"name\": \"description\", \"type\": \"text\", \"unsigned\": false, \"defaultTo\": null, \"notNullable\": false}, {\"args\": [], \"name\": \"slug\", \"type\": \"string\", \"unsigned\": false, \"defaultTo\": null, \"notNullable\": false}, {\"args\": [{\"useTz\": false, \"precision\": 6}], \"name\": \"created_at\", \"type\": \"datetime\", \"unsigned\": false, \"defaultTo\": null, \"notNullable\": false}, {\"args\": [{\"useTz\": false, \"precision\": 6}], \"name\": \"updated_at\", \"type\": \"datetime\", \"unsigned\": false, \"defaultTo\": null, \"notNullable\": false}, {\"args\": [{\"useTz\": false, \"precision\": 6}], \"name\": \"published_at\", \"type\": \"datetime\", \"unsigned\": false, \"defaultTo\": null, \"notNullable\": false}, {\"args\": [], \"name\": \"created_by_id\", \"type\": \"integer\", \"unsigned\": true, \"defaultTo\": null, \"notNullable\": false}, {\"args\": [], \"name\": \"updated_by_id\", \"type\": \"integer\", \"unsigned\": true, \"defaultTo\": null, \"notNullable\": false}, {\"args\": [], \"name\": \"locale\", \"type\": \"string\", \"unsigned\": false, \"defaultTo\": null, \"notNullable\": false}], \"indexes\": [{\"name\": \"articles_documents_idx\", \"columns\": [\"document_id\", \"locale\", \"published_at\"]}, {\"name\": \"articles_created_by_id_fk\", \"columns\": [\"created_by_id\"]}, {\"name\": \"articles_updated_by_id_fk\", \"columns\": [\"updated_by_id\"]}], \"foreignKeys\": [{\"name\": \"articles_created_by_id_fk\", \"columns\": [\"created_by_id\"], \"onDelete\": \"SET NULL\", \"referencedTable\": \"admin_users\", \"referencedColumns\": [\"id\"]}, {\"name\": \"articles_updated_by_id_fk\", \"columns\": [\"updated_by_id\"], \"onDelete\": \"SET NULL\", \"referencedTable\": \"admin_users\", \"referencedColumns\": [\"id\"]}]}, {\"name\": \"authors\", \"columns\": [{\"args\": [{\"primary\": true, \"primaryKey\": true}], \"name\": \"id\", \"type\": \"increments\", \"unsigned\": false, \"defaultTo\": null, \"notNullable\": true}, {\"args\": [], \"name\": \"document_id\", \"type\": \"string\", \"unsigned\": false, \"defaultTo\": null, \"notNullable\": false}, {\"args\": [], \"name\": \"name\", \"type\": \"string\", \"unsigned\": false, \"defaultTo\": null, \"notNullable\": false}, {\"args\": [], \"name\": \"email\", \"type\": \"string\", \"unsigned\": false, \"defaultTo\": null, \"notNullable\": false}, {\"args\": [{\"useTz\": false, \"precision\": 6}], \"name\": \"created_at\", \"type\": \"datetime\", \"unsigned\": false, \"defaultTo\": null, \"notNullable\": false}, {\"args\": [{\"useTz\": false, \"precision\": 6}], \"name\": \"updated_at\", \"type\": \"datetime\", \"unsigned\": false, \"defaultTo\": null, \"notNullable\": false}, {\"args\": [{\"useTz\": false, \"precision\": 6}], \"name\": \"published_at\", \"type\": \"datetime\", \"unsigned\": false, \"defaultTo\": null, \"notNullable\": false}, {\"args\": [], \"name\": \"created_by_id\", \"type\": \"integer\", \"unsigned\": true, \"defaultTo\": null, \"notNullable\": false}, {\"args\": [], \"name\": \"updated_by_id\", \"type\": \"integer\", \"unsigned\": true, \"defaultTo\": null, \"notNullable\": false}, {\"args\": [], \"name\": \"locale\", \"type\": \"string\", \"unsigned\": false, \"defaultTo\": null, \"notNullable\": false}], \"indexes\": [{\"name\": \"authors_documents_idx\", \"columns\": [\"document_id\", \"locale\", \"published_at\"]}, {\"name\": \"authors_created_by_id_fk\", \"columns\": [\"created_by_id\"]}, {\"name\": \"authors_updated_by_id_fk\", \"columns\": [\"updated_by_id\"]}], \"foreignKeys\": [{\"name\": \"authors_created_by_id_fk\", \"columns\": [\"created_by_id\"], \"onDelete\": \"SET NULL\", \"referencedTable\": \"admin_users\", \"referencedColumns\": [\"id\"]}, {\"name\": \"authors_updated_by_id_fk\", \"columns\": [\"updated_by_id\"], \"onDelete\": \"SET NULL\", \"referencedTable\": \"admin_users\", \"referencedColumns\": [\"id\"]}]}, {\"name\": \"categories\", \"columns\": [{\"args\": [{\"primary\": true, \"primaryKey\": true}], \"name\": \"id\", \"type\": \"increments\", \"unsigned\": false, \"defaultTo\": null, \"notNullable\": true}, {\"args\": [], \"name\": \"document_id\", \"type\": \"string\", \"unsigned\": false, \"defaultTo\": null, \"notNullable\": false}, {\"args\": [], \"name\": \"name\", \"type\": \"string\", \"unsigned\": false, \"defaultTo\": null, \"notNullable\": false}, {\"args\": [], \"name\": \"slug\", \"type\": \"string\", \"unsigned\": false, \"defaultTo\": null, \"notNullable\": false}, {\"args\": [\"longtext\"], \"name\": \"description\", \"type\": \"text\", \"unsigned\": false, \"defaultTo\": null, \"notNullable\": false}, {\"args\": [{\"useTz\": false, \"precision\": 6}], \"name\": \"created_at\", \"type\": \"datetime\", \"unsigned\": false, \"defaultTo\": null, \"notNullable\": false}, {\"args\": [{\"useTz\": false, \"precision\": 6}], \"name\": \"updated_at\", \"type\": \"datetime\", \"unsigned\": false, \"defaultTo\": null, \"notNullable\": false}, {\"args\": [{\"useTz\": false, \"precision\": 6}], \"name\": \"published_at\", \"type\": \"datetime\", \"unsigned\": false, \"defaultTo\": null, \"notNullable\": false}, {\"args\": [], \"name\": \"created_by_id\", \"type\": \"integer\", \"unsigned\": true, \"defaultTo\": null, \"notNullable\": false}, {\"args\": [], \"name\": \"updated_by_id\", \"type\": \"integer\", \"unsigned\": true, \"defaultTo\": null, \"notNullable\": false}, {\"args\": [], \"name\": \"locale\", \"type\": \"string\", \"unsigned\": false, \"defaultTo\": null, \"notNullable\": false}], \"indexes\": [{\"name\": \"categories_documents_idx\", \"columns\": [\"document_id\", \"locale\", \"published_at\"]}, {\"name\": \"categories_created_by_id_fk\", \"columns\": [\"created_by_id\"]}, {\"name\": \"categories_updated_by_id_fk\", \"columns\": [\"updated_by_id\"]}], \"foreignKeys\": [{\"name\": \"categories_created_by_id_fk\", \"columns\": [\"created_by_id\"], \"onDelete\": \"SET NULL\", \"referencedTable\": \"admin_users\", \"referencedColumns\": [\"id\"]}, {\"name\": \"categories_updated_by_id_fk\", \"columns\": [\"updated_by_id\"], \"onDelete\": \"SET NULL\", \"referencedTable\": \"admin_users\", \"referencedColumns\": [\"id\"]}]}, {\"name\": \"globals_cmps\", \"columns\": [{\"args\": [{\"primary\": true, \"primaryKey\": true}], \"name\": \"id\", \"type\": \"increments\", \"unsigned\": false, \"defaultTo\": null, \"notNullable\": true}, {\"args\": [], \"name\": \"entity_id\", \"type\": \"integer\", \"unsigned\": true, \"defaultTo\": null, \"notNullable\": false}, {\"args\": [], \"name\": \"cmp_id\", \"type\": \"integer\", \"unsigned\": true, \"defaultTo\": null, \"notNullable\": false}, {\"args\": [], \"name\": \"component_type\", \"type\": \"string\", \"unsigned\": false, \"defaultTo\": null, \"notNullable\": false}, {\"args\": [], \"name\": \"field\", \"type\": \"string\", \"unsigned\": false, \"defaultTo\": null, \"notNullable\": false}, {\"args\": [], \"name\": \"order\", \"type\": \"double\", \"unsigned\": true, \"defaultTo\": null, \"notNullable\": false}], \"indexes\": [{\"name\": \"globals_field_idx\", \"columns\": [\"field\"]}, {\"name\": \"globals_component_type_idx\", \"columns\": [\"component_type\"]}, {\"name\": \"globals_entity_fk\", \"columns\": [\"entity_id\"]}, {\"name\": \"globals_uq\", \"type\": \"unique\", \"columns\": [\"entity_id\", \"cmp_id\", \"field\", \"component_type\"]}], \"foreignKeys\": [{\"name\": \"globals_entity_fk\", \"columns\": [\"entity_id\"], \"onDelete\": \"CASCADE\", \"referencedTable\": \"globals\", \"referencedColumns\": [\"id\"]}]}, {\"name\": \"globals\", \"columns\": [{\"args\": [{\"primary\": true, \"primaryKey\": true}], \"name\": \"id\", \"type\": \"increments\", \"unsigned\": false, \"defaultTo\": null, \"notNullable\": true}, {\"args\": [], \"name\": \"document_id\", \"type\": \"string\", \"unsigned\": false, \"defaultTo\": null, \"notNullable\": false}, {\"args\": [], \"name\": \"site_name\", \"type\": \"string\", \"unsigned\": false, \"defaultTo\": null, \"notNullable\": false}, {\"args\": [\"longtext\"], \"name\": \"site_description\", \"type\": \"text\", \"unsigned\": false, \"defaultTo\": null, \"notNullable\": false}, {\"args\": [{\"useTz\": false, \"precision\": 6}], \"name\": \"created_at\", \"type\": \"datetime\", \"unsigned\": false, \"defaultTo\": null, \"notNullable\": false}, {\"args\": [{\"useTz\": false, \"precision\": 6}], \"name\": \"updated_at\", \"type\": \"datetime\", \"unsigned\": false, \"defaultTo\": null, \"notNullable\": false}, {\"args\": [{\"useTz\": false, \"precision\": 6}], \"name\": \"published_at\", \"type\": \"datetime\", \"unsigned\": false, \"defaultTo\": null, \"notNullable\": false}, {\"args\": [], \"name\": \"created_by_id\", \"type\": \"integer\", \"unsigned\": true, \"defaultTo\": null, \"notNullable\": false}, {\"args\": [], \"name\": \"updated_by_id\", \"type\": \"integer\", \"unsigned\": true, \"defaultTo\": null, \"notNullable\": false}, {\"args\": [], \"name\": \"locale\", \"type\": \"string\", \"unsigned\": false, \"defaultTo\": null, \"notNullable\": false}], \"indexes\": [{\"name\": \"globals_documents_idx\", \"columns\": [\"document_id\", \"locale\", \"published_at\"]}, {\"name\": \"globals_created_by_id_fk\", \"columns\": [\"created_by_id\"]}, {\"name\": \"globals_updated_by_id_fk\", \"columns\": [\"updated_by_id\"]}], \"foreignKeys\": [{\"name\": \"globals_created_by_id_fk\", \"columns\": [\"created_by_id\"], \"onDelete\": \"SET NULL\", \"referencedTable\": \"admin_users\", \"referencedColumns\": [\"id\"]}, {\"name\": \"globals_updated_by_id_fk\", \"columns\": [\"updated_by_id\"], \"onDelete\": \"SET NULL\", \"referencedTable\": \"admin_users\", \"referencedColumns\": [\"id\"]}]}, {\"name\": \"admin_permissions\", \"columns\": [{\"args\": [{\"primary\": true, \"primaryKey\": true}], \"name\": \"id\", \"type\": \"increments\", \"unsigned\": false, \"defaultTo\": null, \"notNullable\": true}, {\"args\": [], \"name\": \"document_id\", \"type\": \"string\", \"unsigned\": false, \"defaultTo\": null, \"notNullable\": false}, {\"args\": [], \"name\": \"action\", \"type\": \"string\", \"unsigned\": false, \"defaultTo\": null, \"notNullable\": false}, {\"args\": [], \"name\": \"action_parameters\", \"type\": \"jsonb\", \"unsigned\": false, \"defaultTo\": null, \"notNullable\": false}, {\"args\": [], \"name\": \"subject\", \"type\": \"string\", \"unsigned\": false, \"defaultTo\": null, \"notNullable\": false}, {\"args\": [], \"name\": \"properties\", \"type\": \"jsonb\", \"unsigned\": false, \"defaultTo\": null, \"notNullable\": false}, {\"args\": [], \"name\": \"conditions\", \"type\": \"jsonb\", \"unsigned\": false, \"defaultTo\": null, \"notNullable\": false}, {\"args\": [{\"useTz\": false, \"precision\": 6}], \"name\": \"created_at\", \"type\": \"datetime\", \"unsigned\": false, \"defaultTo\": null, \"notNullable\": false}, {\"args\": [{\"useTz\": false, \"precision\": 6}], \"name\": \"updated_at\", \"type\": \"datetime\", \"unsigned\": false, \"defaultTo\": null, \"notNullable\": false}, {\"args\": [{\"useTz\": false, \"precision\": 6}], \"name\": \"published_at\", \"type\": \"datetime\", \"unsigned\": false, \"defaultTo\": null, \"notNullable\": false}, {\"args\": [], \"name\": \"created_by_id\", \"type\": \"integer\", \"unsigned\": true, \"defaultTo\": null, \"notNullable\": false}, {\"args\": [], \"name\": \"updated_by_id\", \"type\": \"integer\", \"unsigned\": true, \"defaultTo\": null, \"notNullable\": false}, {\"args\": [], \"name\": \"locale\", \"type\": \"string\", \"unsigned\": false, \"defaultTo\": null, \"notNullable\": false}], \"indexes\": [{\"name\": \"admin_permissions_documents_idx\", \"columns\": [\"document_id\", \"locale\", \"published_at\"]}, {\"name\": \"admin_permissions_created_by_id_fk\", \"columns\": [\"created_by_id\"]}, {\"name\": \"admin_permissions_updated_by_id_fk\", \"columns\": [\"updated_by_id\"]}], \"foreignKeys\": [{\"name\": \"admin_permissions_created_by_id_fk\", \"columns\": [\"created_by_id\"], \"onDelete\": \"SET NULL\", \"referencedTable\": \"admin_users\", \"referencedColumns\": [\"id\"]}, {\"name\": \"admin_permissions_updated_by_id_fk\", \"columns\": [\"updated_by_id\"], \"onDelete\": \"SET NULL\", \"referencedTable\": \"admin_users\", \"referencedColumns\": [\"id\"]}]}, {\"name\": \"admin_users\", \"columns\": [{\"args\": [{\"primary\": true, \"primaryKey\": true}], \"name\": \"id\", \"type\": \"increments\", \"unsigned\": false, \"defaultTo\": null, \"notNullable\": true}, {\"args\": [], \"name\": \"document_id\", \"type\": \"string\", \"unsigned\": false, \"defaultTo\": null, \"notNullable\": false}, {\"args\": [], \"name\": \"firstname\", \"type\": \"string\", \"unsigned\": false, \"defaultTo\": null, \"notNullable\": false}, {\"args\": [], \"name\": \"lastname\", \"type\": \"string\", \"unsigned\": false, \"defaultTo\": null, \"notNullable\": false}, {\"args\": [], \"name\": \"username\", \"type\": \"string\", \"unsigned\": false, \"defaultTo\": null, \"notNullable\": false}, {\"args\": [], \"name\": \"email\", \"type\": \"string\", \"unsigned\": false, \"defaultTo\": null, \"notNullable\": false}, {\"args\": [], \"name\": \"password\", \"type\": \"string\", \"unsigned\": false, \"defaultTo\": null, \"notNullable\": false}, {\"args\": [], \"name\": \"reset_password_token\", \"type\": \"string\", \"unsigned\": false, \"defaultTo\": null, \"notNullable\": false}, {\"args\": [], \"name\": \"registration_token\", \"type\": \"string\", \"unsigned\": false, \"defaultTo\": null, \"notNullable\": false}, {\"args\": [], \"name\": \"is_active\", \"type\": \"boolean\", \"unsigned\": false, \"defaultTo\": null, \"notNullable\": false}, {\"args\": [], \"name\": \"blocked\", \"type\": \"boolean\", \"unsigned\": false, \"defaultTo\": null, \"notNullable\": false}, {\"args\": [], \"name\": \"prefered_language\", \"type\": \"string\", \"unsigned\": false, \"defaultTo\": null, \"notNullable\": false}, {\"args\": [{\"useTz\": false, \"precision\": 6}], \"name\": \"created_at\", \"type\": \"datetime\", \"unsigned\": false, \"defaultTo\": null, \"notNullable\": false}, {\"args\": [{\"useTz\": false, \"precision\": 6}], \"name\": \"updated_at\", \"type\": \"datetime\", \"unsigned\": false, \"defaultTo\": null, \"notNullable\": false}, {\"args\": [{\"useTz\": false, \"precision\": 6}], \"name\": \"published_at\", \"type\": \"datetime\", \"unsigned\": false, \"defaultTo\": null, \"notNullable\": false}, {\"args\": [], \"name\": \"created_by_id\", \"type\": \"integer\", \"unsigned\": true, \"defaultTo\": null, \"notNullable\": false}, {\"args\": [], \"name\": \"updated_by_id\", \"type\": \"integer\", \"unsigned\": true, \"defaultTo\": null, \"notNullable\": false}, {\"args\": [], \"name\": \"locale\", \"type\": \"string\", \"unsigned\": false, \"defaultTo\": null, \"notNullable\": false}], \"indexes\": [{\"name\": \"admin_users_documents_idx\", \"columns\": [\"document_id\", \"locale\", \"published_at\"]}, {\"name\": \"admin_users_created_by_id_fk\", \"columns\": [\"created_by_id\"]}, {\"name\": \"admin_users_updated_by_id_fk\", \"columns\": [\"updated_by_id\"]}], \"foreignKeys\": [{\"name\": \"admin_users_created_by_id_fk\", \"columns\": [\"created_by_id\"], \"onDelete\": \"SET NULL\", \"referencedTable\": \"admin_users\", \"referencedColumns\": [\"id\"]}, {\"name\": \"admin_users_updated_by_id_fk\", \"columns\": [\"updated_by_id\"], \"onDelete\": \"SET NULL\", \"referencedTable\": \"admin_users\", \"referencedColumns\": [\"id\"]}]}, {\"name\": \"admin_roles\", \"columns\": [{\"args\": [{\"primary\": true, \"primaryKey\": true}], \"name\": \"id\", \"type\": \"increments\", \"unsigned\": false, \"defaultTo\": null, \"notNullable\": true}, {\"args\": [], \"name\": \"document_id\", \"type\": \"string\", \"unsigned\": false, \"defaultTo\": null, \"notNullable\": false}, {\"args\": [], \"name\": \"name\", \"type\": \"string\", \"unsigned\": false, \"defaultTo\": null, \"notNullable\": false}, {\"args\": [], \"name\": \"code\", \"type\": \"string\", \"unsigned\": false, \"defaultTo\": null, \"notNullable\": false}, {\"args\": [], \"name\": \"description\", \"type\": \"string\", \"unsigned\": false, \"defaultTo\": null, \"notNullable\": false}, {\"args\": [{\"useTz\": false, \"precision\": 6}], \"name\": \"created_at\", \"type\": \"datetime\", \"unsigned\": false, \"defaultTo\": null, \"notNullable\": false}, {\"args\": [{\"useTz\": false, \"precision\": 6}], \"name\": \"updated_at\", \"type\": \"datetime\", \"unsigned\": false, \"defaultTo\": null, \"notNullable\": false}, {\"args\": [{\"useTz\": false, \"precision\": 6}], \"name\": \"published_at\", \"type\": \"datetime\", \"unsigned\": false, \"defaultTo\": null, \"notNullable\": false}, {\"args\": [], \"name\": \"created_by_id\", \"type\": \"integer\", \"unsigned\": true, \"defaultTo\": null, \"notNullable\": false}, {\"args\": [], \"name\": \"updated_by_id\", \"type\": \"integer\", \"unsigned\": true, \"defaultTo\": null, \"notNullable\": false}, {\"args\": [], \"name\": \"locale\", \"type\": \"string\", \"unsigned\": false, \"defaultTo\": null, \"notNullable\": false}], \"indexes\": [{\"name\": \"admin_roles_documents_idx\", \"columns\": [\"document_id\", \"locale\", \"published_at\"]}, {\"name\": \"admin_roles_created_by_id_fk\", \"columns\": [\"created_by_id\"]}, {\"name\": \"admin_roles_updated_by_id_fk\", \"columns\": [\"updated_by_id\"]}], \"foreignKeys\": [{\"name\": \"admin_roles_created_by_id_fk\", \"columns\": [\"created_by_id\"], \"onDelete\": \"SET NULL\", \"referencedTable\": \"admin_users\", \"referencedColumns\": [\"id\"]}, {\"name\": \"admin_roles_updated_by_id_fk\", \"columns\": [\"updated_by_id\"], \"onDelete\": \"SET NULL\", \"referencedTable\": \"admin_users\", \"referencedColumns\": [\"id\"]}]}, {\"name\": \"strapi_api_tokens\", \"columns\": [{\"args\": [{\"primary\": true, \"primaryKey\": true}], \"name\": \"id\", \"type\": \"increments\", \"unsigned\": false, \"defaultTo\": null, \"notNullable\": true}, {\"args\": [], \"name\": \"document_id\", \"type\": \"string\", \"unsigned\": false, \"defaultTo\": null, \"notNullable\": false}, {\"args\": [], \"name\": \"name\", \"type\": \"string\", \"unsigned\": false, \"defaultTo\": null, \"notNullable\": false}, {\"args\": [], \"name\": \"description\", \"type\": \"string\", \"unsigned\": false, \"defaultTo\": null, \"notNullable\": false}, {\"args\": [], \"name\": \"type\", \"type\": \"string\", \"unsigned\": false, \"defaultTo\": null, \"notNullable\": false}, {\"args\": [], \"name\": \"access_key\", \"type\": \"string\", \"unsigned\": false, \"defaultTo\": null, \"notNullable\": false}, {\"args\": [\"longtext\"], \"name\": \"encrypted_key\", \"type\": \"text\", \"unsigned\": false, \"defaultTo\": null, \"notNullable\": false}, {\"args\": [{\"useTz\": false, \"precision\": 6}], \"name\": \"last_used_at\", \"type\": \"datetime\", \"unsigned\": false, \"defaultTo\": null, \"notNullable\": false}, {\"args\": [{\"useTz\": false, \"precision\": 6}], \"name\": \"expires_at\", \"type\": \"datetime\", \"unsigned\": false, \"defaultTo\": null, \"notNullable\": false}, {\"args\": [], \"name\": \"lifespan\", \"type\": \"bigInteger\", \"unsigned\": false, \"defaultTo\": null, \"notNullable\": false}, {\"args\": [{\"useTz\": false, \"precision\": 6}], \"name\": \"created_at\", \"type\": \"datetime\", \"unsigned\": false, \"defaultTo\": null, \"notNullable\": false}, {\"args\": [{\"useTz\": false, \"precision\": 6}], \"name\": \"updated_at\", \"type\": \"datetime\", \"unsigned\": false, \"defaultTo\": null, \"notNullable\": false}, {\"args\": [{\"useTz\": false, \"precision\": 6}], \"name\": \"published_at\", \"type\": \"datetime\", \"unsigned\": false, \"defaultTo\": null, \"notNullable\": false}, {\"args\": [], \"name\": \"created_by_id\", \"type\": \"integer\", \"unsigned\": true, \"defaultTo\": null, \"notNullable\": false}, {\"args\": [], \"name\": \"updated_by_id\", \"type\": \"integer\", \"unsigned\": true, \"defaultTo\": null, \"notNullable\": false}, {\"args\": [], \"name\": \"locale\", \"type\": \"string\", \"unsigned\": false, \"defaultTo\": null, \"notNullable\": false}], \"indexes\": [{\"name\": \"strapi_api_tokens_documents_idx\", \"columns\": [\"document_id\", \"locale\", \"published_at\"]}, {\"name\": \"strapi_api_tokens_created_by_id_fk\", \"columns\": [\"created_by_id\"]}, {\"name\": \"strapi_api_tokens_updated_by_id_fk\", \"columns\": [\"updated_by_id\"]}], \"foreignKeys\": [{\"name\": \"strapi_api_tokens_created_by_id_fk\", \"columns\": [\"created_by_id\"], \"onDelete\": \"SET NULL\", \"referencedTable\": \"admin_users\", \"referencedColumns\": [\"id\"]}, {\"name\": \"strapi_api_tokens_updated_by_id_fk\", \"columns\": [\"updated_by_id\"], \"onDelete\": \"SET NULL\", \"referencedTable\": \"admin_users\", \"referencedColumns\": [\"id\"]}]}, {\"name\": \"strapi_api_token_permissions\", \"columns\": [{\"args\": [{\"primary\": true, \"primaryKey\": true}], \"name\": \"id\", \"type\": \"increments\", \"unsigned\": false, \"defaultTo\": null, \"notNullable\": true}, {\"args\": [], \"name\": \"document_id\", \"type\": \"string\", \"unsigned\": false, \"defaultTo\": null, \"notNullable\": false}, {\"args\": [], \"name\": \"action\", \"type\": \"string\", \"unsigned\": false, \"defaultTo\": null, \"notNullable\": false}, {\"args\": [{\"useTz\": false, \"precision\": 6}], \"name\": \"created_at\", \"type\": \"datetime\", \"unsigned\": false, \"defaultTo\": null, \"notNullable\": false}, {\"args\": [{\"useTz\": false, \"precision\": 6}], \"name\": \"updated_at\", \"type\": \"datetime\", \"unsigned\": false, \"defaultTo\": null, \"notNullable\": false}, {\"args\": [{\"useTz\": false, \"precision\": 6}], \"name\": \"published_at\", \"type\": \"datetime\", \"unsigned\": false, \"defaultTo\": null, \"notNullable\": false}, {\"args\": [], \"name\": \"created_by_id\", \"type\": \"integer\", \"unsigned\": true, \"defaultTo\": null, \"notNullable\": false}, {\"args\": [], \"name\": \"updated_by_id\", \"type\": \"integer\", \"unsigned\": true, \"defaultTo\": null, \"notNullable\": false}, {\"args\": [], \"name\": \"locale\", \"type\": \"string\", \"unsigned\": false, \"defaultTo\": null, \"notNullable\": false}], \"indexes\": [{\"name\": \"strapi_api_token_permissions_documents_idx\", \"columns\": [\"document_id\", \"locale\", \"published_at\"]}, {\"name\": \"strapi_api_token_permissions_created_by_id_fk\", \"columns\": [\"created_by_id\"]}, {\"name\": \"strapi_api_token_permissions_updated_by_id_fk\", \"columns\": [\"updated_by_id\"]}], \"foreignKeys\": [{\"name\": \"strapi_api_token_permissions_created_by_id_fk\", \"columns\": [\"created_by_id\"], \"onDelete\": \"SET NULL\", \"referencedTable\": \"admin_users\", \"referencedColumns\": [\"id\"]}, {\"name\": \"strapi_api_token_permissions_updated_by_id_fk\", \"columns\": [\"updated_by_id\"], \"onDelete\": \"SET NULL\", \"referencedTable\": \"admin_users\", \"referencedColumns\": [\"id\"]}]}, {\"name\": \"strapi_transfer_tokens\", \"columns\": [{\"args\": [{\"primary\": true, \"primaryKey\": true}], \"name\": \"id\", \"type\": \"increments\", \"unsigned\": false, \"defaultTo\": null, \"notNullable\": true}, {\"args\": [], \"name\": \"document_id\", \"type\": \"string\", \"unsigned\": false, \"defaultTo\": null, \"notNullable\": false}, {\"args\": [], \"name\": \"name\", \"type\": \"string\", \"unsigned\": false, \"defaultTo\": null, \"notNullable\": false}, {\"args\": [], \"name\": \"description\", \"type\": \"string\", \"unsigned\": false, \"defaultTo\": null, \"notNullable\": false}, {\"args\": [], \"name\": \"access_key\", \"type\": \"string\", \"unsigned\": false, \"defaultTo\": null, \"notNullable\": false}, {\"args\": [{\"useTz\": false, \"precision\": 6}], \"name\": \"last_used_at\", \"type\": \"datetime\", \"unsigned\": false, \"defaultTo\": null, \"notNullable\": false}, {\"args\": [{\"useTz\": false, \"precision\": 6}], \"name\": \"expires_at\", \"type\": \"datetime\", \"unsigned\": false, \"defaultTo\": null, \"notNullable\": false}, {\"args\": [], \"name\": \"lifespan\", \"type\": \"bigInteger\", \"unsigned\": false, \"defaultTo\": null, \"notNullable\": false}, {\"args\": [{\"useTz\": false, \"precision\": 6}], \"name\": \"created_at\", \"type\": \"datetime\", \"unsigned\": false, \"defaultTo\": null, \"notNullable\": false}, {\"args\": [{\"useTz\": false, \"precision\": 6}], \"name\": \"updated_at\", \"type\": \"datetime\", \"unsigned\": false, \"defaultTo\": null, \"notNullable\": false}, {\"args\": [{\"useTz\": false, \"precision\": 6}], \"name\": \"published_at\", \"type\": \"datetime\", \"unsigned\": false, \"defaultTo\": null, \"notNullable\": false}, {\"args\": [], \"name\": \"created_by_id\", \"type\": \"integer\", \"unsigned\": true, \"defaultTo\": null, \"notNullable\": false}, {\"args\": [], \"name\": \"updated_by_id\", \"type\": \"integer\", \"unsigned\": true, \"defaultTo\": null, \"notNullable\": false}, {\"args\": [], \"name\": \"locale\", \"type\": \"string\", \"unsigned\": false, \"defaultTo\": null, \"notNullable\": false}], \"indexes\": [{\"name\": \"strapi_transfer_tokens_documents_idx\", \"columns\": [\"document_id\", \"locale\", \"published_at\"]}, {\"name\": \"strapi_transfer_tokens_created_by_id_fk\", \"columns\": [\"created_by_id\"]}, {\"name\": \"strapi_transfer_tokens_updated_by_id_fk\", \"columns\": [\"updated_by_id\"]}], \"foreignKeys\": [{\"name\": \"strapi_transfer_tokens_created_by_id_fk\", \"columns\": [\"created_by_id\"], \"onDelete\": \"SET NULL\", \"referencedTable\": \"admin_users\", \"referencedColumns\": [\"id\"]}, {\"name\": \"strapi_transfer_tokens_updated_by_id_fk\", \"columns\": [\"updated_by_id\"], \"onDelete\": \"SET NULL\", \"referencedTable\": \"admin_users\", \"referencedColumns\": [\"id\"]}]}, {\"name\": \"strapi_transfer_token_permissions\", \"columns\": [{\"args\": [{\"primary\": true, \"primaryKey\": true}], \"name\": \"id\", \"type\": \"increments\", \"unsigned\": false, \"defaultTo\": null, \"notNullable\": true}, {\"args\": [], \"name\": \"document_id\", \"type\": \"string\", \"unsigned\": false, \"defaultTo\": null, \"notNullable\": false}, {\"args\": [], \"name\": \"action\", \"type\": \"string\", \"unsigned\": false, \"defaultTo\": null, \"notNullable\": false}, {\"args\": [{\"useTz\": false, \"precision\": 6}], \"name\": \"created_at\", \"type\": \"datetime\", \"unsigned\": false, \"defaultTo\": null, \"notNullable\": false}, {\"args\": [{\"useTz\": false, \"precision\": 6}], \"name\": \"updated_at\", \"type\": \"datetime\", \"unsigned\": false, \"defaultTo\": null, \"notNullable\": false}, {\"args\": [{\"useTz\": false, \"precision\": 6}], \"name\": \"published_at\", \"type\": \"datetime\", \"unsigned\": false, \"defaultTo\": null, \"notNullable\": false}, {\"args\": [], \"name\": \"created_by_id\", \"type\": \"integer\", \"unsigned\": true, \"defaultTo\": null, \"notNullable\": false}, {\"args\": [], \"name\": \"updated_by_id\", \"type\": \"integer\", \"unsigned\": true, \"defaultTo\": null, \"notNullable\": false}, {\"args\": [], \"name\": \"locale\", \"type\": \"string\", \"unsigned\": false, \"defaultTo\": null, \"notNullable\": false}], \"indexes\": [{\"name\": \"strapi_transfer_token_permissions_documents_idx\", \"columns\": [\"document_id\", \"locale\", \"published_at\"]}, {\"name\": \"strapi_transfer_token_permissions_created_by_id_fk\", \"columns\": [\"created_by_id\"]}, {\"name\": \"strapi_transfer_token_permissions_updated_by_id_fk\", \"columns\": [\"updated_by_id\"]}], \"foreignKeys\": [{\"name\": \"strapi_transfer_token_permissions_created_by_id_fk\", \"columns\": [\"created_by_id\"], \"onDelete\": \"SET NULL\", \"referencedTable\": \"admin_users\", \"referencedColumns\": [\"id\"]}, {\"name\": \"strapi_transfer_token_permissions_updated_by_id_fk\", \"columns\": [\"updated_by_id\"], \"onDelete\": \"SET NULL\", \"referencedTable\": \"admin_users\", \"referencedColumns\": [\"id\"]}]}, {\"name\": \"strapi_sessions\", \"columns\": [{\"args\": [{\"primary\": true, \"primaryKey\": true}], \"name\": \"id\", \"type\": \"increments\", \"unsigned\": false, \"defaultTo\": null, \"notNullable\": true}, {\"args\": [], \"name\": \"document_id\", \"type\": \"string\", \"unsigned\": false, \"defaultTo\": null, \"notNullable\": false}, {\"args\": [], \"name\": \"user_id\", \"type\": \"string\", \"unsigned\": false, \"defaultTo\": null, \"notNullable\": false}, {\"args\": [], \"name\": \"session_id\", \"type\": \"string\", \"unsigned\": false, \"defaultTo\": null, \"notNullable\": false}, {\"args\": [], \"name\": \"child_id\", \"type\": \"string\", \"unsigned\": false, \"defaultTo\": null, \"notNullable\": false}, {\"args\": [], \"name\": \"device_id\", \"type\": \"string\", \"unsigned\": false, \"defaultTo\": null, \"notNullable\": false}, {\"args\": [], \"name\": \"origin\", \"type\": \"string\", \"unsigned\": false, \"defaultTo\": null, \"notNullable\": false}, {\"args\": [{\"useTz\": false, \"precision\": 6}], \"name\": \"expires_at\", \"type\": \"datetime\", \"unsigned\": false, \"defaultTo\": null, \"notNullable\": false}, {\"args\": [{\"useTz\": false, \"precision\": 6}], \"name\": \"absolute_expires_at\", \"type\": \"datetime\", \"unsigned\": false, \"defaultTo\": null, \"notNullable\": false}, {\"args\": [], \"name\": \"status\", \"type\": \"string\", \"unsigned\": false, \"defaultTo\": null, \"notNullable\": false}, {\"args\": [], \"name\": \"type\", \"type\": \"string\", \"unsigned\": false, \"defaultTo\": null, \"notNullable\": false}, {\"args\": [{\"useTz\": false, \"precision\": 6}], \"name\": \"created_at\", \"type\": \"datetime\", \"unsigned\": false, \"defaultTo\": null, \"notNullable\": false}, {\"args\": [{\"useTz\": false, \"precision\": 6}], \"name\": \"updated_at\", \"type\": \"datetime\", \"unsigned\": false, \"defaultTo\": null, \"notNullable\": false}, {\"args\": [{\"useTz\": false, \"precision\": 6}], \"name\": \"published_at\", \"type\": \"datetime\", \"unsigned\": false, \"defaultTo\": null, \"notNullable\": false}, {\"args\": [], \"name\": \"created_by_id\", \"type\": \"integer\", \"unsigned\": true, \"defaultTo\": null, \"notNullable\": false}, {\"args\": [], \"name\": \"updated_by_id\", \"type\": \"integer\", \"unsigned\": true, \"defaultTo\": null, \"notNullable\": false}, {\"args\": [], \"name\": \"locale\", \"type\": \"string\", \"unsigned\": false, \"defaultTo\": null, \"notNullable\": false}], \"indexes\": [{\"name\": \"strapi_sessions_documents_idx\", \"columns\": [\"document_id\", \"locale\", \"published_at\"]}, {\"name\": \"strapi_sessions_created_by_id_fk\", \"columns\": [\"created_by_id\"]}, {\"name\": \"strapi_sessions_updated_by_id_fk\", \"columns\": [\"updated_by_id\"]}], \"foreignKeys\": [{\"name\": \"strapi_sessions_created_by_id_fk\", \"columns\": [\"created_by_id\"], \"onDelete\": \"SET NULL\", \"referencedTable\": \"admin_users\", \"referencedColumns\": [\"id\"]}, {\"name\": \"strapi_sessions_updated_by_id_fk\", \"columns\": [\"updated_by_id\"], \"onDelete\": \"SET NULL\", \"referencedTable\": \"admin_users\", \"referencedColumns\": [\"id\"]}]}, {\"name\": \"components_shared_sliders\", \"columns\": [{\"args\": [{\"primary\": true, \"primaryKey\": true}], \"name\": \"id\", \"type\": \"increments\", \"unsigned\": false, \"defaultTo\": null, \"notNullable\": true}], \"indexes\": [], \"foreignKeys\": []}, {\"name\": \"components_shared_seos\", \"columns\": [{\"args\": [{\"primary\": true, \"primaryKey\": true}], \"name\": \"id\", \"type\": \"increments\", \"unsigned\": false, \"defaultTo\": null, \"notNullable\": true}, {\"args\": [], \"name\": \"meta_title\", \"type\": \"string\", \"unsigned\": false, \"defaultTo\": null, \"notNullable\": false}, {\"args\": [\"longtext\"], \"name\": \"meta_description\", \"type\": \"text\", \"unsigned\": false, \"defaultTo\": null, \"notNullable\": false}], \"indexes\": [], \"foreignKeys\": []}, {\"name\": \"components_shared_rich_texts\", \"columns\": [{\"args\": [{\"primary\": true, \"primaryKey\": true}], \"name\": \"id\", \"type\": \"increments\", \"unsigned\": false, \"defaultTo\": null, \"notNullable\": true}, {\"args\": [\"longtext\"], \"name\": \"body\", \"type\": \"text\", \"unsigned\": false, \"defaultTo\": null, \"notNullable\": false}], \"indexes\": [], \"foreignKeys\": []}, {\"name\": \"components_shared_quotes\", \"columns\": [{\"args\": [{\"primary\": true, \"primaryKey\": true}], \"name\": \"id\", \"type\": \"increments\", \"unsigned\": false, \"defaultTo\": null, \"notNullable\": true}, {\"args\": [], \"name\": \"title\", \"type\": \"string\", \"unsigned\": false, \"defaultTo\": null, \"notNullable\": false}, {\"args\": [\"longtext\"], \"name\": \"body\", \"type\": \"text\", \"unsigned\": false, \"defaultTo\": null, \"notNullable\": false}], \"indexes\": [], \"foreignKeys\": []}, {\"name\": \"components_shared_media\", \"columns\": [{\"args\": [{\"primary\": true, \"primaryKey\": true}], \"name\": \"id\", \"type\": \"increments\", \"unsigned\": false, \"defaultTo\": null, \"notNullable\": true}], \"indexes\": [], \"foreignKeys\": []}, {\"name\": \"strapi_core_store_settings\", \"columns\": [{\"args\": [{\"primary\": true, \"primaryKey\": true}], \"name\": \"id\", \"type\": \"increments\", \"unsigned\": false, \"defaultTo\": null, \"notNullable\": true}, {\"args\": [], \"name\": \"key\", \"type\": \"string\", \"unsigned\": false, \"defaultTo\": null, \"notNullable\": false}, {\"args\": [\"longtext\"], \"name\": \"value\", \"type\": \"text\", \"unsigned\": false, \"defaultTo\": null, \"notNullable\": false}, {\"args\": [], \"name\": \"type\", \"type\": \"string\", \"unsigned\": false, \"defaultTo\": null, \"notNullable\": false}, {\"args\": [], \"name\": \"environment\", \"type\": \"string\", \"unsigned\": false, \"defaultTo\": null, \"notNullable\": false}, {\"args\": [], \"name\": \"tag\", \"type\": \"string\", \"unsigned\": false, \"defaultTo\": null, \"notNullable\": false}], \"indexes\": [], \"foreignKeys\": []}, {\"name\": \"strapi_webhooks\", \"columns\": [{\"args\": [{\"primary\": true, \"primaryKey\": true}], \"name\": \"id\", \"type\": \"increments\", \"unsigned\": false, \"defaultTo\": null, \"notNullable\": true}, {\"args\": [], \"name\": \"name\", \"type\": \"string\", \"unsigned\": false, \"defaultTo\": null, \"notNullable\": false}, {\"args\": [\"longtext\"], \"name\": \"url\", \"type\": \"text\", \"unsigned\": false, \"defaultTo\": null, \"notNullable\": false}, {\"args\": [], \"name\": \"headers\", \"type\": \"jsonb\", \"unsigned\": false, \"defaultTo\": null, \"notNullable\": false}, {\"args\": [], \"name\": \"events\", \"type\": \"jsonb\", \"unsigned\": false, \"defaultTo\": null, \"notNullable\": false}, {\"args\": [], \"name\": \"enabled\", \"type\": \"boolean\", \"unsigned\": false, \"defaultTo\": null, \"notNullable\": false}], \"indexes\": [], \"foreignKeys\": []}, {\"name\": \"strapi_history_versions\", \"columns\": [{\"args\": [{\"primary\": true, \"primaryKey\": true}], \"name\": \"id\", \"type\": \"increments\", \"unsigned\": false, \"defaultTo\": null, \"notNullable\": true}, {\"args\": [], \"name\": \"content_type\", \"type\": \"string\", \"unsigned\": false, \"defaultTo\": null, \"notNullable\": true}, {\"args\": [], \"name\": \"related_document_id\", \"type\": \"string\", \"unsigned\": false, \"defaultTo\": null, \"notNullable\": false}, {\"args\": [], \"name\": \"locale\", \"type\": \"string\", \"unsigned\": false, \"defaultTo\": null, \"notNullable\": false}, {\"args\": [], \"name\": \"status\", \"type\": \"string\", \"unsigned\": false, \"defaultTo\": null, \"notNullable\": false}, {\"args\": [], \"name\": \"data\", \"type\": \"jsonb\", \"unsigned\": false, \"defaultTo\": null, \"notNullable\": false}, {\"args\": [], \"name\": \"schema\", \"type\": \"jsonb\", \"unsigned\": false, \"defaultTo\": null, \"notNullable\": false}, {\"args\": [{\"useTz\": false, \"precision\": 6}], \"name\": \"created_at\", \"type\": \"datetime\", \"unsigned\": false, \"defaultTo\": null, \"notNullable\": false}, {\"args\": [], \"name\": \"created_by_id\", \"type\": \"integer\", \"unsigned\": true, \"defaultTo\": null, \"notNullable\": false}], \"indexes\": [{\"name\": \"strapi_history_versions_created_by_id_fk\", \"columns\": [\"created_by_id\"]}], \"foreignKeys\": [{\"name\": \"strapi_history_versions_created_by_id_fk\", \"columns\": [\"created_by_id\"], \"onDelete\": \"SET NULL\", \"referencedTable\": \"admin_users\", \"referencedColumns\": [\"id\"]}]}, {\"name\": \"strapi_ai_localization_jobs\", \"columns\": [{\"args\": [{\"primary\": true, \"primaryKey\": true}], \"name\": \"id\", \"type\": \"increments\", \"unsigned\": false, \"defaultTo\": null, \"notNullable\": true}, {\"args\": [], \"name\": \"content_type\", \"type\": \"string\", \"unsigned\": false, \"defaultTo\": null, \"notNullable\": true}, {\"args\": [], \"name\": \"related_document_id\", \"type\": \"string\", \"unsigned\": false, \"defaultTo\": null, \"notNullable\": true}, {\"args\": [], \"name\": \"source_locale\", \"type\": \"string\", \"unsigned\": false, \"defaultTo\": null, \"notNullable\": true}, {\"args\": [], \"name\": \"target_locales\", \"type\": \"jsonb\", \"unsigned\": false, \"defaultTo\": null, \"notNullable\": true}, {\"args\": [], \"name\": \"status\", \"type\": \"string\", \"unsigned\": false, \"defaultTo\": null, \"notNullable\": true}, {\"args\": [{\"useTz\": false, \"precision\": 6}], \"name\": \"created_at\", \"type\": \"datetime\", \"unsigned\": false, \"defaultTo\": null, \"notNullable\": false}, {\"args\": [{\"useTz\": false, \"precision\": 6}], \"name\": \"updated_at\", \"type\": \"datetime\", \"unsigned\": false, \"defaultTo\": null, \"notNullable\": false}], \"indexes\": [], \"foreignKeys\": []}, {\"name\": \"files_related_mph\", \"columns\": [{\"args\": [{\"primary\": true, \"primaryKey\": true}], \"name\": \"id\", \"type\": \"increments\", \"unsigned\": false, \"defaultTo\": null, \"notNullable\": true}, {\"args\": [], \"name\": \"file_id\", \"type\": \"integer\", \"unsigned\": true, \"defaultTo\": null, \"notNullable\": false}, {\"args\": [], \"name\": \"related_id\", \"type\": \"integer\", \"unsigned\": true, \"defaultTo\": null, \"notNullable\": false}, {\"args\": [], \"name\": \"related_type\", \"type\": \"string\", \"unsigned\": false, \"defaultTo\": null, \"notNullable\": false}, {\"args\": [], \"name\": \"field\", \"type\": \"string\", \"unsigned\": false, \"defaultTo\": null, \"notNullable\": false}, {\"args\": [], \"name\": \"order\", \"type\": \"double\", \"unsigned\": true, \"defaultTo\": null, \"notNullable\": false}], \"indexes\": [{\"name\": \"files_related_mph_fk\", \"columns\": [\"file_id\"]}, {\"name\": \"files_related_mph_oidx\", \"columns\": [\"order\"]}, {\"name\": \"files_related_mph_idix\", \"columns\": [\"related_id\"]}], \"foreignKeys\": [{\"name\": \"files_related_mph_fk\", \"columns\": [\"file_id\"], \"onDelete\": \"CASCADE\", \"referencedTable\": \"files\", \"referencedColumns\": [\"id\"]}]}, {\"name\": \"files_folder_lnk\", \"columns\": [{\"args\": [{\"primary\": true, \"primaryKey\": true}], \"name\": \"id\", \"type\": \"increments\", \"unsigned\": false, \"defaultTo\": null, \"notNullable\": true}, {\"args\": [], \"name\": \"file_id\", \"type\": \"integer\", \"unsigned\": true, \"defaultTo\": null, \"notNullable\": false}, {\"args\": [], \"name\": \"folder_id\", \"type\": \"integer\", \"unsigned\": true, \"defaultTo\": null, \"notNullable\": false}, {\"args\": [], \"name\": \"file_ord\", \"type\": \"double\", \"unsigned\": true, \"defaultTo\": null, \"notNullable\": false}], \"indexes\": [{\"name\": \"files_folder_lnk_fk\", \"columns\": [\"file_id\"]}, {\"name\": \"files_folder_lnk_ifk\", \"columns\": [\"folder_id\"]}, {\"name\": \"files_folder_lnk_uq\", \"type\": \"unique\", \"columns\": [\"file_id\", \"folder_id\"]}, {\"name\": \"files_folder_lnk_oifk\", \"columns\": [\"file_ord\"]}], \"foreignKeys\": [{\"name\": \"files_folder_lnk_fk\", \"columns\": [\"file_id\"], \"onDelete\": \"CASCADE\", \"referencedTable\": \"files\", \"referencedColumns\": [\"id\"]}, {\"name\": \"files_folder_lnk_ifk\", \"columns\": [\"folder_id\"], \"onDelete\": \"CASCADE\", \"referencedTable\": \"upload_folders\", \"referencedColumns\": [\"id\"]}]}, {\"name\": \"upload_folders_parent_lnk\", \"columns\": [{\"args\": [{\"primary\": true, \"primaryKey\": true}], \"name\": \"id\", \"type\": \"increments\", \"unsigned\": false, \"defaultTo\": null, \"notNullable\": true}, {\"args\": [], \"name\": \"folder_id\", \"type\": \"integer\", \"unsigned\": true, \"defaultTo\": null, \"notNullable\": false}, {\"args\": [], \"name\": \"inv_folder_id\", \"type\": \"integer\", \"unsigned\": true, \"defaultTo\": null, \"notNullable\": false}, {\"args\": [], \"name\": \"folder_ord\", \"type\": \"double\", \"unsigned\": true, \"defaultTo\": null, \"notNullable\": false}], \"indexes\": [{\"name\": \"upload_folders_parent_lnk_fk\", \"columns\": [\"folder_id\"]}, {\"name\": \"upload_folders_parent_lnk_ifk\", \"columns\": [\"inv_folder_id\"]}, {\"name\": \"upload_folders_parent_lnk_uq\", \"type\": \"unique\", \"columns\": [\"folder_id\", \"inv_folder_id\"]}, {\"name\": \"upload_folders_parent_lnk_oifk\", \"columns\": [\"folder_ord\"]}], \"foreignKeys\": [{\"name\": \"upload_folders_parent_lnk_fk\", \"columns\": [\"folder_id\"], \"onDelete\": \"CASCADE\", \"referencedTable\": \"upload_folders\", \"referencedColumns\": [\"id\"]}, {\"name\": \"upload_folders_parent_lnk_ifk\", \"columns\": [\"inv_folder_id\"], \"onDelete\": \"CASCADE\", \"referencedTable\": \"upload_folders\", \"referencedColumns\": [\"id\"]}]}, {\"name\": \"strapi_release_actions_release_lnk\", \"columns\": [{\"args\": [{\"primary\": true, \"primaryKey\": true}], \"name\": \"id\", \"type\": \"increments\", \"unsigned\": false, \"defaultTo\": null, \"notNullable\": true}, {\"args\": [], \"name\": \"release_action_id\", \"type\": \"integer\", \"unsigned\": true, \"defaultTo\": null, \"notNullable\": false}, {\"args\": [], \"name\": \"release_id\", \"type\": \"integer\", \"unsigned\": true, \"defaultTo\": null, \"notNullable\": false}, {\"args\": [], \"name\": \"release_action_ord\", \"type\": \"double\", \"unsigned\": true, \"defaultTo\": null, \"notNullable\": false}], \"indexes\": [{\"name\": \"strapi_release_actions_release_lnk_fk\", \"columns\": [\"release_action_id\"]}, {\"name\": \"strapi_release_actions_release_lnk_ifk\", \"columns\": [\"release_id\"]}, {\"name\": \"strapi_release_actions_release_lnk_uq\", \"type\": \"unique\", \"columns\": [\"release_action_id\", \"release_id\"]}, {\"name\": \"strapi_release_actions_release_lnk_oifk\", \"columns\": [\"release_action_ord\"]}], \"foreignKeys\": [{\"name\": \"strapi_release_actions_release_lnk_fk\", \"columns\": [\"release_action_id\"], \"onDelete\": \"CASCADE\", \"referencedTable\": \"strapi_release_actions\", \"referencedColumns\": [\"id\"]}, {\"name\": \"strapi_release_actions_release_lnk_ifk\", \"columns\": [\"release_id\"], \"onDelete\": \"CASCADE\", \"referencedTable\": \"strapi_releases\", \"referencedColumns\": [\"id\"]}]}, {\"name\": \"strapi_workflows_stage_required_to_publish_lnk\", \"columns\": [{\"args\": [{\"primary\": true, \"primaryKey\": true}], \"name\": \"id\", \"type\": \"increments\", \"unsigned\": false, \"defaultTo\": null, \"notNullable\": true}, {\"args\": [], \"name\": \"workflow_id\", \"type\": \"integer\", \"unsigned\": true, \"defaultTo\": null, \"notNullable\": false}, {\"args\": [], \"name\": \"workflow_stage_id\", \"type\": \"integer\", \"unsigned\": true, \"defaultTo\": null, \"notNullable\": false}], \"indexes\": [{\"name\": \"strapi_workflows_stage_required_to_publish_lnk_fk\", \"columns\": [\"workflow_id\"]}, {\"name\": \"strapi_workflows_stage_required_to_publish_lnk_ifk\", \"columns\": [\"workflow_stage_id\"]}, {\"name\": \"strapi_workflows_stage_required_to_publish_lnk_uq\", \"type\": \"unique\", \"columns\": [\"workflow_id\", \"workflow_stage_id\"]}], \"foreignKeys\": [{\"name\": \"strapi_workflows_stage_required_to_publish_lnk_fk\", \"columns\": [\"workflow_id\"], \"onDelete\": \"CASCADE\", \"referencedTable\": \"strapi_workflows\", \"referencedColumns\": [\"id\"]}, {\"name\": \"strapi_workflows_stage_required_to_publish_lnk_ifk\", \"columns\": [\"workflow_stage_id\"], \"onDelete\": \"CASCADE\", \"referencedTable\": \"strapi_workflows_stages\", \"referencedColumns\": [\"id\"]}]}, {\"name\": \"strapi_workflows_stages_workflow_lnk\", \"columns\": [{\"args\": [{\"primary\": true, \"primaryKey\": true}], \"name\": \"id\", \"type\": \"increments\", \"unsigned\": false, \"defaultTo\": null, \"notNullable\": true}, {\"args\": [], \"name\": \"workflow_stage_id\", \"type\": \"integer\", \"unsigned\": true, \"defaultTo\": null, \"notNullable\": false}, {\"args\": [], \"name\": \"workflow_id\", \"type\": \"integer\", \"unsigned\": true, \"defaultTo\": null, \"notNullable\": false}, {\"args\": [], \"name\": \"workflow_stage_ord\", \"type\": \"double\", \"unsigned\": true, \"defaultTo\": null, \"notNullable\": false}], \"indexes\": [{\"name\": \"strapi_workflows_stages_workflow_lnk_fk\", \"columns\": [\"workflow_stage_id\"]}, {\"name\": \"strapi_workflows_stages_workflow_lnk_ifk\", \"columns\": [\"workflow_id\"]}, {\"name\": \"strapi_workflows_stages_workflow_lnk_uq\", \"type\": \"unique\", \"columns\": [\"workflow_stage_id\", \"workflow_id\"]}, {\"name\": \"strapi_workflows_stages_workflow_lnk_oifk\", \"columns\": [\"workflow_stage_ord\"]}], \"foreignKeys\": [{\"name\": \"strapi_workflows_stages_workflow_lnk_fk\", \"columns\": [\"workflow_stage_id\"], \"onDelete\": \"CASCADE\", \"referencedTable\": \"strapi_workflows_stages\", \"referencedColumns\": [\"id\"]}, {\"name\": \"strapi_workflows_stages_workflow_lnk_ifk\", \"columns\": [\"workflow_id\"], \"onDelete\": \"CASCADE\", \"referencedTable\": \"strapi_workflows\", \"referencedColumns\": [\"id\"]}]}, {\"name\": \"strapi_workflows_stages_permissions_lnk\", \"columns\": [{\"args\": [{\"primary\": true, \"primaryKey\": true}], \"name\": \"id\", \"type\": \"increments\", \"unsigned\": false, \"defaultTo\": null, \"notNullable\": true}, {\"args\": [], \"name\": \"workflow_stage_id\", \"type\": \"integer\", \"unsigned\": true, \"defaultTo\": null, \"notNullable\": false}, {\"args\": [], \"name\": \"permission_id\", \"type\": \"integer\", \"unsigned\": true, \"defaultTo\": null, \"notNullable\": false}, {\"args\": [], \"name\": \"permission_ord\", \"type\": \"double\", \"unsigned\": true, \"defaultTo\": null, \"notNullable\": false}], \"indexes\": [{\"name\": \"strapi_workflows_stages_permissions_lnk_fk\", \"columns\": [\"workflow_stage_id\"]}, {\"name\": \"strapi_workflows_stages_permissions_lnk_ifk\", \"columns\": [\"permission_id\"]}, {\"name\": \"strapi_workflows_stages_permissions_lnk_uq\", \"type\": \"unique\", \"columns\": [\"workflow_stage_id\", \"permission_id\"]}, {\"name\": \"strapi_workflows_stages_permissions_lnk_ofk\", \"columns\": [\"permission_ord\"]}], \"foreignKeys\": [{\"name\": \"strapi_workflows_stages_permissions_lnk_fk\", \"columns\": [\"workflow_stage_id\"], \"onDelete\": \"CASCADE\", \"referencedTable\": \"strapi_workflows_stages\", \"referencedColumns\": [\"id\"]}, {\"name\": \"strapi_workflows_stages_permissions_lnk_ifk\", \"columns\": [\"permission_id\"], \"onDelete\": \"CASCADE\", \"referencedTable\": \"admin_permissions\", \"referencedColumns\": [\"id\"]}]}, {\"name\": \"up_permissions_role_lnk\", \"columns\": [{\"args\": [{\"primary\": true, \"primaryKey\": true}], \"name\": \"id\", \"type\": \"increments\", \"unsigned\": false, \"defaultTo\": null, \"notNullable\": true}, {\"args\": [], \"name\": \"permission_id\", \"type\": \"integer\", \"unsigned\": true, \"defaultTo\": null, \"notNullable\": false}, {\"args\": [], \"name\": \"role_id\", \"type\": \"integer\", \"unsigned\": true, \"defaultTo\": null, \"notNullable\": false}, {\"args\": [], \"name\": \"permission_ord\", \"type\": \"double\", \"unsigned\": true, \"defaultTo\": null, \"notNullable\": false}], \"indexes\": [{\"name\": \"up_permissions_role_lnk_fk\", \"columns\": [\"permission_id\"]}, {\"name\": \"up_permissions_role_lnk_ifk\", \"columns\": [\"role_id\"]}, {\"name\": \"up_permissions_role_lnk_uq\", \"type\": \"unique\", \"columns\": [\"permission_id\", \"role_id\"]}, {\"name\": \"up_permissions_role_lnk_oifk\", \"columns\": [\"permission_ord\"]}], \"foreignKeys\": [{\"name\": \"up_permissions_role_lnk_fk\", \"columns\": [\"permission_id\"], \"onDelete\": \"CASCADE\", \"referencedTable\": \"up_permissions\", \"referencedColumns\": [\"id\"]}, {\"name\": \"up_permissions_role_lnk_ifk\", \"columns\": [\"role_id\"], \"onDelete\": \"CASCADE\", \"referencedTable\": \"up_roles\", \"referencedColumns\": [\"id\"]}]}, {\"name\": \"up_users_role_lnk\", \"columns\": [{\"args\": [{\"primary\": true, \"primaryKey\": true}], \"name\": \"id\", \"type\": \"increments\", \"unsigned\": false, \"defaultTo\": null, \"notNullable\": true}, {\"args\": [], \"name\": \"user_id\", \"type\": \"integer\", \"unsigned\": true, \"defaultTo\": null, \"notNullable\": false}, {\"args\": [], \"name\": \"role_id\", \"type\": \"integer\", \"unsigned\": true, \"defaultTo\": null, \"notNullable\": false}, {\"args\": [], \"name\": \"user_ord\", \"type\": \"double\", \"unsigned\": true, \"defaultTo\": null, \"notNullable\": false}], \"indexes\": [{\"name\": \"up_users_role_lnk_fk\", \"columns\": [\"user_id\"]}, {\"name\": \"up_users_role_lnk_ifk\", \"columns\": [\"role_id\"]}, {\"name\": \"up_users_role_lnk_uq\", \"type\": \"unique\", \"columns\": [\"user_id\", \"role_id\"]}, {\"name\": \"up_users_role_lnk_oifk\", \"columns\": [\"user_ord\"]}], \"foreignKeys\": [{\"name\": \"up_users_role_lnk_fk\", \"columns\": [\"user_id\"], \"onDelete\": \"CASCADE\", \"referencedTable\": \"up_users\", \"referencedColumns\": [\"id\"]}, {\"name\": \"up_users_role_lnk_ifk\", \"columns\": [\"role_id\"], \"onDelete\": \"CASCADE\", \"referencedTable\": \"up_roles\", \"referencedColumns\": [\"id\"]}]}, {\"name\": \"achievement_field_defs_achievement_field_value_id_lnk\", \"columns\": [{\"args\": [{\"primary\": true, \"primaryKey\": true}], \"name\": \"id\", \"type\": \"increments\", \"unsigned\": false, \"defaultTo\": null, \"notNullable\": true}, {\"args\": [], \"name\": \"achievement_field_def_id\", \"type\": \"integer\", \"unsigned\": true, \"defaultTo\": null, \"notNullable\": false}, {\"args\": [], \"name\": \"achievement_field_value_id\", \"type\": \"integer\", \"unsigned\": true, \"defaultTo\": null, \"notNullable\": false}], \"indexes\": [{\"name\": \"achievement_field_defs_achievement_field_value_feb9f_fk\", \"columns\": [\"achievement_field_def_id\"]}, {\"name\": \"achievement_field_defs_achievement_field_valuefeb9f_ifk\", \"columns\": [\"achievement_field_value_id\"]}, {\"name\": \"achievement_field_defs_achievement_field_value_feb9f_uq\", \"type\": \"unique\", \"columns\": [\"achievement_field_def_id\", \"achievement_field_value_id\"]}], \"foreignKeys\": [{\"name\": \"achievement_field_defs_achievement_field_value_feb9f_fk\", \"columns\": [\"achievement_field_def_id\"], \"onDelete\": \"CASCADE\", \"referencedTable\": \"achievement_field_defs\", \"referencedColumns\": [\"id\"]}, {\"name\": \"achievement_field_defs_achievement_field_valuefeb9f_ifk\", \"columns\": [\"achievement_field_value_id\"], \"onDelete\": \"CASCADE\", \"referencedTable\": \"achievement_field_values\", \"referencedColumns\": [\"id\"]}]}, {\"name\": \"achievement_field_defs_achievement_type_id_lnk\", \"columns\": [{\"args\": [{\"primary\": true, \"primaryKey\": true}], \"name\": \"id\", \"type\": \"increments\", \"unsigned\": false, \"defaultTo\": null, \"notNullable\": true}, {\"args\": [], \"name\": \"achievement_field_def_id\", \"type\": \"integer\", \"unsigned\": true, \"defaultTo\": null, \"notNullable\": false}, {\"args\": [], \"name\": \"achievement_type_id\", \"type\": \"integer\", \"unsigned\": true, \"defaultTo\": null, \"notNullable\": false}, {\"args\": [], \"name\": \"achievement_field_def_ord\", \"type\": \"double\", \"unsigned\": true, \"defaultTo\": null, \"notNullable\": false}], \"indexes\": [{\"name\": \"achievement_field_defs_achievement_type_id_lnk_fk\", \"columns\": [\"achievement_field_def_id\"]}, {\"name\": \"achievement_field_defs_achievement_type_id_lnk_ifk\", \"columns\": [\"achievement_type_id\"]}, {\"name\": \"achievement_field_defs_achievement_type_id_lnk_uq\", \"type\": \"unique\", \"columns\": [\"achievement_field_def_id\", \"achievement_type_id\"]}, {\"name\": \"achievement_field_defs_achievement_type_id_lnk_oifk\", \"columns\": [\"achievement_field_def_ord\"]}], \"foreignKeys\": [{\"name\": \"achievement_field_defs_achievement_type_id_lnk_fk\", \"columns\": [\"achievement_field_def_id\"], \"onDelete\": \"CASCADE\", \"referencedTable\": \"achievement_field_defs\", \"referencedColumns\": [\"id\"]}, {\"name\": \"achievement_field_defs_achievement_type_id_lnk_ifk\", \"columns\": [\"achievement_type_id\"], \"onDelete\": \"CASCADE\", \"referencedTable\": \"achievement_types\", \"referencedColumns\": [\"id\"]}]}, {\"name\": \"achievement_field_values_achievement_id_lnk\", \"columns\": [{\"args\": [{\"primary\": true, \"primaryKey\": true}], \"name\": \"id\", \"type\": \"increments\", \"unsigned\": false, \"defaultTo\": null, \"notNullable\": true}, {\"args\": [], \"name\": \"achievement_field_value_id\", \"type\": \"integer\", \"unsigned\": true, \"defaultTo\": null, \"notNullable\": false}, {\"args\": [], \"name\": \"achievement_main_id\", \"type\": \"integer\", \"unsigned\": true, \"defaultTo\": null, \"notNullable\": false}, {\"args\": [], \"name\": \"achievement_field_value_ord\", \"type\": \"double\", \"unsigned\": true, \"defaultTo\": null, \"notNullable\": false}], \"indexes\": [{\"name\": \"achievement_field_values_achievement_id_lnk_fk\", \"columns\": [\"achievement_field_value_id\"]}, {\"name\": \"achievement_field_values_achievement_id_lnk_ifk\", \"columns\": [\"achievement_main_id\"]}, {\"name\": \"achievement_field_values_achievement_id_lnk_uq\", \"type\": \"unique\", \"columns\": [\"achievement_field_value_id\", \"achievement_main_id\"]}, {\"name\": \"achievement_field_values_achievement_id_lnk_oifk\", \"columns\": [\"achievement_field_value_ord\"]}], \"foreignKeys\": [{\"name\": \"achievement_field_values_achievement_id_lnk_fk\", \"columns\": [\"achievement_field_value_id\"], \"onDelete\": \"CASCADE\", \"referencedTable\": \"achievement_field_values\", \"referencedColumns\": [\"id\"]}, {\"name\": \"achievement_field_values_achievement_id_lnk_ifk\", \"columns\": [\"achievement_main_id\"], \"onDelete\": \"CASCADE\", \"referencedTable\": \"achievement_mains\", \"referencedColumns\": [\"id\"]}]}, {\"name\": \"achievement_files_achievement_main_id_lnk\", \"columns\": [{\"args\": [{\"primary\": true, \"primaryKey\": true}], \"name\": \"id\", \"type\": \"increments\", \"unsigned\": false, \"defaultTo\": null, \"notNullable\": true}, {\"args\": [], \"name\": \"achievement_file_id\", \"type\": \"integer\", \"unsigned\": true, \"defaultTo\": null, \"notNullable\": false}, {\"args\": [], \"name\": \"achievement_main_id\", \"type\": \"integer\", \"unsigned\": true, \"defaultTo\": null, \"notNullable\": false}, {\"args\": [], \"name\": \"achievement_file_ord\", \"type\": \"double\", \"unsigned\": true, \"defaultTo\": null, \"notNullable\": false}], \"indexes\": [{\"name\": \"achievement_files_achievement_main_id_lnk_fk\", \"columns\": [\"achievement_file_id\"]}, {\"name\": \"achievement_files_achievement_main_id_lnk_ifk\", \"columns\": [\"achievement_main_id\"]}, {\"name\": \"achievement_files_achievement_main_id_lnk_uq\", \"type\": \"unique\", \"columns\": [\"achievement_file_id\", \"achievement_main_id\"]}, {\"name\": \"achievement_files_achievement_main_id_lnk_oifk\", \"columns\": [\"achievement_file_ord\"]}], \"foreignKeys\": [{\"name\": \"achievement_files_achievement_main_id_lnk_fk\", \"columns\": [\"achievement_file_id\"], \"onDelete\": \"CASCADE\", \"referencedTable\": \"achievement_files\", \"referencedColumns\": [\"id\"]}, {\"name\": \"achievement_files_achievement_main_id_lnk_ifk\", \"columns\": [\"achievement_main_id\"], \"onDelete\": \"CASCADE\", \"referencedTable\": \"achievement_mains\", \"referencedColumns\": [\"id\"]}]}, {\"name\": \"achievement_mains_achievement_type_id_lnk\", \"columns\": [{\"args\": [{\"primary\": true, \"primaryKey\": true}], \"name\": \"id\", \"type\": \"increments\", \"unsigned\": false, \"defaultTo\": null, \"notNullable\": true}, {\"args\": [], \"name\": \"achievement_main_id\", \"type\": \"integer\", \"unsigned\": true, \"defaultTo\": null, \"notNullable\": false}, {\"args\": [], \"name\": \"achievement_type_id\", \"type\": \"integer\", \"unsigned\": true, \"defaultTo\": null, \"notNullable\": false}, {\"args\": [], \"name\": \"achievement_main_ord\", \"type\": \"double\", \"unsigned\": true, \"defaultTo\": null, \"notNullable\": false}], \"indexes\": [{\"name\": \"achievement_mains_achievement_type_id_lnk_fk\", \"columns\": [\"achievement_main_id\"]}, {\"name\": \"achievement_mains_achievement_type_id_lnk_ifk\", \"columns\": [\"achievement_type_id\"]}, {\"name\": \"achievement_mains_achievement_type_id_lnk_uq\", \"type\": \"unique\", \"columns\": [\"achievement_main_id\", \"achievement_type_id\"]}, {\"name\": \"achievement_mains_achievement_type_id_lnk_oifk\", \"columns\": [\"achievement_main_ord\"]}], \"foreignKeys\": [{\"name\": \"achievement_mains_achievement_type_id_lnk_fk\", \"columns\": [\"achievement_main_id\"], \"onDelete\": \"CASCADE\", \"referencedTable\": \"achievement_mains\", \"referencedColumns\": [\"id\"]}, {\"name\": \"achievement_mains_achievement_type_id_lnk_ifk\", \"columns\": [\"achievement_type_id\"], \"onDelete\": \"CASCADE\", \"referencedTable\": \"achievement_types\", \"referencedColumns\": [\"id\"]}]}, {\"name\": \"articles_author_lnk\", \"columns\": [{\"args\": [{\"primary\": true, \"primaryKey\": true}], \"name\": \"id\", \"type\": \"increments\", \"unsigned\": false, \"defaultTo\": null, \"notNullable\": true}, {\"args\": [], \"name\": \"article_id\", \"type\": \"integer\", \"unsigned\": true, \"defaultTo\": null, \"notNullable\": false}, {\"args\": [], \"name\": \"author_id\", \"type\": \"integer\", \"unsigned\": true, \"defaultTo\": null, \"notNullable\": false}, {\"args\": [], \"name\": \"article_ord\", \"type\": \"double\", \"unsigned\": true, \"defaultTo\": null, \"notNullable\": false}], \"indexes\": [{\"name\": \"articles_author_lnk_fk\", \"columns\": [\"article_id\"]}, {\"name\": \"articles_author_lnk_ifk\", \"columns\": [\"author_id\"]}, {\"name\": \"articles_author_lnk_uq\", \"type\": \"unique\", \"columns\": [\"article_id\", \"author_id\"]}, {\"name\": \"articles_author_lnk_oifk\", \"columns\": [\"article_ord\"]}], \"foreignKeys\": [{\"name\": \"articles_author_lnk_fk\", \"columns\": [\"article_id\"], \"onDelete\": \"CASCADE\", \"referencedTable\": \"articles\", \"referencedColumns\": [\"id\"]}, {\"name\": \"articles_author_lnk_ifk\", \"columns\": [\"author_id\"], \"onDelete\": \"CASCADE\", \"referencedTable\": \"authors\", \"referencedColumns\": [\"id\"]}]}, {\"name\": \"articles_category_lnk\", \"columns\": [{\"args\": [{\"primary\": true, \"primaryKey\": true}], \"name\": \"id\", \"type\": \"increments\", \"unsigned\": false, \"defaultTo\": null, \"notNullable\": true}, {\"args\": [], \"name\": \"article_id\", \"type\": \"integer\", \"unsigned\": true, \"defaultTo\": null, \"notNullable\": false}, {\"args\": [], \"name\": \"category_id\", \"type\": \"integer\", \"unsigned\": true, \"defaultTo\": null, \"notNullable\": false}, {\"args\": [], \"name\": \"article_ord\", \"type\": \"double\", \"unsigned\": true, \"defaultTo\": null, \"notNullable\": false}], \"indexes\": [{\"name\": \"articles_category_lnk_fk\", \"columns\": [\"article_id\"]}, {\"name\": \"articles_category_lnk_ifk\", \"columns\": [\"category_id\"]}, {\"name\": \"articles_category_lnk_uq\", \"type\": \"unique\", \"columns\": [\"article_id\", \"category_id\"]}, {\"name\": \"articles_category_lnk_oifk\", \"columns\": [\"article_ord\"]}], \"foreignKeys\": [{\"name\": \"articles_category_lnk_fk\", \"columns\": [\"article_id\"], \"onDelete\": \"CASCADE\", \"referencedTable\": \"articles\", \"referencedColumns\": [\"id\"]}, {\"name\": \"articles_category_lnk_ifk\", \"columns\": [\"category_id\"], \"onDelete\": \"CASCADE\", \"referencedTable\": \"categories\", \"referencedColumns\": [\"id\"]}]}, {\"name\": \"admin_permissions_role_lnk\", \"columns\": [{\"args\": [{\"primary\": true, \"primaryKey\": true}], \"name\": \"id\", \"type\": \"increments\", \"unsigned\": false, \"defaultTo\": null, \"notNullable\": true}, {\"args\": [], \"name\": \"permission_id\", \"type\": \"integer\", \"unsigned\": true, \"defaultTo\": null, \"notNullable\": false}, {\"args\": [], \"name\": \"role_id\", \"type\": \"integer\", \"unsigned\": true, \"defaultTo\": null, \"notNullable\": false}, {\"args\": [], \"name\": \"permission_ord\", \"type\": \"double\", \"unsigned\": true, \"defaultTo\": null, \"notNullable\": false}], \"indexes\": [{\"name\": \"admin_permissions_role_lnk_fk\", \"columns\": [\"permission_id\"]}, {\"name\": \"admin_permissions_role_lnk_ifk\", \"columns\": [\"role_id\"]}, {\"name\": \"admin_permissions_role_lnk_uq\", \"type\": \"unique\", \"columns\": [\"permission_id\", \"role_id\"]}, {\"name\": \"admin_permissions_role_lnk_oifk\", \"columns\": [\"permission_ord\"]}], \"foreignKeys\": [{\"name\": \"admin_permissions_role_lnk_fk\", \"columns\": [\"permission_id\"], \"onDelete\": \"CASCADE\", \"referencedTable\": \"admin_permissions\", \"referencedColumns\": [\"id\"]}, {\"name\": \"admin_permissions_role_lnk_ifk\", \"columns\": [\"role_id\"], \"onDelete\": \"CASCADE\", \"referencedTable\": \"admin_roles\", \"referencedColumns\": [\"id\"]}]}, {\"name\": \"admin_users_roles_lnk\", \"columns\": [{\"args\": [{\"primary\": true, \"primaryKey\": true}], \"name\": \"id\", \"type\": \"increments\", \"unsigned\": false, \"defaultTo\": null, \"notNullable\": true}, {\"args\": [], \"name\": \"user_id\", \"type\": \"integer\", \"unsigned\": true, \"defaultTo\": null, \"notNullable\": false}, {\"args\": [], \"name\": \"role_id\", \"type\": \"integer\", \"unsigned\": true, \"defaultTo\": null, \"notNullable\": false}, {\"args\": [], \"name\": \"role_ord\", \"type\": \"double\", \"unsigned\": true, \"defaultTo\": null, \"notNullable\": false}, {\"args\": [], \"name\": \"user_ord\", \"type\": \"double\", \"unsigned\": true, \"defaultTo\": null, \"notNullable\": false}], \"indexes\": [{\"name\": \"admin_users_roles_lnk_fk\", \"columns\": [\"user_id\"]}, {\"name\": \"admin_users_roles_lnk_ifk\", \"columns\": [\"role_id\"]}, {\"name\": \"admin_users_roles_lnk_uq\", \"type\": \"unique\", \"columns\": [\"user_id\", \"role_id\"]}, {\"name\": \"admin_users_roles_lnk_ofk\", \"columns\": [\"role_ord\"]}, {\"name\": \"admin_users_roles_lnk_oifk\", \"columns\": [\"user_ord\"]}], \"foreignKeys\": [{\"name\": \"admin_users_roles_lnk_fk\", \"columns\": [\"user_id\"], \"onDelete\": \"CASCADE\", \"referencedTable\": \"admin_users\", \"referencedColumns\": [\"id\"]}, {\"name\": \"admin_users_roles_lnk_ifk\", \"columns\": [\"role_id\"], \"onDelete\": \"CASCADE\", \"referencedTable\": \"admin_roles\", \"referencedColumns\": [\"id\"]}]}, {\"name\": \"strapi_api_token_permissions_token_lnk\", \"columns\": [{\"args\": [{\"primary\": true, \"primaryKey\": true}], \"name\": \"id\", \"type\": \"increments\", \"unsigned\": false, \"defaultTo\": null, \"notNullable\": true}, {\"args\": [], \"name\": \"api_token_permission_id\", \"type\": \"integer\", \"unsigned\": true, \"defaultTo\": null, \"notNullable\": false}, {\"args\": [], \"name\": \"api_token_id\", \"type\": \"integer\", \"unsigned\": true, \"defaultTo\": null, \"notNullable\": false}, {\"args\": [], \"name\": \"api_token_permission_ord\", \"type\": \"double\", \"unsigned\": true, \"defaultTo\": null, \"notNullable\": false}], \"indexes\": [{\"name\": \"strapi_api_token_permissions_token_lnk_fk\", \"columns\": [\"api_token_permission_id\"]}, {\"name\": \"strapi_api_token_permissions_token_lnk_ifk\", \"columns\": [\"api_token_id\"]}, {\"name\": \"strapi_api_token_permissions_token_lnk_uq\", \"type\": \"unique\", \"columns\": [\"api_token_permission_id\", \"api_token_id\"]}, {\"name\": \"strapi_api_token_permissions_token_lnk_oifk\", \"columns\": [\"api_token_permission_ord\"]}], \"foreignKeys\": [{\"name\": \"strapi_api_token_permissions_token_lnk_fk\", \"columns\": [\"api_token_permission_id\"], \"onDelete\": \"CASCADE\", \"referencedTable\": \"strapi_api_token_permissions\", \"referencedColumns\": [\"id\"]}, {\"name\": \"strapi_api_token_permissions_token_lnk_ifk\", \"columns\": [\"api_token_id\"], \"onDelete\": \"CASCADE\", \"referencedTable\": \"strapi_api_tokens\", \"referencedColumns\": [\"id\"]}]}, {\"name\": \"strapi_transfer_token_permissions_token_lnk\", \"columns\": [{\"args\": [{\"primary\": true, \"primaryKey\": true}], \"name\": \"id\", \"type\": \"increments\", \"unsigned\": false, \"defaultTo\": null, \"notNullable\": true}, {\"args\": [], \"name\": \"transfer_token_permission_id\", \"type\": \"integer\", \"unsigned\": true, \"defaultTo\": null, \"notNullable\": false}, {\"args\": [], \"name\": \"transfer_token_id\", \"type\": \"integer\", \"unsigned\": true, \"defaultTo\": null, \"notNullable\": false}, {\"args\": [], \"name\": \"transfer_token_permission_ord\", \"type\": \"double\", \"unsigned\": true, \"defaultTo\": null, \"notNullable\": false}], \"indexes\": [{\"name\": \"strapi_transfer_token_permissions_token_lnk_fk\", \"columns\": [\"transfer_token_permission_id\"]}, {\"name\": \"strapi_transfer_token_permissions_token_lnk_ifk\", \"columns\": [\"transfer_token_id\"]}, {\"name\": \"strapi_transfer_token_permissions_token_lnk_uq\", \"type\": \"unique\", \"columns\": [\"transfer_token_permission_id\", \"transfer_token_id\"]}, {\"name\": \"strapi_transfer_token_permissions_token_lnk_oifk\", \"columns\": [\"transfer_token_permission_ord\"]}], \"foreignKeys\": [{\"name\": \"strapi_transfer_token_permissions_token_lnk_fk\", \"columns\": [\"transfer_token_permission_id\"], \"onDelete\": \"CASCADE\", \"referencedTable\": \"strapi_transfer_token_permissions\", \"referencedColumns\": [\"id\"]}, {\"name\": \"strapi_transfer_token_permissions_token_lnk_ifk\", \"columns\": [\"transfer_token_id\"], \"onDelete\": \"CASCADE\", \"referencedTable\": \"strapi_transfer_tokens\", \"referencedColumns\": [\"id\"]}]}]}', '2026-02-06 18:29:32', '45f15d6374a369af85f26f519e471c761ced000b46d3973b477d9a60ca66a8a0');

-- ----------------------------
-- Table structure for strapi_history_versions
-- ----------------------------
DROP TABLE IF EXISTS `strapi_history_versions`;
CREATE TABLE `strapi_history_versions`  (
  `id` int UNSIGNED NOT NULL AUTO_INCREMENT,
  `content_type` varchar(255) CHARACTER SET utf8mb3 COLLATE utf8mb3_general_ci NOT NULL,
  `related_document_id` varchar(255) CHARACTER SET utf8mb3 COLLATE utf8mb3_general_ci NULL DEFAULT NULL,
  `locale` varchar(255) CHARACTER SET utf8mb3 COLLATE utf8mb3_general_ci NULL DEFAULT NULL,
  `status` varchar(255) CHARACTER SET utf8mb3 COLLATE utf8mb3_general_ci NULL DEFAULT NULL,
  `data` json NULL,
  `schema` json NULL,
  `created_at` datetime(6) NULL DEFAULT NULL,
  `created_by_id` int UNSIGNED NULL DEFAULT NULL,
  PRIMARY KEY (`id`) USING BTREE,
  INDEX `strapi_history_versions_created_by_id_fk`(`created_by_id` ASC) USING BTREE,
  CONSTRAINT `strapi_history_versions_created_by_id_fk` FOREIGN KEY (`created_by_id`) REFERENCES `admin_users` (`id`) ON DELETE SET NULL ON UPDATE RESTRICT
) ENGINE = InnoDB AUTO_INCREMENT = 19 CHARACTER SET = utf8mb3 COLLATE = utf8mb3_general_ci ROW_FORMAT = DYNAMIC;

-- ----------------------------
-- Records of strapi_history_versions
-- ----------------------------
INSERT INTO `strapi_history_versions` VALUES (1, 'api::achievement-type.achievement-type', 'u80hojhjvjojx39frhn7gbq7', NULL, 'published', '{\"id\": 1, \"locale\": null, \"is_delete\": 0, \"type_code\": \"paper\", \"type_name\": \"论文\", \"documentId\": \"u80hojhjvjojx39frhn7gbq7\", \"description\": \"成果物类型为论文\", \"achievement_mains_id\": [], \"achievement_field_defs_id\": []}', '{\"locale\": {\"type\": \"string\", \"private\": true, \"visible\": false, \"writable\": true, \"configurable\": false}, \"is_delete\": {\"max\": 1, \"min\": 0, \"type\": \"integer\", \"default\": 0, \"required\": true}, \"type_code\": {\"type\": \"string\", \"unique\": true, \"required\": true}, \"type_name\": {\"type\": \"string\", \"unique\": true, \"required\": true}, \"description\": {\"type\": \"text\"}, \"localizations\": {\"type\": \"relation\", \"target\": \"api::achievement-type.achievement-type\", \"private\": true, \"visible\": false, \"relation\": \"oneToMany\", \"writable\": false, \"joinColumn\": {\"name\": \"document_id\", \"referencedTable\": \"achievement_types\", \"referencedColumn\": \"document_id\"}, \"configurable\": false, \"unstable_virtual\": true}, \"achievement_mains_id\": {\"type\": \"relation\", \"target\": \"api::achievement-main.achievement-main\", \"mappedBy\": \"achievement_type_id\", \"relation\": \"oneToMany\"}, \"achievement_field_defs_id\": {\"type\": \"relation\", \"target\": \"api::achievement-field-def.achievement-field-def\", \"mappedBy\": \"achievement_type_id\", \"relation\": \"oneToMany\"}}', '2025-12-04 10:28:59.539000', 1);
INSERT INTO `strapi_history_versions` VALUES (2, 'api::achievement-type.achievement-type', 'u80hojhjvjojx39frhn7gbq7', NULL, 'published', '{\"id\": 1, \"locale\": null, \"is_delete\": 0, \"type_code\": \"paper\", \"type_name\": \"论文\", \"documentId\": \"u80hojhjvjojx39frhn7gbq7\", \"description\": \"成果物类型为论文\", \"achievement_mains_id\": [], \"achievement_field_defs_id\": []}', '{\"locale\": {\"type\": \"string\", \"private\": true, \"visible\": false, \"writable\": true, \"configurable\": false}, \"is_delete\": {\"max\": 1, \"min\": 0, \"type\": \"integer\", \"default\": 0, \"required\": true}, \"type_code\": {\"type\": \"string\", \"unique\": true, \"required\": true}, \"type_name\": {\"type\": \"string\", \"unique\": true, \"required\": true}, \"description\": {\"type\": \"text\"}, \"localizations\": {\"type\": \"relation\", \"target\": \"api::achievement-type.achievement-type\", \"private\": true, \"visible\": false, \"relation\": \"oneToMany\", \"writable\": false, \"joinColumn\": {\"name\": \"document_id\", \"referencedTable\": \"achievement_types\", \"referencedColumn\": \"document_id\"}, \"configurable\": false, \"unstable_virtual\": true}, \"achievement_mains_id\": {\"type\": \"relation\", \"target\": \"api::achievement-main.achievement-main\", \"mappedBy\": \"achievement_type_id\", \"relation\": \"oneToMany\"}, \"achievement_field_defs_id\": {\"type\": \"relation\", \"target\": \"api::achievement-field-def.achievement-field-def\", \"mappedBy\": \"achievement_type_id\", \"relation\": \"oneToMany\"}}', '2025-12-04 10:28:59.541000', 1);
INSERT INTO `strapi_history_versions` VALUES (3, 'api::achievement-field-def.achievement-field-def', 'xeh44d8sskr4ruv99pmc04ax', NULL, 'published', '{\"id\": 1, \"locale\": null, \"is_delete\": 0, \"documentId\": \"xeh44d8sskr4ruv99pmc04ax\", \"field_code\": \"paper_name\", \"field_name\": \"论文名称\", \"field_type\": \"text\", \"description\": null, \"is_required\": 0, \"achievement_type_id\": {\"locale\": null, \"documentId\": \"u80hojhjvjojx39frhn7gbq7\", \"publishedAt\": null}, \"achievement_field_value_id\": null}', '{\"locale\": {\"type\": \"string\", \"private\": true, \"visible\": false, \"writable\": true, \"configurable\": false}, \"is_delete\": {\"max\": 1, \"min\": 0, \"type\": \"integer\", \"default\": 0, \"required\": true}, \"field_code\": {\"type\": \"string\", \"required\": true}, \"field_name\": {\"type\": \"string\", \"required\": true}, \"field_type\": {\"type\": \"string\", \"required\": true}, \"description\": {\"type\": \"text\"}, \"is_required\": {\"max\": 1, \"min\": 0, \"type\": \"integer\", \"default\": 1, \"required\": true}, \"localizations\": {\"type\": \"relation\", \"target\": \"api::achievement-field-def.achievement-field-def\", \"private\": true, \"visible\": false, \"relation\": \"oneToMany\", \"writable\": false, \"joinColumn\": {\"name\": \"document_id\", \"referencedTable\": \"achievement_field_defs\", \"referencedColumn\": \"document_id\"}, \"configurable\": false, \"unstable_virtual\": true}, \"achievement_type_id\": {\"type\": \"relation\", \"target\": \"api::achievement-type.achievement-type\", \"relation\": \"manyToOne\", \"inversedBy\": \"achievement_field_defs_id\"}, \"achievement_field_value_id\": {\"type\": \"relation\", \"target\": \"api::achievement-field-value.achievement-field-value\", \"relation\": \"oneToOne\", \"inversedBy\": \"achievement_field_def_id\"}}', '2025-12-04 10:29:56.512000', 1);
INSERT INTO `strapi_history_versions` VALUES (4, 'api::achievement-field-def.achievement-field-def', 'xeh44d8sskr4ruv99pmc04ax', NULL, 'published', '{\"id\": 1, \"locale\": null, \"is_delete\": 0, \"documentId\": \"xeh44d8sskr4ruv99pmc04ax\", \"field_code\": \"paper_name\", \"field_name\": \"论文名称\", \"field_type\": \"text\", \"description\": null, \"is_required\": 0, \"achievement_type_id\": {\"locale\": null, \"documentId\": \"u80hojhjvjojx39frhn7gbq7\", \"publishedAt\": null}, \"achievement_field_value_id\": null}', '{\"locale\": {\"type\": \"string\", \"private\": true, \"visible\": false, \"writable\": true, \"configurable\": false}, \"is_delete\": {\"max\": 1, \"min\": 0, \"type\": \"integer\", \"default\": 0, \"required\": true}, \"field_code\": {\"type\": \"string\", \"required\": true}, \"field_name\": {\"type\": \"string\", \"required\": true}, \"field_type\": {\"type\": \"string\", \"required\": true}, \"description\": {\"type\": \"text\"}, \"is_required\": {\"max\": 1, \"min\": 0, \"type\": \"integer\", \"default\": 1, \"required\": true}, \"localizations\": {\"type\": \"relation\", \"target\": \"api::achievement-field-def.achievement-field-def\", \"private\": true, \"visible\": false, \"relation\": \"oneToMany\", \"writable\": false, \"joinColumn\": {\"name\": \"document_id\", \"referencedTable\": \"achievement_field_defs\", \"referencedColumn\": \"document_id\"}, \"configurable\": false, \"unstable_virtual\": true}, \"achievement_type_id\": {\"type\": \"relation\", \"target\": \"api::achievement-type.achievement-type\", \"relation\": \"manyToOne\", \"inversedBy\": \"achievement_field_defs_id\"}, \"achievement_field_value_id\": {\"type\": \"relation\", \"target\": \"api::achievement-field-value.achievement-field-value\", \"relation\": \"oneToOne\", \"inversedBy\": \"achievement_field_def_id\"}}', '2025-12-04 10:29:56.514000', 1);
INSERT INTO `strapi_history_versions` VALUES (5, 'api::achievement-field-def.achievement-field-def', 'agoears0sqxpnb7b6xbg5q90', NULL, 'published', '{\"id\": 3, \"locale\": null, \"is_delete\": 0, \"documentId\": \"agoears0sqxpnb7b6xbg5q90\", \"field_code\": \"paper_author1\", \"field_name\": \"论文第一作者\", \"field_type\": \"text\", \"description\": \"该篇论文的第一作者\", \"is_required\": 0, \"achievement_type_id\": {\"locale\": null, \"documentId\": \"u80hojhjvjojx39frhn7gbq7\", \"publishedAt\": null}, \"achievement_field_value_id\": null}', '{\"locale\": {\"type\": \"string\", \"private\": true, \"visible\": false, \"writable\": true, \"configurable\": false}, \"is_delete\": {\"max\": 1, \"min\": 0, \"type\": \"integer\", \"default\": 0, \"required\": true}, \"field_code\": {\"type\": \"string\", \"required\": true}, \"field_name\": {\"type\": \"string\", \"required\": true}, \"field_type\": {\"type\": \"string\", \"required\": true}, \"description\": {\"type\": \"text\"}, \"is_required\": {\"max\": 1, \"min\": 0, \"type\": \"integer\", \"default\": 1, \"required\": true}, \"localizations\": {\"type\": \"relation\", \"target\": \"api::achievement-field-def.achievement-field-def\", \"private\": true, \"visible\": false, \"relation\": \"oneToMany\", \"writable\": false, \"joinColumn\": {\"name\": \"document_id\", \"referencedTable\": \"achievement_field_defs\", \"referencedColumn\": \"document_id\"}, \"configurable\": false, \"unstable_virtual\": true}, \"achievement_type_id\": {\"type\": \"relation\", \"target\": \"api::achievement-type.achievement-type\", \"relation\": \"manyToOne\", \"inversedBy\": \"achievement_field_defs_id\"}, \"achievement_field_value_id\": {\"type\": \"relation\", \"target\": \"api::achievement-field-value.achievement-field-value\", \"relation\": \"oneToOne\", \"inversedBy\": \"achievement_field_def_id\"}}', '2025-12-04 10:31:46.673000', 1);
INSERT INTO `strapi_history_versions` VALUES (6, 'api::achievement-field-def.achievement-field-def', 'agoears0sqxpnb7b6xbg5q90', NULL, 'published', '{\"id\": 3, \"locale\": null, \"is_delete\": 0, \"documentId\": \"agoears0sqxpnb7b6xbg5q90\", \"field_code\": \"paper_author1\", \"field_name\": \"论文第一作者\", \"field_type\": \"text\", \"description\": \"该篇论文的第一作者\", \"is_required\": 0, \"achievement_type_id\": {\"locale\": null, \"documentId\": \"u80hojhjvjojx39frhn7gbq7\", \"publishedAt\": null}, \"achievement_field_value_id\": null}', '{\"locale\": {\"type\": \"string\", \"private\": true, \"visible\": false, \"writable\": true, \"configurable\": false}, \"is_delete\": {\"max\": 1, \"min\": 0, \"type\": \"integer\", \"default\": 0, \"required\": true}, \"field_code\": {\"type\": \"string\", \"required\": true}, \"field_name\": {\"type\": \"string\", \"required\": true}, \"field_type\": {\"type\": \"string\", \"required\": true}, \"description\": {\"type\": \"text\"}, \"is_required\": {\"max\": 1, \"min\": 0, \"type\": \"integer\", \"default\": 1, \"required\": true}, \"localizations\": {\"type\": \"relation\", \"target\": \"api::achievement-field-def.achievement-field-def\", \"private\": true, \"visible\": false, \"relation\": \"oneToMany\", \"writable\": false, \"joinColumn\": {\"name\": \"document_id\", \"referencedTable\": \"achievement_field_defs\", \"referencedColumn\": \"document_id\"}, \"configurable\": false, \"unstable_virtual\": true}, \"achievement_type_id\": {\"type\": \"relation\", \"target\": \"api::achievement-type.achievement-type\", \"relation\": \"manyToOne\", \"inversedBy\": \"achievement_field_defs_id\"}, \"achievement_field_value_id\": {\"type\": \"relation\", \"target\": \"api::achievement-field-value.achievement-field-value\", \"relation\": \"oneToOne\", \"inversedBy\": \"achievement_field_def_id\"}}', '2025-12-04 10:31:46.677000', 1);
INSERT INTO `strapi_history_versions` VALUES (7, 'api::achievement-main.achievement-main', 'kashrvfxl0ohti6xt3cp96ug', NULL, 'published', '{\"id\": 1, \"title\": \"深度学习研究论文\", \"locale\": null, \"summary\": \"......................\", \"is_delete\": 0, \"documentId\": \"kashrvfxl0ohti6xt3cp96ug\", \"achievement_status\": \"PENDING\", \"achievement_type_id\": {\"locale\": null, \"documentId\": \"u80hojhjvjojx39frhn7gbq7\", \"publishedAt\": null}, \"achievement_field_value_id\": []}', '{\"title\": {\"type\": \"string\", \"required\": true, \"maxLength\": 255}, \"locale\": {\"type\": \"string\", \"private\": true, \"visible\": false, \"writable\": true, \"configurable\": false}, \"summary\": {\"type\": \"text\"}, \"is_delete\": {\"max\": 1, \"min\": 0, \"type\": \"integer\", \"default\": 0, \"required\": true}, \"localizations\": {\"type\": \"relation\", \"target\": \"api::achievement-main.achievement-main\", \"private\": true, \"visible\": false, \"relation\": \"oneToMany\", \"writable\": false, \"joinColumn\": {\"name\": \"document_id\", \"referencedTable\": \"achievement_mains\", \"referencedColumn\": \"document_id\"}, \"configurable\": false, \"unstable_virtual\": true}, \"achievement_status\": {\"enum\": [\"PENDING\", \"REVIEWING\", \"APPROVED\", \"REJECTED\", \"NEED_MODIFY\"], \"type\": \"enumeration\", \"default\": \"PENDING\", \"required\": true}, \"achievement_type_id\": {\"type\": \"relation\", \"target\": \"api::achievement-type.achievement-type\", \"relation\": \"manyToOne\", \"inversedBy\": \"achievement_mains_id\"}, \"achievement_field_value_id\": {\"type\": \"relation\", \"target\": \"api::achievement-field-value.achievement-field-value\", \"mappedBy\": \"achievement_id\", \"relation\": \"oneToMany\"}}', '2025-12-04 10:34:08.689000', 1);
INSERT INTO `strapi_history_versions` VALUES (8, 'api::achievement-main.achievement-main', 'kashrvfxl0ohti6xt3cp96ug', NULL, 'published', '{\"id\": 1, \"title\": \"深度学习研究论文\", \"locale\": null, \"summary\": \"......................\", \"is_delete\": 0, \"documentId\": \"kashrvfxl0ohti6xt3cp96ug\", \"achievement_status\": \"PENDING\", \"achievement_type_id\": {\"locale\": null, \"documentId\": \"u80hojhjvjojx39frhn7gbq7\", \"publishedAt\": null}, \"achievement_field_value_id\": []}', '{\"title\": {\"type\": \"string\", \"required\": true, \"maxLength\": 255}, \"locale\": {\"type\": \"string\", \"private\": true, \"visible\": false, \"writable\": true, \"configurable\": false}, \"summary\": {\"type\": \"text\"}, \"is_delete\": {\"max\": 1, \"min\": 0, \"type\": \"integer\", \"default\": 0, \"required\": true}, \"localizations\": {\"type\": \"relation\", \"target\": \"api::achievement-main.achievement-main\", \"private\": true, \"visible\": false, \"relation\": \"oneToMany\", \"writable\": false, \"joinColumn\": {\"name\": \"document_id\", \"referencedTable\": \"achievement_mains\", \"referencedColumn\": \"document_id\"}, \"configurable\": false, \"unstable_virtual\": true}, \"achievement_status\": {\"enum\": [\"PENDING\", \"REVIEWING\", \"APPROVED\", \"REJECTED\", \"NEED_MODIFY\"], \"type\": \"enumeration\", \"default\": \"PENDING\", \"required\": true}, \"achievement_type_id\": {\"type\": \"relation\", \"target\": \"api::achievement-type.achievement-type\", \"relation\": \"manyToOne\", \"inversedBy\": \"achievement_mains_id\"}, \"achievement_field_value_id\": {\"type\": \"relation\", \"target\": \"api::achievement-field-value.achievement-field-value\", \"mappedBy\": \"achievement_id\", \"relation\": \"oneToMany\"}}', '2025-12-04 10:34:08.691000', 1);
INSERT INTO `strapi_history_versions` VALUES (9, 'api::achievement-field-value.achievement-field-value', 'f4gfyu5laa8efvxajqpb15ok', NULL, 'published', '{\"id\": 1, \"locale\": null, \"is_delete\": 0, \"date_value\": null, \"documentId\": \"f4gfyu5laa8efvxajqpb15ok\", \"text_value\": \"关于........的学术论文\", \"email_value\": null, \"media_value\": null, \"number_value\": null, \"boolean_value\": null, \"achievement_id\": {\"locale\": null, \"documentId\": \"kashrvfxl0ohti6xt3cp96ug\", \"publishedAt\": null}, \"achievement_field_def_id\": {\"locale\": null, \"documentId\": \"xeh44d8sskr4ruv99pmc04ax\", \"publishedAt\": null}}', '{\"locale\": {\"type\": \"string\", \"private\": true, \"visible\": false, \"writable\": true, \"configurable\": false}, \"is_delete\": {\"max\": 1, \"min\": 0, \"type\": \"integer\", \"default\": 0, \"required\": true}, \"date_value\": {\"type\": \"date\"}, \"text_value\": {\"type\": \"string\"}, \"email_value\": {\"type\": \"email\"}, \"media_value\": {\"type\": \"media\", \"multiple\": true, \"allowedTypes\": [\"images\", \"files\", \"videos\", \"audios\"]}, \"number_value\": {\"type\": \"decimal\"}, \"boolean_value\": {\"type\": \"boolean\"}, \"localizations\": {\"type\": \"relation\", \"target\": \"api::achievement-field-value.achievement-field-value\", \"private\": true, \"visible\": false, \"relation\": \"oneToMany\", \"writable\": false, \"joinColumn\": {\"name\": \"document_id\", \"referencedTable\": \"achievement_field_values\", \"referencedColumn\": \"document_id\"}, \"configurable\": false, \"unstable_virtual\": true}, \"achievement_id\": {\"type\": \"relation\", \"target\": \"api::achievement-main.achievement-main\", \"relation\": \"manyToOne\", \"inversedBy\": \"achievement_field_value_id\"}, \"achievement_field_def_id\": {\"type\": \"relation\", \"target\": \"api::achievement-field-def.achievement-field-def\", \"mappedBy\": \"achievement_field_value_id\", \"relation\": \"oneToOne\"}}', '2025-12-04 10:37:02.689000', 1);
INSERT INTO `strapi_history_versions` VALUES (10, 'api::achievement-field-value.achievement-field-value', 'f4gfyu5laa8efvxajqpb15ok', NULL, 'published', '{\"id\": 1, \"locale\": null, \"is_delete\": 0, \"date_value\": null, \"documentId\": \"f4gfyu5laa8efvxajqpb15ok\", \"text_value\": \"关于........的学术论文\", \"email_value\": null, \"media_value\": null, \"number_value\": null, \"boolean_value\": null, \"achievement_id\": {\"locale\": null, \"documentId\": \"kashrvfxl0ohti6xt3cp96ug\", \"publishedAt\": null}, \"achievement_field_def_id\": {\"locale\": null, \"documentId\": \"xeh44d8sskr4ruv99pmc04ax\", \"publishedAt\": null}}', '{\"locale\": {\"type\": \"string\", \"private\": true, \"visible\": false, \"writable\": true, \"configurable\": false}, \"is_delete\": {\"max\": 1, \"min\": 0, \"type\": \"integer\", \"default\": 0, \"required\": true}, \"date_value\": {\"type\": \"date\"}, \"text_value\": {\"type\": \"string\"}, \"email_value\": {\"type\": \"email\"}, \"media_value\": {\"type\": \"media\", \"multiple\": true, \"allowedTypes\": [\"images\", \"files\", \"videos\", \"audios\"]}, \"number_value\": {\"type\": \"decimal\"}, \"boolean_value\": {\"type\": \"boolean\"}, \"localizations\": {\"type\": \"relation\", \"target\": \"api::achievement-field-value.achievement-field-value\", \"private\": true, \"visible\": false, \"relation\": \"oneToMany\", \"writable\": false, \"joinColumn\": {\"name\": \"document_id\", \"referencedTable\": \"achievement_field_values\", \"referencedColumn\": \"document_id\"}, \"configurable\": false, \"unstable_virtual\": true}, \"achievement_id\": {\"type\": \"relation\", \"target\": \"api::achievement-main.achievement-main\", \"relation\": \"manyToOne\", \"inversedBy\": \"achievement_field_value_id\"}, \"achievement_field_def_id\": {\"type\": \"relation\", \"target\": \"api::achievement-field-def.achievement-field-def\", \"mappedBy\": \"achievement_field_value_id\", \"relation\": \"oneToOne\"}}', '2025-12-04 10:37:02.691000', 1);
INSERT INTO `strapi_history_versions` VALUES (11, 'api::achievement-field-def.achievement-field-def', 'agoears0sqxpnb7b6xbg5q90', NULL, 'modified', '{\"id\": 3, \"locale\": null, \"is_delete\": 0, \"documentId\": \"agoears0sqxpnb7b6xbg5q90\", \"field_code\": \"paper_author1\", \"field_name\": \"论文第一作者\", \"field_type\": \"text\", \"description\": \"该篇论文的第一作者\", \"is_required\": 0, \"achievement_type_id\": {\"locale\": null, \"documentId\": \"u80hojhjvjojx39frhn7gbq7\", \"publishedAt\": null}, \"achievement_field_value_id\": {\"locale\": null, \"documentId\": \"f4gfyu5laa8efvxajqpb15ok\", \"publishedAt\": null}}', '{\"locale\": {\"type\": \"string\", \"private\": true, \"visible\": false, \"writable\": true, \"configurable\": false}, \"is_delete\": {\"max\": 1, \"min\": 0, \"type\": \"integer\", \"default\": 0, \"required\": true}, \"field_code\": {\"type\": \"string\", \"required\": true}, \"field_name\": {\"type\": \"string\", \"required\": true}, \"field_type\": {\"type\": \"string\", \"required\": true}, \"description\": {\"type\": \"text\"}, \"is_required\": {\"max\": 1, \"min\": 0, \"type\": \"integer\", \"default\": 1, \"required\": true}, \"localizations\": {\"type\": \"relation\", \"target\": \"api::achievement-field-def.achievement-field-def\", \"private\": true, \"visible\": false, \"relation\": \"oneToMany\", \"writable\": false, \"joinColumn\": {\"name\": \"document_id\", \"referencedTable\": \"achievement_field_defs\", \"referencedColumn\": \"document_id\"}, \"configurable\": false, \"unstable_virtual\": true}, \"achievement_type_id\": {\"type\": \"relation\", \"target\": \"api::achievement-type.achievement-type\", \"relation\": \"manyToOne\", \"inversedBy\": \"achievement_field_defs_id\"}, \"achievement_field_value_id\": {\"type\": \"relation\", \"target\": \"api::achievement-field-value.achievement-field-value\", \"relation\": \"oneToOne\", \"inversedBy\": \"achievement_field_def_id\"}}', '2025-12-10 15:49:19.421000', 1);
INSERT INTO `strapi_history_versions` VALUES (12, 'api::achievement-field-def.achievement-field-def', 'agoears0sqxpnb7b6xbg5q90', NULL, 'published', '{\"id\": 3, \"locale\": null, \"is_delete\": 0, \"documentId\": \"agoears0sqxpnb7b6xbg5q90\", \"field_code\": \"paper_author1\", \"field_name\": \"论文第一作者\", \"field_type\": \"text\", \"description\": \"该篇论文的第一作者\", \"is_required\": 0, \"achievement_type_id\": {\"locale\": null, \"documentId\": \"u80hojhjvjojx39frhn7gbq7\", \"publishedAt\": null}, \"achievement_field_value_id\": {\"locale\": null, \"documentId\": \"f4gfyu5laa8efvxajqpb15ok\", \"publishedAt\": null}}', '{\"locale\": {\"type\": \"string\", \"private\": true, \"visible\": false, \"writable\": true, \"configurable\": false}, \"is_delete\": {\"max\": 1, \"min\": 0, \"type\": \"integer\", \"default\": 0, \"required\": true}, \"field_code\": {\"type\": \"string\", \"required\": true}, \"field_name\": {\"type\": \"string\", \"required\": true}, \"field_type\": {\"type\": \"string\", \"required\": true}, \"description\": {\"type\": \"text\"}, \"is_required\": {\"max\": 1, \"min\": 0, \"type\": \"integer\", \"default\": 1, \"required\": true}, \"localizations\": {\"type\": \"relation\", \"target\": \"api::achievement-field-def.achievement-field-def\", \"private\": true, \"visible\": false, \"relation\": \"oneToMany\", \"writable\": false, \"joinColumn\": {\"name\": \"document_id\", \"referencedTable\": \"achievement_field_defs\", \"referencedColumn\": \"document_id\"}, \"configurable\": false, \"unstable_virtual\": true}, \"achievement_type_id\": {\"type\": \"relation\", \"target\": \"api::achievement-type.achievement-type\", \"relation\": \"manyToOne\", \"inversedBy\": \"achievement_field_defs_id\"}, \"achievement_field_value_id\": {\"type\": \"relation\", \"target\": \"api::achievement-field-value.achievement-field-value\", \"relation\": \"oneToOne\", \"inversedBy\": \"achievement_field_def_id\"}}', '2025-12-10 15:49:21.767000', 1);
INSERT INTO `strapi_history_versions` VALUES (13, 'api::achievement-field-def.achievement-field-def', 'agoears0sqxpnb7b6xbg5q90', NULL, 'published', '{\"id\": 3, \"locale\": null, \"is_delete\": 0, \"documentId\": \"agoears0sqxpnb7b6xbg5q90\", \"field_code\": \"paper_author1\", \"field_name\": \"论文第一作者\", \"field_type\": \"text\", \"description\": \"该篇论文的第一作者\", \"is_required\": 0, \"achievement_type_id\": {\"locale\": null, \"documentId\": \"u80hojhjvjojx39frhn7gbq7\", \"publishedAt\": null}, \"achievement_field_value_id\": {\"locale\": null, \"documentId\": \"f4gfyu5laa8efvxajqpb15ok\", \"publishedAt\": null}}', '{\"locale\": {\"type\": \"string\", \"private\": true, \"visible\": false, \"writable\": true, \"configurable\": false}, \"is_delete\": {\"max\": 1, \"min\": 0, \"type\": \"integer\", \"default\": 0, \"required\": true}, \"field_code\": {\"type\": \"string\", \"required\": true}, \"field_name\": {\"type\": \"string\", \"required\": true}, \"field_type\": {\"type\": \"string\", \"required\": true}, \"description\": {\"type\": \"text\"}, \"is_required\": {\"max\": 1, \"min\": 0, \"type\": \"integer\", \"default\": 1, \"required\": true}, \"localizations\": {\"type\": \"relation\", \"target\": \"api::achievement-field-def.achievement-field-def\", \"private\": true, \"visible\": false, \"relation\": \"oneToMany\", \"writable\": false, \"joinColumn\": {\"name\": \"document_id\", \"referencedTable\": \"achievement_field_defs\", \"referencedColumn\": \"document_id\"}, \"configurable\": false, \"unstable_virtual\": true}, \"achievement_type_id\": {\"type\": \"relation\", \"target\": \"api::achievement-type.achievement-type\", \"relation\": \"manyToOne\", \"inversedBy\": \"achievement_field_defs_id\"}, \"achievement_field_value_id\": {\"type\": \"relation\", \"target\": \"api::achievement-field-value.achievement-field-value\", \"relation\": \"oneToOne\", \"inversedBy\": \"achievement_field_def_id\"}}', '2025-12-10 15:49:21.772000', 1);
INSERT INTO `strapi_history_versions` VALUES (14, 'api::achievement-field-def.achievement-field-def', 'agoears0sqxpnb7b6xbg5q90', NULL, 'modified', '{\"id\": 3, \"locale\": null, \"is_delete\": 0, \"documentId\": \"agoears0sqxpnb7b6xbg5q90\", \"field_code\": \"paper_author1\", \"field_name\": \"论文第一作者\", \"field_type\": \"text\", \"description\": \"该篇论文的第一作者\", \"is_required\": 0, \"achievement_type_id\": {\"locale\": null, \"documentId\": \"u80hojhjvjojx39frhn7gbq7\", \"publishedAt\": null}, \"achievement_field_value_id\": null}', '{\"locale\": {\"type\": \"string\", \"private\": true, \"visible\": false, \"writable\": true, \"configurable\": false}, \"is_delete\": {\"max\": 1, \"min\": 0, \"type\": \"integer\", \"default\": 0, \"required\": true}, \"field_code\": {\"type\": \"string\", \"required\": true}, \"field_name\": {\"type\": \"string\", \"required\": true}, \"field_type\": {\"type\": \"string\", \"required\": true}, \"description\": {\"type\": \"text\"}, \"is_required\": {\"max\": 1, \"min\": 0, \"type\": \"integer\", \"default\": 1, \"required\": true}, \"localizations\": {\"type\": \"relation\", \"target\": \"api::achievement-field-def.achievement-field-def\", \"private\": true, \"visible\": false, \"relation\": \"oneToMany\", \"writable\": false, \"joinColumn\": {\"name\": \"document_id\", \"referencedTable\": \"achievement_field_defs\", \"referencedColumn\": \"document_id\"}, \"configurable\": false, \"unstable_virtual\": true}, \"achievement_type_id\": {\"type\": \"relation\", \"target\": \"api::achievement-type.achievement-type\", \"relation\": \"manyToOne\", \"inversedBy\": \"achievement_field_defs_id\"}, \"achievement_field_value_id\": {\"type\": \"relation\", \"target\": \"api::achievement-field-value.achievement-field-value\", \"relation\": \"oneToOne\", \"inversedBy\": \"achievement_field_def_id\"}}', '2025-12-10 15:50:06.384000', 1);
INSERT INTO `strapi_history_versions` VALUES (15, 'api::achievement-field-def.achievement-field-def', 'agoears0sqxpnb7b6xbg5q90', NULL, 'published', '{\"id\": 3, \"locale\": null, \"is_delete\": 0, \"documentId\": \"agoears0sqxpnb7b6xbg5q90\", \"field_code\": \"paper_author1\", \"field_name\": \"论文第一作者\", \"field_type\": \"text\", \"description\": \"该篇论文的第一作者\", \"is_required\": 0, \"achievement_type_id\": {\"locale\": null, \"documentId\": \"u80hojhjvjojx39frhn7gbq7\", \"publishedAt\": null}, \"achievement_field_value_id\": null}', '{\"locale\": {\"type\": \"string\", \"private\": true, \"visible\": false, \"writable\": true, \"configurable\": false}, \"is_delete\": {\"max\": 1, \"min\": 0, \"type\": \"integer\", \"default\": 0, \"required\": true}, \"field_code\": {\"type\": \"string\", \"required\": true}, \"field_name\": {\"type\": \"string\", \"required\": true}, \"field_type\": {\"type\": \"string\", \"required\": true}, \"description\": {\"type\": \"text\"}, \"is_required\": {\"max\": 1, \"min\": 0, \"type\": \"integer\", \"default\": 1, \"required\": true}, \"localizations\": {\"type\": \"relation\", \"target\": \"api::achievement-field-def.achievement-field-def\", \"private\": true, \"visible\": false, \"relation\": \"oneToMany\", \"writable\": false, \"joinColumn\": {\"name\": \"document_id\", \"referencedTable\": \"achievement_field_defs\", \"referencedColumn\": \"document_id\"}, \"configurable\": false, \"unstable_virtual\": true}, \"achievement_type_id\": {\"type\": \"relation\", \"target\": \"api::achievement-type.achievement-type\", \"relation\": \"manyToOne\", \"inversedBy\": \"achievement_field_defs_id\"}, \"achievement_field_value_id\": {\"type\": \"relation\", \"target\": \"api::achievement-field-value.achievement-field-value\", \"relation\": \"oneToOne\", \"inversedBy\": \"achievement_field_def_id\"}}', '2025-12-10 15:50:08.155000', 1);
INSERT INTO `strapi_history_versions` VALUES (16, 'api::achievement-field-def.achievement-field-def', 'agoears0sqxpnb7b6xbg5q90', NULL, 'published', '{\"id\": 3, \"locale\": null, \"is_delete\": 0, \"documentId\": \"agoears0sqxpnb7b6xbg5q90\", \"field_code\": \"paper_author1\", \"field_name\": \"论文第一作者\", \"field_type\": \"text\", \"description\": \"该篇论文的第一作者\", \"is_required\": 0, \"achievement_type_id\": {\"locale\": null, \"documentId\": \"u80hojhjvjojx39frhn7gbq7\", \"publishedAt\": null}, \"achievement_field_value_id\": null}', '{\"locale\": {\"type\": \"string\", \"private\": true, \"visible\": false, \"writable\": true, \"configurable\": false}, \"is_delete\": {\"max\": 1, \"min\": 0, \"type\": \"integer\", \"default\": 0, \"required\": true}, \"field_code\": {\"type\": \"string\", \"required\": true}, \"field_name\": {\"type\": \"string\", \"required\": true}, \"field_type\": {\"type\": \"string\", \"required\": true}, \"description\": {\"type\": \"text\"}, \"is_required\": {\"max\": 1, \"min\": 0, \"type\": \"integer\", \"default\": 1, \"required\": true}, \"localizations\": {\"type\": \"relation\", \"target\": \"api::achievement-field-def.achievement-field-def\", \"private\": true, \"visible\": false, \"relation\": \"oneToMany\", \"writable\": false, \"joinColumn\": {\"name\": \"document_id\", \"referencedTable\": \"achievement_field_defs\", \"referencedColumn\": \"document_id\"}, \"configurable\": false, \"unstable_virtual\": true}, \"achievement_type_id\": {\"type\": \"relation\", \"target\": \"api::achievement-type.achievement-type\", \"relation\": \"manyToOne\", \"inversedBy\": \"achievement_field_defs_id\"}, \"achievement_field_value_id\": {\"type\": \"relation\", \"target\": \"api::achievement-field-value.achievement-field-value\", \"relation\": \"oneToOne\", \"inversedBy\": \"achievement_field_def_id\"}}', '2025-12-10 15:50:08.162000', 1);
INSERT INTO `strapi_history_versions` VALUES (17, 'api::achievement-field-def.achievement-field-def', 'xeh44d8sskr4ruv99pmc04ax', NULL, 'published', '{\"id\": 1, \"locale\": null, \"is_delete\": 0, \"documentId\": \"xeh44d8sskr4ruv99pmc04ax\", \"field_code\": \"paper_name\", \"field_name\": \"论文名称\", \"field_type\": \"text\", \"description\": null, \"is_required\": 0, \"achievement_type_id\": {\"locale\": null, \"documentId\": \"u80hojhjvjojx39frhn7gbq7\", \"publishedAt\": null}, \"achievement_field_value_id\": {\"locale\": null, \"documentId\": \"f4gfyu5laa8efvxajqpb15ok\", \"publishedAt\": null}}', '{\"locale\": {\"type\": \"string\", \"private\": true, \"visible\": false, \"writable\": true, \"configurable\": false}, \"is_delete\": {\"max\": 1, \"min\": 0, \"type\": \"integer\", \"default\": 0, \"required\": true}, \"field_code\": {\"type\": \"string\", \"required\": true}, \"field_name\": {\"type\": \"string\", \"required\": true}, \"field_type\": {\"type\": \"string\", \"required\": true}, \"description\": {\"type\": \"text\"}, \"is_required\": {\"max\": 1, \"min\": 0, \"type\": \"integer\", \"default\": 1, \"required\": true}, \"localizations\": {\"type\": \"relation\", \"target\": \"api::achievement-field-def.achievement-field-def\", \"private\": true, \"visible\": false, \"relation\": \"oneToMany\", \"writable\": false, \"joinColumn\": {\"name\": \"document_id\", \"referencedTable\": \"achievement_field_defs\", \"referencedColumn\": \"document_id\"}, \"configurable\": false, \"unstable_virtual\": true}, \"achievement_type_id\": {\"type\": \"relation\", \"target\": \"api::achievement-type.achievement-type\", \"relation\": \"manyToOne\", \"inversedBy\": \"achievement_field_defs_id\"}, \"achievement_field_value_id\": {\"type\": \"relation\", \"target\": \"api::achievement-field-value.achievement-field-value\", \"relation\": \"oneToOne\", \"inversedBy\": \"achievement_field_def_id\"}}', '2025-12-10 15:51:21.750000', 1);
INSERT INTO `strapi_history_versions` VALUES (18, 'api::achievement-field-def.achievement-field-def', 'xeh44d8sskr4ruv99pmc04ax', NULL, 'published', '{\"id\": 1, \"locale\": null, \"is_delete\": 0, \"documentId\": \"xeh44d8sskr4ruv99pmc04ax\", \"field_code\": \"paper_name\", \"field_name\": \"论文名称\", \"field_type\": \"text\", \"description\": null, \"is_required\": 0, \"achievement_type_id\": {\"locale\": null, \"documentId\": \"u80hojhjvjojx39frhn7gbq7\", \"publishedAt\": null}, \"achievement_field_value_id\": {\"locale\": null, \"documentId\": \"f4gfyu5laa8efvxajqpb15ok\", \"publishedAt\": null}}', '{\"locale\": {\"type\": \"string\", \"private\": true, \"visible\": false, \"writable\": true, \"configurable\": false}, \"is_delete\": {\"max\": 1, \"min\": 0, \"type\": \"integer\", \"default\": 0, \"required\": true}, \"field_code\": {\"type\": \"string\", \"required\": true}, \"field_name\": {\"type\": \"string\", \"required\": true}, \"field_type\": {\"type\": \"string\", \"required\": true}, \"description\": {\"type\": \"text\"}, \"is_required\": {\"max\": 1, \"min\": 0, \"type\": \"integer\", \"default\": 1, \"required\": true}, \"localizations\": {\"type\": \"relation\", \"target\": \"api::achievement-field-def.achievement-field-def\", \"private\": true, \"visible\": false, \"relation\": \"oneToMany\", \"writable\": false, \"joinColumn\": {\"name\": \"document_id\", \"referencedTable\": \"achievement_field_defs\", \"referencedColumn\": \"document_id\"}, \"configurable\": false, \"unstable_virtual\": true}, \"achievement_type_id\": {\"type\": \"relation\", \"target\": \"api::achievement-type.achievement-type\", \"relation\": \"manyToOne\", \"inversedBy\": \"achievement_field_defs_id\"}, \"achievement_field_value_id\": {\"type\": \"relation\", \"target\": \"api::achievement-field-value.achievement-field-value\", \"relation\": \"oneToOne\", \"inversedBy\": \"achievement_field_def_id\"}}', '2025-12-10 15:51:21.757000', 1);

-- ----------------------------
-- Table structure for strapi_migrations
-- ----------------------------
DROP TABLE IF EXISTS `strapi_migrations`;
CREATE TABLE `strapi_migrations`  (
  `id` int UNSIGNED NOT NULL AUTO_INCREMENT,
  `name` varchar(255) CHARACTER SET utf8mb3 COLLATE utf8mb3_general_ci NULL DEFAULT NULL,
  `time` datetime NULL DEFAULT NULL,
  PRIMARY KEY (`id`) USING BTREE
) ENGINE = InnoDB AUTO_INCREMENT = 1 CHARACTER SET = utf8mb3 COLLATE = utf8mb3_general_ci ROW_FORMAT = DYNAMIC;

-- ----------------------------
-- Records of strapi_migrations
-- ----------------------------

-- ----------------------------
-- Table structure for strapi_migrations_internal
-- ----------------------------
DROP TABLE IF EXISTS `strapi_migrations_internal`;
CREATE TABLE `strapi_migrations_internal`  (
  `id` int UNSIGNED NOT NULL AUTO_INCREMENT,
  `name` varchar(255) CHARACTER SET utf8mb3 COLLATE utf8mb3_general_ci NULL DEFAULT NULL,
  `time` datetime NULL DEFAULT NULL,
  PRIMARY KEY (`id`) USING BTREE
) ENGINE = InnoDB AUTO_INCREMENT = 8 CHARACTER SET = utf8mb3 COLLATE = utf8mb3_general_ci ROW_FORMAT = DYNAMIC;

-- ----------------------------
-- Records of strapi_migrations_internal
-- ----------------------------
INSERT INTO `strapi_migrations_internal` VALUES (1, '5.0.0-rename-identifiers-longer-than-max-length', '2025-10-20 14:31:29');
INSERT INTO `strapi_migrations_internal` VALUES (2, '5.0.0-02-created-document-id', '2025-10-20 14:31:29');
INSERT INTO `strapi_migrations_internal` VALUES (3, '5.0.0-03-created-locale', '2025-10-20 14:31:30');
INSERT INTO `strapi_migrations_internal` VALUES (4, '5.0.0-04-created-published-at', '2025-10-20 14:31:30');
INSERT INTO `strapi_migrations_internal` VALUES (5, '5.0.0-05-drop-slug-fields-index', '2025-10-20 14:31:30');
INSERT INTO `strapi_migrations_internal` VALUES (6, 'core::5.0.0-discard-drafts', '2025-10-20 14:31:30');
INSERT INTO `strapi_migrations_internal` VALUES (7, 'content-releases::5.0.0-add-entry-document-id-to-release-actions', '2025-10-20 14:31:30');

-- ----------------------------
-- Table structure for strapi_release_actions
-- ----------------------------
DROP TABLE IF EXISTS `strapi_release_actions`;
CREATE TABLE `strapi_release_actions`  (
  `id` int UNSIGNED NOT NULL AUTO_INCREMENT,
  `document_id` varchar(255) CHARACTER SET utf8mb3 COLLATE utf8mb3_general_ci NULL DEFAULT NULL,
  `type` varchar(255) CHARACTER SET utf8mb3 COLLATE utf8mb3_general_ci NULL DEFAULT NULL,
  `content_type` varchar(255) CHARACTER SET utf8mb3 COLLATE utf8mb3_general_ci NULL DEFAULT NULL,
  `entry_document_id` varchar(255) CHARACTER SET utf8mb3 COLLATE utf8mb3_general_ci NULL DEFAULT NULL,
  `locale` varchar(255) CHARACTER SET utf8mb3 COLLATE utf8mb3_general_ci NULL DEFAULT NULL,
  `is_entry_valid` tinyint(1) NULL DEFAULT NULL,
  `created_at` datetime(6) NULL DEFAULT NULL,
  `updated_at` datetime(6) NULL DEFAULT NULL,
  `published_at` datetime(6) NULL DEFAULT NULL,
  `created_by_id` int UNSIGNED NULL DEFAULT NULL,
  `updated_by_id` int UNSIGNED NULL DEFAULT NULL,
  PRIMARY KEY (`id`) USING BTREE,
  INDEX `strapi_release_actions_documents_idx`(`document_id` ASC, `locale` ASC, `published_at` ASC) USING BTREE,
  INDEX `strapi_release_actions_created_by_id_fk`(`created_by_id` ASC) USING BTREE,
  INDEX `strapi_release_actions_updated_by_id_fk`(`updated_by_id` ASC) USING BTREE,
  CONSTRAINT `strapi_release_actions_created_by_id_fk` FOREIGN KEY (`created_by_id`) REFERENCES `admin_users` (`id`) ON DELETE SET NULL ON UPDATE RESTRICT,
  CONSTRAINT `strapi_release_actions_updated_by_id_fk` FOREIGN KEY (`updated_by_id`) REFERENCES `admin_users` (`id`) ON DELETE SET NULL ON UPDATE RESTRICT
) ENGINE = InnoDB AUTO_INCREMENT = 1 CHARACTER SET = utf8mb3 COLLATE = utf8mb3_general_ci ROW_FORMAT = DYNAMIC;

-- ----------------------------
-- Records of strapi_release_actions
-- ----------------------------

-- ----------------------------
-- Table structure for strapi_release_actions_release_lnk
-- ----------------------------
DROP TABLE IF EXISTS `strapi_release_actions_release_lnk`;
CREATE TABLE `strapi_release_actions_release_lnk`  (
  `id` int UNSIGNED NOT NULL AUTO_INCREMENT,
  `release_action_id` int UNSIGNED NULL DEFAULT NULL,
  `release_id` int UNSIGNED NULL DEFAULT NULL,
  `release_action_ord` double UNSIGNED NULL DEFAULT NULL,
  PRIMARY KEY (`id`) USING BTREE,
  UNIQUE INDEX `strapi_release_actions_release_lnk_uq`(`release_action_id` ASC, `release_id` ASC) USING BTREE,
  INDEX `strapi_release_actions_release_lnk_fk`(`release_action_id` ASC) USING BTREE,
  INDEX `strapi_release_actions_release_lnk_ifk`(`release_id` ASC) USING BTREE,
  INDEX `strapi_release_actions_release_lnk_oifk`(`release_action_ord` ASC) USING BTREE,
  CONSTRAINT `strapi_release_actions_release_lnk_fk` FOREIGN KEY (`release_action_id`) REFERENCES `strapi_release_actions` (`id`) ON DELETE CASCADE ON UPDATE RESTRICT,
  CONSTRAINT `strapi_release_actions_release_lnk_ifk` FOREIGN KEY (`release_id`) REFERENCES `strapi_releases` (`id`) ON DELETE CASCADE ON UPDATE RESTRICT
) ENGINE = InnoDB AUTO_INCREMENT = 1 CHARACTER SET = utf8mb3 COLLATE = utf8mb3_general_ci ROW_FORMAT = DYNAMIC;

-- ----------------------------
-- Records of strapi_release_actions_release_lnk
-- ----------------------------

-- ----------------------------
-- Table structure for strapi_releases
-- ----------------------------
DROP TABLE IF EXISTS `strapi_releases`;
CREATE TABLE `strapi_releases`  (
  `id` int UNSIGNED NOT NULL AUTO_INCREMENT,
  `document_id` varchar(255) CHARACTER SET utf8mb3 COLLATE utf8mb3_general_ci NULL DEFAULT NULL,
  `name` varchar(255) CHARACTER SET utf8mb3 COLLATE utf8mb3_general_ci NULL DEFAULT NULL,
  `released_at` datetime(6) NULL DEFAULT NULL,
  `scheduled_at` datetime(6) NULL DEFAULT NULL,
  `timezone` varchar(255) CHARACTER SET utf8mb3 COLLATE utf8mb3_general_ci NULL DEFAULT NULL,
  `status` varchar(255) CHARACTER SET utf8mb3 COLLATE utf8mb3_general_ci NULL DEFAULT NULL,
  `created_at` datetime(6) NULL DEFAULT NULL,
  `updated_at` datetime(6) NULL DEFAULT NULL,
  `published_at` datetime(6) NULL DEFAULT NULL,
  `created_by_id` int UNSIGNED NULL DEFAULT NULL,
  `updated_by_id` int UNSIGNED NULL DEFAULT NULL,
  `locale` varchar(255) CHARACTER SET utf8mb3 COLLATE utf8mb3_general_ci NULL DEFAULT NULL,
  PRIMARY KEY (`id`) USING BTREE,
  INDEX `strapi_releases_documents_idx`(`document_id` ASC, `locale` ASC, `published_at` ASC) USING BTREE,
  INDEX `strapi_releases_created_by_id_fk`(`created_by_id` ASC) USING BTREE,
  INDEX `strapi_releases_updated_by_id_fk`(`updated_by_id` ASC) USING BTREE,
  CONSTRAINT `strapi_releases_created_by_id_fk` FOREIGN KEY (`created_by_id`) REFERENCES `admin_users` (`id`) ON DELETE SET NULL ON UPDATE RESTRICT,
  CONSTRAINT `strapi_releases_updated_by_id_fk` FOREIGN KEY (`updated_by_id`) REFERENCES `admin_users` (`id`) ON DELETE SET NULL ON UPDATE RESTRICT
) ENGINE = InnoDB AUTO_INCREMENT = 1 CHARACTER SET = utf8mb3 COLLATE = utf8mb3_general_ci ROW_FORMAT = DYNAMIC;

-- ----------------------------
-- Records of strapi_releases
-- ----------------------------

-- ----------------------------
-- Table structure for strapi_sessions
-- ----------------------------
DROP TABLE IF EXISTS `strapi_sessions`;
CREATE TABLE `strapi_sessions`  (
  `id` int UNSIGNED NOT NULL AUTO_INCREMENT,
  `document_id` varchar(255) CHARACTER SET utf8mb3 COLLATE utf8mb3_general_ci NULL DEFAULT NULL,
  `user_id` varchar(255) CHARACTER SET utf8mb3 COLLATE utf8mb3_general_ci NULL DEFAULT NULL,
  `session_id` varchar(255) CHARACTER SET utf8mb3 COLLATE utf8mb3_general_ci NULL DEFAULT NULL,
  `child_id` varchar(255) CHARACTER SET utf8mb3 COLLATE utf8mb3_general_ci NULL DEFAULT NULL,
  `device_id` varchar(255) CHARACTER SET utf8mb3 COLLATE utf8mb3_general_ci NULL DEFAULT NULL,
  `origin` varchar(255) CHARACTER SET utf8mb3 COLLATE utf8mb3_general_ci NULL DEFAULT NULL,
  `expires_at` datetime(6) NULL DEFAULT NULL,
  `absolute_expires_at` datetime(6) NULL DEFAULT NULL,
  `status` varchar(255) CHARACTER SET utf8mb3 COLLATE utf8mb3_general_ci NULL DEFAULT NULL,
  `type` varchar(255) CHARACTER SET utf8mb3 COLLATE utf8mb3_general_ci NULL DEFAULT NULL,
  `created_at` datetime(6) NULL DEFAULT NULL,
  `updated_at` datetime(6) NULL DEFAULT NULL,
  `published_at` datetime(6) NULL DEFAULT NULL,
  `created_by_id` int UNSIGNED NULL DEFAULT NULL,
  `updated_by_id` int UNSIGNED NULL DEFAULT NULL,
  `locale` varchar(255) CHARACTER SET utf8mb3 COLLATE utf8mb3_general_ci NULL DEFAULT NULL,
  PRIMARY KEY (`id`) USING BTREE,
  INDEX `strapi_sessions_documents_idx`(`document_id` ASC, `locale` ASC, `published_at` ASC) USING BTREE,
  INDEX `strapi_sessions_created_by_id_fk`(`created_by_id` ASC) USING BTREE,
  INDEX `strapi_sessions_updated_by_id_fk`(`updated_by_id` ASC) USING BTREE,
  CONSTRAINT `strapi_sessions_created_by_id_fk` FOREIGN KEY (`created_by_id`) REFERENCES `admin_users` (`id`) ON DELETE SET NULL ON UPDATE RESTRICT,
  CONSTRAINT `strapi_sessions_updated_by_id_fk` FOREIGN KEY (`updated_by_id`) REFERENCES `admin_users` (`id`) ON DELETE SET NULL ON UPDATE RESTRICT
) ENGINE = InnoDB AUTO_INCREMENT = 32 CHARACTER SET = utf8mb3 COLLATE = utf8mb3_general_ci ROW_FORMAT = DYNAMIC;

-- ----------------------------
-- Records of strapi_sessions
-- ----------------------------
INSERT INTO `strapi_sessions` VALUES (1, 'x24nwsjx439inanjt2j1r3kb', '1', '84b60754851733c4b39c37ba26da9d3a', 'ecba76444c8234a29ee26bb2894caebf', 'e0945217-4521-451e-a727-a92d5d49dcf9', 'admin', '2025-10-20 16:59:24.224000', '2025-11-19 14:59:24.224000', 'rotated', 'session', '2025-10-20 14:59:24.225000', '2025-10-20 15:30:19.284000', '2025-10-20 14:59:24.225000', NULL, NULL, NULL);
INSERT INTO `strapi_sessions` VALUES (2, 'hnxj4fjjp8iuj4cvh1ydcz5x', '1', 'ecba76444c8234a29ee26bb2894caebf', NULL, 'e0945217-4521-451e-a727-a92d5d49dcf9', 'admin', '2025-10-20 17:30:19.228000', '2025-11-19 14:59:24.224000', 'active', 'session', '2025-10-20 15:30:19.232000', '2025-10-20 15:30:19.232000', '2025-10-20 15:30:19.245000', NULL, NULL, NULL);
INSERT INTO `strapi_sessions` VALUES (3, 'yfc33b5vnmgz62xnmlix36dn', '1', '68125889fad494605290e544977dd553', NULL, 'e0945217-4521-451e-a727-a92d5d49dcf9', 'admin', '2025-11-06 10:29:24.214000', '2025-11-22 10:29:24.214000', 'active', 'refresh', '2025-10-23 10:29:24.214000', '2025-10-23 10:29:24.214000', '2025-10-23 10:29:24.215000', NULL, NULL, NULL);
INSERT INTO `strapi_sessions` VALUES (4, 'hmpgddx3cwysf5m1f6wmtq1u', '1', '031af59c7c8936bf9806b81221bb5a9b', NULL, 'e0945217-4521-451e-a727-a92d5d49dcf9', 'admin', '2025-12-01 22:44:01.533000', '2025-12-31 20:44:01.533000', 'active', 'session', '2025-12-01 20:44:01.533000', '2025-12-01 20:44:01.533000', '2025-12-01 20:44:01.534000', NULL, NULL, NULL);
INSERT INTO `strapi_sessions` VALUES (5, 'o57jnroih4nfbmder7ws0z2h', '1', 'a7808fe4dc1d1d9c7ddad7d2822179cc', NULL, 'e0945217-4521-451e-a727-a92d5d49dcf9', 'admin', '2025-12-03 16:14:37.801000', '2026-01-02 14:14:37.801000', 'active', 'session', '2025-12-03 14:14:37.801000', '2025-12-03 14:14:37.801000', '2025-12-03 14:14:37.802000', NULL, NULL, NULL);
INSERT INTO `strapi_sessions` VALUES (6, 'avmtrcfvn8oq1wala4z9yb0u', '1', '24f0d655756488a0039473f6c30ebac5', NULL, 'e0945217-4521-451e-a727-a92d5d49dcf9', 'admin', '2025-12-03 21:15:00.579000', '2026-01-02 19:15:00.579000', 'active', 'session', '2025-12-03 19:15:00.581000', '2025-12-03 19:15:00.581000', '2025-12-03 19:15:00.588000', NULL, NULL, NULL);
INSERT INTO `strapi_sessions` VALUES (7, 'uswtjdz0maynyt6g2mckbnwi', '1', 'df134fafdb1b58144029f72a681c688c', '6b46bfafe279b1633022b9b52839daf1', 'e0945217-4521-451e-a727-a92d5d49dcf9', 'admin', '2025-12-03 23:37:26.373000', '2026-01-02 21:37:26.373000', 'rotated', 'session', '2025-12-03 21:37:26.373000', '2025-12-03 22:11:51.497000', '2025-12-03 21:37:26.374000', NULL, NULL, NULL);
INSERT INTO `strapi_sessions` VALUES (8, 'qaxvutdm5yw0wfb8nemw74z1', '1', '6b46bfafe279b1633022b9b52839daf1', '7976d06a3930bd8369984e086922f231', 'e0945217-4521-451e-a727-a92d5d49dcf9', 'admin', '2025-12-04 00:11:51.489000', '2026-01-02 21:37:26.373000', 'rotated', 'session', '2025-12-03 22:11:51.489000', '2025-12-03 22:46:29.867000', '2025-12-03 22:11:51.490000', NULL, NULL, NULL);
INSERT INTO `strapi_sessions` VALUES (9, 'z6qn2vr577zu55ycxg91yb9y', '1', '7976d06a3930bd8369984e086922f231', NULL, 'e0945217-4521-451e-a727-a92d5d49dcf9', 'admin', '2025-12-04 00:46:29.847000', '2026-01-02 21:37:26.373000', 'active', 'session', '2025-12-03 22:46:29.847000', '2025-12-03 22:46:29.847000', '2025-12-03 22:46:29.848000', NULL, NULL, NULL);
INSERT INTO `strapi_sessions` VALUES (10, 'sdxur50t0quz3x9h3ghf6z7h', '1', '8210d581f93950963523b0c56dde330a', '791b080291f43f09c83641bf1e805d58', 'e0945217-4521-451e-a727-a92d5d49dcf9', 'admin', '2025-12-04 12:08:42.155000', '2026-01-03 10:08:42.155000', 'rotated', 'session', '2025-12-04 10:08:42.155000', '2025-12-04 10:41:50.858000', '2025-12-04 10:08:42.156000', NULL, NULL, NULL);
INSERT INTO `strapi_sessions` VALUES (11, 'mc5gw2z7wd1rvrm5zobnt7ln', '1', '791b080291f43f09c83641bf1e805d58', NULL, 'e0945217-4521-451e-a727-a92d5d49dcf9', 'admin', '2025-12-04 12:41:50.850000', '2026-01-03 10:08:42.155000', 'active', 'session', '2025-12-04 10:41:50.851000', '2025-12-04 10:41:50.851000', '2025-12-04 10:41:50.852000', NULL, NULL, NULL);
INSERT INTO `strapi_sessions` VALUES (12, 's87y4kweqp9dpf62x4nk6h0n', '1', 'bc8dfa487c678d5e978fdcce1e03ec49', NULL, '9ee61700-3e9f-4bd0-a036-e0cb9eb51815', 'admin', '2025-12-04 15:50:52.526000', '2026-01-03 13:50:52.526000', 'active', 'session', '2025-12-04 13:50:52.526000', '2025-12-04 13:50:52.526000', '2025-12-04 13:50:52.527000', NULL, NULL, NULL);
INSERT INTO `strapi_sessions` VALUES (13, 'rrcrwv9udywscaum0lb5lohf', '1', 'eba8ccb1a885b593f06201880d944acf', 'fe50bd1addf7d8ab9ce85f1cac89f231', '9ee61700-3e9f-4bd0-a036-e0cb9eb51815', 'admin', '2025-12-10 16:01:40.976000', '2026-01-09 14:01:40.976000', 'rotated', 'session', '2025-12-10 14:01:40.977000', '2025-12-10 14:33:07.045000', '2025-12-10 14:01:40.978000', NULL, NULL, NULL);
INSERT INTO `strapi_sessions` VALUES (14, 'npuuos1is5bp6n4ekqzein37', '1', 'fe50bd1addf7d8ab9ce85f1cac89f231', 'e64b34a0d8ae78a2e86c55d6690542f7', '9ee61700-3e9f-4bd0-a036-e0cb9eb51815', 'admin', '2025-12-10 16:33:07.027000', '2026-01-09 14:01:40.976000', 'rotated', 'session', '2025-12-10 14:33:07.027000', '2025-12-10 15:05:42.195000', '2025-12-10 14:33:07.031000', NULL, NULL, NULL);
INSERT INTO `strapi_sessions` VALUES (15, 'xexczbdvlsyi9mird5rl3762', '1', 'e64b34a0d8ae78a2e86c55d6690542f7', 'e1b8f724ac94236ef50dd0bd68c4d05a', '9ee61700-3e9f-4bd0-a036-e0cb9eb51815', 'admin', '2025-12-10 17:05:42.183000', '2026-01-09 14:01:40.976000', 'rotated', 'session', '2025-12-10 15:05:42.183000', '2025-12-10 15:48:21.798000', '2025-12-10 15:05:42.184000', NULL, NULL, NULL);
INSERT INTO `strapi_sessions` VALUES (16, 'kabdn6mij0cfyzufko9cbj1t', '1', 'e1b8f724ac94236ef50dd0bd68c4d05a', '0fbfb833e93e65a5fe46ccf6fd23e9d2', '9ee61700-3e9f-4bd0-a036-e0cb9eb51815', 'admin', '2025-12-10 17:48:21.769000', '2026-01-09 14:01:40.976000', 'rotated', 'session', '2025-12-10 15:48:21.770000', '2025-12-10 16:20:27.737000', '2025-12-10 15:48:21.776000', NULL, NULL, NULL);
INSERT INTO `strapi_sessions` VALUES (17, 'vv8sdvoprecbdyi2m7bjdvuy', '1', '0fbfb833e93e65a5fe46ccf6fd23e9d2', NULL, '9ee61700-3e9f-4bd0-a036-e0cb9eb51815', 'admin', '2025-12-10 18:20:27.711000', '2026-01-09 14:01:40.976000', 'active', 'session', '2025-12-10 16:20:27.714000', '2025-12-10 16:20:27.714000', '2025-12-10 16:20:27.718000', NULL, NULL, NULL);
INSERT INTO `strapi_sessions` VALUES (18, 'crjpxkjky1w5z4y4jy607n3c', '1', 'f17960b4ebe32b9d6cd831c6274647a5', '544836243a7956013103e21f8106514f', '9ee61700-3e9f-4bd0-a036-e0cb9eb51815', 'admin', '2025-12-29 15:01:16.354000', '2026-01-14 15:01:16.354000', 'rotated', 'refresh', '2025-12-15 15:01:16.355000', '2025-12-15 15:32:45.176000', '2025-12-15 15:01:16.357000', NULL, NULL, NULL);
INSERT INTO `strapi_sessions` VALUES (19, 'larz2pzjjbwla9pkc3z1tkwv', '1', '544836243a7956013103e21f8106514f', 'd6a34200ebe404c8dd6e91f0ebfab84c', '9ee61700-3e9f-4bd0-a036-e0cb9eb51815', 'admin', '2025-12-29 15:32:45.156000', '2026-01-14 15:01:16.354000', 'rotated', 'refresh', '2025-12-15 15:32:45.156000', '2025-12-15 16:04:49.261000', '2025-12-15 15:32:45.161000', NULL, NULL, NULL);
INSERT INTO `strapi_sessions` VALUES (20, 'x2ebwf6gqlca9js1af9u2uiw', '1', 'd6a34200ebe404c8dd6e91f0ebfab84c', NULL, '9ee61700-3e9f-4bd0-a036-e0cb9eb51815', 'admin', '2025-12-29 16:04:49.248000', '2026-01-14 15:01:16.354000', 'active', 'refresh', '2025-12-15 16:04:49.248000', '2025-12-15 16:04:49.248000', '2025-12-15 16:04:49.248000', NULL, NULL, NULL);
INSERT INTO `strapi_sessions` VALUES (21, 'vam3fd6x40w6y1q022zdua67', '1', 'ff29dc3bf87a92f3a1fb65932233fca6', NULL, 'ff03232f-3f96-4737-b135-de8fd7714280', 'admin', '2025-12-29 18:40:08.005000', '2026-01-14 18:40:08.005000', 'active', 'refresh', '2025-12-15 18:40:08.005000', '2025-12-15 18:40:08.005000', '2025-12-15 18:40:08.006000', NULL, NULL, NULL);
INSERT INTO `strapi_sessions` VALUES (22, 'uxlwxoxgwtjmur7dopwt5g79', '1', '466d02322fa6e20b605f045f047c5a78', NULL, 'ff03232f-3f96-4737-b135-de8fd7714280', 'admin', '2025-12-31 01:43:26.194000', '2026-01-29 23:43:26.194000', 'active', 'session', '2025-12-30 23:43:26.194000', '2025-12-30 23:43:26.194000', '2025-12-30 23:43:26.195000', NULL, NULL, NULL);
INSERT INTO `strapi_sessions` VALUES (23, 'bnelnrvrxmdumhi7v9002myi', '1', '6b1a6a335738b66c0476a1c088161b8c', '3fcf71379cc6d378e7c5eb973e30dd6c', 'e0945217-4521-451e-a727-a92d5d49dcf9', 'admin', '2026-01-25 00:44:10.731000', '2026-02-23 22:44:10.731000', 'rotated', 'session', '2026-01-24 22:44:10.731000', '2026-01-24 23:52:12.304000', '2026-01-24 22:44:10.732000', NULL, NULL, NULL);
INSERT INTO `strapi_sessions` VALUES (24, 'em8tp7dztuxxiqdngifuhb04', '1', '3fcf71379cc6d378e7c5eb973e30dd6c', NULL, 'e0945217-4521-451e-a727-a92d5d49dcf9', 'admin', '2026-01-25 01:52:12.292000', '2026-02-23 22:44:10.731000', 'active', 'session', '2026-01-24 23:52:12.293000', '2026-01-24 23:52:12.293000', '2026-01-24 23:52:12.294000', NULL, NULL, NULL);
INSERT INTO `strapi_sessions` VALUES (25, 'a3jxjta336vs3sr4xqp40q9p', '1', '2823e92ca98c981f59143ce25236b49a', NULL, 'e0945217-4521-451e-a727-a92d5d49dcf9', 'admin', '2026-01-28 17:01:27.545000', '2026-02-27 15:01:27.545000', 'active', 'session', '2026-01-28 15:01:27.545000', '2026-01-28 15:01:27.545000', '2026-01-28 15:01:27.546000', NULL, NULL, NULL);
INSERT INTO `strapi_sessions` VALUES (26, 'nxbzwufd575o7gz0de41y3u4', '1', '109666b3ca2cbe13b225fc330375c3f9', NULL, 'ff03232f-3f96-4737-b135-de8fd7714280', 'admin', '2026-01-30 13:37:36.834000', '2026-03-01 11:37:36.834000', 'active', 'session', '2026-01-30 11:37:36.834000', '2026-01-30 11:37:36.834000', '2026-01-30 11:37:36.834000', NULL, NULL, NULL);
INSERT INTO `strapi_sessions` VALUES (27, 'mfwfxlvvw7wnb1wpnku3yk6v', '1', '62b2800469c20c66d854edf0ee0f1f36', '53de1e1541b16f2fb2ae54e3ef31f450', 'e0945217-4521-451e-a727-a92d5d49dcf9', 'admin', '2026-02-06 15:58:55.104000', '2026-03-08 13:58:55.104000', 'rotated', 'session', '2026-02-06 13:58:55.105000', '2026-02-06 15:09:50.138000', '2026-02-06 13:58:55.109000', NULL, NULL, NULL);
INSERT INTO `strapi_sessions` VALUES (28, 'rwfv7ybzur61w8qbwxno0b4f', '1', '53de1e1541b16f2fb2ae54e3ef31f450', '68a2673b2742c7dbe7e74a4d477125c4', 'e0945217-4521-451e-a727-a92d5d49dcf9', 'admin', '2026-02-06 17:09:50.101000', '2026-03-08 13:58:55.104000', 'rotated', 'session', '2026-02-06 15:09:50.105000', '2026-02-06 16:05:52.067000', '2026-02-06 15:09:50.109000', NULL, NULL, NULL);
INSERT INTO `strapi_sessions` VALUES (29, 'nl4qab911yf21pf54yp0d0uv', '1', '68a2673b2742c7dbe7e74a4d477125c4', 'd26956a73e870ccba3bdf5aa714accee', 'e0945217-4521-451e-a727-a92d5d49dcf9', 'admin', '2026-02-06 18:05:52.056000', '2026-03-08 13:58:55.104000', 'rotated', 'session', '2026-02-06 16:05:52.057000', '2026-02-06 16:57:58.614000', '2026-02-06 16:05:52.058000', NULL, NULL, NULL);
INSERT INTO `strapi_sessions` VALUES (30, 'fxvtbc6a417wya40cb6skc4d', '1', 'd26956a73e870ccba3bdf5aa714accee', '110999b5e09ccdeabf0b2b1b40ced179', 'e0945217-4521-451e-a727-a92d5d49dcf9', 'admin', '2026-02-06 18:57:58.566000', '2026-03-08 13:58:55.104000', 'rotated', 'session', '2026-02-06 16:57:58.569000', '2026-02-06 18:21:50.063000', '2026-02-06 16:57:58.571000', NULL, NULL, NULL);
INSERT INTO `strapi_sessions` VALUES (31, 'zh8yq6slteisa6qbmgocs7vv', '1', '110999b5e09ccdeabf0b2b1b40ced179', NULL, 'e0945217-4521-451e-a727-a92d5d49dcf9', 'admin', '2026-02-06 20:21:49.884000', '2026-03-08 13:58:55.104000', 'active', 'session', '2026-02-06 18:21:49.896000', '2026-02-06 18:21:49.896000', '2026-02-06 18:21:49.938000', NULL, NULL, NULL);

-- ----------------------------
-- Table structure for strapi_transfer_token_permissions
-- ----------------------------
DROP TABLE IF EXISTS `strapi_transfer_token_permissions`;
CREATE TABLE `strapi_transfer_token_permissions`  (
  `id` int UNSIGNED NOT NULL AUTO_INCREMENT,
  `document_id` varchar(255) CHARACTER SET utf8mb3 COLLATE utf8mb3_general_ci NULL DEFAULT NULL,
  `action` varchar(255) CHARACTER SET utf8mb3 COLLATE utf8mb3_general_ci NULL DEFAULT NULL,
  `created_at` datetime(6) NULL DEFAULT NULL,
  `updated_at` datetime(6) NULL DEFAULT NULL,
  `published_at` datetime(6) NULL DEFAULT NULL,
  `created_by_id` int UNSIGNED NULL DEFAULT NULL,
  `updated_by_id` int UNSIGNED NULL DEFAULT NULL,
  `locale` varchar(255) CHARACTER SET utf8mb3 COLLATE utf8mb3_general_ci NULL DEFAULT NULL,
  PRIMARY KEY (`id`) USING BTREE,
  INDEX `strapi_transfer_token_permissions_documents_idx`(`document_id` ASC, `locale` ASC, `published_at` ASC) USING BTREE,
  INDEX `strapi_transfer_token_permissions_created_by_id_fk`(`created_by_id` ASC) USING BTREE,
  INDEX `strapi_transfer_token_permissions_updated_by_id_fk`(`updated_by_id` ASC) USING BTREE,
  CONSTRAINT `strapi_transfer_token_permissions_created_by_id_fk` FOREIGN KEY (`created_by_id`) REFERENCES `admin_users` (`id`) ON DELETE SET NULL ON UPDATE RESTRICT,
  CONSTRAINT `strapi_transfer_token_permissions_updated_by_id_fk` FOREIGN KEY (`updated_by_id`) REFERENCES `admin_users` (`id`) ON DELETE SET NULL ON UPDATE RESTRICT
) ENGINE = InnoDB AUTO_INCREMENT = 1 CHARACTER SET = utf8mb3 COLLATE = utf8mb3_general_ci ROW_FORMAT = DYNAMIC;

-- ----------------------------
-- Records of strapi_transfer_token_permissions
-- ----------------------------

-- ----------------------------
-- Table structure for strapi_transfer_token_permissions_token_lnk
-- ----------------------------
DROP TABLE IF EXISTS `strapi_transfer_token_permissions_token_lnk`;
CREATE TABLE `strapi_transfer_token_permissions_token_lnk`  (
  `id` int UNSIGNED NOT NULL AUTO_INCREMENT,
  `transfer_token_permission_id` int UNSIGNED NULL DEFAULT NULL,
  `transfer_token_id` int UNSIGNED NULL DEFAULT NULL,
  `transfer_token_permission_ord` double UNSIGNED NULL DEFAULT NULL,
  PRIMARY KEY (`id`) USING BTREE,
  UNIQUE INDEX `strapi_transfer_token_permissions_token_lnk_uq`(`transfer_token_permission_id` ASC, `transfer_token_id` ASC) USING BTREE,
  INDEX `strapi_transfer_token_permissions_token_lnk_fk`(`transfer_token_permission_id` ASC) USING BTREE,
  INDEX `strapi_transfer_token_permissions_token_lnk_ifk`(`transfer_token_id` ASC) USING BTREE,
  INDEX `strapi_transfer_token_permissions_token_lnk_oifk`(`transfer_token_permission_ord` ASC) USING BTREE,
  CONSTRAINT `strapi_transfer_token_permissions_token_lnk_fk` FOREIGN KEY (`transfer_token_permission_id`) REFERENCES `strapi_transfer_token_permissions` (`id`) ON DELETE CASCADE ON UPDATE RESTRICT,
  CONSTRAINT `strapi_transfer_token_permissions_token_lnk_ifk` FOREIGN KEY (`transfer_token_id`) REFERENCES `strapi_transfer_tokens` (`id`) ON DELETE CASCADE ON UPDATE RESTRICT
) ENGINE = InnoDB AUTO_INCREMENT = 1 CHARACTER SET = utf8mb3 COLLATE = utf8mb3_general_ci ROW_FORMAT = DYNAMIC;

-- ----------------------------
-- Records of strapi_transfer_token_permissions_token_lnk
-- ----------------------------

-- ----------------------------
-- Table structure for strapi_transfer_tokens
-- ----------------------------
DROP TABLE IF EXISTS `strapi_transfer_tokens`;
CREATE TABLE `strapi_transfer_tokens`  (
  `id` int UNSIGNED NOT NULL AUTO_INCREMENT,
  `document_id` varchar(255) CHARACTER SET utf8mb3 COLLATE utf8mb3_general_ci NULL DEFAULT NULL,
  `name` varchar(255) CHARACTER SET utf8mb3 COLLATE utf8mb3_general_ci NULL DEFAULT NULL,
  `description` varchar(255) CHARACTER SET utf8mb3 COLLATE utf8mb3_general_ci NULL DEFAULT NULL,
  `access_key` varchar(255) CHARACTER SET utf8mb3 COLLATE utf8mb3_general_ci NULL DEFAULT NULL,
  `last_used_at` datetime(6) NULL DEFAULT NULL,
  `expires_at` datetime(6) NULL DEFAULT NULL,
  `lifespan` bigint NULL DEFAULT NULL,
  `created_at` datetime(6) NULL DEFAULT NULL,
  `updated_at` datetime(6) NULL DEFAULT NULL,
  `published_at` datetime(6) NULL DEFAULT NULL,
  `created_by_id` int UNSIGNED NULL DEFAULT NULL,
  `updated_by_id` int UNSIGNED NULL DEFAULT NULL,
  `locale` varchar(255) CHARACTER SET utf8mb3 COLLATE utf8mb3_general_ci NULL DEFAULT NULL,
  PRIMARY KEY (`id`) USING BTREE,
  INDEX `strapi_transfer_tokens_documents_idx`(`document_id` ASC, `locale` ASC, `published_at` ASC) USING BTREE,
  INDEX `strapi_transfer_tokens_created_by_id_fk`(`created_by_id` ASC) USING BTREE,
  INDEX `strapi_transfer_tokens_updated_by_id_fk`(`updated_by_id` ASC) USING BTREE,
  CONSTRAINT `strapi_transfer_tokens_created_by_id_fk` FOREIGN KEY (`created_by_id`) REFERENCES `admin_users` (`id`) ON DELETE SET NULL ON UPDATE RESTRICT,
  CONSTRAINT `strapi_transfer_tokens_updated_by_id_fk` FOREIGN KEY (`updated_by_id`) REFERENCES `admin_users` (`id`) ON DELETE SET NULL ON UPDATE RESTRICT
) ENGINE = InnoDB AUTO_INCREMENT = 1 CHARACTER SET = utf8mb3 COLLATE = utf8mb3_general_ci ROW_FORMAT = DYNAMIC;

-- ----------------------------
-- Records of strapi_transfer_tokens
-- ----------------------------

-- ----------------------------
-- Table structure for strapi_webhooks
-- ----------------------------
DROP TABLE IF EXISTS `strapi_webhooks`;
CREATE TABLE `strapi_webhooks`  (
  `id` int UNSIGNED NOT NULL AUTO_INCREMENT,
  `name` varchar(255) CHARACTER SET utf8mb3 COLLATE utf8mb3_general_ci NULL DEFAULT NULL,
  `url` longtext CHARACTER SET utf8mb3 COLLATE utf8mb3_general_ci NULL,
  `headers` json NULL,
  `events` json NULL,
  `enabled` tinyint(1) NULL DEFAULT NULL,
  PRIMARY KEY (`id`) USING BTREE
) ENGINE = InnoDB AUTO_INCREMENT = 1 CHARACTER SET = utf8mb3 COLLATE = utf8mb3_general_ci ROW_FORMAT = DYNAMIC;

-- ----------------------------
-- Records of strapi_webhooks
-- ----------------------------

-- ----------------------------
-- Table structure for strapi_workflows
-- ----------------------------
DROP TABLE IF EXISTS `strapi_workflows`;
CREATE TABLE `strapi_workflows`  (
  `id` int UNSIGNED NOT NULL AUTO_INCREMENT,
  `document_id` varchar(255) CHARACTER SET utf8mb3 COLLATE utf8mb3_general_ci NULL DEFAULT NULL,
  `name` varchar(255) CHARACTER SET utf8mb3 COLLATE utf8mb3_general_ci NULL DEFAULT NULL,
  `content_types` json NULL,
  `created_at` datetime(6) NULL DEFAULT NULL,
  `updated_at` datetime(6) NULL DEFAULT NULL,
  `published_at` datetime(6) NULL DEFAULT NULL,
  `created_by_id` int UNSIGNED NULL DEFAULT NULL,
  `updated_by_id` int UNSIGNED NULL DEFAULT NULL,
  `locale` varchar(255) CHARACTER SET utf8mb3 COLLATE utf8mb3_general_ci NULL DEFAULT NULL,
  PRIMARY KEY (`id`) USING BTREE,
  INDEX `strapi_workflows_documents_idx`(`document_id` ASC, `locale` ASC, `published_at` ASC) USING BTREE,
  INDEX `strapi_workflows_created_by_id_fk`(`created_by_id` ASC) USING BTREE,
  INDEX `strapi_workflows_updated_by_id_fk`(`updated_by_id` ASC) USING BTREE,
  CONSTRAINT `strapi_workflows_created_by_id_fk` FOREIGN KEY (`created_by_id`) REFERENCES `admin_users` (`id`) ON DELETE SET NULL ON UPDATE RESTRICT,
  CONSTRAINT `strapi_workflows_updated_by_id_fk` FOREIGN KEY (`updated_by_id`) REFERENCES `admin_users` (`id`) ON DELETE SET NULL ON UPDATE RESTRICT
) ENGINE = InnoDB AUTO_INCREMENT = 1 CHARACTER SET = utf8mb3 COLLATE = utf8mb3_general_ci ROW_FORMAT = DYNAMIC;

-- ----------------------------
-- Records of strapi_workflows
-- ----------------------------

-- ----------------------------
-- Table structure for strapi_workflows_stage_required_to_publish_lnk
-- ----------------------------
DROP TABLE IF EXISTS `strapi_workflows_stage_required_to_publish_lnk`;
CREATE TABLE `strapi_workflows_stage_required_to_publish_lnk`  (
  `id` int UNSIGNED NOT NULL AUTO_INCREMENT,
  `workflow_id` int UNSIGNED NULL DEFAULT NULL,
  `workflow_stage_id` int UNSIGNED NULL DEFAULT NULL,
  PRIMARY KEY (`id`) USING BTREE,
  UNIQUE INDEX `strapi_workflows_stage_required_to_publish_lnk_uq`(`workflow_id` ASC, `workflow_stage_id` ASC) USING BTREE,
  INDEX `strapi_workflows_stage_required_to_publish_lnk_fk`(`workflow_id` ASC) USING BTREE,
  INDEX `strapi_workflows_stage_required_to_publish_lnk_ifk`(`workflow_stage_id` ASC) USING BTREE,
  CONSTRAINT `strapi_workflows_stage_required_to_publish_lnk_fk` FOREIGN KEY (`workflow_id`) REFERENCES `strapi_workflows` (`id`) ON DELETE CASCADE ON UPDATE RESTRICT,
  CONSTRAINT `strapi_workflows_stage_required_to_publish_lnk_ifk` FOREIGN KEY (`workflow_stage_id`) REFERENCES `strapi_workflows_stages` (`id`) ON DELETE CASCADE ON UPDATE RESTRICT
) ENGINE = InnoDB AUTO_INCREMENT = 1 CHARACTER SET = utf8mb3 COLLATE = utf8mb3_general_ci ROW_FORMAT = DYNAMIC;

-- ----------------------------
-- Records of strapi_workflows_stage_required_to_publish_lnk
-- ----------------------------

-- ----------------------------
-- Table structure for strapi_workflows_stages
-- ----------------------------
DROP TABLE IF EXISTS `strapi_workflows_stages`;
CREATE TABLE `strapi_workflows_stages`  (
  `id` int UNSIGNED NOT NULL AUTO_INCREMENT,
  `document_id` varchar(255) CHARACTER SET utf8mb3 COLLATE utf8mb3_general_ci NULL DEFAULT NULL,
  `name` varchar(255) CHARACTER SET utf8mb3 COLLATE utf8mb3_general_ci NULL DEFAULT NULL,
  `color` varchar(255) CHARACTER SET utf8mb3 COLLATE utf8mb3_general_ci NULL DEFAULT NULL,
  `created_at` datetime(6) NULL DEFAULT NULL,
  `updated_at` datetime(6) NULL DEFAULT NULL,
  `published_at` datetime(6) NULL DEFAULT NULL,
  `created_by_id` int UNSIGNED NULL DEFAULT NULL,
  `updated_by_id` int UNSIGNED NULL DEFAULT NULL,
  `locale` varchar(255) CHARACTER SET utf8mb3 COLLATE utf8mb3_general_ci NULL DEFAULT NULL,
  PRIMARY KEY (`id`) USING BTREE,
  INDEX `strapi_workflows_stages_documents_idx`(`document_id` ASC, `locale` ASC, `published_at` ASC) USING BTREE,
  INDEX `strapi_workflows_stages_created_by_id_fk`(`created_by_id` ASC) USING BTREE,
  INDEX `strapi_workflows_stages_updated_by_id_fk`(`updated_by_id` ASC) USING BTREE,
  CONSTRAINT `strapi_workflows_stages_created_by_id_fk` FOREIGN KEY (`created_by_id`) REFERENCES `admin_users` (`id`) ON DELETE SET NULL ON UPDATE RESTRICT,
  CONSTRAINT `strapi_workflows_stages_updated_by_id_fk` FOREIGN KEY (`updated_by_id`) REFERENCES `admin_users` (`id`) ON DELETE SET NULL ON UPDATE RESTRICT
) ENGINE = InnoDB AUTO_INCREMENT = 1 CHARACTER SET = utf8mb3 COLLATE = utf8mb3_general_ci ROW_FORMAT = DYNAMIC;

-- ----------------------------
-- Records of strapi_workflows_stages
-- ----------------------------

-- ----------------------------
-- Table structure for strapi_workflows_stages_permissions_lnk
-- ----------------------------
DROP TABLE IF EXISTS `strapi_workflows_stages_permissions_lnk`;
CREATE TABLE `strapi_workflows_stages_permissions_lnk`  (
  `id` int UNSIGNED NOT NULL AUTO_INCREMENT,
  `workflow_stage_id` int UNSIGNED NULL DEFAULT NULL,
  `permission_id` int UNSIGNED NULL DEFAULT NULL,
  `permission_ord` double UNSIGNED NULL DEFAULT NULL,
  PRIMARY KEY (`id`) USING BTREE,
  UNIQUE INDEX `strapi_workflows_stages_permissions_lnk_uq`(`workflow_stage_id` ASC, `permission_id` ASC) USING BTREE,
  INDEX `strapi_workflows_stages_permissions_lnk_fk`(`workflow_stage_id` ASC) USING BTREE,
  INDEX `strapi_workflows_stages_permissions_lnk_ifk`(`permission_id` ASC) USING BTREE,
  INDEX `strapi_workflows_stages_permissions_lnk_ofk`(`permission_ord` ASC) USING BTREE,
  CONSTRAINT `strapi_workflows_stages_permissions_lnk_fk` FOREIGN KEY (`workflow_stage_id`) REFERENCES `strapi_workflows_stages` (`id`) ON DELETE CASCADE ON UPDATE RESTRICT,
  CONSTRAINT `strapi_workflows_stages_permissions_lnk_ifk` FOREIGN KEY (`permission_id`) REFERENCES `admin_permissions` (`id`) ON DELETE CASCADE ON UPDATE RESTRICT
) ENGINE = InnoDB AUTO_INCREMENT = 1 CHARACTER SET = utf8mb3 COLLATE = utf8mb3_general_ci ROW_FORMAT = DYNAMIC;

-- ----------------------------
-- Records of strapi_workflows_stages_permissions_lnk
-- ----------------------------

-- ----------------------------
-- Table structure for strapi_workflows_stages_workflow_lnk
-- ----------------------------
DROP TABLE IF EXISTS `strapi_workflows_stages_workflow_lnk`;
CREATE TABLE `strapi_workflows_stages_workflow_lnk`  (
  `id` int UNSIGNED NOT NULL AUTO_INCREMENT,
  `workflow_stage_id` int UNSIGNED NULL DEFAULT NULL,
  `workflow_id` int UNSIGNED NULL DEFAULT NULL,
  `workflow_stage_ord` double UNSIGNED NULL DEFAULT NULL,
  PRIMARY KEY (`id`) USING BTREE,
  UNIQUE INDEX `strapi_workflows_stages_workflow_lnk_uq`(`workflow_stage_id` ASC, `workflow_id` ASC) USING BTREE,
  INDEX `strapi_workflows_stages_workflow_lnk_fk`(`workflow_stage_id` ASC) USING BTREE,
  INDEX `strapi_workflows_stages_workflow_lnk_ifk`(`workflow_id` ASC) USING BTREE,
  INDEX `strapi_workflows_stages_workflow_lnk_oifk`(`workflow_stage_ord` ASC) USING BTREE,
  CONSTRAINT `strapi_workflows_stages_workflow_lnk_fk` FOREIGN KEY (`workflow_stage_id`) REFERENCES `strapi_workflows_stages` (`id`) ON DELETE CASCADE ON UPDATE RESTRICT,
  CONSTRAINT `strapi_workflows_stages_workflow_lnk_ifk` FOREIGN KEY (`workflow_id`) REFERENCES `strapi_workflows` (`id`) ON DELETE CASCADE ON UPDATE RESTRICT
) ENGINE = InnoDB AUTO_INCREMENT = 1 CHARACTER SET = utf8mb3 COLLATE = utf8mb3_general_ci ROW_FORMAT = DYNAMIC;

-- ----------------------------
-- Records of strapi_workflows_stages_workflow_lnk
-- ----------------------------

-- ----------------------------
-- Table structure for up_permissions
-- ----------------------------
DROP TABLE IF EXISTS `up_permissions`;
CREATE TABLE `up_permissions`  (
  `id` int UNSIGNED NOT NULL AUTO_INCREMENT,
  `document_id` varchar(255) CHARACTER SET utf8mb3 COLLATE utf8mb3_general_ci NULL DEFAULT NULL,
  `action` varchar(255) CHARACTER SET utf8mb3 COLLATE utf8mb3_general_ci NULL DEFAULT NULL,
  `created_at` datetime(6) NULL DEFAULT NULL,
  `updated_at` datetime(6) NULL DEFAULT NULL,
  `published_at` datetime(6) NULL DEFAULT NULL,
  `created_by_id` int UNSIGNED NULL DEFAULT NULL,
  `updated_by_id` int UNSIGNED NULL DEFAULT NULL,
  `locale` varchar(255) CHARACTER SET utf8mb3 COLLATE utf8mb3_general_ci NULL DEFAULT NULL,
  PRIMARY KEY (`id`) USING BTREE,
  INDEX `up_permissions_documents_idx`(`document_id` ASC, `locale` ASC, `published_at` ASC) USING BTREE,
  INDEX `up_permissions_created_by_id_fk`(`created_by_id` ASC) USING BTREE,
  INDEX `up_permissions_updated_by_id_fk`(`updated_by_id` ASC) USING BTREE,
  CONSTRAINT `up_permissions_created_by_id_fk` FOREIGN KEY (`created_by_id`) REFERENCES `admin_users` (`id`) ON DELETE SET NULL ON UPDATE RESTRICT,
  CONSTRAINT `up_permissions_updated_by_id_fk` FOREIGN KEY (`updated_by_id`) REFERENCES `admin_users` (`id`) ON DELETE SET NULL ON UPDATE RESTRICT
) ENGINE = InnoDB AUTO_INCREMENT = 30 CHARACTER SET = utf8mb3 COLLATE = utf8mb3_general_ci ROW_FORMAT = DYNAMIC;

-- ----------------------------
-- Records of up_permissions
-- ----------------------------
INSERT INTO `up_permissions` VALUES (1, 'p7gw8lelxcssvq080zwhhy5j', 'plugin::users-permissions.user.me', '2025-10-20 14:31:34.463000', '2025-10-20 14:31:34.463000', '2025-10-20 14:31:34.464000', NULL, NULL, NULL);
INSERT INTO `up_permissions` VALUES (2, 'q5hnfh61bh2vmg6bhvkshczi', 'plugin::users-permissions.auth.changePassword', '2025-10-20 14:31:34.463000', '2025-10-20 14:31:34.463000', '2025-10-20 14:31:34.464000', NULL, NULL, NULL);
INSERT INTO `up_permissions` VALUES (3, 'na51teebncfqib16httur3sv', 'plugin::users-permissions.auth.callback', '2025-10-20 14:31:34.473000', '2025-10-20 14:31:34.473000', '2025-10-20 14:31:34.473000', NULL, NULL, NULL);
INSERT INTO `up_permissions` VALUES (4, 'xgpr7scmuatpxk4n7t2j98qx', 'plugin::users-permissions.auth.connect', '2025-10-20 14:31:34.473000', '2025-10-20 14:31:34.473000', '2025-10-20 14:31:34.473000', NULL, NULL, NULL);
INSERT INTO `up_permissions` VALUES (5, 's1zbj3wm0oe1g5b591y0p3w9', 'plugin::users-permissions.auth.forgotPassword', '2025-10-20 14:31:34.473000', '2025-10-20 14:31:34.473000', '2025-10-20 14:31:34.473000', NULL, NULL, NULL);
INSERT INTO `up_permissions` VALUES (6, 'wgf8xridx9uapgkoi2ra0hs9', 'plugin::users-permissions.auth.resetPassword', '2025-10-20 14:31:34.473000', '2025-10-20 14:31:34.473000', '2025-10-20 14:31:34.473000', NULL, NULL, NULL);
INSERT INTO `up_permissions` VALUES (7, 'f7slnfyql2vxm4wskasyhwtw', 'plugin::users-permissions.auth.register', '2025-10-20 14:31:34.473000', '2025-10-20 14:31:34.473000', '2025-10-20 14:31:34.473000', NULL, NULL, NULL);
INSERT INTO `up_permissions` VALUES (8, 'wqvcj9ap8v9wuv7m1b2s6kqt', 'plugin::users-permissions.auth.emailConfirmation', '2025-10-20 14:31:34.473000', '2025-10-20 14:31:34.473000', '2025-10-20 14:31:34.473000', NULL, NULL, NULL);
INSERT INTO `up_permissions` VALUES (9, 'qyhh39q3zxulfv882mwxmipq', 'plugin::users-permissions.auth.sendEmailConfirmation', '2025-10-20 14:31:34.473000', '2025-10-20 14:31:34.473000', '2025-10-20 14:31:34.473000', NULL, NULL, NULL);
INSERT INTO `up_permissions` VALUES (10, 'b0l3m8dzoom74eoglb304ia4', 'api::achievement-field-def.achievement-field-def.find', '2025-12-03 22:59:30.980000', '2025-12-03 22:59:30.980000', '2025-12-03 22:59:30.981000', NULL, NULL, NULL);
INSERT INTO `up_permissions` VALUES (11, 'prj5n8femsqca6z09temxkk7', 'api::achievement-field-def.achievement-field-def.findOne', '2025-12-03 22:59:30.980000', '2025-12-03 22:59:30.980000', '2025-12-03 22:59:30.981000', NULL, NULL, NULL);
INSERT INTO `up_permissions` VALUES (12, 'uklz9vbctjpm13rei3d599mx', 'api::achievement-field-def.achievement-field-def.create', '2025-12-03 22:59:30.980000', '2025-12-03 22:59:30.980000', '2025-12-03 22:59:30.981000', NULL, NULL, NULL);
INSERT INTO `up_permissions` VALUES (13, 'mfp719kgi2xrlnl7vso4ykk6', 'api::achievement-field-def.achievement-field-def.update', '2025-12-03 22:59:30.980000', '2025-12-03 22:59:30.980000', '2025-12-03 22:59:30.982000', NULL, NULL, NULL);
INSERT INTO `up_permissions` VALUES (14, 'ysc4ndg89h9slgz25lbofkqf', 'api::achievement-field-def.achievement-field-def.delete', '2025-12-03 22:59:30.980000', '2025-12-03 22:59:30.980000', '2025-12-03 22:59:30.982000', NULL, NULL, NULL);
INSERT INTO `up_permissions` VALUES (15, 'oaut8xxdwja10q7u3fupf6pl', 'api::achievement-field-value.achievement-field-value.find', '2025-12-03 22:59:30.980000', '2025-12-03 22:59:30.980000', '2025-12-03 22:59:30.982000', NULL, NULL, NULL);
INSERT INTO `up_permissions` VALUES (16, 'f2s0fi2lb781kb9yebbe33sg', 'api::achievement-field-value.achievement-field-value.findOne', '2025-12-03 22:59:30.980000', '2025-12-03 22:59:30.980000', '2025-12-03 22:59:30.983000', NULL, NULL, NULL);
INSERT INTO `up_permissions` VALUES (17, 'tzbogf3yno8saa3yrc6jbst9', 'api::achievement-field-value.achievement-field-value.create', '2025-12-03 22:59:30.980000', '2025-12-03 22:59:30.980000', '2025-12-03 22:59:30.983000', NULL, NULL, NULL);
INSERT INTO `up_permissions` VALUES (18, 'um364zj3gabhb8phtvg11nfy', 'api::achievement-field-value.achievement-field-value.update', '2025-12-03 22:59:30.980000', '2025-12-03 22:59:30.980000', '2025-12-03 22:59:30.984000', NULL, NULL, NULL);
INSERT INTO `up_permissions` VALUES (19, 'p0m8sxlz8xzt5ourejx1e74x', 'api::achievement-field-value.achievement-field-value.delete', '2025-12-03 22:59:30.980000', '2025-12-03 22:59:30.980000', '2025-12-03 22:59:30.985000', NULL, NULL, NULL);
INSERT INTO `up_permissions` VALUES (20, 'eq0yaa7goqt030tepotk36ua', 'api::achievement-main.achievement-main.find', '2025-12-03 22:59:30.980000', '2025-12-03 22:59:30.980000', '2025-12-03 22:59:30.985000', NULL, NULL, NULL);
INSERT INTO `up_permissions` VALUES (21, 'wv7eyjcwptczye6z8gu85lvv', 'api::achievement-main.achievement-main.findOne', '2025-12-03 22:59:30.980000', '2025-12-03 22:59:30.980000', '2025-12-03 22:59:30.986000', NULL, NULL, NULL);
INSERT INTO `up_permissions` VALUES (22, 'prkr4e3pogvwh8rkschlt4ec', 'api::achievement-main.achievement-main.create', '2025-12-03 22:59:30.980000', '2025-12-03 22:59:30.980000', '2025-12-03 22:59:30.986000', NULL, NULL, NULL);
INSERT INTO `up_permissions` VALUES (23, 'o7p75rw6uvbidtgqfbib3v5g', 'api::achievement-main.achievement-main.update', '2025-12-03 22:59:30.980000', '2025-12-03 22:59:30.980000', '2025-12-03 22:59:30.986000', NULL, NULL, NULL);
INSERT INTO `up_permissions` VALUES (24, 'ljpgtudndnk035m2973fl5ng', 'api::achievement-main.achievement-main.delete', '2025-12-03 22:59:30.980000', '2025-12-03 22:59:30.980000', '2025-12-03 22:59:30.986000', NULL, NULL, NULL);
INSERT INTO `up_permissions` VALUES (25, 'tzi3n5hbxkg4fc98cvo0dlgo', 'api::achievement-type.achievement-type.find', '2025-12-03 22:59:30.980000', '2025-12-03 22:59:30.980000', '2025-12-03 22:59:30.987000', NULL, NULL, NULL);
INSERT INTO `up_permissions` VALUES (26, 'w5aarswdowdxq0oqv3vdx8ta', 'api::achievement-type.achievement-type.findOne', '2025-12-03 22:59:30.980000', '2025-12-03 22:59:30.980000', '2025-12-03 22:59:30.987000', NULL, NULL, NULL);
INSERT INTO `up_permissions` VALUES (27, 'ae7gkj75rc2rpl2qm7zmepuw', 'api::achievement-type.achievement-type.create', '2025-12-03 22:59:30.980000', '2025-12-03 22:59:30.980000', '2025-12-03 22:59:30.987000', NULL, NULL, NULL);
INSERT INTO `up_permissions` VALUES (28, 'tejee2k8d6zq16es9eexu036', 'api::achievement-type.achievement-type.update', '2025-12-03 22:59:30.980000', '2025-12-03 22:59:30.980000', '2025-12-03 22:59:30.989000', NULL, NULL, NULL);
INSERT INTO `up_permissions` VALUES (29, 'q76f9voyzwx1c1prpsnsjaig', 'api::achievement-type.achievement-type.delete', '2025-12-03 22:59:30.980000', '2025-12-03 22:59:30.980000', '2025-12-03 22:59:30.989000', NULL, NULL, NULL);

-- ----------------------------
-- Table structure for up_permissions_role_lnk
-- ----------------------------
DROP TABLE IF EXISTS `up_permissions_role_lnk`;
CREATE TABLE `up_permissions_role_lnk`  (
  `id` int UNSIGNED NOT NULL AUTO_INCREMENT,
  `permission_id` int UNSIGNED NULL DEFAULT NULL,
  `role_id` int UNSIGNED NULL DEFAULT NULL,
  `permission_ord` double UNSIGNED NULL DEFAULT NULL,
  PRIMARY KEY (`id`) USING BTREE,
  UNIQUE INDEX `up_permissions_role_lnk_uq`(`permission_id` ASC, `role_id` ASC) USING BTREE,
  INDEX `up_permissions_role_lnk_fk`(`permission_id` ASC) USING BTREE,
  INDEX `up_permissions_role_lnk_ifk`(`role_id` ASC) USING BTREE,
  INDEX `up_permissions_role_lnk_oifk`(`permission_ord` ASC) USING BTREE,
  CONSTRAINT `up_permissions_role_lnk_fk` FOREIGN KEY (`permission_id`) REFERENCES `up_permissions` (`id`) ON DELETE CASCADE ON UPDATE RESTRICT,
  CONSTRAINT `up_permissions_role_lnk_ifk` FOREIGN KEY (`role_id`) REFERENCES `up_roles` (`id`) ON DELETE CASCADE ON UPDATE RESTRICT
) ENGINE = InnoDB AUTO_INCREMENT = 30 CHARACTER SET = utf8mb3 COLLATE = utf8mb3_general_ci ROW_FORMAT = DYNAMIC;

-- ----------------------------
-- Records of up_permissions_role_lnk
-- ----------------------------
INSERT INTO `up_permissions_role_lnk` VALUES (1, 1, 1, 1);
INSERT INTO `up_permissions_role_lnk` VALUES (2, 2, 1, 1);
INSERT INTO `up_permissions_role_lnk` VALUES (3, 3, 2, 1);
INSERT INTO `up_permissions_role_lnk` VALUES (4, 8, 2, 1);
INSERT INTO `up_permissions_role_lnk` VALUES (5, 6, 2, 1);
INSERT INTO `up_permissions_role_lnk` VALUES (6, 5, 2, 1);
INSERT INTO `up_permissions_role_lnk` VALUES (7, 9, 2, 1);
INSERT INTO `up_permissions_role_lnk` VALUES (8, 7, 2, 1);
INSERT INTO `up_permissions_role_lnk` VALUES (9, 4, 2, 1);
INSERT INTO `up_permissions_role_lnk` VALUES (10, 13, 2, 2);
INSERT INTO `up_permissions_role_lnk` VALUES (11, 12, 2, 2);
INSERT INTO `up_permissions_role_lnk` VALUES (12, 10, 2, 2);
INSERT INTO `up_permissions_role_lnk` VALUES (13, 14, 2, 2);
INSERT INTO `up_permissions_role_lnk` VALUES (14, 11, 2, 2);
INSERT INTO `up_permissions_role_lnk` VALUES (15, 15, 2, 2);
INSERT INTO `up_permissions_role_lnk` VALUES (16, 17, 2, 2);
INSERT INTO `up_permissions_role_lnk` VALUES (17, 16, 2, 2);
INSERT INTO `up_permissions_role_lnk` VALUES (18, 18, 2, 3);
INSERT INTO `up_permissions_role_lnk` VALUES (19, 19, 2, 3);
INSERT INTO `up_permissions_role_lnk` VALUES (20, 20, 2, 3);
INSERT INTO `up_permissions_role_lnk` VALUES (21, 21, 2, 3);
INSERT INTO `up_permissions_role_lnk` VALUES (22, 23, 2, 3);
INSERT INTO `up_permissions_role_lnk` VALUES (23, 22, 2, 3);
INSERT INTO `up_permissions_role_lnk` VALUES (24, 24, 2, 4);
INSERT INTO `up_permissions_role_lnk` VALUES (25, 25, 2, 4);
INSERT INTO `up_permissions_role_lnk` VALUES (26, 26, 2, 4);
INSERT INTO `up_permissions_role_lnk` VALUES (27, 27, 2, 4);
INSERT INTO `up_permissions_role_lnk` VALUES (28, 28, 2, 4);
INSERT INTO `up_permissions_role_lnk` VALUES (29, 29, 2, 4);

-- ----------------------------
-- Table structure for up_roles
-- ----------------------------
DROP TABLE IF EXISTS `up_roles`;
CREATE TABLE `up_roles`  (
  `id` int UNSIGNED NOT NULL AUTO_INCREMENT,
  `document_id` varchar(255) CHARACTER SET utf8mb3 COLLATE utf8mb3_general_ci NULL DEFAULT NULL,
  `name` varchar(255) CHARACTER SET utf8mb3 COLLATE utf8mb3_general_ci NULL DEFAULT NULL,
  `description` varchar(255) CHARACTER SET utf8mb3 COLLATE utf8mb3_general_ci NULL DEFAULT NULL,
  `type` varchar(255) CHARACTER SET utf8mb3 COLLATE utf8mb3_general_ci NULL DEFAULT NULL,
  `created_at` datetime(6) NULL DEFAULT NULL,
  `updated_at` datetime(6) NULL DEFAULT NULL,
  `published_at` datetime(6) NULL DEFAULT NULL,
  `created_by_id` int UNSIGNED NULL DEFAULT NULL,
  `updated_by_id` int UNSIGNED NULL DEFAULT NULL,
  `locale` varchar(255) CHARACTER SET utf8mb3 COLLATE utf8mb3_general_ci NULL DEFAULT NULL,
  PRIMARY KEY (`id`) USING BTREE,
  INDEX `up_roles_documents_idx`(`document_id` ASC, `locale` ASC, `published_at` ASC) USING BTREE,
  INDEX `up_roles_created_by_id_fk`(`created_by_id` ASC) USING BTREE,
  INDEX `up_roles_updated_by_id_fk`(`updated_by_id` ASC) USING BTREE,
  CONSTRAINT `up_roles_created_by_id_fk` FOREIGN KEY (`created_by_id`) REFERENCES `admin_users` (`id`) ON DELETE SET NULL ON UPDATE RESTRICT,
  CONSTRAINT `up_roles_updated_by_id_fk` FOREIGN KEY (`updated_by_id`) REFERENCES `admin_users` (`id`) ON DELETE SET NULL ON UPDATE RESTRICT
) ENGINE = InnoDB AUTO_INCREMENT = 6 CHARACTER SET = utf8mb3 COLLATE = utf8mb3_general_ci ROW_FORMAT = DYNAMIC;

-- ----------------------------
-- Records of up_roles
-- ----------------------------
INSERT INTO `up_roles` VALUES (1, 'g24zz2etk71kfd5hqe4mvkx2', 'Authenticated', 'Default role given to authenticated user.', 'authenticated', '2025-10-20 14:31:34.450000', '2025-10-20 14:31:34.450000', '2025-10-20 14:31:34.451000', NULL, NULL, NULL);
INSERT INTO `up_roles` VALUES (2, 'f91mykwxa19mz68io65xfmv1', 'Public', 'Default role given to unauthenticated user.', 'public', '2025-10-20 14:31:34.455000', '2025-12-04 10:42:04.328000', '2025-10-20 14:31:34.455000', NULL, NULL, NULL);
INSERT INTO `up_roles` VALUES (3, 'expert_role_doc_id_001', 'Expert', '专家角色，负责审核科研成果', 'expert', '2026-01-27 14:55:09.858807', '2026-01-27 14:55:09.858807', '2026-01-27 14:55:09.858807', NULL, NULL, NULL);
INSERT INTO `up_roles` VALUES (4, 'admin_role_doc_id_002', 'Administrator', '管理员角色，负责成果分配、用户管理等', 'administrator', '2026-01-27 14:55:09.864950', '2026-01-27 14:55:09.864950', '2026-01-27 14:55:09.864950', NULL, NULL, NULL);
INSERT INTO `up_roles` VALUES (5, 'researcher_role_doc_id_003', 'Researcher', '科研工作者角色，负责提交科研成果', 'researcher', '2026-01-27 14:55:09.866056', '2026-01-27 14:55:09.866056', '2026-01-27 14:55:09.866056', NULL, NULL, NULL);

-- ----------------------------
-- Table structure for up_users
-- ----------------------------
DROP TABLE IF EXISTS `up_users`;
CREATE TABLE `up_users`  (
  `id` int UNSIGNED NOT NULL AUTO_INCREMENT,
  `document_id` varchar(255) CHARACTER SET utf8mb3 COLLATE utf8mb3_general_ci NULL DEFAULT NULL,
  `username` varchar(255) CHARACTER SET utf8mb3 COLLATE utf8mb3_general_ci NULL DEFAULT NULL,
  `email` varchar(255) CHARACTER SET utf8mb3 COLLATE utf8mb3_general_ci NULL DEFAULT NULL,
  `provider` varchar(255) CHARACTER SET utf8mb3 COLLATE utf8mb3_general_ci NULL DEFAULT NULL,
  `password` varchar(255) CHARACTER SET utf8mb3 COLLATE utf8mb3_general_ci NULL DEFAULT NULL,
  `reset_password_token` varchar(255) CHARACTER SET utf8mb3 COLLATE utf8mb3_general_ci NULL DEFAULT NULL,
  `confirmation_token` varchar(255) CHARACTER SET utf8mb3 COLLATE utf8mb3_general_ci NULL DEFAULT NULL,
  `confirmed` tinyint(1) NULL DEFAULT NULL,
  `blocked` tinyint(1) NULL DEFAULT NULL,
  `created_at` datetime(6) NULL DEFAULT NULL,
  `updated_at` datetime(6) NULL DEFAULT NULL,
  `published_at` datetime(6) NULL DEFAULT NULL,
  `created_by_id` int UNSIGNED NULL DEFAULT NULL,
  `updated_by_id` int UNSIGNED NULL DEFAULT NULL,
  `locale` varchar(255) CHARACTER SET utf8mb3 COLLATE utf8mb3_general_ci NULL DEFAULT NULL,
  PRIMARY KEY (`id`) USING BTREE,
  INDEX `up_users_documents_idx`(`document_id` ASC, `locale` ASC, `published_at` ASC) USING BTREE,
  INDEX `up_users_created_by_id_fk`(`created_by_id` ASC) USING BTREE,
  INDEX `up_users_updated_by_id_fk`(`updated_by_id` ASC) USING BTREE,
  CONSTRAINT `up_users_created_by_id_fk` FOREIGN KEY (`created_by_id`) REFERENCES `admin_users` (`id`) ON DELETE SET NULL ON UPDATE RESTRICT,
  CONSTRAINT `up_users_updated_by_id_fk` FOREIGN KEY (`updated_by_id`) REFERENCES `admin_users` (`id`) ON DELETE SET NULL ON UPDATE RESTRICT
) ENGINE = InnoDB AUTO_INCREMENT = 19 CHARACTER SET = utf8mb3 COLLATE = utf8mb3_general_ci ROW_FORMAT = DYNAMIC;

-- ----------------------------
-- Records of up_users
-- ----------------------------
INSERT INTO `up_users` VALUES (1, 'user_researcher01', 'researcher01', 'researcher01@edu.cn', 'local', '$2a$10$XGCll08oJRf4nI6eXx19lemBbRDEgqc1I37HvmOgKw84RiFAAQKeW', NULL, NULL, 1, 0, '2026-01-27 14:55:09.878281', '2026-01-27 14:55:09.878281', '2026-01-27 14:55:09.878281', NULL, NULL, NULL);
INSERT INTO `up_users` VALUES (2, 'user_researcher02', 'researcher02', 'researcher02@edu.cn', 'local', '$2a$10$XGCll08oJRf4nI6eXx19lemBbRDEgqc1I37HvmOgKw84RiFAAQKeW', NULL, NULL, 1, 0, '2026-01-27 14:55:09.879260', '2026-01-27 14:55:09.879260', '2026-01-27 14:55:09.879260', NULL, NULL, NULL);
INSERT INTO `up_users` VALUES (3, 'user_researcher03', 'researcher03', 'researcher03@edu.cn', 'local', '$2a$10$XGCll08oJRf4nI6eXx19lemBbRDEgqc1I37HvmOgKw84RiFAAQKeW', NULL, NULL, 1, 0, '2026-01-27 14:55:09.880114', '2026-01-27 14:55:09.880114', '2026-01-27 14:55:09.880114', NULL, NULL, NULL);
INSERT INTO `up_users` VALUES (4, 'user_researcher04', 'researcher04', 'researcher04@edu.cn', 'local', '$2a$10$XGCll08oJRf4nI6eXx19lemBbRDEgqc1I37HvmOgKw84RiFAAQKeW', NULL, NULL, 1, 0, '2026-01-27 14:55:09.880903', '2026-01-27 14:55:09.880903', '2026-01-27 14:55:09.880903', NULL, NULL, NULL);
INSERT INTO `up_users` VALUES (5, 'user_researcher05', 'researcher05', 'researcher05@edu.cn', 'local', '$2a$10$XGCll08oJRf4nI6eXx19lemBbRDEgqc1I37HvmOgKw84RiFAAQKeW', NULL, NULL, 1, 0, '2026-01-27 14:55:09.881698', '2026-01-27 14:55:09.881698', '2026-01-27 14:55:09.881698', NULL, NULL, NULL);
INSERT INTO `up_users` VALUES (6, 'user_researcher06', 'researcher06', 'researcher06@edu.cn', 'local', '$2a$10$XGCll08oJRf4nI6eXx19lemBbRDEgqc1I37HvmOgKw84RiFAAQKeW', NULL, NULL, 1, 0, '2026-01-27 14:55:09.881991', '2026-01-27 14:55:09.881991', '2026-01-27 14:55:09.881991', NULL, NULL, NULL);
INSERT INTO `up_users` VALUES (7, 'user_researcher07', 'researcher07', 'researcher07@edu.cn', 'local', '$2a$10$XGCll08oJRf4nI6eXx19lemBbRDEgqc1I37HvmOgKw84RiFAAQKeW', NULL, NULL, 1, 0, '2026-01-27 14:55:09.882216', '2026-01-27 14:55:09.882216', '2026-01-27 14:55:09.882216', NULL, NULL, NULL);
INSERT INTO `up_users` VALUES (8, 'user_researcher08', 'researcher08', 'researcher08@edu.cn', 'local', '$2a$10$XGCll08oJRf4nI6eXx19lemBbRDEgqc1I37HvmOgKw84RiFAAQKeW', NULL, NULL, 1, 0, '2026-01-27 14:55:09.882435', '2026-01-27 14:55:09.882435', '2026-01-27 14:55:09.882435', NULL, NULL, NULL);
INSERT INTO `up_users` VALUES (9, 'user_researcher09', 'researcher09', 'researcher09@edu.cn', 'local', '$2a$10$XGCll08oJRf4nI6eXx19lemBbRDEgqc1I37HvmOgKw84RiFAAQKeW', NULL, NULL, 1, 0, '2026-01-27 14:55:09.882616', '2026-01-27 14:55:09.882616', '2026-01-27 14:55:09.882616', NULL, NULL, NULL);
INSERT INTO `up_users` VALUES (10, 'user_researcher10', 'researcher10', 'researcher10@edu.cn', 'local', '$2a$10$XGCll08oJRf4nI6eXx19lemBbRDEgqc1I37HvmOgKw84RiFAAQKeW', NULL, NULL, 1, 0, '2026-01-27 14:55:09.883018', '2026-01-27 14:55:09.883018', '2026-01-27 14:55:09.883018', NULL, NULL, NULL);
INSERT INTO `up_users` VALUES (11, 'user_expert01', 'expert01', 'expert01@edu.cn', 'local', '$2a$10$XGCll08oJRf4nI6eXx19lemBbRDEgqc1I37HvmOgKw84RiFAAQKeW', NULL, NULL, 1, 0, '2026-01-27 14:55:09.883465', '2026-01-27 14:55:09.883465', '2026-01-27 14:55:09.883465', NULL, NULL, NULL);
INSERT INTO `up_users` VALUES (12, 'user_expert02', 'expert02', 'expert02@edu.cn', 'local', '$2a$10$XGCll08oJRf4nI6eXx19lemBbRDEgqc1I37HvmOgKw84RiFAAQKeW', NULL, NULL, 1, 0, '2026-01-27 14:55:09.883662', '2026-01-27 14:55:09.883662', '2026-01-27 14:55:09.883662', NULL, NULL, NULL);
INSERT INTO `up_users` VALUES (13, 'user_expert03', 'expert03', 'expert03@edu.cn', 'local', '$2a$10$XGCll08oJRf4nI6eXx19lemBbRDEgqc1I37HvmOgKw84RiFAAQKeW', NULL, NULL, 1, 0, '2026-01-27 14:55:09.883910', '2026-01-27 14:55:09.883910', '2026-01-27 14:55:09.883910', NULL, NULL, NULL);
INSERT INTO `up_users` VALUES (14, 'user_expert04', 'expert04', 'expert04@edu.cn', 'local', '$2a$10$XGCll08oJRf4nI6eXx19lemBbRDEgqc1I37HvmOgKw84RiFAAQKeW', NULL, NULL, 1, 0, '2026-01-27 14:55:09.884116', '2026-01-27 14:55:09.884116', '2026-01-27 14:55:09.884116', NULL, NULL, NULL);
INSERT INTO `up_users` VALUES (15, 'user_expert05', 'expert05', 'expert05@edu.cn', 'local', '$2a$10$XGCll08oJRf4nI6eXx19lemBbRDEgqc1I37HvmOgKw84RiFAAQKeW', NULL, NULL, 1, 0, '2026-01-27 14:55:09.884317', '2026-01-27 14:55:09.884317', '2026-01-27 14:55:09.884317', NULL, NULL, NULL);
INSERT INTO `up_users` VALUES (16, 'user_admin01', 'admin01', 'admin01@edu.cn', 'local', '$2a$10$XGCll08oJRf4nI6eXx19lemBbRDEgqc1I37HvmOgKw84RiFAAQKeW', NULL, NULL, 1, 0, '2026-01-27 14:55:09.884507', '2026-01-27 14:55:09.884507', '2026-01-27 14:55:09.884507', NULL, NULL, NULL);
INSERT INTO `up_users` VALUES (17, 'user_admin02', 'admin02', 'admin02@edu.cn', 'local', '$2a$10$XGCll08oJRf4nI6eXx19lemBbRDEgqc1I37HvmOgKw84RiFAAQKeW', NULL, NULL, 1, 0, '2026-01-27 14:55:09.884704', '2026-01-27 14:55:09.884704', '2026-01-27 14:55:09.884704', NULL, NULL, NULL);
INSERT INTO `up_users` VALUES (18, 'user_admin03', 'admin03', 'admin03@edu.cn', 'local', '$2a$10$XGCll08oJRf4nI6eXx19lemBbRDEgqc1I37HvmOgKw84RiFAAQKeW', NULL, NULL, 1, 0, '2026-01-27 14:55:09.885040', '2026-01-27 14:55:09.885040', '2026-01-27 14:55:09.885040', NULL, NULL, NULL);

-- ----------------------------
-- Table structure for up_users_role_lnk
-- ----------------------------
DROP TABLE IF EXISTS `up_users_role_lnk`;
CREATE TABLE `up_users_role_lnk`  (
  `id` int UNSIGNED NOT NULL AUTO_INCREMENT,
  `user_id` int UNSIGNED NULL DEFAULT NULL,
  `role_id` int UNSIGNED NULL DEFAULT NULL,
  `user_ord` double UNSIGNED NULL DEFAULT NULL,
  PRIMARY KEY (`id`) USING BTREE,
  UNIQUE INDEX `up_users_role_lnk_uq`(`user_id` ASC, `role_id` ASC) USING BTREE,
  INDEX `up_users_role_lnk_fk`(`user_id` ASC) USING BTREE,
  INDEX `up_users_role_lnk_ifk`(`role_id` ASC) USING BTREE,
  INDEX `up_users_role_lnk_oifk`(`user_ord` ASC) USING BTREE,
  CONSTRAINT `up_users_role_lnk_fk` FOREIGN KEY (`user_id`) REFERENCES `up_users` (`id`) ON DELETE CASCADE ON UPDATE RESTRICT,
  CONSTRAINT `up_users_role_lnk_ifk` FOREIGN KEY (`role_id`) REFERENCES `up_roles` (`id`) ON DELETE CASCADE ON UPDATE RESTRICT
) ENGINE = InnoDB AUTO_INCREMENT = 19 CHARACTER SET = utf8mb3 COLLATE = utf8mb3_general_ci ROW_FORMAT = DYNAMIC;

-- ----------------------------
-- Records of up_users_role_lnk
-- ----------------------------
INSERT INTO `up_users_role_lnk` VALUES (1, 1, 5, 1);
INSERT INTO `up_users_role_lnk` VALUES (2, 2, 5, 1);
INSERT INTO `up_users_role_lnk` VALUES (3, 3, 5, 1);
INSERT INTO `up_users_role_lnk` VALUES (4, 4, 5, 1);
INSERT INTO `up_users_role_lnk` VALUES (5, 5, 5, 1);
INSERT INTO `up_users_role_lnk` VALUES (6, 6, 5, 1);
INSERT INTO `up_users_role_lnk` VALUES (7, 7, 5, 1);
INSERT INTO `up_users_role_lnk` VALUES (8, 8, 5, 1);
INSERT INTO `up_users_role_lnk` VALUES (9, 9, 5, 1);
INSERT INTO `up_users_role_lnk` VALUES (10, 10, 5, 1);
INSERT INTO `up_users_role_lnk` VALUES (11, 11, 3, 1);
INSERT INTO `up_users_role_lnk` VALUES (12, 12, 3, 1);
INSERT INTO `up_users_role_lnk` VALUES (13, 13, 3, 1);
INSERT INTO `up_users_role_lnk` VALUES (14, 14, 3, 1);
INSERT INTO `up_users_role_lnk` VALUES (15, 15, 3, 1);
INSERT INTO `up_users_role_lnk` VALUES (16, 16, 4, 1);
INSERT INTO `up_users_role_lnk` VALUES (17, 17, 4, 1);
INSERT INTO `up_users_role_lnk` VALUES (18, 18, 4, 1);

-- ----------------------------
-- Table structure for upload_folders
-- ----------------------------
DROP TABLE IF EXISTS `upload_folders`;
CREATE TABLE `upload_folders`  (
  `id` int UNSIGNED NOT NULL AUTO_INCREMENT,
  `document_id` varchar(255) CHARACTER SET utf8mb3 COLLATE utf8mb3_general_ci NULL DEFAULT NULL,
  `name` varchar(255) CHARACTER SET utf8mb3 COLLATE utf8mb3_general_ci NULL DEFAULT NULL,
  `path_id` int NULL DEFAULT NULL,
  `path` varchar(255) CHARACTER SET utf8mb3 COLLATE utf8mb3_general_ci NULL DEFAULT NULL,
  `created_at` datetime(6) NULL DEFAULT NULL,
  `updated_at` datetime(6) NULL DEFAULT NULL,
  `published_at` datetime(6) NULL DEFAULT NULL,
  `created_by_id` int UNSIGNED NULL DEFAULT NULL,
  `updated_by_id` int UNSIGNED NULL DEFAULT NULL,
  `locale` varchar(255) CHARACTER SET utf8mb3 COLLATE utf8mb3_general_ci NULL DEFAULT NULL,
  PRIMARY KEY (`id`) USING BTREE,
  UNIQUE INDEX `upload_folders_path_id_index`(`path_id` ASC) USING BTREE,
  UNIQUE INDEX `upload_folders_path_index`(`path` ASC) USING BTREE,
  INDEX `upload_folders_documents_idx`(`document_id` ASC, `locale` ASC, `published_at` ASC) USING BTREE,
  INDEX `upload_folders_created_by_id_fk`(`created_by_id` ASC) USING BTREE,
  INDEX `upload_folders_updated_by_id_fk`(`updated_by_id` ASC) USING BTREE,
  CONSTRAINT `upload_folders_created_by_id_fk` FOREIGN KEY (`created_by_id`) REFERENCES `admin_users` (`id`) ON DELETE SET NULL ON UPDATE RESTRICT,
  CONSTRAINT `upload_folders_updated_by_id_fk` FOREIGN KEY (`updated_by_id`) REFERENCES `admin_users` (`id`) ON DELETE SET NULL ON UPDATE RESTRICT
) ENGINE = InnoDB AUTO_INCREMENT = 2 CHARACTER SET = utf8mb3 COLLATE = utf8mb3_general_ci ROW_FORMAT = DYNAMIC;

-- ----------------------------
-- Records of upload_folders
-- ----------------------------
INSERT INTO `upload_folders` VALUES (1, 'hnwgi2v1c93ka46smuqppvpz', 'API Uploads', 1, '/1', '2026-01-24 22:59:38.052000', '2026-01-24 22:59:38.052000', '2026-01-24 22:59:38.053000', NULL, NULL, NULL);

-- ----------------------------
-- Table structure for upload_folders_parent_lnk
-- ----------------------------
DROP TABLE IF EXISTS `upload_folders_parent_lnk`;
CREATE TABLE `upload_folders_parent_lnk`  (
  `id` int UNSIGNED NOT NULL AUTO_INCREMENT,
  `folder_id` int UNSIGNED NULL DEFAULT NULL,
  `inv_folder_id` int UNSIGNED NULL DEFAULT NULL,
  `folder_ord` double UNSIGNED NULL DEFAULT NULL,
  PRIMARY KEY (`id`) USING BTREE,
  UNIQUE INDEX `upload_folders_parent_lnk_uq`(`folder_id` ASC, `inv_folder_id` ASC) USING BTREE,
  INDEX `upload_folders_parent_lnk_fk`(`folder_id` ASC) USING BTREE,
  INDEX `upload_folders_parent_lnk_ifk`(`inv_folder_id` ASC) USING BTREE,
  INDEX `upload_folders_parent_lnk_oifk`(`folder_ord` ASC) USING BTREE,
  CONSTRAINT `upload_folders_parent_lnk_fk` FOREIGN KEY (`folder_id`) REFERENCES `upload_folders` (`id`) ON DELETE CASCADE ON UPDATE RESTRICT,
  CONSTRAINT `upload_folders_parent_lnk_ifk` FOREIGN KEY (`inv_folder_id`) REFERENCES `upload_folders` (`id`) ON DELETE CASCADE ON UPDATE RESTRICT
) ENGINE = InnoDB AUTO_INCREMENT = 1 CHARACTER SET = utf8mb3 COLLATE = utf8mb3_general_ci ROW_FORMAT = DYNAMIC;

-- ----------------------------
-- Records of upload_folders_parent_lnk
-- ----------------------------

-- ----------------------------
-- View structure for interim_results_view
-- ----------------------------
DROP VIEW IF EXISTS `interim_results_view`;
CREATE ALGORITHM = UNDEFINED SQL SECURITY DEFINER VIEW `interim_results_view` AS select `ps`.`submission_id` AS `id`,`ps`.`submission_id` AS `source_ref`,`ps`.`application_id` AS `project_id`,`ps`.`project_name` AS `project_name`,concat('PROC',lpad(`ps`.`application_id`,6,'0')) AS `project_code`,(case `ps`.`submission_stage` when 'application' then '申报阶段' when 'review' then '评审阶段' when 'execution' then '执行阶段' else `ps`.`submission_stage` end) AS `project_phase`,coalesce(`ps`.`project_description`,`ps`.`project_name`) AS `name`,(case `ps`.`submission_type` when 'proposal' then 'application' when 'application_attachment' then 'other' else 'other' end) AS `type`,(case `ps`.`submission_type` when 'proposal' then '申报书' when 'application_attachment' then '其他附件' else '其他' end) AS `type_label`,`ps`.`project_description` AS `description`,coalesce(`ps`.`uploader_name`,`ps`.`applicant_name`) AS `submitter`,`ps`.`work_unit` AS `submitter_dept`,`ps`.`upload_time` AS `submitted_at`,`ps`.`sync_time` AS `synced_at`,'process_system' AS `source`,concat('http://process.example.com/submissions/',`ps`.`submission_id`) AS `source_url`,(case `ps`.`category_level` when '重点' then json_array('重点项目',coalesce(`ps`.`project_field`,'')) when '一般' then json_array('一般项目',coalesce(`ps`.`project_field`,'')) else json_array(coalesce(`ps`.`project_field`,'')) end) AS `tags`,'synced' AS `status`,json_merge_preserve(json_array(json_object('id',`ps`.`proposal_file_id`,'name',`ps`.`proposal_file_name`,'url',`ps`.`proposal_file_url`,'size',`ps`.`proposal_file_size`,'ext',substring_index(`ps`.`proposal_file_name`,'.',-(1)),'category','proposal')),coalesce(`ps`.`other_attachments_json`,json_array())) AS `attachments_json`,year(`ps`.`upload_time`) AS `upload_year`,`ps`.`category_level` AS `category_level`,`ps`.`project_field` AS `project_field` from `process_submissions` `ps` where (`ps`.`del_flag` = '0') union all select `dc`.`submission_id` AS `id`,`dc`.`submission_id` AS `source_ref`,`dc`.`application_id` AS `project_id`,`dc`.`project_name` AS `project_name`,concat('PROC',lpad(`dc`.`application_id`,6,'0')) AS `project_code`,'合同阶段' AS `project_phase`,concat(`dc`.`project_name`,'合同模板') AS `name`,'contract_template' AS `type`,'合同模板' AS `type_label`,`dc`.`contract_template_file_name` AS `description`,`dc`.`applicant_name` AS `submitter`,NULL AS `submitter_dept`,`dc`.`upload_time` AS `submitted_at`,NULL AS `synced_at`,'contract_template' AS `source`,NULL AS `source_url`,json_array('合同模板') AS `tags`,'synced' AS `status`,(case when (`dc`.`contract_template_file_id` is not null) then json_array(json_object('id',`dc`.`contract_template_file_id`,'name',`dc`.`contract_template_file_name`,'url',`dc`.`contract_template_file_url`,'size',`dc`.`contract_template_file_size`,'ext',substring_index(`dc`.`contract_template_file_name`,'.',-(1)),'category','contract_template')) else json_array() end) AS `attachments_json`,year(`dc`.`upload_time`) AS `upload_year`,NULL AS `category_level`,NULL AS `project_field` from `project_submission_demo_contract` `dc` where (`dc`.`del_flag` = '0') union all select `sc`.`submission_id` AS `id`,`sc`.`submission_id` AS `source_ref`,`sc`.`application_id` AS `project_id`,`sc`.`project_name` AS `project_name`,concat('PROC',lpad(`sc`.`application_id`,6,'0')) AS `project_code`,'合同阶段' AS `project_phase`,concat(`sc`.`project_name`,'已签署合同') AS `name`,'signed_contract' AS `type`,'已签署合同' AS `type_label`,`sc`.`contract_remarks` AS `description`,`sc`.`applicant_name` AS `submitter`,NULL AS `submitter_dept`,`sc`.`upload_time` AS `submitted_at`,NULL AS `synced_at`,'signed_contract' AS `source`,NULL AS `source_url`,json_array('已签署合同') AS `tags`,'synced' AS `status`,(case when (`sc`.`signed_contract_file_id` is not null) then json_array(json_object('id',`sc`.`signed_contract_file_id`,'name',`sc`.`signed_contract_file_name`,'url',`sc`.`signed_contract_file_url`,'size',`sc`.`signed_contract_file_size`,'ext',substring_index(`sc`.`signed_contract_file_name`,'.',-(1)),'category','signed_contract')) else json_array() end) AS `attachments_json`,year(`sc`.`upload_time`) AS `upload_year`,NULL AS `category_level`,NULL AS `project_field` from `project_submission_contract` `sc` where (`sc`.`del_flag` = '0') union all select `dr`.`submission_id` AS `id`,`dr`.`submission_id` AS `source_ref`,`dr`.`application_id` AS `project_id`,`dr`.`project_name` AS `project_name`,concat('PROC',lpad(`dr`.`application_id`,6,'0')) AS `project_code`,'验收阶段' AS `project_phase`,coalesce(`dr`.`check_title`,'成果物报告') AS `name`,'deliverable_report' AS `type`,'成果物报告' AS `type_label`,coalesce(`dr`.`deliverable_description`,`dr`.`major_achievements`,`dr`.`project_progress`,`dr`.`check_content`) AS `description`,`dr`.`applicant_name` AS `submitter`,NULL AS `submitter_dept`,`dr`.`upload_time` AS `submitted_at`,NULL AS `synced_at`,'deliverable_report' AS `source`,NULL AS `source_url`,json_array('成果物报告',(case when (`dr`.`check_round` = 0) then '最终验收' else concat('第',`dr`.`check_round`,'次验收') end)) AS `tags`,'synced' AS `status`,json_merge_preserve((case when (`dr`.`deliverable_file_id` is not null) then json_array(json_object('id',`dr`.`deliverable_file_id`,'name',`dr`.`deliverable_file_name`,'url',`dr`.`deliverable_file_url`,'size',`dr`.`deliverable_file_size`,'ext',substring_index(`dr`.`deliverable_file_name`,'.',-(1)),'category','deliverable')) else json_array() end),(case when (`dr`.`inspection_report_file_id` is not null) then json_array(json_object('id',`dr`.`inspection_report_file_id`,'name',`dr`.`inspection_report_file_name`,'url',`dr`.`inspection_report_file_url`,'size',`dr`.`inspection_report_file_size`,'ext',substring_index(`dr`.`inspection_report_file_name`,'.',-(1)),'category','inspection_report')) else json_array() end)) AS `attachments_json`,year(`dr`.`upload_time`) AS `upload_year`,NULL AS `category_level`,NULL AS `project_field` from `project_submission_deliverable` `dr` where (`dr`.`del_flag` = '0');

-- ----------------------------
-- View structure for v_achievement_details
-- ----------------------------
DROP VIEW IF EXISTS `v_achievement_details`;
CREATE ALGORITHM = UNDEFINED SQL SECURITY DEFINER VIEW `v_achievement_details` AS select `am`.`id` AS `id`,`am`.`document_id` AS `document_id`,`am`.`title` AS `title`,`am`.`summary` AS `summary`,`am`.`achievement_status` AS `achievement_status`,`am`.`visibility_range` AS `visibility_range`,`am`.`creator_id` AS `creator_id`,`am`.`creator_name` AS `creator_name`,`am`.`creator_dept` AS `creator_dept`,`am`.`reviewer_id` AS `reviewer_id`,`am`.`reviewer_name` AS `reviewer_name`,`am`.`review_comment` AS `review_comment`,`am`.`reviewed_at` AS `reviewed_at`,`am`.`created_at` AS `created_at`,`am`.`updated_at` AS `updated_at`,`am`.`published_at` AS `published_at`,`at`.`type_name` AS `type_name`,`at`.`type_code` AS `type_code`,`at`.`document_id` AS `type_doc_id` from ((`achievement_mains` `am` left join `achievement_mains_achievement_type_id_lnk` `aml` on((`am`.`id` = `aml`.`achievement_main_id`))) left join `achievement_types` `at` on((`aml`.`achievement_type_id` = `at`.`id`))) where ((`am`.`is_delete` = 0) and (`am`.`published_at` is not null));

-- ----------------------------
-- View structure for v_review_backlog
-- ----------------------------
DROP VIEW IF EXISTS `v_review_backlog`;
CREATE ALGORITHM = UNDEFINED SQL SECURITY DEFINER VIEW `v_review_backlog` AS select `ara`.`id` AS `assignment_id`,`ara`.`achievement_doc_id` AS `achievement_doc_id`,`ara`.`reviewer_id` AS `reviewer_id`,`ara`.`reviewer_name` AS `reviewer_name`,`ara`.`assigned_at` AS `assigned_at`,`ara`.`status` AS `assignment_status`,`am`.`id` AS `achievement_id`,`am`.`title` AS `title`,`am`.`achievement_status` AS `achievement_status`,`am`.`creator_name` AS `creator_name`,`am`.`created_at` AS `created_at`,`at`.`type_name` AS `type_name` from (((`achievement_reviewer_assignments` `ara` join `achievement_mains` `am` on((`ara`.`achievement_id` = `am`.`id`))) left join `achievement_mains_achievement_type_id_lnk` `aml` on((`am`.`id` = `aml`.`achievement_main_id`))) left join `achievement_types` `at` on((`aml`.`achievement_type_id` = `at`.`id`))) where ((`ara`.`is_delete` = 0) and (`ara`.`status` = 'pending') and (`am`.`is_delete` = 0) and (`am`.`published_at` is not null));

-- ----------------------------
-- Procedure structure for safe_add_column
-- ----------------------------
DROP PROCEDURE IF EXISTS `safe_add_column`;
delimiter ;;
CREATE PROCEDURE `safe_add_column`(IN p_table_name VARCHAR(64),
    IN p_column_name VARCHAR(64),
    IN p_column_definition TEXT)
BEGIN
    DECLARE column_exists INT DEFAULT 0;
    
    -- 检查列是否存在
    SELECT COUNT(*) INTO column_exists
    FROM INFORMATION_SCHEMA.COLUMNS
    WHERE TABLE_SCHEMA = DATABASE()
      AND TABLE_NAME = p_table_name
      AND COLUMN_NAME = p_column_name;
    
    -- 如果不存在则添加
    IF column_exists = 0 THEN
        SET @sql = CONCAT('ALTER TABLE `', p_table_name, '` ADD COLUMN `', p_column_name, '` ', p_column_definition);
        PREPARE stmt FROM @sql;
        EXECUTE stmt;
        DEALLOCATE PREPARE stmt;
        SELECT CONCAT('✅ 已添加字段: ', p_table_name, '.', p_column_name) AS message;
    ELSE
        SELECT CONCAT('⚠️ 字段已存在，跳过: ', p_table_name, '.', p_column_name) AS message;
    END IF;
END
;;
delimiter ;

-- ----------------------------
-- Procedure structure for safe_add_index
-- ----------------------------
DROP PROCEDURE IF EXISTS `safe_add_index`;
delimiter ;;
CREATE PROCEDURE `safe_add_index`(IN p_table_name VARCHAR(64),
    IN p_index_name VARCHAR(64),
    IN p_index_definition TEXT)
BEGIN
    DECLARE index_exists INT DEFAULT 0;
    
    -- 检查索引是否存在
    SELECT COUNT(*) INTO index_exists
    FROM INFORMATION_SCHEMA.STATISTICS
    WHERE TABLE_SCHEMA = DATABASE()
      AND TABLE_NAME = p_table_name
      AND INDEX_NAME = p_index_name;
    
    -- 如果不存在则添加
    IF index_exists = 0 THEN
        SET @sql = CONCAT('ALTER TABLE `', p_table_name, '` ADD INDEX `', p_index_name, '` ', p_index_definition);
        PREPARE stmt FROM @sql;
        EXECUTE stmt;
        DEALLOCATE PREPARE stmt;
        SELECT CONCAT('✅ 已添加索引: ', p_table_name, '.', p_index_name) AS message;
    ELSE
        SELECT CONCAT('⚠️ 索引已存在，跳过: ', p_table_name, '.', p_index_name) AS message;
    END IF;
END
;;
delimiter ;

-- ----------------------------
-- Procedure structure for safe_create_table
-- ----------------------------
DROP PROCEDURE IF EXISTS `safe_create_table`;
delimiter ;;
CREATE PROCEDURE `safe_create_table`(IN p_table_name VARCHAR(64),
    IN p_table_definition TEXT)
BEGIN
    DECLARE table_exists INT DEFAULT 0;
    
    -- 检查表是否存在
    SELECT COUNT(*) INTO table_exists
    FROM INFORMATION_SCHEMA.TABLES
    WHERE TABLE_SCHEMA = DATABASE()
      AND TABLE_NAME = p_table_name;
    
    -- 如果不存在则创建
    IF table_exists = 0 THEN
        SET @sql = p_table_definition;
        PREPARE stmt FROM @sql;
        EXECUTE stmt;
        DEALLOCATE PREPARE stmt;
        SELECT CONCAT('✅ 已创建表: ', p_table_name) AS message;
    ELSE
        SELECT CONCAT('⚠️ 表已存在，跳过: ', p_table_name) AS message;
    END IF;
END
;;
delimiter ;

SET FOREIGN_KEY_CHECKS = 1;
